frame,time_ms,fps,node_count,draw_calls,rendered_objects,primitives,queue_size,loaded_cells,async_requests,cam_x,cam_y,cam_z,memory_static,segment,mid_instances,mid_mesh_types,vram_mb,texture_mem_mb,promoted_objects,stream_total_ms,phase_unload_us,phase_async_us,phase_inst_us,phase_promo_us,phase_coll_us,phase_defer_us,phase_queue_us,phase_cellupd_us
3279,30.33,49.0,7200,7078,8740,3247942,0,117,1,-175.5,5.0,994.7,2514627558,0,14378,795,2333.2,2088.8,395,0.36,1,10,16,5,287,2,1,0
3280,19.11,49.0,7200,7078,8754,3247970,0,117,1,-175.5,5.0,994.7,2514635018,0,14378,795,2333.2,2088.8,395,8.41,1,26,20,8315,0,0,0,0
3281,24.66,49.0,7200,7078,8754,3247970,0,117,1,-175.5,5.0,994.7,2514635290,0,14378,795,2333.2,2088.8,395,0.45,1,12,19,10,354,4,2,0
3282,17.16,49.0,7200,7078,8754,3247970,0,117,1,-175.5,5.0,994.7,2514635682,0,14378,795,2333.2,2088.8,395,7.39,1,10,17,7256,7,63,2,0
3283,24.32,49.0,7200,7078,8754,3247970,0,117,1,-175.5,5.0,994.7,2514636026,0,14378,795,2333.2,2088.8,395,0.37,1,10,18,6,295,2,1,0
3284,17.27,49.0,7200,7078,8754,3247970,0,117,1,-175.5,5.0,994.7,2514636322,0,14378,795,2333.2,2088.8,395,8.04,1,10,17,7959,0,0,0,0
3285,24.09,49.0,7200,7078,8754,3247970,0,117,1,-175.5,5.0,994.7,2514636690,0,14378,795,2333.2,2088.8,395,0.35,1,10,16,5,285,2,1,0
3286,17.15,49.0,7200,7078,8754,3247970,0,117,1,-175.5,5.0,994.7,2514636986,0,14378,795,2333.2,2088.8,395,7.42,1,11,21,7285,5,60,2,0
3287,24.03,49.0,7200,7078,8754,3247970,0,117,1,-175.5,5.0,994.7,2514637282,0,14378,795,2333.2,2088.8,395,0.45,2,15,20,8,358,3,1,0
3288,17.76,49.0,7200,7078,8754,3247970,0,117,1,-175.5,5.0,994.7,2514637674,0,14378,795,2333.2,2088.8,395,8.18,2,10,20,8106,0,0,0,0
3289,26.40,49.0,7200,7078,8754,3247970,0,117,1,-175.5,5.0,994.7,2514637970,0,14378,795,2333.2,2088.8,395,0.58,2,15,24,8,470,4,2,0
3290,18.31,49.0,7200,7078,8754,3247970,0,117,1,-175.5,5.0,994.7,2514638266,0,14378,795,2333.2,2088.8,395,8.22,1,17,24,8122,0,0,0,0
3291,25.41,49.0,7200,7078,8754,3247970,0,117,1,-175.5,5.0,994.7,2514638634,0,14378,795,2333.2,2088.8,395,0.38,1,13,19,7,295,2,2,0
3292,18.37,49.0,7200,7078,8754,3247970,0,117,1,-175.5,5.0,994.7,2514639130,0,14378,795,2333.2,2088.8,395,7.72,1,10,17,7642,5,3,2,0
3293,24.94,49.0,7200,7078,8754,3247970,0,117,1,-175.5,5.0,994.7,2514641362,0,14378,795,2333.2,2088.8,395,0.52,2,15,23,8,419,3,2,0
3294,17.63,49.0,7200,7078,8754,3247970,0,117,1,-175.5,5.0,994.7,2514639722,0,14378,795,2333.2,2088.8,395,8.12,2,16,20,8031,0,0,0,0
3295,25.68,49.0,7200,7078,8754,3247970,0,117,1,-175.5,5.0,994.7,2514641954,0,14378,795,2333.2,2088.8,395,0.39,1,11,16,5,316,2,1,0
3296,17.50,49.0,7200,7078,8754,3247970,0,117,1,-175.5,5.0,994.7,2514640314,0,14378,795,2333.2,2088.8,395,7.90,2,16,24,7800,5,3,2,0
3297,25.15,49.0,7200,7078,8754,3247970,0,117,1,-175.5,5.0,994.7,2514640610,0,14378,795,2333.2,2088.8,395,0.43,2,17,25,10,314,2,1,0
3298,17.52,49.0,7200,7078,8754,3247970,0,117,1,-175.5,5.0,994.7,2514641122,0,14378,795,2333.2,2088.8,395,7.61,1,13,17,7466,7,61,2,0
3299,25.01,49.0,7200,7078,8754,3247970,0,117,1,-175.5,5.0,994.7,2514641418,0,14378,795,2333.2,2088.8,395,0.35,0,10,16,6,280,3,2,0
3300,20.42,49.0,7200,7078,8754,3247970,0,117,1,-175.5,5.0,994.7,2514642146,0,14378,795,2333.2,2088.8,395,7.27,1,9,16,7196,7,3,3,0
3301,25.09,49.0,7200,7078,8754,3247970,0,117,1,-175.5,5.0,994.7,2514642010,0,14378,795,2333.2,2088.8,395,0.39,1,11,18,6,309,2,1,0
3302,17.71,49.0,7200,7078,8754,3247970,0,117,1,-175.5,5.0,994.7,2514642306,0,14378,795,2333.2,2088.8,395,8.07,1,15,20,7908,11,62,0,0
3303,24.59,49.0,7200,7078,8754,3247970,0,117,1,-175.5,5.0,994.7,2514642602,0,14378,795,2333.2,2088.8,395,0.45,2,13,17,7,358,5,2,0
3304,18.80,49.0,7200,7078,8754,3247970,0,117,1,-175.5,5.0,994.7,2514642898,0,14378,795,2333.2,2088.8,395,7.41,1,11,17,7333,7,2,3,0
3305,24.61,49.0,7200,7078,8754,3247970,0,117,1,-175.5,5.0,994.7,2514643194,0,14378,795,2333.2,2088.8,395,0.41,2,13,20,7,326,4,2,0
3306,18.03,49.0,7200,7078,8754,3247970,0,117,1,-175.5,5.0,994.7,2514643490,0,14378,795,2333.2,2088.8,395,8.24,1,16,38,8131,0,0,0,0
3307,25.30,49.0,7200,7078,8754,3247970,0,117,1,-175.5,5.0,994.7,2514644122,0,14378,795,2333.2,2088.8,395,0.40,1,10,16,5,326,2,2,0
3308,18.01,49.0,7200,7078,8754,3247970,0,117,1,-175.5,5.0,994.7,2514644418,0,14378,795,2333.2,2088.8,395,7.78,1,23,26,7672,6,2,3,0
3309,25.02,49.0,7200,7078,8754,3247970,0,117,1,-175.5,5.0,994.7,2514644714,0,14378,795,2333.2,2088.8,395,0.40,2,10,16,5,321,2,3,0
3310,17.57,49.0,7200,7078,8754,3247970,0,117,1,-175.5,5.0,994.7,2514644994,0,14378,795,2333.2,2088.8,395,8.02,1,10,17,7870,7,70,0,0
3311,24.04,49.0,7200,7078,8754,3247970,0,117,1,-175.5,5.0,994.7,2514645290,0,14378,795,2333.2,2088.8,395,0.43,1,10,16,6,356,2,1,0
3312,18.04,49.0,7200,7078,8754,3247970,0,117,1,-175.5,5.0,994.7,2514645586,0,14378,795,2333.2,2088.8,395,7.92,1,21,20,7801,14,5,2,0
3313,24.30,49.0,7200,7078,8754,3247970,0,117,1,-175.5,5.0,994.7,2514647802,0,14378,795,2333.2,2088.8,395,0.71,2,17,28,10,581,3,2,0
3314,17.70,49.0,7200,7078,8754,3247970,0,117,1,-175.5,5.0,994.7,2514646194,0,14378,795,2333.2,2088.8,395,7.46,1,10,18,7305,6,79,2,0
3315,23.90,49.0,7200,7078,8754,3247970,0,117,1,-175.5,5.0,994.7,2514648426,0,14378,795,2333.2,2088.8,395,0.39,1,10,17,5,313,2,4,0
3316,18.10,46.0,7200,7078,8754,3247970,0,117,1,-175.5,5.0,994.7,2514646786,0,14378,795,2333.2,2088.8,395,7.60,1,12,19,7489,10,6,6,0
3317,23.74,46.0,7200,7078,8754,3247970,0,117,1,-175.5,5.0,994.7,2514647082,0,14378,795,2333.2,2088.8,395,0.40,2,11,17,6,323,3,2,0
3318,17.78,46.0,7200,7078,8754,3247970,0,117,1,-175.5,5.0,994.7,2514647378,0,14378,795,2333.2,2088.8,395,7.54,1,10,16,7404,7,63,3,0
3319,25.75,46.0,7200,7078,8754,3247970,0,117,1,-175.5,5.0,994.7,2514647674,0,14378,795,2333.2,2088.8,395,0.48,1,12,19,7,388,3,2,0
3320,17.55,46.0,7200,7078,8754,3247970,0,117,1,-175.5,5.0,994.7,2514647970,0,14378,795,2333.2,2088.8,395,7.83,1,10,18,7745,7,2,2,0
3321,24.56,46.0,7200,7078,8754,3247970,0,117,1,-175.5,5.0,994.7,2514648770,0,14378,795,2333.2,2088.8,395,0.44,1,15,23,7,350,2,2,0
3322,18.08,46.0,7200,7078,8754,3247970,0,117,1,-175.5,5.0,994.7,2514649066,0,14378,795,2333.2,2088.8,395,7.67,1,13,21,7516,5,73,2,0
3323,24.20,46.0,7200,7078,8754,3247970,0,117,1,-175.5,5.0,994.7,2514649362,0,14378,795,2333.2,2088.8,395,0.39,1,11,17,5,313,2,2,0
3324,17.84,46.0,7200,7078,8754,3247970,0,117,1,-175.5,5.0,994.7,2514649658,0,14378,795,2333.2,2088.8,395,7.63,1,11,18,7552,7,2,2,0
3325,24.83,46.0,7200,7078,8754,3247970,0,117,1,-175.5,5.0,994.7,2514649954,0,14378,795,2333.2,2088.8,395,0.43,1,13,18,7,348,2,2,0
3326,18.21,46.0,7200,7078,8754,3247970,0,117,1,-175.5,5.0,994.7,2514650250,0,14378,795,2333.2,2088.8,395,7.35,2,12,19,7206,7,63,3,0
3327,22.98,46.0,7200,7078,8754,3247970,0,117,1,-175.5,5.0,994.7,2514650546,0,14378,795,2333.2,2088.8,395,0.61,2,16,24,9,499,4,2,0
3328,17.58,46.0,7200,7078,8754,3247970,0,117,1,-175.5,5.0,994.7,2514650842,0,14378,795,2333.2,2088.8,395,7.33,1,11,18,7234,12,4,4,0
3329,24.59,46.0,7200,7078,8754,3247970,0,117,1,-175.5,5.0,994.7,2514651138,0,14378,795,2333.2,2088.8,395,0.39,1,10,17,5,318,2,1,0
3330,19.19,46.0,7200,7078,8754,3247970,0,117,1,-175.5,5.0,994.7,2514651706,0,14378,795,2333.2,2088.8,395,7.91,1,9,24,7769,6,67,2,0
3331,25.09,46.0,7200,7078,8754,3247970,0,117,1,-175.5,5.0,994.7,2514651714,0,14378,795,2333.2,2088.8,395,0.39,1,11,17,6,307,2,2,0
3332,17.72,46.0,7200,7078,8754,3247970,0,117,1,-175.5,5.0,994.7,2514652010,0,14378,795,2333.2,2088.8,395,7.95,1,11,18,7864,5,3,2,0
3333,25.15,46.0,7200,7078,8754,3247970,0,117,1,-175.5,5.0,994.7,2514652306,0,14378,795,2333.2,2088.8,395,0.50,1,15,25,8,397,3,1,0
3334,17.50,46.0,7200,7078,8754,3247970,0,117,1,-175.5,5.0,994.7,2514652602,0,14378,795,2333.2,2088.8,395,8.60,2,12,17,8529,0,0,0,0
3335,25.50,46.0,7200,7078,8754,3247970,0,117,1,-175.5,5.0,994.7,2514652898,0,14378,795,2333.2,2088.8,395,0.42,1,12,19,6,339,3,2,0
3336,17.24,46.0,7200,7078,8754,3247970,0,117,1,-175.5,5.0,994.7,2514653194,0,14378,795,2333.2,2088.8,395,7.20,1,13,20,7115,7,2,2,0
3337,23.36,46.0,7200,7078,8754,3247970,0,117,1,-175.5,5.0,994.7,2514653490,0,14378,795,2333.2,2088.8,395,0.54,1,13,20,7,445,3,3,0
3338,17.76,46.0,7200,7078,8754,3247970,0,117,1,-175.5,5.0,994.7,2514653786,0,14378,795,2333.2,2088.8,395,8.11,1,10,17,8037,0,0,0,0
3339,25.23,46.0,7200,7078,8754,3247970,0,117,1,-175.5,5.0,994.7,2514654082,0,14378,795,2333.2,2088.8,395,0.39,1,10,20,7,318,2,2,0
3340,17.73,46.0,7200,7078,8754,3247970,0,117,1,-175.5,5.0,994.7,2514654378,0,14378,795,2333.2,2088.8,395,7.85,2,14,17,7765,8,3,3,0
3341,24.29,46.0,7200,7078,8754,3247970,0,117,1,-175.5,5.0,994.7,2514654674,0,14378,795,2333.2,2088.8,395,0.40,1,12,18,7,314,2,1,0
3342,17.43,46.0,7200,7078,8754,3247970,0,117,1,-175.5,5.0,994.7,2514655714,0,14378,795,2333.2,2088.8,395,8.05,1,9,17,7920,7,64,0,0
3343,25.26,46.0,7200,7078,8754,3247970,0,117,1,-175.5,5.0,994.7,2514656010,0,14378,795,2333.2,2088.8,395,0.44,2,12,19,6,360,3,1,0
3344,18.20,46.0,7200,7078,8754,3247970,0,117,1,-175.5,5.0,994.7,2514656306,0,14378,795,2333.2,2088.8,395,8.43,2,13,21,8345,0,0,0,0
3345,28.09,46.0,7200,7078,8754,3247970,0,117,1,-175.5,5.0,994.7,2514656602,0,14378,795,2333.2,2088.8,395,0.38,1,11,17,5,300,2,1,0
3346,21.03,46.0,7200,7078,8754,3247970,0,117,1,-175.5,5.0,994.7,2514656882,0,14378,795,2333.2,2088.8,395,9.75,2,11,18,9675,0,0,0,0
3347,27.13,46.0,7200,7078,8754,3247970,0,117,1,-175.5,5.0,994.7,2514657178,0,14378,795,2333.2,2088.8,395,0.36,1,10,16,5,288,2,2,0
3348,18.94,46.0,7200,7078,8754,3247970,0,117,1,-175.5,5.0,994.7,2514657474,0,14378,795,2333.2,2088.8,395,8.26,1,16,23,8168,0,0,0,0
3349,25.91,46.0,7200,7078,8754,3247970,0,117,1,-175.5,5.0,994.7,2514657770,0,14378,795,2333.2,2088.8,395,0.37,1,11,17,5,295,2,2,0
3350,17.12,46.0,7200,7078,8754,3247970,0,117,1,-175.5,5.0,994.7,2514658066,0,14378,795,2333.2,2088.8,395,7.38,1,11,17,7246,5,58,2,0
3351,24.11,46.0,7200,7078,8754,3247970,0,117,1,-175.5,5.0,994.7,2514658362,0,14378,795,2333.2,2088.8,395,0.36,1,10,16,5,286,2,2,0
3352,18.03,46.0,7200,7078,8754,3247970,0,117,1,-175.5,5.0,994.7,2514658658,0,14378,795,2333.2,2088.8,395,7.45,1,9,16,7375,5,3,2,0
3353,25.13,46.0,7200,7078,8754,3247970,0,117,1,-175.5,5.0,994.7,2514658954,0,14378,795,2333.2,2088.8,395,0.48,1,10,25,7,399,2,2,0
3354,18.08,46.0,7200,7078,8754,3247970,0,117,1,-175.5,5.0,994.7,2514659250,0,14378,795,2333.2,2088.8,395,7.65,1,10,17,7521,5,59,2,0
3355,24.64,46.0,7200,7078,8754,3247970,0,117,1,-175.5,5.0,994.7,2514659546,0,14378,795,2333.2,2088.8,395,0.41,2,16,17,8,323,3,2,0
3356,17.93,46.0,7200,7078,8754,3247970,0,117,1,-175.5,5.0,994.7,2514659842,0,14378,795,2333.2,2088.8,395,7.14,1,12,16,7059,7,2,2,0
3357,23.40,46.0,7200,7078,8754,3247970,0,117,1,-175.5,5.0,994.7,2514660138,0,14378,795,2333.2,2088.8,395,0.38,1,14,26,6,295,2,2,0
3358,17.98,46.0,7200,7078,8754,3247970,0,117,1,-175.5,5.0,994.7,2514662354,0,14378,795,2333.2,2088.8,395,7.56,1,11,17,7414,7,70,2,0
3359,23.87,46.0,7200,7078,8754,3247970,0,117,1,-175.5,5.0,994.7,2514662650,0,14378,795,2333.2,2088.8,395,0.38,1,11,17,6,302,3,1,0
3360,20.26,46.0,7200,7078,8754,3247970,0,117,1,-175.5,5.0,994.7,2514661346,0,14378,795,2333.2,2088.8,395,7.54,1,8,18,7465,5,2,2,0
3361,25.35,46.0,7200,7078,8754,3247970,0,117,1,-175.5,5.0,994.7,2514661338,0,14378,795,2333.2,2088.8,395,0.49,2,19,26,9,371,2,2,0
3362,32.89,46.0,7200,7078,8754,3247970,0,117,1,-175.5,5.0,994.7,2514661634,0,14378,795,2333.2,2088.8,395,7.31,1,12,18,7166,6,63,1,0
3363,24.12,47.0,7200,7078,8754,3247970,0,117,1,-175.5,5.0,994.7,2514661930,0,14378,795,2333.2,2088.8,395,0.39,1,11,18,6,314,2,2,0
3364,17.88,47.0,7200,7078,8754,3247970,0,117,1,-175.5,5.0,994.7,2514662226,0,14378,795,2333.2,2088.8,395,7.56,1,10,16,7481,6,3,3,0
3365,24.42,47.0,7200,7078,8754,3247970,0,117,1,-175.5,5.0,994.7,2514662522,0,14378,795,2333.2,2088.8,395,0.36,1,10,16,6,289,2,2,0
3366,18.84,47.0,7200,7078,8754,3247970,0,117,1,-175.5,5.0,994.7,2514662818,0,14378,795,2333.2,2088.8,395,7.60,1,11,17,7454,7,64,2,0
3367,24.30,47.0,7200,7078,8754,3247970,0,117,1,-175.5,5.0,994.7,2514663114,0,14378,795,2333.2,2088.8,395,0.37,1,10,16,5,295,2,1,0
3368,18.86,47.0,7200,7078,8754,3247970,0,117,1,-175.5,5.0,994.7,2514663410,0,14378,795,2333.2,2088.8,395,7.69,1,17,27,7591,10,2,2,0
3369,23.71,47.0,7200,7078,8754,3247970,0,117,1,-175.5,5.0,994.7,2514663706,0,14378,795,2333.2,2088.8,395,0.38,1,11,17,6,306,2,1,0
3370,19.27,47.0,7200,7078,8754,3247970,0,117,1,-175.5,5.0,994.7,2514664002,0,14378,795,2333.2,2088.8,395,8.08,1,10,16,8006,0,0,0,0
3371,24.80,47.0,7200,7078,8754,3247970,0,117,1,-175.5,5.0,994.7,2514664298,0,14378,795,2333.2,2088.8,395,0.42,2,12,25,8,338,2,2,0
3372,17.65,47.0,7200,7078,8754,3247970,0,117,1,-175.5,5.0,994.7,2514664594,0,14378,795,2333.2,2088.8,395,8.64,1,11,17,8560,0,0,0,0
3373,25.21,47.0,7200,7078,8754,3247970,0,117,1,-175.5,5.0,994.7,2514666018,0,14378,795,2333.2,2088.8,395,0.39,2,16,16,5,317,3,1,0
3374,18.08,47.0,7200,7078,8754,3247970,0,117,1,-175.5,5.0,994.7,2514666314,0,14378,795,2333.2,2088.8,395,7.48,2,12,19,7323,8,73,2,0
3375,24.61,47.0,7200,7078,8754,3247970,0,117,1,-175.5,5.0,994.7,2514666610,0,14378,795,2333.2,2088.8,395,0.55,2,16,24,9,439,3,2,0
3376,18.13,47.0,7200,7078,8754,3247970,0,117,1,-175.5,5.0,994.7,2514666890,0,14378,795,2333.2,2088.8,395,7.53,1,12,25,7429,5,3,2,0
3377,23.90,47.0,7200,7078,8754,3247970,0,117,1,-175.5,5.0,994.7,2514669106,0,14378,795,2333.2,2088.8,395,0.49,2,13,21,13,375,2,2,0
3378,18.34,47.0,7200,7078,8754,3247970,0,117,1,-175.5,5.0,994.7,2514667482,0,14378,795,2333.2,2088.8,395,7.69,1,27,34,7510,7,67,2,0
3379,24.28,47.0,7200,7078,8754,3247970,0,117,1,-175.5,5.0,994.7,2514669698,0,14378,795,2333.2,2088.8,395,0.40,1,11,17,6,319,2,1,0
3380,17.47,47.0,7200,7078,8754,3247970,0,117,1,-175.5,5.0,994.7,2514668074,0,14378,795,2333.2,2088.8,395,7.16,1,10,16,7084,7,3,2,0
3381,24.82,47.0,7200,7078,8754,3247970,0,117,1,-175.5,5.0,994.7,2514670290,0,14378,795,2333.2,2088.8,395,0.37,1,12,20,5,280,3,1,0
3382,17.17,47.0,7200,7078,8754,3247970,0,117,1,-175.5,5.0,994.7,2514668666,0,14378,795,2333.2,2088.8,395,8.16,2,17,26,8060,0,0,0,0
3383,25.36,47.0,7200,7078,8754,3247970,0,117,1,-175.5,5.0,994.7,2514670882,0,14378,795,2333.2,2088.8,395,0.39,1,11,18,6,313,2,2,0
3384,17.70,47.0,7200,7078,8754,3247970,0,117,1,-175.5,5.0,994.7,2514669258,0,14378,795,2333.2,2088.8,395,7.81,1,11,18,7721,11,3,2,0
3385,24.87,47.0,7200,7078,8754,3247970,0,117,1,-175.5,5.0,994.7,2514671474,0,14378,795,2333.2,2088.8,395,0.40,1,13,22,5,316,2,2,0
3386,17.74,47.0,7200,7078,8754,3247970,0,117,1,-175.5,5.0,994.7,2514669850,0,14378,795,2333.2,2088.8,395,8.07,2,15,24,7905,7,69,0,0
3387,25.56,47.0,7200,7078,8754,3247970,0,117,1,-175.5,5.0,994.7,2514670146,0,14378,795,2333.2,2088.8,395,0.60,2,17,26,8,475,7,5,0
3388,18.70,47.0,7200,7078,8754,3247970,0,117,1,-175.5,5.0,994.7,2514670442,0,14378,795,2333.2,2088.8,395,7.66,1,11,17,7572,7,2,3,0
3389,23.73,47.0,7200,7078,8754,3247970,0,117,1,-175.5,5.0,994.7,2514670738,0,14378,795,2333.2,2088.8,395,0.43,1,15,21,8,327,4,3,0
3390,19.02,47.0,7200,7078,8754,3247970,0,117,1,-175.5,5.0,994.7,2514671322,0,14378,795,2333.2,2088.8,395,7.07,1,8,16,6937,6,65,2,0
3391,24.66,47.0,7200,7078,8754,3247970,0,117,1,-175.5,5.0,994.7,2514671330,0,14378,795,2333.2,2088.8,395,0.43,1,11,18,6,350,3,1,0
3392,17.32,47.0,7200,7078,8754,3247970,0,117,1,-175.5,5.0,994.7,2514671626,0,14378,795,2333.2,2088.8,395,7.87,1,10,16,7770,13,5,4,0
3393,25.29,47.0,7200,7078,8754,3247970,0,117,1,-175.5,5.0,994.7,2514671922,0,14378,795,2333.2,2088.8,395,0.41,1,12,18,6,329,3,1,0
3394,18.85,47.0,7200,7078,8754,3247970,0,117,1,-175.5,5.0,994.7,2514672218,0,14378,795,2333.2,2088.8,395,7.58,1,14,27,7417,5,59,2,0
3395,24.01,47.0,7200,7078,8754,3247970,0,117,1,-175.5,5.0,994.7,2514672514,0,14378,795,2333.2,2088.8,395,0.41,1,9,16,6,336,3,1,0
3396,17.41,47.0,7200,7078,8754,3247970,0,117,1,-175.5,5.0,994.7,2514672810,0,14378,795,2333.2,2088.8,395,7.65,1,11,17,7568,7,3,2,0
3397,24.29,47.0,7200,7078,8754,3247970,0,117,1,-175.5,5.0,994.7,2514673106,0,14378,795,2333.2,2088.8,395,0.42,2,11,17,6,339,3,2,0
3398,17.79,47.0,7200,7078,8754,3247970,0,117,1,-175.5,5.0,994.7,2514673402,0,14378,795,2333.2,2088.8,395,7.98,2,15,23,7802,8,77,2,0
3399,24.02,47.0,7200,7078,8754,3247970,0,117,1,-175.5,5.0,994.7,2514673698,0,14378,795,2333.2,2088.8,395,0.40,1,12,16,5,314,3,2,0
3400,17.93,47.0,7200,7078,8754,3247970,0,117,1,-175.5,5.0,994.7,2514673994,0,14378,795,2333.2,2088.8,395,7.21,1,12,18,7129,7,2,3,0
3401,24.57,47.0,7200,7078,8754,3247970,0,117,1,-175.5,5.0,994.7,2514674290,0,14378,795,2333.2,2088.8,395,0.37,1,13,17,5,287,2,2,0
3402,18.16,47.0,7200,7078,8754,3247970,0,117,1,-175.5,5.0,994.7,2514674586,0,14378,795,2333.2,2088.8,395,7.85,1,10,17,7711,7,66,2,0
3403,24.51,47.0,7200,7078,8754,3247970,0,117,1,-175.5,5.0,994.7,2514674882,0,14378,795,2333.2,2088.8,395,0.36,1,10,16,5,288,2,1,0
3404,17.49,47.0,7200,7078,8754,3247970,0,117,1,-175.5,5.0,994.7,2514675178,0,14378,795,2333.2,2088.8,395,7.48,1,10,17,7396,9,4,3,0
3405,24.99,47.0,7200,7078,8754,3247970,0,117,1,-175.5,5.0,994.7,2514675474,0,14378,795,2333.2,2088.8,395,0.40,1,10,17,5,317,2,2,0
3406,17.47,47.0,7200,7078,8754,3247970,0,117,1,-175.5,5.0,994.7,2514675770,0,14378,795,2333.2,2088.8,395,8.00,0,10,16,7831,10,94,2,0
3407,24.94,47.0,7200,7078,8754,3247970,0,117,1,-175.5,5.0,994.7,2514676066,0,14378,795,2333.2,2088.8,395,0.48,3,19,20,6,386,3,2,0
3408,17.99,47.0,7200,7078,8754,3247970,0,117,1,-175.5,5.0,994.7,2514676362,0,14378,795,2333.2,2088.8,395,7.19,1,10,17,7114,5,2,2,0
3409,23.84,46.0,7200,7078,8754,3247970,0,117,1,-175.5,5.0,994.7,2514676658,0,14378,795,2333.2,2088.8,395,0.41,1,15,20,10,315,4,3,0
3410,17.52,46.0,7200,7078,8754,3247970,0,117,1,-175.5,5.0,994.7,2514676954,0,14378,795,2333.2,2088.8,395,8.02,2,15,21,7865,7,62,0,0
3411,24.88,46.0,7200,7078,8754,3247970,0,117,1,-175.5,5.0,994.7,2514677250,0,14378,795,2333.2,2088.8,395,0.46,1,13,20,21,364,3,2,0
3412,19.47,46.0,7200,7078,8754,3247970,0,117,1,-175.5,5.0,994.7,2514677530,0,14378,795,2333.2,2088.8,395,7.56,1,12,23,7466,8,4,2,0
3413,24.41,46.0,7200,7078,8754,3247970,0,117,1,-175.5,5.0,994.7,2514677826,0,14378,795,2333.2,2088.8,395,0.38,1,10,17,5,297,2,1,0
3414,17.35,46.0,7200,7078,8754,3247970,0,117,1,-175.5,5.0,994.7,2514678122,0,14378,795,2333.2,2088.8,395,7.36,1,12,20,7203,7,73,3,0
3415,24.28,46.0,7200,7078,8754,3247970,0,117,1,-175.5,5.0,994.7,2514678418,0,14378,795,2333.2,2088.8,395,0.38,1,19,17,5,294,2,1,0
3416,17.45,46.0,7200,7078,8754,3247970,0,117,1,-175.5,5.0,994.7,2514678714,0,14378,795,2333.2,2088.8,395,7.84,1,12,19,7742,8,4,5,0
3417,25.09,46.0,7200,7078,8754,3247970,0,117,1,-175.5,5.0,994.7,2514679010,0,14378,795,2333.2,2088.8,395,0.36,1,10,16,6,282,2,1,0
3418,18.82,46.0,7200,7078,8754,3247970,0,117,1,-175.5,5.0,994.7,2514679306,0,14378,795,2333.2,2088.8,395,7.46,1,11,17,7298,8,82,2,0
3419,24.88,46.0,7200,7078,8754,3247970,0,117,1,-175.5,5.0,994.7,2514679602,0,14378,795,2333.2,2088.8,395,0.42,2,12,17,7,334,4,1,0
3420,20.51,46.0,7200,7078,8754,3247970,0,117,1,-175.5,5.0,994.7,2514681866,0,14378,795,2333.2,2088.8,395,7.10,1,8,16,7012,7,3,3,0
3421,25.53,46.0,7200,7078,8754,3247970,0,117,1,-175.5,5.0,994.7,2514681874,0,14378,795,2333.2,2088.8,395,0.34,1,10,16,5,277,1,1,0
3422,19.18,46.0,7200,7078,8754,3247970,0,117,1,-175.5,5.0,994.7,2514682170,0,14378,795,2333.2,2088.8,395,8.00,1,12,22,7837,7,73,2,0
3423,25.73,46.0,7200,7078,8754,3247970,0,117,1,-175.5,5.0,994.7,2514682466,0,14378,795,2333.2,2088.8,395,0.39,1,11,17,6,311,3,2,0
3424,17.59,46.0,7200,7078,8754,3247970,0,117,1,-175.5,5.0,994.7,2514682746,0,14378,795,2333.2,2088.8,395,7.32,1,11,18,7244,7,2,2,0
3425,24.47,46.0,7200,7078,8754,3247970,0,117,1,-175.5,5.0,994.7,2514684946,0,14378,795,2333.2,2088.8,395,0.41,2,13,17,6,330,3,1,0
3426,18.33,46.0,7200,7078,8754,3247970,0,117,1,-175.5,5.0,994.7,2514683338,0,14378,795,2333.2,2088.8,395,7.66,1,10,17,7516,6,72,2,0
3427,25.30,46.0,7200,7078,8754,3247970,0,117,1,-175.5,5.0,994.7,2514683634,0,14378,795,2333.2,2088.8,395,0.37,1,10,17,5,298,3,1,0
3428,18.24,46.0,7200,7078,8754,3247970,0,117,1,-175.5,5.0,994.7,2514683930,0,14378,795,2333.2,2088.8,395,7.88,2,16,24,7778,7,2,2,0
3429,24.68,46.0,7200,7078,8754,3247970,0,117,1,-175.5,5.0,994.7,2514684226,0,14378,795,2333.2,2088.8,395,0.37,1,10,17,8,285,2,2,0
3430,18.39,46.0,7200,7078,8754,3247970,0,117,1,-175.5,5.0,994.7,2514684522,0,14378,795,2333.2,2088.8,395,7.10,2,13,18,6905,9,103,3,0
3431,23.62,46.0,7200,7078,8754,3247970,0,117,1,-175.5,5.0,994.7,2514684818,0,14378,795,2333.2,2088.8,395,0.41,1,12,18,6,331,2,1,0
3432,18.14,46.0,7200,7078,8754,3247970,0,117,1,-175.5,5.0,994.7,2514685114,0,14378,795,2333.2,2088.8,395,7.19,1,12,18,7109,6,3,2,0
3433,25.56,46.0,7200,7078,8754,3247970,0,117,1,-175.5,5.0,994.7,2514685410,0,14378,795,2333.2,2088.8,395,0.36,1,10,26,6,280,2,1,0
3434,17.59,46.0,7200,7078,8754,3247970,0,117,1,-175.5,5.0,994.7,2514685706,0,14378,795,2333.2,2088.8,395,7.74,1,13,20,7583,7,72,2,0
3435,23.27,46.0,7200,7078,8754,3247970,0,117,1,-175.5,5.0,994.7,2514686002,0,14378,795,2333.2,2088.8,395,0.37,1,12,16,6,297,2,1,0
3436,17.85,46.0,7200,7078,8754,3247970,0,117,1,-175.5,5.0,994.7,2514686298,0,14378,795,2333.2,2088.8,395,7.07,1,10,17,6985,7,3,2,0
3437,23.94,46.0,7200,7078,8754,3247970,0,117,1,-175.5,5.0,994.7,2514686594,0,14378,795,2333.2,2088.8,395,0.36,1,10,16,5,294,2,1,0
3438,17.86,46.0,7200,7078,8754,3247970,0,117,1,-175.5,5.0,994.7,2514686874,0,14378,795,2333.2,2088.8,395,7.60,1,10,16,7443,8,75,2,0
3439,24.65,46.0,7200,7078,8754,3247970,0,117,1,-175.5,5.0,994.7,2514687170,0,14378,795,2333.2,2088.8,395,0.38,1,10,16,5,305,2,1,0
3440,18.93,46.0,7200,7078,8754,3247970,0,117,1,-175.5,5.0,994.7,2514687466,0,14378,795,2333.2,2088.8,395,7.16,2,10,15,7080,6,3,2,0
3441,23.98,46.0,7200,7078,8754,3247970,0,117,1,-175.5,5.0,994.7,2514687762,0,14378,795,2333.2,2088.8,395,0.36,1,10,17,5,291,2,1,0
3442,17.47,46.0,7200,7078,8754,3247970,0,117,1,-175.5,5.0,994.7,2514688058,0,14378,795,2333.2,2088.8,395,7.60,1,10,17,7449,7,75,2,0
3443,24.18,46.0,7200,7078,8754,3247970,0,117,1,-175.5,5.0,994.7,2514688354,0,14378,795,2333.2,2088.8,395,0.39,1,11,19,6,314,3,2,0
3444,17.46,46.0,7200,7078,8754,3247970,0,117,1,-175.5,5.0,994.7,2514688650,0,14378,795,2333.2,2088.8,395,7.39,2,12,20,7306,5,3,2,0
3445,23.30,46.0,7200,7078,8754,3247970,0,117,1,-175.5,5.0,994.7,2514688946,0,14378,795,2333.2,2088.8,395,0.42,1,9,17,5,338,14,2,0
3446,17.37,46.0,7200,7078,8754,3247970,0,117,1,-175.5,5.0,994.7,2514689242,0,14378,795,2333.2,2088.8,395,7.82,1,11,16,7683,7,65,2,0
3447,24.51,46.0,7200,7078,8754,3247970,0,117,1,-175.5,5.0,994.7,2514689538,0,14378,795,2333.2,2088.8,395,0.44,1,13,20,7,357,3,2,0
3448,17.93,46.0,7200,7078,8754,3247970,0,117,1,-175.5,5.0,994.7,2514689834,0,14378,795,2333.2,2088.8,395,7.28,1,10,16,7204,6,3,2,0
3449,23.95,46.0,7200,7078,8754,3247970,0,117,1,-175.5,5.0,994.7,2514690130,0,14378,795,2333.2,2088.8,395,0.48,1,12,24,7,388,3,2,0
3450,19.00,46.0,7200,7078,8754,3247970,0,117,1,-175.5,5.0,994.7,2514690714,0,14378,795,2333.2,2088.8,395,7.26,1,9,17,7131,6,61,3,0
3451,25.59,46.0,7200,7078,8754,3247970,0,117,1,-175.5,5.0,994.7,2514690722,0,14378,795,2333.2,2088.8,395,0.36,1,10,16,6,296,2,1,0
3452,17.80,46.0,7200,7078,8754,3247970,0,117,1,-175.5,5.0,994.7,2514691018,0,14378,795,2333.2,2088.8,395,7.72,1,13,20,7632,7,2,3,0
3453,23.59,46.0,7200,7078,8754,3247970,0,117,1,-175.5,5.0,994.7,2514691314,0,14378,795,2333.2,2088.8,395,0.36,1,10,21,5,288,2,1,0
3454,17.33,46.0,7200,7078,8754,3247970,0,117,1,-175.5,5.0,994.7,2514691578,0,14378,795,2333.2,2088.8,395,8.00,1,19,23,7783,10,82,5,0
3455,52.03,46.0,7200,7078,8754,3247970,0,117,1,-175.5,5.0,994.7,2514691874,0,14378,795,2333.2,2088.8,395,0.43,1,16,22,6,333,2,1,0
3456,22.80,47.0,7200,7078,8754,3247970,0,117,1,-175.5,5.0,994.7,2514692170,0,14378,795,2333.2,2088.8,395,7.75,1,16,24,7645,8,2,3,0
3457,24.38,47.0,7200,7078,8754,3247970,0,117,1,-175.5,5.0,994.7,2514692466,0,14378,795,2333.2,2088.8,395,0.44,1,12,20,7,359,2,1,0
3458,18.56,47.0,7200,7078,8754,3247970,0,117,1,-175.5,5.0,994.7,2514692762,0,14378,795,2333.2,2088.8,395,7.52,2,27,20,7347,7,64,3,0
3459,25.61,47.0,7200,7078,8754,3247970,0,117,1,-175.5,5.0,994.7,2514693058,0,14378,795,2333.2,2088.8,395,0.39,1,13,18,5,303,2,1,0
3460,16.98,47.0,7200,7078,8754,3247970,0,117,1,-175.5,5.0,994.7,2514693354,0,14378,795,2333.2,2088.8,395,7.37,1,12,17,7280,7,2,3,0
3461,24.01,47.0,7200,7078,8754,3247970,0,117,1,-175.5,5.0,994.7,2514693650,0,14378,795,2333.2,2088.8,395,0.54,2,18,25,8,431,3,2,0
3462,17.66,47.0,7200,7078,8754,3247970,0,117,1,-175.5,5.0,994.7,2514693930,0,14378,795,2333.2,2088.8,395,7.26,1,9,17,7099,6,78,3,0
3463,23.83,47.0,7200,7078,8754,3247970,0,117,1,-175.5,5.0,994.7,2514696098,0,14378,795,2333.2,2088.8,395,0.38,1,11,18,6,300,4,4,0
3464,17.58,47.0,7200,7078,8754,3247970,0,117,1,-175.5,5.0,994.7,2514694522,0,14378,795,2333.2,2088.8,395,7.30,1,12,17,7209,6,3,3,0
3465,24.47,47.0,7200,7078,8754,3247970,0,117,1,-175.5,5.0,994.7,2514696690,0,14378,795,2333.2,2088.8,395,0.38,0,10,17,6,304,3,1,0
3466,18.20,47.0,7200,7078,8754,3247970,0,117,1,-175.5,5.0,994.7,2514695130,0,14378,795,2333.2,2088.8,395,7.82,1,9,21,7671,7,65,2,0
3467,23.95,47.0,7200,7078,8754,3247970,0,117,1,-175.5,5.0,994.7,2514695426,0,14378,795,2333.2,2088.8,395,0.37,1,12,17,5,298,2,1,0
3468,17.23,47.0,7200,7078,8754,3247970,0,117,1,-175.5,5.0,994.7,2514695706,0,14378,795,2333.2,2088.8,395,7.34,1,11,18,7262,6,3,2,0
3469,24.48,47.0,7200,7078,8754,3247970,0,117,1,-175.5,5.0,994.7,2514697874,0,14378,795,2333.2,2088.8,395,0.46,1,12,20,6,381,2,1,0
3470,17.66,47.0,7200,7078,8754,3247970,0,117,1,-175.5,5.0,994.7,2514696298,0,14378,795,2333.2,2088.8,395,7.85,2,14,22,7686,7,65,3,0
3471,24.06,47.0,7200,7078,8754,3247970,0,117,1,-175.5,5.0,994.7,2514698466,0,14378,795,2333.2,2088.8,395,0.41,2,13,21,6,318,3,2,0
3472,21.58,47.0,7200,7078,8754,3247970,0,117,1,-175.5,5.0,994.7,2514696890,0,14378,795,2333.2,2088.8,395,7.19,1,10,19,7109,7,3,3,0
3473,26.22,47.0,7200,7078,8754,3247970,0,117,1,-175.5,5.0,994.7,2514697186,0,14378,795,2333.2,2088.8,395,0.37,1,10,17,6,285,2,1,0
3474,17.87,47.0,7200,7078,8754,3247970,0,117,1,-175.5,5.0,994.7,2514697482,0,14378,795,2333.2,2088.8,395,7.62,1,10,18,7447,8,88,2,0
3475,24.59,47.0,7200,7078,8754,3247970,0,117,1,-175.5,5.0,994.7,2514697778,0,14378,795,2333.2,2088.8,395,0.52,2,19,23,8,413,2,1,0
3476,17.88,47.0,7200,7078,8754,3247970,0,117,1,-175.5,5.0,994.7,2514698074,0,14378,795,2333.2,2088.8,395,7.75,2,11,18,7671,7,3,3,0
3477,24.44,47.0,7200,7078,8754,3247970,0,117,1,-175.5,5.0,994.7,2514698370,0,14378,795,2333.2,2088.8,395,0.38,1,10,17,6,312,2,2,0
3478,17.49,47.0,7200,7078,8754,3247970,0,117,1,-175.5,5.0,994.7,2514698666,0,14378,795,2333.2,2088.8,395,7.84,1,22,20,7689,4,56,2,0
3479,24.52,47.0,7200,7078,8754,3247970,0,117,1,-175.5,5.0,994.7,2514698962,0,14378,795,2333.2,2088.8,395,0.45,1,12,27,8,349,3,1,0
3480,19.80,47.0,7200,7078,8754,3247970,0,117,1,-175.5,5.0,994.7,2514699546,0,14378,795,2333.2,2088.8,395,6.72,1,11,17,6637,6,2,3,0
3481,24.92,47.0,7200,7078,8754,3247970,0,117,1,-175.5,5.0,994.7,2514699554,0,14378,795,2333.2,2088.8,395,0.36,1,10,16,5,287,2,2,0
3482,17.80,47.0,7200,7078,8754,3247970,0,117,1,-175.5,5.0,994.7,2514699850,0,14378,795,2333.2,2088.8,395,7.46,1,10,16,7313,8,71,2,0
3483,23.52,47.0,7200,7078,8754,3247970,0,117,1,-175.5,5.0,994.7,2514700146,0,14378,795,2333.2,2088.8,395,0.41,2,12,17,6,328,2,1,0
3484,17.45,47.0,7200,7078,8754,3247970,0,117,1,-175.5,5.0,994.7,2514700426,0,14378,795,2333.2,2088.8,395,7.42,1,12,17,7340,5,3,2,0
3485,25.25,47.0,7200,7078,8754,3247970,0,117,1,-175.5,5.0,994.7,2514700722,0,14378,795,2333.2,2088.8,395,0.39,1,10,16,5,303,3,1,0
3486,18.29,47.0,7200,7078,8754,3247970,0,117,1,-175.5,5.0,994.7,2514701018,0,14378,795,2333.2,2088.8,395,7.59,1,10,25,7437,7,67,2,0
3487,23.71,47.0,7200,7078,8754,3247970,0,117,1,-175.5,5.0,994.7,2514701314,0,14378,795,2333.2,2088.8,395,0.37,1,10,17,6,302,2,2,0
3488,17.73,47.0,7200,7078,8754,3247970,0,117,1,-175.5,5.0,994.7,2514701610,0,14378,795,2333.2,2088.8,395,7.61,2,10,17,7530,6,3,3,0
3489,24.40,47.0,7200,7078,8754,3247970,0,117,1,-175.5,5.0,994.7,2514701906,0,14378,795,2333.2,2088.8,395,0.43,1,13,20,8,342,2,2,0
3490,17.76,47.0,7200,7078,8754,3247970,0,117,1,-175.5,5.0,994.7,2514704722,0,14378,795,2333.2,2088.8,395,8.04,1,10,17,7974,0,0,0,0
3491,24.30,47.0,7200,7078,8754,3247970,0,117,1,-175.5,5.0,994.7,2514705018,0,14378,795,2333.2,2088.8,395,0.44,1,11,18,6,339,6,5,0
3492,17.10,47.0,7200,7078,8754,3247970,0,117,1,-175.5,5.0,994.7,2514705314,0,14378,795,2333.2,2088.8,395,7.77,2,12,19,7672,9,3,2,0
3493,25.11,47.0,7200,7078,8754,3247970,0,117,1,-175.5,5.0,994.7,2514705610,0,14378,795,2333.2,2088.8,395,0.59,2,17,24,9,476,4,2,0
3494,17.89,47.0,7200,7078,8754,3247970,0,117,1,-175.5,5.0,994.7,2514705906,0,14378,795,2333.2,2088.8,395,7.05,1,12,17,6895,6,80,2,0
3495,23.64,47.0,7200,7078,8754,3247970,0,117,1,-175.5,5.0,994.7,2514706202,0,14378,795,2333.2,2088.8,395,0.56,2,19,23,8,452,3,3,0
3496,18.72,47.0,7200,7078,8754,3247970,0,117,1,-175.5,5.0,994.7,2514706498,0,14378,795,2333.2,2088.8,395,7.52,1,12,20,7431,7,2,2,0
3497,25.60,47.0,7200,7078,8754,3247970,0,117,1,-175.5,5.0,994.7,2514706794,0,14378,795,2333.2,2088.8,395,0.36,1,10,17,6,292,2,1,0
3498,16.93,47.0,7200,7078,8754,3247970,0,117,1,-175.5,5.0,994.7,2514707074,0,14378,795,2333.2,2088.8,395,7.40,1,10,18,7221,6,89,2,0
3499,24.72,47.0,7200,7078,8754,3247970,0,117,1,-175.5,5.0,994.7,2514709226,0,14378,795,2333.2,2088.8,395,0.37,1,10,17,5,293,2,1,0
3500,17.67,47.0,7200,7078,8754,3247970,0,117,1,-175.5,5.0,994.7,2514709522,0,14378,795,2333.2,2088.8,395,8.21,1,12,18,8128,0,0,0,0
3501,25.80,47.0,7200,7078,8754,3247970,0,117,1,-175.5,5.0,994.7,2514707994,0,14378,795,2333.2,2088.8,395,0.41,1,10,17,6,334,3,1,0
3502,17.71,46.0,7200,7078,8754,3247970,0,117,1,-175.5,5.0,994.7,2514708290,0,14378,795,2333.2,2088.8,395,7.67,1,10,16,7540,6,57,1,0
3503,23.61,46.0,7200,7078,8754,3247970,0,117,1,-175.5,5.0,994.7,2514708570,0,14378,795,2333.2,2088.8,395,0.61,1,17,25,8,494,3,3,0
3504,17.69,46.0,7200,7078,8754,3247970,0,117,1,-175.5,5.0,994.7,2514708866,0,14378,795,2333.2,2088.8,395,7.35,1,10,17,7265,7,2,2,0
3505,24.41,46.0,7200,7078,8754,3247970,0,117,1,-175.5,5.0,994.7,2514709162,0,14378,795,2333.2,2088.8,395,0.48,2,13,20,7,397,2,2,0
3506,17.51,46.0,7200,7078,8754,3247970,0,117,1,-175.5,5.0,994.7,2514709458,0,14378,795,2333.2,2088.8,395,7.64,1,12,22,7491,7,62,2,0
3507,23.63,46.0,7200,7078,8754,3247970,0,117,1,-175.5,5.0,994.7,2514709754,0,14378,795,2333.2,2088.8,395,0.52,2,13,21,7,414,2,2,0
3508,17.04,46.0,7200,7078,8754,3247970,0,117,1,-175.5,5.0,994.7,2514710050,0,14378,795,2333.2,2088.8,395,7.67,1,11,25,7581,7,2,2,0
3509,24.73,46.0,7200,7078,8754,3247970,0,117,1,-175.5,5.0,994.7,2514710346,0,14378,795,2333.2,2088.8,395,0.36,1,10,17,5,290,2,1,0
3510,19.74,46.0,7200,7078,8754,3247970,0,117,1,-175.5,5.0,994.7,2514710930,0,14378,795,2333.2,2088.8,395,7.68,1,20,16,7533,8,64,2,0
3511,25.56,46.0,7200,7078,8754,3247970,0,117,1,-175.5,5.0,994.7,2514710938,0,14378,795,2333.2,2088.8,395,0.37,1,18,16,5,288,2,2,0
3512,17.56,46.0,7200,7078,8754,3247970,0,117,1,-175.5,5.0,994.7,2514713090,0,14378,795,2333.2,2088.8,395,6.83,1,10,16,6753,6,2,2,0
3513,23.13,46.0,7200,7078,8754,3247970,0,117,1,-175.5,5.0,994.7,2514711546,0,14378,795,2333.2,2088.8,395,0.40,1,10,17,11,325,2,1,0
3514,18.24,46.0,7200,7078,8754,3247970,0,117,1,-175.5,5.0,994.7,2514711842,0,14378,795,2333.2,2088.8,395,8.00,1,12,19,7851,7,60,2,0
3515,24.36,46.0,7200,7078,8754,3247970,0,117,1,-175.5,5.0,994.7,2514712138,0,14378,795,2333.2,2088.8,395,0.43,1,12,19,7,342,2,2,0
3516,17.66,46.0,7200,7078,8754,3247970,0,117,1,-175.5,5.0,994.7,2514712434,0,14378,795,2333.2,2088.8,395,7.38,1,10,16,7304,6,2,2,0
3517,24.64,46.0,7200,7078,8754,3247970,0,117,1,-175.5,5.0,994.7,2514712730,0,14378,795,2333.2,2088.8,395,0.45,1,12,24,5,367,3,2,0
3518,17.70,46.0,7200,7078,8754,3247970,0,117,1,-175.5,5.0,994.7,2514713010,0,14378,795,2333.2,2088.8,395,7.91,1,14,21,7737,10,71,3,0
3519,24.58,46.0,7200,7078,8754,3247970,0,117,1,-175.5,5.0,994.7,2514713306,0,14378,795,2333.2,2088.8,395,0.36,1,10,17,5,289,2,1,0
3520,18.76,46.0,7200,7078,8754,3247970,0,117,1,-175.5,5.0,994.7,2514713602,0,14378,795,2333.2,2088.8,395,7.88,1,10,17,7801,7,2,2,0
3521,23.85,46.0,7200,7078,8754,3247970,0,117,1,-175.5,5.0,994.7,2514715754,0,14378,795,2333.2,2088.8,395,0.40,1,11,17,5,319,2,2,0
3522,17.28,46.0,7200,7078,8754,3247970,0,117,1,-175.5,5.0,994.7,2514714210,0,14378,795,2333.2,2088.8,395,7.24,1,10,16,7080,8,80,2,0
3523,24.39,46.0,7200,7078,8754,3247970,0,117,1,-175.5,5.0,994.7,2514714506,0,14378,795,2333.2,2088.8,395,0.42,2,12,23,7,332,3,2,0
3524,17.58,46.0,7200,7078,8754,3247970,0,117,1,-175.5,5.0,994.7,2514714802,0,14378,795,2333.2,2088.8,395,7.56,1,10,18,7476,8,3,2,0
3525,24.03,46.0,7200,7078,8754,3247970,0,117,1,-175.5,5.0,994.7,2514715098,0,14378,795,2333.2,2088.8,395,0.38,1,11,24,5,305,2,1,0
3526,17.47,46.0,7200,7078,8754,3247970,0,117,1,-175.5,5.0,994.7,2514715394,0,14378,795,2333.2,2088.8,395,7.26,2,10,16,7120,13,61,2,0
3527,24.22,46.0,7200,7078,8754,3247970,0,117,1,-175.5,5.0,994.7,2514715690,0,14378,795,2333.2,2088.8,395,0.46,2,16,24,8,361,3,1,0
3528,17.61,46.0,7200,7078,8754,3247970,0,117,1,-175.5,5.0,994.7,2514715986,0,14378,795,2333.2,2088.8,395,8.01,1,10,16,7929,6,2,3,0
3529,24.89,46.0,7200,7078,8754,3247970,0,117,1,-175.5,5.0,994.7,2514716282,0,14378,795,2333.2,2088.8,395,0.56,1,16,24,8,456,4,3,0
3530,19.01,46.0,7200,7078,8754,3247970,0,117,1,-175.5,5.0,994.7,2514716578,0,14378,795,2333.2,2088.8,395,7.62,1,9,29,7458,5,58,2,0
3531,24.35,46.0,7200,7078,8754,3247970,0,117,1,-175.5,5.0,994.7,2514716874,0,14378,795,2333.2,2088.8,395,0.36,1,11,17,6,290,2,1,0
3532,17.22,46.0,7200,7078,8754,3247970,0,117,1,-175.5,5.0,994.7,2514717170,0,14378,795,2333.2,2088.8,395,7.32,2,17,24,7212,6,3,3,0
3533,24.61,46.0,7200,7078,8754,3247970,0,117,1,-175.5,5.0,994.7,2514717466,0,14378,795,2333.2,2088.8,395,0.54,2,16,24,8,433,3,2,0
3534,17.57,46.0,7200,7078,8754,3247970,0,117,1,-175.5,5.0,994.7,2514717762,0,14378,795,2333.2,2088.8,395,7.30,1,11,19,7137,8,82,3,0
3535,25.01,46.0,7200,7078,8754,3247970,0,117,1,-175.5,5.0,994.7,2514718058,0,14378,795,2333.2,2088.8,395,0.36,1,11,16,5,284,2,2,0
3536,17.68,46.0,7200,7078,8754,3247970,0,117,1,-175.5,5.0,994.7,2514718354,0,14378,795,2333.2,2088.8,395,7.47,1,11,17,7393,7,2,3,0
3537,24.65,46.0,7200,7078,8754,3247970,0,117,1,-175.5,5.0,994.7,2514718650,0,14378,795,2333.2,2088.8,395,0.38,1,10,37,5,284,2,2,0
3538,19.30,46.0,7200,7078,8754,3247970,0,117,1,-175.5,5.0,994.7,2514718946,0,14378,795,2333.2,2088.8,395,7.44,1,11,16,7301,6,64,2,0
3539,24.64,46.0,7200,7078,8754,3247970,0,117,1,-175.5,5.0,994.7,2514719242,0,14378,795,2333.2,2088.8,395,0.36,1,10,16,5,276,2,1,0
3540,19.59,46.0,7200,7078,8754,3247970,0,117,1,-175.5,5.0,994.7,2514719826,0,14378,795,2333.2,2088.8,395,8.36,1,10,34,8271,0,0,0,0
3541,25.07,46.0,7200,7078,8754,3247970,0,117,1,-175.5,5.0,994.7,2514719834,0,14378,795,2333.2,2088.8,395,0.40,2,13,24,6,302,2,1,0
3542,16.82,46.0,7200,7078,8754,3247970,0,117,1,-175.5,5.0,994.7,2514720130,0,14378,795,2333.2,2088.8,395,8.14,2,16,23,8052,0,0,0,0
3543,26.63,46.0,7200,7078,8754,3247970,0,117,1,-175.5,5.0,994.7,2514720426,0,14378,795,2333.2,2088.8,395,0.40,1,9,15,5,325,4,2,0
3544,18.40,46.0,7200,7078,8754,3247970,0,117,1,-175.5,5.0,994.7,2514720722,0,14378,795,2333.2,2088.8,395,7.83,1,13,20,7743,8,2,2,0
3545,24.10,46.0,7200,7078,8754,3247970,0,117,1,-175.5,5.0,994.7,2514721018,0,14378,795,2333.2,2088.8,395,0.43,1,12,19,6,345,3,2,0
3546,17.48,46.0,7200,7078,8754,3247970,0,117,1,-175.5,5.0,994.7,2514721314,0,14378,795,2333.2,2088.8,395,7.62,1,12,18,7488,5,56,2,0
3547,24.29,46.0,7200,7078,8754,3247970,0,117,1,-175.5,5.0,994.7,2514721594,0,14378,795,2333.2,2088.8,395,0.42,2,15,18,7,330,2,2,0
3548,34.22,46.0,7200,7078,8754,3247970,0,117,1,-175.5,5.0,994.7,2514721890,0,14378,795,2333.2,2088.8,395,7.53,1,11,18,7446,7,2,2,0
3549,24.52,47.0,7200,7078,8754,3247970,0,117,1,-175.5,5.0,994.7,2514722186,0,14378,795,2333.2,2088.8,395,0.39,1,10,16,6,315,3,1,0
3550,17.85,47.0,7200,7078,8754,3247970,0,117,1,-175.5,5.0,994.7,2514722482,0,14378,795,2333.2,2088.8,395,7.47,1,11,17,7321,7,68,2,0
3551,24.83,47.0,7200,7078,8754,3247970,0,117,1,-175.5,5.0,994.7,2514722778,0,14378,795,2333.2,2088.8,395,0.39,1,12,18,7,305,3,1,0
3552,19.13,47.0,7200,7078,8754,3247970,0,117,1,-175.5,5.0,994.7,2514723074,0,14378,795,2333.2,2088.8,395,7.31,1,11,17,7232,7,2,3,0
3553,25.67,47.0,7200,7078,8754,3247970,0,117,1,-175.5,5.0,994.7,2514723370,0,14378,795,2333.2,2088.8,395,0.39,1,11,36,7,293,3,2,0
3554,18.78,47.0,7200,7078,8754,3247970,0,117,1,-175.5,5.0,994.7,2514723666,0,14378,795,2333.2,2088.8,395,8.26,1,13,21,8180,0,0,0,0
3555,26.03,47.0,7200,7078,8754,3247970,0,117,1,-175.5,5.0,994.7,2514723962,0,14378,795,2333.2,2088.8,395,0.42,1,12,19,7,337,3,2,0
3556,20.94,47.0,7200,7078,8754,3247970,0,117,1,-175.5,5.0,994.7,2514724242,0,14378,795,2333.2,2088.8,395,8.09,1,41,17,7961,0,0,0,0
3557,24.98,47.0,7200,7078,8754,3247970,0,117,1,-175.5,5.0,994.7,2514726394,0,14378,795,2333.2,2088.8,395,0.38,1,10,16,5,307,3,1,0
3558,18.99,47.0,7200,7078,8754,3247970,0,117,1,-175.5,5.0,994.7,2514724834,0,14378,795,2333.2,2088.8,395,7.11,1,12,17,6959,7,64,2,0
3559,24.84,47.0,7200,7078,8754,3247970,0,117,1,-175.5,5.0,994.7,2514726986,0,14378,795,2333.2,2088.8,395,0.39,2,11,17,5,312,3,2,0
3560,21.28,47.0,7200,7078,8754,3247970,0,117,1,-175.5,5.0,994.7,2514725426,0,14378,795,2333.2,2088.8,395,7.92,1,13,19,7827,8,2,1,0
3561,27.08,47.0,7200,7078,8754,3247970,0,117,1,-175.5,5.0,994.7,2514725722,0,14378,795,2333.2,2088.8,395,0.44,0,11,51,17,313,3,1,0
3562,18.20,47.0,7200,7078,8754,3247970,0,117,1,-175.5,5.0,994.7,2514726018,0,14378,795,2333.2,2088.8,395,7.55,2,16,21,7388,8,66,2,0
3563,24.44,47.0,7200,7078,8754,3247970,0,117,1,-175.5,5.0,994.7,2514726314,0,14378,795,2333.2,2088.8,395,0.38,1,12,26,6,292,3,1,0
3564,18.44,47.0,7200,7078,8754,3247970,0,117,1,-175.5,5.0,994.7,2514726610,0,14378,795,2333.2,2088.8,395,8.18,1,12,17,8100,0,0,0,0
3565,28.85,47.0,7200,7078,8754,3247970,0,117,1,-175.5,5.0,994.7,2514726906,0,14378,795,2333.2,2088.8,395,0.35,1,10,15,5,283,2,2,0
3566,18.31,47.0,7200,7078,8754,3247970,0,117,1,-175.5,5.0,994.7,2514727202,0,14378,795,2333.2,2088.8,395,7.93,1,10,16,7779,11,76,2,0
3567,24.80,47.0,7200,7078,8754,3247970,0,117,1,-175.5,5.0,994.7,2514727498,0,14378,795,2333.2,2088.8,395,0.41,1,18,17,5,313,3,1,0
3568,18.45,47.0,7200,7078,8754,3247970,0,117,1,-175.5,5.0,994.7,2514727794,0,14378,795,2333.2,2088.8,395,7.64,1,14,20,7532,8,3,3,0
3569,25.33,47.0,7200,7078,8754,3247970,0,117,1,-175.5,5.0,994.7,2514728090,0,14378,795,2333.2,2088.8,395,0.35,2,10,18,6,277,2,2,0
3570,18.75,47.0,7200,7078,8754,3247970,0,117,1,-175.5,5.0,994.7,2514728674,0,14378,795,2333.2,2088.8,395,7.99,1,9,16,7829,8,84,2,0
3571,26.37,47.0,7200,7078,8754,3247970,0,117,1,-175.5,5.0,994.7,2514728682,0,14378,795,2333.2,2088.8,395,0.48,2,13,19,6,392,2,1,0
3572,19.78,47.0,7200,7078,8754,3247970,0,117,1,-175.5,5.0,994.7,2514728978,0,14378,795,2333.2,2088.8,395,7.46,1,10,16,7378,8,2,2,0
3573,26.67,47.0,7200,7078,8754,3247970,0,117,1,-175.5,5.0,994.7,2514729274,0,14378,795,2333.2,2088.8,395,0.50,2,15,35,7,377,3,2,0
3574,19.01,47.0,7200,7078,8754,3247970,0,117,1,-175.5,5.0,994.7,2514729570,0,14378,795,2333.2,2088.8,395,7.53,1,10,17,7388,7,64,3,0
3575,25.71,47.0,7200,7078,8754,3247970,0,117,1,-175.5,5.0,994.7,2514729866,0,14378,795,2333.2,2088.8,395,0.39,1,9,17,5,320,3,2,0
3576,18.93,47.0,7200,7078,8754,3247970,0,117,1,-175.5,5.0,994.7,2514730162,0,14378,795,2333.2,2088.8,395,6.96,1,11,17,6877,6,3,3,0
3577,24.23,47.0,7200,7078,8754,3247970,0,117,1,-175.5,5.0,994.7,2514730458,0,14378,795,2333.2,2088.8,395,0.36,1,11,16,6,283,3,1,0
3578,18.51,47.0,7200,7078,8754,3247970,0,117,1,-175.5,5.0,994.7,2514730754,0,14378,795,2333.2,2088.8,395,7.45,2,15,21,7266,7,83,3,0
3579,26.03,47.0,7200,7078,8754,3247970,0,117,1,-175.5,5.0,994.7,2514731050,0,14378,795,2333.2,2088.8,395,0.36,1,12,17,6,285,3,2,0
3580,19.96,47.0,7200,7078,8754,3247970,0,117,1,-175.5,5.0,994.7,2514731346,0,14378,795,2333.2,2088.8,395,7.20,2,11,18,7111,8,2,2,0
3581,27.69,47.0,7200,7078,8754,3247970,0,117,1,-175.5,5.0,994.7,2514731642,0,14378,795,2333.2,2088.8,395,0.44,2,13,23,8,342,4,2,0
3582,21.83,47.0,7200,7078,8754,3247970,0,117,1,-175.5,5.0,994.7,2514731922,0,14378,795,2333.2,2088.8,395,7.78,1,10,18,7631,8,69,3,0
3583,26.27,47.0,7200,7078,8754,3247970,0,117,1,-175.5,5.0,994.7,2514732218,0,14378,795,2333.2,2088.8,395,0.37,1,10,16,5,298,2,1,0
3584,18.14,47.0,7200,7078,8754,3247970,0,117,1,-175.5,5.0,994.7,2514732514,0,14378,795,2333.2,2088.8,395,7.47,1,14,17,7367,7,2,3,0
3585,29.25,47.0,7200,7078,8754,3247970,0,117,1,-175.5,5.0,994.7,2514732810,0,14378,795,2333.2,2088.8,395,0.44,2,16,21,5,339,4,2,0
3586,19.08,47.0,7200,7078,8754,3247970,0,117,1,-175.5,5.0,994.7,2514733106,0,14378,795,2333.2,2088.8,395,7.31,1,10,16,7167,7,65,3,0
3587,27.33,47.0,7200,7078,8754,3247970,0,117,1,-175.5,5.0,994.7,2514733402,0,14378,795,2333.2,2088.8,395,0.48,1,12,19,6,397,4,2,0
3588,18.97,47.0,7200,7078,8754,3247970,0,117,1,-175.5,5.0,994.7,2514733698,0,14378,795,2333.2,2088.8,395,7.63,1,11,18,7544,9,3,3,0
3589,33.19,47.0,7200,7078,8754,3247970,0,117,1,-175.5,5.0,994.7,2514733994,0,14378,795,2333.2,2088.8,395,0.53,1,17,22,8,406,4,2,0
3590,29.99,47.0,7200,7078,8754,3247970,0,117,1,-175.5,5.0,994.7,2514734274,0,14378,795,2333.2,2088.8,395,7.76,1,16,22,7588,6,65,1,0
3591,27.22,42.0,7200,7078,8754,3247970,0,117,1,-175.5,5.0,994.7,2514736410,0,14378,795,2333.2,2088.8,395,0.43,1,12,17,6,355,3,2,0
3592,19.66,42.0,7200,7078,8754,3247970,0,117,1,-175.5,5.0,994.7,2514734866,0,14378,795,2333.2,2088.8,395,8.59,5,17,24,8488,0,0,0,0
3593,31.29,42.0,7200,7078,8754,3247970,0,117,1,-175.5,5.0,994.7,2514735162,0,14378,795,2333.2,2088.8,395,0.39,1,13,18,6,302,2,2,0
3594,20.45,42.0,7200,7078,8754,3247970,0,117,1,-175.5,5.0,994.7,2514735458,0,14378,795,2333.2,2088.8,395,7.74,1,12,19,7593,5,62,2,0
3595,28.42,42.0,7200,7078,8754,3247970,0,117,1,-175.5,5.0,994.7,2514739546,0,14378,795,2333.2,2088.8,395,0.41,1,11,17,6,330,3,2,0
3596,20.20,42.0,7200,7078,8754,3247970,0,117,1,-175.5,5.0,994.7,2514739842,0,14378,795,2333.2,2088.8,395,7.75,2,10,17,7675,6,3,2,0
3597,25.64,42.0,7200,7078,8754,3247970,0,117,1,-175.5,5.0,994.7,2514740138,0,14378,795,2333.2,2088.8,395,0.36,1,10,17,5,287,2,2,0
3598,20.18,42.0,7200,7078,8754,3247970,0,117,1,-175.5,5.0,994.7,2514740434,0,14378,795,2333.2,2088.8,395,7.79,1,10,18,7617,9,89,2,0
3599,26.30,42.0,7200,7078,8754,3247970,0,117,1,-175.5,5.0,994.7,2514740730,0,14378,795,2333.2,2088.8,395,0.41,1,18,17,7,321,5,2,0
3600,20.57,42.0,7200,7078,8754,3247970,0,117,1,-175.5,5.0,994.7,2514741298,0,14378,795,2333.2,2088.8,395,7.28,2,11,20,7188,9,3,1,0
3601,28.73,42.0,7200,7078,8754,3247970,0,117,1,-175.5,5.0,994.7,2514741306,0,14378,795,2333.2,2088.8,395,0.37,1,12,18,5,285,3,1,0
3602,20.39,42.0,7200,7078,8754,3247970,0,117,1,-175.5,5.0,994.7,2514741602,0,14378,795,2333.2,2088.8,395,7.93,1,9,16,7766,7,86,3,0
3603,26.95,42.0,7200,7078,8754,3247970,0,117,1,-175.5,5.0,994.7,2514741898,0,14378,795,2333.2,2088.8,395,0.40,2,11,18,6,317,3,2,0
3604,19.64,42.0,7200,7078,8754,3247970,0,117,1,-175.5,5.0,994.7,2514742194,0,14378,795,2333.2,2088.8,395,8.80,1,14,23,8713,0,0,0,0
3605,28.41,42.0,7200,7078,8754,3247970,0,117,1,-175.5,5.0,994.7,2514742490,0,14378,795,2333.2,2088.8,395,0.38,1,12,17,5,304,2,1,0
3606,19.62,42.0,7200,7078,8754,3247970,0,117,1,-175.5,5.0,994.7,2514742786,0,14378,795,2333.2,2088.8,395,7.55,1,13,20,7392,7,74,2,0
3607,25.96,42.0,7200,7078,8754,3247970,0,117,1,-175.5,5.0,994.7,2514743082,0,14378,795,2333.2,2088.8,395,0.37,1,20,18,5,292,2,1,0
3608,19.05,42.0,7200,7078,8754,3247970,0,117,1,-175.5,5.0,994.7,2514743362,0,14378,795,2333.2,2088.8,395,7.85,1,16,23,7746,7,2,2,0
3609,25.13,42.0,7200,7078,8754,3247970,0,117,1,-175.5,5.0,994.7,2514745482,0,14378,795,2333.2,2088.8,395,0.40,2,13,19,7,317,2,2,0
3610,19.07,42.0,7200,7078,8754,3247970,0,117,1,-175.5,5.0,994.7,2514743954,0,14378,795,2333.2,2088.8,395,7.95,1,10,16,7780,8,86,3,0
3611,24.28,42.0,7200,7078,8754,3247970,0,117,1,-175.5,5.0,994.7,2514746074,0,14378,795,2333.2,2088.8,395,0.50,1,11,15,6,418,4,2,0
3612,19.19,42.0,7200,7078,8754,3247970,0,117,1,-175.5,5.0,994.7,2514744546,0,14378,795,2333.2,2088.8,395,7.05,1,11,18,6974,5,3,2,0
3613,24.70,42.0,7200,7078,8754,3247970,0,117,1,-175.5,5.0,994.7,2514746666,0,14378,795,2333.2,2088.8,395,0.50,1,13,27,12,383,3,1,0
3614,19.23,42.0,7200,7078,8754,3247970,0,117,1,-175.5,5.0,994.7,2514745138,0,14378,795,2333.2,2088.8,395,7.45,1,12,18,7296,7,72,2,0
3615,27.03,42.0,7200,7078,8754,3247970,0,117,1,-175.5,5.0,994.7,2514747258,0,14378,795,2333.2,2088.8,395,0.38,1,11,17,6,296,3,1,0
3616,20.16,42.0,7200,7078,8754,3247970,0,117,1,-175.5,5.0,994.7,2514745730,0,14378,795,2333.2,2088.8,395,7.75,1,11,17,7671,7,3,2,0
3617,30.45,42.0,7200,7078,8754,3247970,0,117,1,-175.5,5.0,994.7,2514746026,0,14378,795,2333.2,2088.8,395,0.37,1,11,26,6,287,2,2,0
3618,22.45,42.0,7200,7078,8754,3247970,0,117,1,-175.5,5.0,994.7,2514746322,0,14378,795,2333.2,2088.8,395,7.16,1,11,17,7021,6,64,2,0
3619,26.97,42.0,7200,7078,8754,3247970,0,117,1,-175.5,5.0,994.7,2514746618,0,14378,795,2333.2,2088.8,395,0.35,1,11,15,5,280,2,1,0
3620,20.41,42.0,7200,7078,8754,3247970,0,117,1,-175.5,5.0,994.7,2514746914,0,14378,795,2333.2,2088.8,395,8.34,2,17,25,8251,0,0,0,0
3621,30.65,42.0,7200,7078,8754,3247970,0,117,1,-175.5,5.0,994.7,2514747194,0,14378,795,2333.2,2088.8,395,0.42,1,14,21,7,323,3,2,0
3622,23.54,42.0,7200,7078,8754,3247970,0,117,1,-175.5,5.0,994.7,2514747490,0,14378,795,2333.2,2088.8,395,7.30,1,12,18,7147,8,76,2,0
3623,27.33,42.0,7200,7078,8754,3247970,0,117,1,-175.5,5.0,994.7,2514747786,0,14378,795,2333.2,2088.8,395,0.46,2,13,18,5,366,6,3,0
3624,19.67,42.0,7200,7078,8754,3247970,0,117,1,-175.5,5.0,994.7,2514748082,0,14378,795,2333.2,2088.8,395,7.15,2,14,19,7063,5,3,3,0
3625,26.65,42.0,7200,7078,8754,3247970,0,117,1,-175.5,5.0,994.7,2514748378,0,14378,795,2333.2,2088.8,395,0.41,1,11,17,5,332,2,2,0
3626,20.34,42.0,7200,7078,8754,3247970,0,117,1,-175.5,5.0,994.7,2514748658,0,14378,795,2333.2,2088.8,395,7.30,1,11,18,7154,7,63,1,0
3627,25.03,42.0,7200,7078,8754,3247970,0,117,1,-175.5,5.0,994.7,2514750762,0,14378,795,2333.2,2088.8,395,0.44,1,12,19,7,362,2,1,0
3628,20.33,42.0,7200,7078,8754,3247970,0,117,1,-175.5,5.0,994.7,2514749250,0,14378,795,2333.2,2088.8,395,7.83,1,10,23,7747,7,3,2,0
3629,25.51,42.0,7200,7078,8754,3247970,0,117,1,-175.5,5.0,994.7,2514749546,0,14378,795,2333.2,2088.8,395,0.38,1,10,18,15,286,2,1,0
3630,26.71,42.0,7200,7078,8754,3247970,0,117,1,-175.5,5.0,994.7,2514750202,0,14378,795,2333.2,2088.8,395,7.25,1,14,23,7095,7,64,2,0
3631,25.12,42.0,7200,7078,8754,3247970,0,117,1,-175.5,5.0,994.7,2514750138,0,14378,795,2333.2,2088.8,395,0.43,1,13,20,6,347,3,2,0
3632,19.45,42.0,7200,7078,8754,3247970,0,117,1,-175.5,5.0,994.7,2514750418,0,14378,795,2333.2,2088.8,395,9.05,2,18,19,8957,0,0,0,0
3633,51.15,42.0,7200,7078,8754,3247970,0,117,1,-175.5,5.0,994.7,2514750714,0,14378,795,2333.2,2088.8,395,0.43,1,12,19,7,344,2,1,0
3634,20.02,43.0,7200,7078,8754,3247970,0,117,1,-175.5,5.0,994.7,2514750994,0,14378,795,2333.2,2088.8,395,7.67,2,13,20,7507,7,73,2,0
3635,26.48,43.0,7200,7078,8754,3247970,0,117,1,-175.5,5.0,994.7,2514753082,0,14378,795,2333.2,2088.8,395,0.43,1,12,19,6,349,2,2,0
3636,20.13,43.0,7200,7078,8754,3247970,0,117,1,-175.5,5.0,994.7,2514751586,0,14378,795,2333.2,2088.8,395,7.51,1,12,18,7424,7,3,2,0
3637,24.73,43.0,7200,7078,8754,3247970,0,117,1,-175.5,5.0,994.7,2514753674,0,14378,795,2333.2,2088.8,395,0.41,1,11,19,7,336,2,1,0
3638,23.21,43.0,7200,7078,8754,3247970,0,117,1,-175.5,5.0,994.7,2514752178,0,14378,795,2333.2,2088.8,395,7.56,1,10,17,7421,6,65,3,0
3639,24.89,43.0,7200,7078,8754,3247970,0,117,1,-175.5,5.0,994.7,2514752474,0,14378,795,2333.2,2088.8,395,0.37,1,10,25,6,291,2,1,0
3640,19.92,43.0,7200,7078,8754,3247970,0,117,1,-175.5,5.0,994.7,2514752770,0,14378,795,2333.2,2088.8,395,7.21,1,11,18,7128,8,3,3,0
3641,24.00,43.0,7200,7078,8754,3247970,0,117,1,-175.5,5.0,994.7,2514753066,0,14378,795,2333.2,2088.8,395,0.40,1,12,19,6,315,2,2,0
3642,20.08,43.0,7200,7078,8754,3247970,0,117,1,-175.5,5.0,994.7,2514753362,0,14378,795,2333.2,2088.8,395,7.35,1,11,17,7212,6,61,1,0
3643,26.32,43.0,7200,7078,8754,3247970,0,117,1,-175.5,5.0,994.7,2514753658,0,14378,795,2333.2,2088.8,395,0.45,2,12,19,6,363,2,2,0
3644,20.13,43.0,7200,7078,8754,3247970,0,117,1,-175.5,5.0,994.7,2514753954,0,14378,795,2333.2,2088.8,395,7.36,2,13,19,7276,5,3,2,0
3645,24.65,43.0,7200,7078,8754,3247970,0,117,1,-175.5,5.0,994.7,2514754250,0,14378,795,2333.2,2088.8,395,0.41,1,12,22,15,321,3,1,0
3646,19.01,43.0,7200,7078,8754,3247970,0,117,1,-175.5,5.0,994.7,2514754546,0,14378,795,2333.2,2088.8,395,8.59,2,31,18,8453,0,0,0,0
3647,26.79,43.0,7200,7078,8754,3247970,0,117,1,-175.5,5.0,994.7,2514754842,0,14378,795,2333.2,2088.8,395,0.42,1,10,17,5,350,2,1,0
3648,19.01,43.0,7200,7078,8754,3247970,0,117,1,-175.5,5.0,994.7,2514755138,0,14378,795,2333.2,2088.8,395,7.78,1,12,20,7689,7,2,2,0
3649,24.23,43.0,7200,7078,8754,3247970,0,117,1,-175.5,5.0,994.7,2514755434,0,14378,795,2333.2,2088.8,395,0.45,1,14,23,5,358,3,2,0
3650,22.28,43.0,7200,7078,8754,3247970,0,117,1,-175.5,5.0,994.7,2514755730,0,14378,795,2333.2,2088.8,395,7.53,1,10,16,7351,8,102,3,0
3651,25.64,43.0,7200,7078,8754,3247970,0,117,1,-175.5,5.0,994.7,2514756026,0,14378,795,2333.2,2088.8,395,0.45,1,10,17,12,369,2,2,0
3652,19.31,43.0,7200,7078,8754,3247970,0,117,1,-175.5,5.0,994.7,2514756322,0,14378,795,2333.2,2088.8,395,7.85,1,12,20,7756,7,3,3,0
3653,27.43,43.0,7200,7078,8754,3247970,0,117,1,-175.5,5.0,994.7,2514756602,0,14378,795,2333.2,2088.8,395,0.38,1,10,17,6,301,2,2,0
3654,21.77,43.0,7200,7078,8754,3247970,0,117,1,-175.5,5.0,994.7,2514756898,0,14378,795,2333.2,2088.8,395,7.44,2,13,18,7294,6,62,3,0
3655,33.56,43.0,7200,7078,8754,3247970,0,117,1,-175.5,5.0,994.7,2514757194,0,14378,795,2333.2,2088.8,395,0.37,1,10,17,6,295,2,1,0
3656,19.39,43.0,7200,7078,8754,3247970,0,117,1,-175.5,5.0,994.7,2514757490,0,14378,795,2333.2,2088.8,395,7.47,1,12,19,7386,6,2,2,0
3657,24.48,43.0,7200,7078,8754,3247970,0,117,1,-175.5,5.0,994.7,2514757786,0,14378,795,2333.2,2088.8,395,0.51,1,16,24,9,411,3,2,0
3658,20.29,43.0,7200,7078,8754,3247970,0,117,1,-175.5,5.0,994.7,2514758066,0,14378,795,2333.2,2088.8,395,7.79,1,19,23,7621,7,63,2,0
3659,24.57,43.0,7200,7078,8754,3247970,0,117,1,-175.5,5.0,994.7,2514760138,0,14378,795,2333.2,2088.8,395,0.37,1,10,16,5,303,3,1,0
3660,21.19,43.0,7200,7078,8754,3247970,0,117,1,-175.5,5.0,994.7,2514758802,0,14378,795,2333.2,2088.8,395,7.63,2,10,17,7545,7,2,2,0
3661,26.17,43.0,7200,7078,8754,3247970,0,117,1,-175.5,5.0,994.7,2514760730,0,14378,795,2333.2,2088.8,395,0.46,1,19,26,7,348,4,1,0
3662,23.33,43.0,7200,7078,8754,3247970,0,117,1,-175.5,5.0,994.7,2514759250,0,14378,795,2333.2,2088.8,395,8.58,1,14,19,8498,0,0,0,0
3663,27.36,43.0,7200,7078,8754,3247970,0,117,1,-175.5,5.0,994.7,2514759546,0,14378,795,2333.2,2088.8,395,0.40,1,12,22,9,311,3,2,0
3664,19.22,43.0,7200,7078,8754,3247970,0,117,1,-175.5,5.0,994.7,2514759842,0,14378,795,2333.2,2088.8,395,7.78,1,12,20,7682,9,3,2,0
3665,27.69,43.0,7200,7078,8754,3247970,0,117,1,-175.5,5.0,994.7,2514760138,0,14378,795,2333.2,2088.8,395,0.36,1,10,17,5,288,2,1,0
3666,19.19,43.0,7200,7078,8754,3247970,0,117,1,-175.5,5.0,994.7,2514760434,0,14378,795,2333.2,2088.8,395,7.76,1,13,20,7604,7,64,2,0
3667,26.01,43.0,7200,7078,8754,3247970,0,117,1,-175.5,5.0,994.7,2514760714,0,14378,795,2333.2,2088.8,395,0.74,1,13,18,7,638,4,2,0
3668,19.19,43.0,7200,7078,8754,3247970,0,117,1,-175.5,5.0,994.7,2514761010,0,14378,795,2333.2,2088.8,395,7.41,2,11,19,7323,5,2,1,0
3669,26.49,43.0,7200,7078,8754,3247970,0,117,1,-175.5,5.0,994.7,2514761306,0,14378,795,2333.2,2088.8,395,0.38,1,11,17,5,308,3,2,0
3670,19.28,43.0,7200,7078,8754,3247970,0,117,1,-175.5,5.0,994.7,2514761602,0,14378,795,2333.2,2088.8,395,7.82,1,11,18,7667,6,73,2,0
3671,25.45,43.0,7200,7078,8754,3247970,0,117,1,-175.5,5.0,994.7,2514761898,0,14378,795,2333.2,2088.8,395,0.42,1,12,19,7,342,2,2,0
3672,19.38,43.0,7200,7078,8754,3247970,0,117,1,-175.5,5.0,994.7,2514762194,0,14378,795,2333.2,2088.8,395,8.20,1,10,16,8128,0,0,0,0
3673,26.13,43.0,7200,7078,8754,3247970,0,117,1,-175.5,5.0,994.7,2514762490,0,14378,795,2333.2,2088.8,395,0.42,1,11,20,10,333,2,2,0
3674,18.93,43.0,7200,7078,8754,3247970,0,117,1,-175.5,5.0,994.7,2514764546,0,14378,795,2333.2,2088.8,395,8.94,2,15,24,8840,0,0,0,0
3675,37.23,43.0,7200,7078,8754,3247970,0,117,1,-175.5,5.0,994.7,2514763098,0,14378,795,2333.2,2088.8,395,0.38,1,11,18,6,299,2,1,0
3676,18.78,42.0,7200,7078,8754,3247970,0,117,1,-175.5,5.0,994.7,2514763394,0,14378,795,2333.2,2088.8,395,8.25,2,13,18,8179,0,0,0,0
3677,24.87,42.0,7200,7078,8754,3247970,0,117,1,-175.5,5.0,994.7,2514763690,0,14378,795,2333.2,2088.8,395,0.44,1,12,19,6,361,2,2,0
3678,18.85,42.0,7200,7078,8754,3247970,0,117,1,-175.5,5.0,994.7,2514763986,0,14378,795,2333.2,2088.8,395,7.88,1,9,17,7735,8,73,2,0
3679,25.36,42.0,7200,7078,8754,3247970,0,117,1,-175.5,5.0,994.7,2514764282,0,14378,795,2333.2,2088.8,395,0.44,1,13,19,6,351,4,1,0
3680,19.11,42.0,7200,7078,8754,3247970,0,117,1,-175.5,5.0,994.7,2514764578,0,14378,795,2333.2,2088.8,395,7.11,1,10,17,7022,7,3,2,0
3681,26.28,42.0,7200,7078,8754,3247970,0,117,1,-175.5,5.0,994.7,2514764874,0,14378,795,2333.2,2088.8,395,0.38,1,11,17,6,300,3,2,0
3682,19.29,42.0,7200,7078,8754,3247970,0,117,1,-175.5,5.0,994.7,2514765170,0,14378,795,2333.2,2088.8,395,7.80,1,13,18,7655,7,66,2,0
3683,27.72,42.0,7200,7078,8754,3247970,0,117,1,-175.5,5.0,994.7,2514765450,0,14378,795,2333.2,2088.8,395,0.36,1,11,17,6,284,2,2,0
3684,20.11,42.0,7200,7078,8754,3247970,0,117,1,-175.5,5.0,994.7,2514765746,0,14378,795,2333.2,2088.8,395,8.14,1,12,22,8060,0,0,0,0
3685,26.97,42.0,7200,7078,8754,3247970,0,117,1,-175.5,5.0,994.7,2514766042,0,14378,795,2333.2,2088.8,395,0.37,1,10,16,6,293,3,2,0
3686,18.87,42.0,7200,7078,8754,3247970,0,117,1,-175.5,5.0,994.7,2514766338,0,14378,795,2333.2,2088.8,395,8.30,1,11,17,8218,0,0,0,0
3687,26.07,42.0,7200,7078,8754,3247970,0,117,1,-175.5,5.0,994.7,2514766634,0,14378,795,2333.2,2088.8,395,0.41,1,11,16,5,324,3,2,0
3688,18.87,42.0,7200,7078,8754,3247970,0,117,1,-175.5,5.0,994.7,2514766930,0,14378,795,2333.2,2088.8,395,7.27,2,11,22,7183,7,3,3,0
3689,28.01,42.0,7200,7078,8754,3247970,0,117,1,-175.5,5.0,994.7,2514767194,0,14378,795,2333.2,2088.8,395,0.38,1,14,19,6,292,2,2,0
3690,57.01,42.0,7200,7078,8754,3247970,0,117,1,-175.5,5.0,994.7,2514767778,0,14378,795,2333.2,2088.8,395,7.40,1,9,17,7264,7,64,2,0
3691,33.20,42.0,7200,7078,8754,3247970,0,117,1,-175.5,5.0,994.7,2514767786,0,14378,795,2333.2,2088.8,395,0.41,1,11,18,6,332,2,2,0
3692,19.70,42.0,7200,7078,8754,3247970,0,117,1,-175.5,5.0,994.7,2514768066,0,14378,795,2333.2,2088.8,395,8.52,1,11,19,8445,0,0,0,0
3693,25.87,42.0,7200,7078,8754,3247970,0,117,1,-175.5,5.0,994.7,2514770106,0,14378,795,2333.2,2088.8,395,0.45,2,13,20,7,364,3,1,0
3694,20.26,42.0,7200,7078,8754,3247970,0,117,1,-175.5,5.0,994.7,2514768658,0,14378,795,2333.2,2088.8,395,7.73,1,10,16,7585,7,65,2,0
3695,27.22,42.0,7200,7078,8754,3247970,0,117,1,-175.5,5.0,994.7,2514770698,0,14378,795,2333.2,2088.8,395,0.36,1,10,17,6,284,3,1,0
3696,22.05,42.0,7200,7078,8754,3247970,0,117,1,-175.5,5.0,994.7,2514769250,0,14378,795,2333.2,2088.8,395,8.28,1,11,21,8202,0,0,0,0
3697,26.02,42.0,7200,7078,8754,3247970,0,117,1,-175.5,5.0,994.7,2514769546,0,14378,795,2333.2,2088.8,395,0.43,1,13,20,6,344,4,2,0
3698,20.38,42.0,7200,7078,8754,3247970,0,117,1,-175.5,5.0,994.7,2514769842,0,14378,795,2333.2,2088.8,395,7.69,1,10,15,7545,7,70,2,0
3699,26.01,42.0,7200,7078,8754,3247970,0,117,1,-175.5,5.0,994.7,2514770138,0,14378,795,2333.2,2088.8,395,0.43,2,10,16,5,361,3,2,0
3700,20.03,42.0,7200,7078,8754,3247970,0,117,1,-175.5,5.0,994.7,2514770434,0,14378,795,2333.2,2088.8,395,7.91,1,12,19,7821,6,2,2,0
3701,25.56,42.0,7200,7078,8754,3247970,0,117,1,-175.5,5.0,994.7,2514770730,0,14378,795,2333.2,2088.8,395,0.38,1,10,17,5,311,3,2,0
3702,20.22,42.0,7200,7078,8754,3247970,0,117,1,-175.5,5.0,994.7,2514771026,0,14378,795,2333.2,2088.8,395,7.93,1,10,16,7779,7,67,4,0
3703,27.55,42.0,7200,7078,8754,3247970,0,117,1,-175.5,5.0,994.7,2514771322,0,14378,795,2333.2,2088.8,395,0.42,1,16,30,7,308,3,1,0
3704,27.18,42.0,7200,7078,8754,3247970,0,117,1,-175.5,5.0,994.7,2514771602,0,14378,795,2333.2,2088.8,395,7.25,1,10,16,7170,6,3,2,0
3705,25.01,42.0,7200,7078,8754,3247970,0,117,1,-175.5,5.0,994.7,2514771898,0,14378,795,2333.2,2088.8,395,0.40,1,17,19,6,307,2,2,0
3706,19.87,42.0,7200,7078,8754,3247970,0,117,1,-175.5,5.0,994.7,2514772194,0,14378,795,2333.2,2088.8,395,7.00,1,10,16,6856,6,67,2,0
3707,25.90,42.0,7200,7078,8754,3247970,0,117,1,-175.5,5.0,994.7,2514772490,0,14378,795,2333.2,2088.8,395,0.45,2,13,19,6,350,3,2,0
3708,20.28,42.0,7200,7078,8754,3247970,0,117,1,-175.5,5.0,994.7,2514772786,0,14378,795,2333.2,2088.8,395,8.32,1,13,17,8253,0,0,0,0
3709,27.83,42.0,7200,7078,8754,3247970,0,117,1,-175.5,5.0,994.7,2514773082,0,14378,795,2333.2,2088.8,395,0.50,2,13,19,7,394,5,1,0
3710,20.28,42.0,7200,7078,8754,3247970,0,117,1,-175.5,5.0,994.7,2514773362,0,14378,795,2333.2,2088.8,395,7.66,1,11,18,7507,7,72,2,0
3711,24.93,42.0,7200,7078,8754,3247970,0,117,1,-175.5,5.0,994.7,2514775386,0,14378,795,2333.2,2088.8,395,0.41,1,21,17,6,325,3,2,0
3712,19.70,42.0,7200,7078,8754,3247970,0,117,1,-175.5,5.0,994.7,2514773954,0,14378,795,2333.2,2088.8,395,7.47,1,10,17,7391,8,3,3,0
3713,30.03,42.0,7200,7078,8754,3247970,0,117,1,-175.5,5.0,994.7,2514774250,0,14378,795,2333.2,2088.8,395,0.39,1,10,18,5,320,2,2,0
3714,20.73,42.0,7200,7078,8754,3247970,0,117,1,-175.5,5.0,994.7,2514774546,0,14378,795,2333.2,2088.8,395,7.53,1,11,18,7388,7,64,2,0
3715,24.04,42.0,7200,7078,8754,3247970,0,117,1,-175.5,5.0,994.7,2514774826,0,14378,795,2333.2,2088.8,395,0.42,1,15,19,7,336,3,1,0
3716,32.31,40.0,7200,7078,8754,3247970,0,117,1,-175.5,5.0,994.7,2514775122,0,14378,795,2333.2,2088.8,395,7.36,1,10,17,7281,6,3,2,0
3717,25.87,40.0,7200,7078,8754,3247970,0,117,1,-175.5,5.0,994.7,2514775418,0,14378,795,2333.2,2088.8,395,0.43,1,12,20,6,350,2,1,0
3718,19.66,40.0,7200,7078,8754,3247970,0,117,1,-175.5,5.0,994.7,2514775714,0,14378,795,2333.2,2088.8,395,7.59,1,11,16,7439,7,65,12,0
3719,26.61,40.0,7200,7078,8754,3247970,0,117,1,-175.5,5.0,994.7,2514776010,0,14378,795,2333.2,2088.8,395,0.36,1,15,18,5,288,2,1,0
3720,21.01,40.0,7200,7078,8754,3247970,0,117,1,-175.5,5.0,994.7,2514776594,0,14378,795,2333.2,2088.8,395,7.84,1,9,15,7769,7,3,3,0
3721,35.51,40.0,7200,7078,8754,3247970,0,117,1,-175.5,5.0,994.7,2514776602,0,14378,795,2333.2,2088.8,395,0.41,2,13,19,6,324,3,2,0
3722,20.50,40.0,7200,7078,8754,3247970,0,117,1,-175.5,5.0,994.7,2514776882,0,14378,795,2333.2,2088.8,395,7.40,1,13,20,7253,7,65,1,0
3723,33.63,40.0,7200,7078,8754,3247970,0,117,1,-175.5,5.0,994.7,2514777178,0,14378,795,2333.2,2088.8,395,0.44,1,13,19,6,357,2,1,0
3724,20.63,40.0,7200,7078,8754,3247970,0,117,1,-175.5,5.0,994.7,2514777474,0,14378,795,2333.2,2088.8,395,7.70,1,11,17,7621,7,3,3,0
3725,25.64,40.0,7200,7078,8752,3247966,0,117,1,-175.5,5.0,994.7,2514777678,1,14378,795,2333.2,2088.8,395,0.38,1,11,29,6,297,3,1,0
3726,20.69,40.0,7200,7078,8752,3247966,0,117,1,-175.5,5.0,994.7,2514777662,1,14378,795,2333.2,2088.8,395,7.32,1,11,18,7163,6,75,2,0
3727,25.22,40.0,7200,7078,8752,3247966,0,117,1,-175.5,5.0,994.7,2514777958,1,14378,795,2333.2,2088.8,395,0.46,1,14,19,7,367,3,1,0
3728,20.31,40.0,7200,7078,8752,3247966,0,117,1,-175.5,5.0,994.7,2514778238,1,14378,795,2333.2,2088.8,395,7.27,1,11,18,7184,6,3,3,0
3729,26.71,40.0,7200,7078,8752,3247966,0,117,1,-175.5,5.0,994.7,2514778534,1,14378,795,2333.2,2088.8,395,0.38,1,11,18,7,305,2,2,0
3730,20.46,40.0,7200,7078,8752,3247966,0,117,1,-175.5,5.0,994.7,2514778830,1,14378,795,2333.2,2088.8,395,7.56,1,11,17,7350,10,98,3,0
3731,26.41,40.0,7200,7078,8752,3247966,0,117,1,-175.5,5.0,994.7,2514779126,1,14378,795,2333.2,2088.8,395,0.39,1,11,18,6,314,2,2,0
3732,20.32,40.0,7200,7078,8752,3247966,0,117,1,-175.5,5.0,994.7,2514779422,1,14378,795,2333.2,2088.8,395,7.62,1,10,17,7534,7,2,3,0
3733,25.52,40.0,7200,7078,8752,3247966,0,117,1,-175.5,5.0,994.7,2514779718,1,14378,795,2333.2,2088.8,395,0.46,1,12,18,20,370,2,1,0
3734,18.82,40.0,7200,7078,8752,3247966,0,117,1,-175.5,5.0,994.7,2514780014,1,14378,795,2333.2,2088.8,395,7.64,1,11,19,7291,8,258,6,0
3735,25.15,40.0,7200,7078,8752,3247966,0,117,1,-175.5,5.0,994.7,2514780310,1,14378,795,2333.2,2088.8,395,0.37,1,10,17,6,292,3,2,0
3736,18.75,40.0,7200,7078,8752,3247966,0,117,1,-175.5,5.0,994.7,2514780606,1,14378,795,2333.2,2088.8,395,7.28,1,12,17,7186,8,3,2,0
3737,25.13,40.0,7200,7078,8752,3247966,0,117,1,-175.5,5.0,994.7,2514780902,1,14378,795,2333.2,2088.8,395,0.40,1,10,17,5,325,3,1,0
3738,19.52,40.0,7200,7078,8752,3247966,0,117,1,-175.5,5.0,994.7,2514781182,1,14378,795,2333.2,2088.8,395,7.84,1,15,21,7687,6,62,1,0
3739,23.95,40.0,7200,7078,8752,3247966,0,117,1,-175.5,5.0,994.7,2514783174,1,14378,795,2333.2,2088.8,395,0.38,2,11,16,5,297,3,2,0
3740,18.61,40.0,7200,7078,8752,3247966,0,117,1,-175.5,5.0,994.7,2514781774,1,14378,795,2333.2,2088.8,395,7.53,1,10,16,7445,8,4,3,0
3741,26.01,40.0,7200,7078,8752,3247966,0,117,1,-175.5,5.0,994.7,2514783766,1,14378,795,2333.2,2088.8,395,0.35,1,10,17,5,284,2,2,0
3742,20.12,40.0,7200,7078,8752,3247966,0,117,1,-175.5,5.0,994.7,2514782366,1,14378,795,2333.2,2088.8,395,7.39,1,13,19,7247,6,60,2,0
3743,25.02,40.0,7200,7078,8752,3247966,0,117,1,-175.5,5.0,994.7,2514784358,1,14378,795,2333.2,2088.8,395,0.44,1,10,17,6,362,4,2,0
3744,18.61,40.0,7200,7078,8752,3247966,0,117,1,-175.5,5.0,994.7,2514782958,1,14378,795,2333.2,2088.8,395,7.27,2,13,19,7181,8,3,3,0
3745,24.21,40.0,7200,7078,8752,3247966,0,117,1,-175.5,5.0,994.7,2514784950,1,14378,795,2333.2,2088.8,395,0.44,1,13,19,6,355,2,1,0
3746,18.80,40.0,7200,7078,8752,3247966,0,117,1,-175.5,5.0,994.7,2514783550,1,14378,795,2333.2,2088.8,395,7.92,1,11,16,7777,7,66,2,0
3747,24.30,40.0,7200,7078,8752,3247966,0,117,1,-175.5,5.0,994.7,2514785542,1,14378,795,2333.2,2088.8,395,0.39,1,11,17,6,303,3,1,0
3748,18.59,40.0,7200,7078,8752,3247966,0,117,1,-175.5,5.0,994.7,2514784142,1,14378,795,2333.2,2088.8,395,7.68,1,13,20,7598,7,2,2,0
3749,27.44,40.0,7200,7078,8752,3247966,0,117,1,-175.5,5.0,994.7,2514784438,1,14378,795,2333.2,2088.8,395,0.40,1,15,19,7,303,3,1,0
3750,22.06,40.0,7200,7078,8752,3247966,0,117,1,-175.5,5.0,994.7,2514784878,1,14378,795,2333.2,2088.8,395,7.17,1,10,17,7036,7,61,2,0
3751,27.43,40.0,7200,7078,8752,3247966,0,117,1,-175.5,5.0,994.7,2514785030,1,14378,795,2333.2,2088.8,395,0.50,1,11,19,6,415,6,3,0
3752,17.84,40.0,7200,7078,8752,3247966,0,117,1,-175.5,5.0,994.7,2514785326,1,14378,795,2333.2,2088.8,395,7.33,1,11,16,7249,6,2,3,0
3753,24.36,40.0,7200,7078,8752,3247966,0,117,1,-175.5,5.0,994.7,2514791310,1,14378,795,2333.2,2088.8,395,0.42,2,13,19,7,338,2,1,0
3754,18.85,40.0,7200,7078,8752,3247966,0,117,1,-175.5,5.0,994.7,2514791606,1,14378,795,2333.2,2088.8,395,8.31,2,18,19,8222,0,0,0,0
3755,26.32,40.0,7200,7078,8752,3247966,0,117,1,-175.5,5.0,994.7,2514791902,1,14378,795,2333.2,2088.8,395,0.36,1,10,17,6,288,3,1,0
3756,18.34,40.0,7200,7078,8752,3247966,0,117,1,-175.5,5.0,994.7,2514792198,1,14378,795,2333.2,2088.8,395,7.28,1,10,16,7198,6,3,2,0
3757,23.52,40.0,7200,7078,8752,3247966,0,117,1,-175.5,5.0,994.7,2514792494,1,14378,795,2333.2,2088.8,395,0.55,2,16,25,9,430,5,3,0
3758,18.32,40.0,7200,7078,8752,3247966,0,117,1,-175.5,5.0,994.7,2514794486,1,14378,795,2333.2,2088.8,395,8.49,1,16,23,8376,0,0,0,0
3759,78.56,43.0,7200,7078,8752,3247966,0,117,1,-175.5,5.0,994.7,2514793054,1,14378,795,2333.2,2088.8,395,0.42,1,20,19,6,319,3,2,0
3760,27.17,43.0,7200,7078,8752,3247966,0,117,1,-175.5,5.0,994.7,2514793350,1,14378,795,2333.2,2088.8,395,7.37,1,9,17,7275,8,5,6,0
3761,26.89,43.0,7200,7078,8752,3247966,0,117,1,-175.5,5.0,994.7,2514793646,1,14378,795,2333.2,2088.8,395,0.41,1,14,20,7,326,3,2,0
3762,17.79,43.0,7200,7078,8752,3247966,0,117,1,-175.5,5.0,994.7,2514793942,1,14378,795,2333.2,2088.8,395,7.36,1,11,16,7212,7,62,2,0
3763,25.66,43.0,7200,7078,8752,3247966,0,117,1,-175.5,5.0,994.7,2514794238,1,14378,795,2333.2,2088.8,395,0.40,1,10,16,5,325,3,2,0
3764,17.77,43.0,7200,7078,8752,3247966,0,117,1,-175.5,5.0,994.7,2514794534,1,14378,795,2333.2,2088.8,395,8.30,1,12,21,8225,0,0,0,0
3765,26.45,43.0,7200,7078,8752,3247966,0,117,1,-175.5,5.0,994.7,2514794830,1,14378,795,2333.2,2088.8,395,0.39,2,11,17,6,314,3,1,0
3766,19.52,43.0,7200,7078,8752,3247966,0,117,1,-175.5,5.0,994.7,2514795126,1,14378,795,2333.2,2088.8,395,7.86,2,12,18,7691,9,85,3,0
3767,24.95,43.0,7200,7078,8752,3247966,0,117,1,-175.5,5.0,994.7,2514795422,1,14378,795,2333.2,2088.8,395,0.38,1,18,16,5,298,3,2,0
3768,19.52,43.0,7200,7078,8752,3247966,0,117,1,-175.5,5.0,994.7,2514795718,1,14378,795,2333.2,2088.8,395,7.90,2,12,18,7799,16,3,3,0
3769,25.42,43.0,7200,7078,8752,3247966,0,117,1,-175.5,5.0,994.7,2514796014,1,14378,795,2333.2,2088.8,395,0.40,1,11,19,6,325,2,2,0
3770,19.56,43.0,7200,7078,8752,3247966,0,117,1,-175.5,5.0,994.7,2514796310,1,14378,795,2333.2,2088.8,395,7.47,1,12,20,7322,7,62,2,0
3771,27.55,43.0,7200,7078,8752,3247966,0,117,1,-175.5,5.0,994.7,2514796606,1,14378,795,2333.2,2088.8,395,0.39,1,12,17,6,312,3,2,0
3772,18.99,43.0,7200,7078,8752,3247966,0,117,1,-175.5,5.0,994.7,2514796902,1,14378,795,2333.2,2088.8,395,7.31,1,12,19,7223,7,3,2,0
3773,25.02,43.0,7200,7078,8752,3247966,0,117,1,-175.5,5.0,994.7,2514797198,1,14378,795,2333.2,2088.8,395,0.45,2,13,20,6,364,3,2,0
3774,18.84,43.0,7200,7078,8752,3247966,0,117,1,-175.5,5.0,994.7,2514797494,1,14378,795,2333.2,2088.8,395,7.46,1,11,17,7314,7,67,2,0
3775,26.10,43.0,7200,7078,8752,3247966,0,117,1,-175.5,5.0,994.7,2514797790,1,14378,795,2333.2,2088.8,395,0.48,1,10,18,6,408,4,2,0
3776,18.34,43.0,7200,7078,8752,3247966,0,117,1,-175.5,5.0,994.7,2514798086,1,14378,795,2333.2,2088.8,395,7.34,1,9,16,7259,7,2,3,0
3777,25.00,43.0,7200,7078,8752,3247966,0,117,1,-175.5,5.0,994.7,2514798382,1,14378,795,2333.2,2088.8,395,0.41,1,11,18,6,330,3,2,0
3778,18.24,43.0,7200,7078,8752,3247966,0,117,1,-175.5,5.0,994.7,2514798678,1,14378,795,2333.2,2088.8,395,7.95,1,12,19,7803,7,62,2,0
3779,24.42,43.0,7200,7078,8752,3247966,0,117,1,-175.5,5.0,994.7,2514798974,1,14378,795,2333.2,2088.8,395,0.37,1,11,16,6,296,3,1,0
3780,21.62,43.0,7200,7078,8752,3247966,0,117,1,-175.5,5.0,994.7,2514799558,1,14378,795,2333.2,2088.8,395,8.12,1,8,16,8050,0,0,0,0
3781,25.36,43.0,7200,7078,8752,3247966,0,117,1,-175.5,5.0,994.7,2514799566,1,14378,795,2333.2,2088.8,395,0.37,1,10,17,6,298,2,1,0
3782,18.42,43.0,7200,7078,8752,3247966,0,117,1,-175.5,5.0,994.7,2514799862,1,14378,795,2333.2,2088.8,395,7.57,1,15,17,7424,5,57,1,0
3783,24.39,43.0,7200,7078,8752,3247966,0,117,1,-175.5,5.0,994.7,2514800158,1,14378,795,2333.2,2088.8,395,0.39,1,12,18,7,311,2,1,0
3784,19.30,43.0,7200,7078,8752,3247966,0,117,1,-175.5,5.0,994.7,2514800454,1,14378,795,2333.2,2088.8,395,7.76,1,10,17,7677,7,2,2,0
3785,25.88,43.0,7200,7078,8752,3247966,0,117,1,-175.5,5.0,994.7,2514800750,1,14378,795,2333.2,2088.8,395,0.43,1,24,20,6,326,3,3,0
3786,19.37,43.0,7200,7078,8752,3247966,0,117,1,-175.5,5.0,994.7,2514801046,1,14378,795,2333.2,2088.8,395,7.60,1,9,19,7445,14,72,2,0
3787,24.90,43.0,7200,7078,8752,3247966,0,117,1,-175.5,5.0,994.7,2514801342,1,14378,795,2333.2,2088.8,395,0.36,1,10,17,6,290,2,1,0
3788,18.55,43.0,7200,7078,8752,3247966,0,117,1,-175.5,5.0,994.7,2514801638,1,14378,795,2333.2,2088.8,395,7.43,1,12,19,7337,6,2,2,0
3789,24.60,43.0,7200,7078,8752,3247966,0,117,1,-175.5,5.0,994.7,2514801934,1,14378,795,2333.2,2088.8,395,0.50,0,11,24,5,401,5,3,0
3790,18.79,43.0,7200,7078,8752,3247966,0,117,1,-175.5,5.0,994.7,2514802230,1,14378,795,2333.2,2088.8,395,7.75,1,19,18,7582,7,66,2,0
3791,25.81,43.0,7200,7078,8752,3247966,0,117,1,-175.5,5.0,994.7,2514804206,1,14378,795,2333.2,2088.8,395,0.42,1,13,20,6,337,3,2,0
3792,18.41,43.0,7200,7078,8752,3247966,0,117,1,-175.5,5.0,994.7,2514802822,1,14378,795,2333.2,2088.8,395,7.88,2,23,28,7761,8,2,2,0
3793,26.22,43.0,7200,7078,8752,3247966,0,117,1,-175.5,5.0,994.7,2514803118,1,14378,795,2333.2,2088.8,395,0.36,1,10,17,6,281,2,1,0
3794,18.73,43.0,7200,7078,8752,3247966,0,117,1,-175.5,5.0,994.7,2514803414,1,14378,795,2333.2,2088.8,395,7.34,1,11,15,7189,7,68,3,0
3795,24.30,43.0,7200,7078,8752,3247966,0,117,1,-175.5,5.0,994.7,2514805390,1,14378,795,2333.2,2088.8,395,0.44,1,14,27,6,335,2,2,0
3796,17.92,43.0,7200,7078,8752,3247966,0,117,1,-175.5,5.0,994.7,2514804022,1,14378,795,2333.2,2088.8,395,7.04,1,12,20,6960,5,2,2,0
3797,28.43,43.0,7200,7078,8752,3247966,0,117,1,-175.5,5.0,994.7,2514804318,1,14378,795,2333.2,2088.8,395,0.38,1,11,18,7,300,2,1,0
3798,26.89,43.0,7200,7078,8752,3247966,0,117,1,-175.5,5.0,994.7,2514804598,1,14378,795,2333.2,2088.8,395,8.20,1,12,18,8125,0,0,0,0
3799,26.21,43.0,7200,7078,8752,3247966,0,117,1,-175.5,5.0,994.7,2514806574,1,14378,795,2333.2,2088.8,395,0.37,1,12,18,6,295,2,1,0
3800,18.32,43.0,7200,7078,8752,3247966,0,117,1,-175.5,5.0,994.7,2514805190,1,14378,795,2333.2,2088.8,395,6.92,1,12,19,6821,8,4,2,0
3801,44.81,42.0,7200,7078,8752,3247966,0,117,1,-175.5,5.0,994.7,2514807166,1,14378,795,2333.2,2088.8,395,0.37,2,10,15,5,305,2,1,0
3802,18.94,42.0,7200,7078,8752,3247966,0,117,1,-175.5,5.0,994.7,2514805782,1,14378,795,2333.2,2088.8,395,7.92,1,10,17,7765,9,67,2,0
3803,25.08,42.0,7200,7078,8752,3247966,0,117,1,-175.5,5.0,994.7,2514807758,1,14378,795,2333.2,2088.8,395,0.36,1,11,17,6,292,3,1,0
3804,18.86,42.0,7200,7078,8752,3247966,0,117,1,-175.5,5.0,994.7,2514806390,1,14378,795,2333.2,2088.8,395,8.36,1,12,18,8282,0,0,0,0
3805,34.23,42.0,7200,7078,8752,3247966,0,117,1,-175.5,5.0,994.7,2514806686,1,14378,795,2333.2,2088.8,395,0.36,1,10,16,6,288,2,2,0
3806,18.82,42.0,7200,7078,8752,3247966,0,117,1,-175.5,5.0,994.7,2514806966,1,14378,795,2333.2,2088.8,395,7.57,1,11,18,7420,7,67,2,0
3807,25.27,42.0,7200,7078,8752,3247966,0,117,1,-175.5,5.0,994.7,2514808942,1,14378,795,2333.2,2088.8,395,0.45,1,12,19,7,363,2,2,0
3808,21.17,42.0,7200,7078,8752,3247966,0,117,1,-175.5,5.0,994.7,2514807558,1,14378,795,2333.2,2088.8,395,8.15,1,10,17,8086,0,0,0,0
3809,24.39,42.0,7200,7078,8752,3247966,0,117,1,-175.5,5.0,994.7,2514807838,1,14378,795,2333.2,2088.8,395,0.44,1,14,19,7,346,2,2,0
3810,48.04,42.0,7200,7078,8752,3247966,0,117,1,-175.5,5.0,994.7,2514808422,1,14378,795,2333.2,2088.8,395,7.21,1,10,17,7076,4,60,2,0
3811,25.59,42.0,7200,7078,8752,3247966,0,117,1,-175.5,5.0,994.7,2514810094,1,14378,795,2333.2,2088.8,395,0.38,1,11,18,5,305,2,2,0
3812,19.09,42.0,7200,7078,8752,3247966,0,117,1,-175.5,5.0,994.7,2514808742,1,14378,795,2333.2,2088.8,395,8.68,1,12,18,8609,0,0,0,0
3813,25.43,42.0,7200,7078,8752,3247966,0,117,1,-175.5,5.0,994.7,2514809038,1,14378,795,2333.2,2088.8,395,0.41,1,13,20,7,329,2,1,0
3814,20.17,42.0,7200,7078,8752,3247966,0,117,1,-175.5,5.0,994.7,2514809334,1,14378,795,2333.2,2088.8,395,8.26,1,11,19,8183,0,0,0,0
3815,24.93,42.0,7200,7078,8752,3247966,0,117,1,-175.5,5.0,994.7,2514809630,1,14378,795,2333.2,2088.8,395,0.42,1,11,24,5,322,2,1,0
3816,20.22,42.0,7200,7078,8752,3247966,0,117,1,-175.5,5.0,994.7,2514809926,1,14378,795,2333.2,2088.8,395,7.92,1,11,34,7812,9,7,7,0
3817,24.69,42.0,7200,7078,8752,3247966,0,117,1,-175.5,5.0,994.7,2514810222,1,14378,795,2333.2,2088.8,395,0.43,1,12,19,5,340,2,1,0
3818,19.54,42.0,7200,7078,8752,3247966,0,117,1,-175.5,5.0,994.7,2514810518,1,14378,795,2333.2,2088.8,395,7.62,1,11,17,7464,10,79,1,0
3819,25.71,42.0,7200,7078,8752,3247966,0,117,1,-175.5,5.0,994.7,2514810814,1,14378,795,2333.2,2088.8,395,0.38,1,10,17,6,303,2,1,0
3820,19.25,42.0,7200,7078,8752,3247966,0,117,1,-175.5,5.0,994.7,2514811110,1,14378,795,2333.2,2088.8,395,7.48,1,11,17,7401,6,2,3,0
3821,24.25,42.0,7200,7078,8752,3247966,0,117,1,-175.5,5.0,994.7,2514811406,1,14378,795,2333.2,2088.8,395,0.40,1,11,19,6,327,2,2,0
3822,18.92,42.0,7200,7078,8752,3247966,0,117,1,-175.5,5.0,994.7,2514811702,1,14378,795,2333.2,2088.8,395,7.50,1,9,17,7356,6,65,2,0
3823,24.92,42.0,7200,7078,8752,3247966,0,117,1,-175.5,5.0,994.7,2514811998,1,14378,795,2333.2,2088.8,395,0.41,1,12,20,8,325,2,1,0
3824,19.27,42.0,7200,7078,8752,3247966,0,117,1,-175.5,5.0,994.7,2514812294,1,14378,795,2333.2,2088.8,395,7.45,1,10,20,7361,8,3,3,0
3825,25.79,42.0,7200,7078,8752,3247966,0,117,1,-175.5,5.0,994.7,2514812590,1,14378,795,2333.2,2088.8,395,0.38,1,10,17,6,306,2,2,0
3826,18.89,42.0,7200,7078,8752,3247966,0,117,1,-175.5,5.0,994.7,2514812886,1,14378,795,2333.2,2088.8,395,8.44,1,12,20,8365,0,0,0,0
3827,24.50,42.0,7200,7078,8752,3247966,0,117,1,-175.5,5.0,994.7,2514813182,1,14378,795,2333.2,2088.8,395,0.38,1,11,19,5,292,2,2,0
3828,17.93,42.0,7200,7078,8752,3247966,0,117,1,-175.5,5.0,994.7,2514813478,1,14378,795,2333.2,2088.8,395,7.93,1,14,23,7833,9,2,3,0
3829,25.20,42.0,7200,7078,8752,3247966,0,117,1,-175.5,5.0,994.7,2514815454,1,14378,795,2333.2,2088.8,395,0.39,1,14,17,5,310,2,1,0
3830,18.08,42.0,7200,7078,8752,3247966,0,117,1,-175.5,5.0,994.7,2514814070,1,14378,795,2333.2,2088.8,395,7.40,1,10,17,7265,5,64,2,0
3831,25.93,42.0,7200,7078,8752,3247966,0,117,1,-175.5,5.0,994.7,2514816046,1,14378,795,2333.2,2088.8,395,0.38,1,10,16,5,312,2,1,0
3832,18.58,42.0,7200,7078,8752,3247966,0,117,1,-175.5,5.0,994.7,2514814678,1,14378,795,2333.2,2088.8,395,8.11,1,12,19,8030,0,0,0,0
3833,24.81,42.0,7200,7078,8752,3247966,0,117,1,-175.5,5.0,994.7,2514814974,1,14378,795,2333.2,2088.8,395,0.43,2,13,19,7,348,2,1,0
3834,17.64,42.0,7200,7078,8752,3247966,0,117,1,-175.5,5.0,994.7,2514815270,1,14378,795,2333.2,2088.8,395,7.53,2,13,18,7380,6,69,2,0
3835,24.97,42.0,7200,7078,8752,3247966,0,117,1,-175.5,5.0,994.7,2514815566,1,14378,795,2333.2,2088.8,395,0.42,2,13,18,6,342,2,2,0
3836,18.01,42.0,7200,7078,8752,3247966,0,117,1,-175.5,5.0,994.7,2514815862,1,14378,795,2333.2,2088.8,395,7.48,1,12,17,7391,7,3,2,0
3837,24.23,42.0,7200,7078,8752,3247966,0,117,1,-175.5,5.0,994.7,2514816158,1,14378,795,2333.2,2088.8,395,0.37,1,10,17,6,299,2,2,0
3838,18.11,42.0,7200,7078,8752,3247966,0,117,1,-175.5,5.0,994.7,2514816454,1,14378,795,2333.2,2088.8,395,7.43,1,11,19,7278,7,75,2,0
3839,23.15,42.0,7200,7078,8752,3247966,0,117,1,-175.5,5.0,994.7,2514816750,1,14378,795,2333.2,2088.8,395,0.36,1,12,24,6,279,2,1,0
3840,20.32,42.0,7200,7078,8752,3247966,0,117,1,-175.5,5.0,994.7,2514819014,1,14378,795,2333.2,2088.8,395,7.46,1,10,27,7376,5,2,1,0
3841,24.83,42.0,7200,7078,8752,3247966,0,117,1,-175.5,5.0,994.7,2514817358,1,14378,795,2333.2,2088.8,395,0.55,3,18,37,8,415,3,1,0
3842,17.43,42.0,7200,7078,8752,3247966,0,117,1,-175.5,5.0,994.7,2514817654,1,14378,795,2333.2,2088.8,395,8.02,1,11,21,7934,6,0,0,0
3843,27.35,42.0,7200,7078,8752,3247966,0,117,1,-175.5,5.0,994.7,2514819646,1,14378,795,2333.2,2088.8,395,0.43,1,12,20,6,347,2,2,0
3844,17.31,43.0,7200,7078,8752,3247966,0,117,1,-175.5,5.0,994.7,2514818262,1,14378,795,2333.2,2088.8,395,8.13,2,17,25,8030,0,0,0,0
3845,23.82,43.0,7200,7078,8752,3247966,0,117,1,-175.5,5.0,994.7,2514818558,1,14378,795,2333.2,2088.8,395,0.38,2,11,18,6,299,2,2,0
3846,17.36,43.0,7200,7078,8752,3247966,0,117,1,-175.5,5.0,994.7,2514818854,1,14378,795,2333.2,2088.8,395,7.63,1,12,17,7442,12,96,3,0
3847,25.66,43.0,7200,7078,8752,3247966,0,117,1,-175.5,5.0,994.7,2514819150,1,14378,795,2333.2,2088.8,395,0.44,1,11,18,6,355,2,2,0
3848,17.86,43.0,7200,7078,8752,3247966,0,117,1,-175.5,5.0,994.7,2514819446,1,14378,795,2333.2,2088.8,395,7.89,1,17,24,7786,7,3,2,0
3849,24.51,43.0,7200,7078,8752,3247966,0,117,1,-175.5,5.0,994.7,2514819742,1,14378,795,2333.2,2088.8,395,0.40,1,11,17,6,315,2,2,0
3850,17.57,43.0,7200,7078,8752,3247966,0,117,1,-175.5,5.0,994.7,2514821734,1,14378,795,2333.2,2088.8,395,7.56,1,10,16,7401,7,89,2,0
3851,24.02,43.0,7200,7078,8752,3247966,0,117,1,-175.5,5.0,994.7,2514820350,1,14378,795,2333.2,2088.8,395,0.40,2,14,15,5,315,2,2,0
3852,18.90,43.0,7200,7078,8752,3247966,0,117,1,-175.5,5.0,994.7,2514820646,1,14378,795,2333.2,2088.8,395,7.92,2,16,24,7806,7,4,6,0
3853,24.43,43.0,7200,7078,8752,3247966,0,117,1,-175.5,5.0,994.7,2514820942,1,14378,795,2333.2,2088.8,395,0.37,1,9,16,5,299,2,1,0
3854,17.61,43.0,7200,7078,8752,3247966,0,117,1,-175.5,5.0,994.7,2514821238,1,14378,795,2333.2,2088.8,395,7.75,1,16,35,7576,6,61,2,0
3855,23.74,43.0,7200,7078,8752,3247966,0,117,1,-175.5,5.0,994.7,2514821534,1,14378,795,2333.2,2088.8,395,0.42,2,12,19,6,318,7,3,0
3856,17.24,43.0,7200,7078,8752,3247966,0,117,1,-175.5,5.0,994.7,2514821830,1,14378,795,2333.2,2088.8,395,7.94,1,13,18,7856,7,2,2,0
3857,24.43,43.0,7200,7078,8752,3247966,0,117,1,-175.5,5.0,994.7,2514822126,1,14378,795,2333.2,2088.8,395,0.40,1,11,17,6,326,3,2,0
3858,18.02,43.0,7200,7078,8752,3247966,0,117,1,-175.5,5.0,994.7,2514822422,1,14378,795,2333.2,2088.8,395,7.99,1,12,19,7826,10,75,2,0
3859,25.11,43.0,7200,7078,8752,3247966,0,117,1,-175.5,5.0,994.7,2514822718,1,14378,795,2333.2,2088.8,395,0.37,1,12,16,5,293,3,1,0
3860,17.27,43.0,7200,7078,8752,3247966,0,117,1,-175.5,5.0,994.7,2514823014,1,14378,795,2333.2,2088.8,395,7.24,1,10,25,7161,5,2,2,0
3861,24.16,43.0,7200,7078,8752,3247966,0,117,1,-175.5,5.0,994.7,2514823310,1,14378,795,2333.2,2088.8,395,0.45,1,10,18,6,364,3,2,0
3862,17.43,43.0,7200,7078,8752,3247966,0,117,1,-175.5,5.0,994.7,2514823606,1,14378,795,2333.2,2088.8,395,7.76,1,11,18,7616,8,65,1,0
3863,24.18,43.0,7200,7078,8752,3247966,0,117,1,-175.5,5.0,994.7,2514825614,1,14378,795,2333.2,2088.8,395,0.48,1,11,18,6,400,3,2,0
3864,18.88,43.0,7200,7078,8752,3247966,0,117,1,-175.5,5.0,994.7,2514824198,1,14378,795,2333.2,2088.8,395,7.26,1,16,23,7167,6,2,2,0
3865,23.68,43.0,7200,7078,8752,3247966,0,117,1,-175.5,5.0,994.7,2514826206,1,14378,795,2333.2,2088.8,395,0.40,1,13,19,6,312,2,1,0
3866,18.20,43.0,7200,7078,8752,3247966,0,117,1,-175.5,5.0,994.7,2514824806,1,14378,795,2333.2,2088.8,395,8.18,1,10,16,8115,0,0,0,0
3867,24.76,43.0,7200,7078,8752,3247966,0,117,1,-175.5,5.0,994.7,2514825102,1,14378,795,2333.2,2088.8,395,0.44,2,12,20,7,357,3,2,0
3868,18.06,43.0,7200,7078,8752,3247966,0,117,1,-175.5,5.0,994.7,2514825398,1,14378,795,2333.2,2088.8,395,7.10,1,11,18,7021,6,3,2,0
3869,24.09,43.0,7200,7078,8752,3247966,0,117,1,-175.5,5.0,994.7,2514825694,1,14378,795,2333.2,2088.8,395,0.40,1,11,20,7,314,3,1,0
3870,18.36,43.0,7200,7078,8752,3247966,0,117,1,-175.5,5.0,994.7,2514826278,1,14378,795,2333.2,2088.8,395,7.71,1,10,17,7553,5,66,5,0
3871,27.16,43.0,7200,7078,8752,3247966,0,117,1,-175.5,5.0,994.7,2514826286,1,14378,795,2333.2,2088.8,395,0.63,1,16,24,8,520,10,4,0
3872,17.66,43.0,7200,7078,8752,3247966,0,117,1,-175.5,5.0,994.7,2514826582,1,14378,795,2333.2,2088.8,395,8.01,2,17,25,7900,7,3,2,0
3873,24.96,43.0,7200,7078,8752,3247966,0,117,1,-175.5,5.0,994.7,2514826878,1,14378,795,2333.2,2088.8,395,0.41,1,11,17,6,326,8,2,0
3874,18.39,43.0,7200,7078,8752,3247966,0,117,1,-175.5,5.0,994.7,2514828886,1,14378,795,2333.2,2088.8,395,7.24,1,11,19,7068,6,88,2,0
3875,23.93,43.0,7200,7078,8752,3247966,0,117,1,-175.5,5.0,994.7,2514827486,1,14378,795,2333.2,2088.8,395,0.55,2,18,26,8,442,3,3,0
3876,17.97,43.0,7200,7078,8752,3247966,0,117,1,-175.5,5.0,994.7,2514827782,1,14378,795,2333.2,2088.8,395,8.30,2,17,24,8199,0,0,0,0
3877,25.06,43.0,7200,7078,8752,3247966,0,117,1,-175.5,5.0,994.7,2514828078,1,14378,795,2333.2,2088.8,395,0.57,1,17,26,9,462,4,3,0
3878,19.72,43.0,7200,7078,8752,3247966,0,117,1,-175.5,5.0,994.7,2514828374,1,14378,795,2333.2,2088.8,395,8.06,2,15,23,7904,6,64,0,0
3879,24.94,43.0,7200,7078,8752,3247966,0,117,1,-175.5,5.0,994.7,2514828670,1,14378,795,2333.2,2088.8,395,0.35,1,10,17,6,281,2,1,0
3880,17.59,43.0,7200,7078,8752,3247966,0,117,1,-175.5,5.0,994.7,2514828966,1,14378,795,2333.2,2088.8,395,7.66,1,14,21,7573,6,2,2,0
3881,25.50,43.0,7200,7078,8752,3247966,0,117,1,-175.5,5.0,994.7,2514829262,1,14378,795,2333.2,2088.8,395,0.35,1,10,16,5,278,2,2,0
3882,18.05,43.0,7200,7078,8752,3247966,0,117,1,-175.5,5.0,994.7,2514829558,1,14378,795,2333.2,2088.8,395,7.55,1,13,20,7390,7,69,3,0
3883,25.22,43.0,7200,7078,8752,3247966,0,117,1,-175.5,5.0,994.7,2514829854,1,14378,795,2333.2,2088.8,395,0.42,2,12,18,6,341,3,2,0
3884,18.26,43.0,7200,7078,8752,3247966,0,117,1,-175.5,5.0,994.7,2514830150,1,14378,795,2333.2,2088.8,395,7.72,2,12,20,7623,7,3,2,0
3885,23.53,43.0,7200,7078,8752,3247966,0,117,1,-175.5,5.0,994.7,2514832174,1,14378,795,2333.2,2088.8,395,0.37,1,10,17,5,301,3,2,0
3886,17.35,43.0,7200,7078,8752,3247966,0,117,1,-175.5,5.0,994.7,2514830742,1,14378,795,2333.2,2088.8,395,7.97,1,10,17,7835,5,59,2,0
3887,26.31,43.0,7200,7078,8752,3247966,0,117,1,-175.5,5.0,994.7,2514832766,1,14378,795,2333.2,2088.8,395,0.42,1,20,17,6,344,2,2,0
3888,17.90,43.0,7200,7078,8752,3247966,0,117,1,-175.5,5.0,994.7,2514831334,1,14378,795,2333.2,2088.8,395,7.61,1,23,17,7510,16,3,3,0
3889,24.48,43.0,7200,7078,8752,3247966,0,117,1,-175.5,5.0,994.7,2514833358,1,14378,795,2333.2,2088.8,395,0.48,1,14,22,64,335,4,2,0
3890,18.20,46.0,7200,7078,8752,3247966,0,117,1,-175.5,5.0,994.7,2514831926,1,14378,795,2333.2,2088.8,395,7.82,2,13,17,7674,6,61,2,0
3891,36.95,46.0,7200,7078,8752,3247966,0,117,1,-175.5,5.0,994.7,2514833950,1,14378,795,2333.2,2088.8,395,0.41,1,14,18,6,321,3,2,0
3892,17.77,46.0,7200,7078,8752,3247966,0,117,1,-175.5,5.0,994.7,2514832518,1,14378,795,2333.2,2088.8,395,7.68,1,10,17,7603,7,3,3,0
3893,23.31,46.0,7200,7078,8752,3247966,0,117,1,-175.5,5.0,994.7,2514834542,1,14378,795,2333.2,2088.8,395,0.38,0,10,17,6,305,3,1,0
3894,17.65,46.0,7200,7078,8752,3247966,0,117,1,-175.5,5.0,994.7,2514833126,1,14378,795,2333.2,2088.8,395,7.82,1,10,17,7678,4,67,2,0
3895,25.08,46.0,7200,7078,8752,3247966,0,117,1,-175.5,5.0,994.7,2514833422,1,14378,795,2333.2,2088.8,395,0.38,1,10,17,5,312,2,2,0
3896,17.69,46.0,7200,7078,8752,3247966,0,117,1,-175.5,5.0,994.7,2514833718,1,14378,795,2333.2,2088.8,395,8.09,1,12,18,8013,0,0,0,0
3897,24.18,46.0,7200,7078,8752,3247966,0,117,1,-175.5,5.0,994.7,2514834014,1,14378,795,2333.2,2088.8,395,0.36,2,10,18,6,290,2,2,0
3898,17.22,46.0,7200,7078,8752,3247966,0,117,1,-175.5,5.0,994.7,2514834310,1,14378,795,2333.2,2088.8,395,7.58,2,11,19,7430,8,71,2,0
3899,25.42,46.0,7200,7078,8752,3247966,0,117,1,-175.5,5.0,994.7,2514834606,1,14378,795,2333.2,2088.8,395,0.44,2,11,17,7,347,5,2,0
3900,20.15,46.0,7200,7078,8752,3247966,0,117,1,-175.5,5.0,994.7,2514835046,1,14378,795,2333.2,2088.8,395,7.59,1,10,18,7509,11,3,3,0
3901,26.32,46.0,7200,7078,8752,3247966,0,117,1,-175.5,5.0,994.7,2514835198,1,14378,795,2333.2,2088.8,395,0.36,1,10,16,5,294,2,1,0
3902,17.55,46.0,7200,7078,8752,3247966,0,117,1,-175.5,5.0,994.7,2514835494,1,14378,795,2333.2,2088.8,395,7.88,1,10,17,7747,6,64,1,0
3903,24.63,46.0,7200,7078,8752,3247966,0,117,1,-175.5,5.0,994.7,2514835790,1,14378,795,2333.2,2088.8,395,0.35,2,10,16,5,283,2,2,0
3904,16.90,46.0,7200,7078,8752,3247966,0,117,1,-175.5,5.0,994.7,2514836086,1,14378,795,2333.2,2088.8,395,7.67,1,11,18,7590,5,3,2,0
3905,24.31,46.0,7200,7078,8752,3247966,0,117,1,-175.5,5.0,994.7,2514838110,1,14378,795,2333.2,2088.8,395,0.40,1,11,19,6,317,3,1,0
3906,17.85,46.0,7200,7078,8752,3247966,0,117,1,-175.5,5.0,994.7,2514838406,1,14378,795,2333.2,2088.8,395,7.79,1,10,16,7645,7,73,2,0
3907,24.68,46.0,7200,7078,8752,3247966,0,117,1,-175.5,5.0,994.7,2514837006,1,14378,795,2333.2,2088.8,395,0.37,1,11,17,5,298,2,2,0
3908,19.30,46.0,7200,7078,8752,3247966,0,117,1,-175.5,5.0,994.7,2514839046,1,14378,795,2333.2,2088.8,395,8.07,1,11,25,7987,0,0,0,0
3909,24.05,46.0,7200,7078,8752,3247966,0,117,1,-175.5,5.0,994.7,2514837614,1,14378,795,2333.2,2088.8,395,0.41,1,12,19,6,334,3,1,0
3910,17.81,46.0,7200,7078,8752,3247966,0,117,1,-175.5,5.0,994.7,2514837910,1,14378,795,2333.2,2088.8,395,7.86,13,12,19,7680,6,75,1,0
3911,25.00,46.0,7200,7078,8752,3247966,0,117,1,-175.5,5.0,994.7,2514838206,1,14378,795,2333.2,2088.8,395,0.38,1,10,16,5,308,2,1,0
3912,18.26,46.0,7200,7078,8752,3247966,0,117,1,-175.5,5.0,994.7,2514838502,1,14378,795,2333.2,2088.8,395,7.94,1,12,18,7848,8,3,2,0
3913,25.46,46.0,7200,7078,8752,3247966,0,117,1,-175.5,5.0,994.7,2514838798,1,14378,795,2333.2,2088.8,395,0.54,1,16,25,8,432,3,3,0
3914,18.17,46.0,7200,7078,8752,3247966,0,117,1,-175.5,5.0,994.7,2514839094,1,14378,795,2333.2,2088.8,395,8.13,1,13,19,8051,0,0,0,0
3915,25.53,46.0,7200,7078,8752,3247966,0,117,1,-175.5,5.0,994.7,2514839390,1,14378,795,2333.2,2088.8,395,0.37,2,10,18,5,300,2,1,0
3916,18.14,46.0,7200,7078,8752,3247966,0,117,1,-175.5,5.0,994.7,2514839686,1,14378,795,2333.2,2088.8,395,8.23,1,16,28,8124,0,0,0,0
3917,26.23,46.0,7200,7078,8752,3247966,0,117,1,-175.5,5.0,994.7,2514841742,1,14378,795,2333.2,2088.8,395,0.37,1,10,26,6,285,2,1,0
3918,17.77,46.0,7200,7078,8752,3247966,0,117,1,-175.5,5.0,994.7,2514840278,1,14378,795,2333.2,2088.8,395,7.99,2,16,25,7786,7,82,2,0
3919,25.05,46.0,7200,7078,8752,3247966,0,117,1,-175.5,5.0,994.7,2514842334,1,14378,795,2333.2,2088.8,395,0.36,2,10,17,5,284,2,2,0
3920,17.59,46.0,7200,7078,8752,3247966,0,117,1,-175.5,5.0,994.7,2514840870,1,14378,795,2333.2,2088.8,395,8.06,1,21,34,7922,0,0,0,0
3921,25.17,46.0,7200,7078,8752,3247966,0,117,1,-175.5,5.0,994.7,2514842926,1,14378,795,2333.2,2088.8,395,0.42,2,12,20,6,340,2,2,0
3922,18.26,46.0,7200,7078,8752,3247966,0,117,1,-175.5,5.0,994.7,2514841478,1,14378,795,2333.2,2088.8,395,7.56,1,11,17,7419,8,65,3,0
3923,23.54,46.0,7200,7078,8752,3247966,0,117,1,-175.5,5.0,994.7,2514841774,1,14378,795,2333.2,2088.8,395,0.39,1,26,17,5,306,3,1,0
3924,17.90,46.0,7200,7078,8752,3247966,0,117,1,-175.5,5.0,994.7,2514842070,1,14378,795,2333.2,2088.8,395,7.75,2,24,23,7632,7,3,2,0
3925,24.79,46.0,7200,7078,8752,3247966,0,117,1,-175.5,5.0,994.7,2514842366,1,14378,795,2333.2,2088.8,395,0.39,1,11,18,5,311,3,2,0
3926,17.77,46.0,7200,7078,8752,3247966,0,117,1,-175.5,5.0,994.7,2514842662,1,14378,795,2333.2,2088.8,395,7.19,1,12,22,7036,6,69,3,0
3927,24.31,46.0,7200,7078,8752,3247966,0,117,1,-175.5,5.0,994.7,2514842958,1,14378,795,2333.2,2088.8,395,0.37,1,10,16,5,299,1,1,0
3928,17.86,46.0,7200,7078,8752,3247966,0,117,1,-175.5,5.0,994.7,2514845014,1,14378,795,2333.2,2088.8,395,7.76,1,10,16,7685,7,3,2,0
3929,23.75,46.0,7200,7078,8752,3247966,0,117,1,-175.5,5.0,994.7,2514843566,1,14378,795,2333.2,2088.8,395,0.39,1,10,23,6,316,3,2,0
3930,19.39,46.0,7200,7078,8752,3247966,0,117,1,-175.5,5.0,994.7,2514844150,1,14378,795,2333.2,2088.8,395,6.71,1,9,16,6581,5,57,2,0
3931,23.25,46.0,7200,7078,8752,3247966,0,117,1,-175.5,5.0,994.7,2514844158,1,14378,795,2333.2,2088.8,395,0.36,1,10,16,6,295,2,1,0
3932,17.54,46.0,7200,7078,8752,3247966,0,117,1,-175.5,5.0,994.7,2514844454,1,14378,795,2333.2,2088.8,395,7.73,1,17,26,7623,7,2,2,0
3933,24.86,46.0,7200,7078,8752,3247966,0,117,1,-175.5,5.0,994.7,2514844750,1,14378,795,2333.2,2088.8,395,0.41,1,11,18,6,331,2,1,0
3934,17.59,46.0,7200,7078,8752,3247966,0,117,1,-175.5,5.0,994.7,2514845046,1,14378,795,2333.2,2088.8,395,7.97,1,11,16,7835,6,61,2,0
3935,24.17,46.0,7200,7078,8752,3247966,0,117,1,-175.5,5.0,994.7,2514845342,1,14378,795,2333.2,2088.8,395,0.44,2,12,20,15,351,2,2,0
3936,17.07,46.0,7200,7078,8752,3247966,0,117,1,-175.5,5.0,994.7,2514847414,1,14378,795,2333.2,2088.8,395,7.46,1,10,17,7384,5,2,3,0
3937,24.72,47.0,7200,7078,8752,3247966,0,117,1,-175.5,5.0,994.7,2514845950,1,14378,795,2333.2,2088.8,395,0.40,2,12,18,6,317,3,1,0
3938,17.14,47.0,7200,7078,8752,3247966,0,117,1,-175.5,5.0,994.7,2514846246,1,14378,795,2333.2,2088.8,395,7.81,2,11,17,7675,7,58,2,0
3939,24.58,47.0,7200,7078,8752,3247966,0,117,1,-175.5,5.0,994.7,2514846542,1,14378,795,2333.2,2088.8,395,0.54,1,15,22,8,443,3,3,0
3940,17.77,47.0,7200,7078,8752,3247966,0,117,1,-175.5,5.0,994.7,2514846838,1,14378,795,2333.2,2088.8,395,6.87,1,10,18,6787,7,2,2,0
3941,22.75,47.0,7200,7078,8752,3247966,0,117,1,-175.5,5.0,994.7,2514847134,1,14378,795,2333.2,2088.8,395,0.36,1,10,17,6,282,2,1,0
3942,16.95,47.0,7200,7078,8752,3247966,0,117,1,-175.5,5.0,994.7,2514849206,1,14378,795,2333.2,2088.8,395,7.75,1,13,20,7578,5,56,1,0
3943,24.22,47.0,7200,7078,8752,3247966,0,117,1,-175.5,5.0,994.7,2514847742,1,14378,795,2333.2,2088.8,395,0.46,1,13,19,7,372,2,2,0
3944,17.31,47.0,7200,7078,8752,3247966,0,117,1,-175.5,5.0,994.7,2514848038,1,14378,795,2333.2,2088.8,395,7.57,1,24,18,7474,6,2,3,0
3945,24.11,47.0,7200,7078,8752,3247966,0,117,1,-175.5,5.0,994.7,2514848334,1,14378,795,2333.2,2088.8,395,0.44,2,16,24,8,341,6,2,0
3946,19.54,47.0,7200,7078,8752,3247966,0,117,1,-175.5,5.0,994.7,2514848630,1,14378,795,2333.2,2088.8,395,8.75,1,11,16,8678,0,0,0,0
3947,25.15,47.0,7200,7078,8752,3247966,0,117,1,-175.5,5.0,994.7,2514850718,1,14378,795,2333.2,2088.8,395,0.37,1,10,17,5,294,2,2,0
3948,17.18,47.0,7200,7078,8752,3247966,0,117,1,-175.5,5.0,994.7,2514849238,1,14378,795,2333.2,2088.8,395,7.30,1,11,17,7219,7,2,2,0
3949,23.46,47.0,7200,7078,8752,3247966,0,117,1,-175.5,5.0,994.7,2514849534,1,14378,795,2333.2,2088.8,395,0.38,1,9,16,5,304,1,1,0
3950,16.95,47.0,7200,7078,8752,3247966,0,117,1,-175.5,5.0,994.7,2514849830,1,14378,795,2333.2,2088.8,395,7.68,1,40,19,7497,7,67,2,0
3951,24.06,47.0,7200,7078,8752,3247966,0,117,1,-175.5,5.0,994.7,2514850126,1,14378,795,2333.2,2088.8,395,0.36,1,10,17,6,286,2,2,0
3952,17.49,47.0,7200,7078,8752,3247966,0,117,1,-175.5,5.0,994.7,2514850422,1,14378,795,2333.2,2088.8,395,7.55,0,11,18,7468,7,3,3,0
3953,24.92,47.0,7200,7078,8752,3247966,0,117,1,-175.5,5.0,994.7,2514850718,1,14378,795,2333.2,2088.8,395,0.45,1,12,36,7,346,3,1,0
3954,17.43,47.0,7200,7078,8752,3247966,0,117,1,-175.5,5.0,994.7,2514851014,1,14378,795,2333.2,2088.8,395,8.18,1,10,16,8090,0,0,0,0
3955,24.43,47.0,7200,7078,8752,3247966,0,117,1,-175.5,5.0,994.7,2514853102,1,14378,795,2333.2,2088.8,395,0.38,1,11,17,5,302,3,3,0
3956,17.11,47.0,7200,7078,8752,3247966,0,117,1,-175.5,5.0,994.7,2514851622,1,14378,795,2333.2,2088.8,395,7.55,1,10,16,7479,5,2,2,0
3957,23.88,47.0,7200,7078,8752,3247966,0,117,1,-175.5,5.0,994.7,2514851918,1,14378,795,2333.2,2088.8,395,0.46,1,13,21,6,368,2,1,0
3958,19.26,47.0,7200,7078,8752,3247966,0,117,1,-175.5,5.0,994.7,2514852214,1,14378,795,2333.2,2088.8,395,7.38,1,11,16,7239,7,63,2,0
3959,23.55,47.0,7200,7078,8752,3247966,0,117,1,-175.5,5.0,994.7,2514852510,1,14378,795,2333.2,2088.8,395,0.36,1,11,16,6,295,3,1,0
3960,19.87,47.0,7200,7078,8752,3247966,0,117,1,-175.5,5.0,994.7,2514853166,1,14378,795,2333.2,2088.8,395,7.77,1,11,19,7683,7,3,2,0
3961,24.75,47.0,7200,7078,8752,3247966,0,117,1,-175.5,5.0,994.7,2514853102,1,14378,795,2333.2,2088.8,395,0.39,1,13,18,6,298,2,1,0
3962,17.18,47.0,7200,7078,8752,3247966,0,117,1,-175.5,5.0,994.7,2514853398,1,14378,795,2333.2,2088.8,395,7.57,1,13,19,7333,8,96,4,0
3963,24.33,47.0,7200,7078,8752,3247966,0,117,1,-175.5,5.0,994.7,2514853694,1,14378,795,2333.2,2088.8,395,0.43,2,13,20,6,344,2,1,0
3964,17.29,47.0,7200,7078,8752,3247966,0,117,1,-175.5,5.0,994.7,2514853990,1,14378,795,2333.2,2088.8,395,7.93,1,13,19,7839,7,2,2,0
3965,25.00,47.0,7200,7078,8752,3247966,0,117,1,-175.5,5.0,994.7,2514854286,1,14378,795,2333.2,2088.8,395,0.50,2,10,16,5,414,4,5,0
3966,17.27,47.0,7200,7078,8752,3247966,0,117,1,-175.5,5.0,994.7,2514854582,1,14378,795,2333.2,2088.8,395,7.84,1,10,16,7704,5,59,2,0
3967,24.84,47.0,7200,7078,8752,3247966,0,117,1,-175.5,5.0,994.7,2514854878,1,14378,795,2333.2,2088.8,395,0.40,1,10,17,5,314,2,2,0
3968,18.08,47.0,7200,7078,8752,3247966,0,117,1,-175.5,5.0,994.7,2514855174,1,14378,795,2333.2,2088.8,395,7.88,1,10,16,7800,7,3,3,0
3969,24.69,47.0,7200,7078,8752,3247966,0,117,1,-175.5,5.0,994.7,2514855470,1,14378,795,2333.2,2088.8,395,0.39,1,9,17,5,307,9,5,0
3970,17.94,47.0,7200,7078,8752,3247966,0,117,1,-175.5,5.0,994.7,2514855766,1,14378,795,2333.2,2088.8,395,7.43,1,36,22,7257,7,64,2,0
3971,23.14,47.0,7200,7078,8752,3247966,0,117,1,-175.5,5.0,994.7,2514856062,1,14378,795,2333.2,2088.8,395,0.36,1,10,16,5,290,2,2,0
3972,17.98,47.0,7200,7078,8752,3247966,0,117,1,-175.5,5.0,994.7,2514856358,1,14378,795,2333.2,2088.8,395,7.55,2,12,22,7457,7,2,2,0
3973,23.74,47.0,7200,7078,8752,3247966,0,117,1,-175.5,5.0,994.7,2514856654,1,14378,795,2333.2,2088.8,395,0.54,2,15,22,8,437,3,2,0
3974,18.79,47.0,7200,7078,8752,3247966,0,117,1,-175.5,5.0,994.7,2514856950,1,14378,795,2333.2,2088.8,395,8.03,2,27,21,7844,7,68,0,0
3975,25.46,47.0,7200,7078,8752,3247966,0,117,1,-175.5,5.0,994.7,2514859054,1,14378,795,2333.2,2088.8,395,0.40,2,10,16,5,319,5,5,0
3976,16.81,47.0,7200,7078,8752,3247966,0,117,1,-175.5,5.0,994.7,2514857558,1,14378,795,2333.2,2088.8,395,7.93,1,10,16,7853,7,3,3,0
3977,25.85,47.0,7200,7078,8752,3247966,0,117,1,-175.5,5.0,994.7,2514857854,1,14378,795,2333.2,2088.8,395,0.35,2,10,16,5,280,2,1,0
3978,17.16,47.0,7200,7078,8752,3247966,0,117,1,-175.5,5.0,994.7,2514858134,1,14378,795,2333.2,2088.8,395,7.93,3,12,20,7743,7,87,3,0
3979,23.77,47.0,7200,7078,8752,3247966,0,117,1,-175.5,5.0,994.7,2514860238,1,14378,795,2333.2,2088.8,395,0.44,1,13,20,7,354,3,2,0
3980,18.44,47.0,7200,7078,8752,3247966,0,117,1,-175.5,5.0,994.7,2514858742,1,14378,795,2333.2,2088.8,395,7.63,1,13,20,7539,5,2,3,0
3981,23.93,47.0,7200,7078,8752,3247966,0,117,1,-175.5,5.0,994.7,2514859038,1,14378,795,2333.2,2088.8,395,0.43,2,12,19,6,345,2,2,0
3982,17.56,47.0,7200,7078,8752,3247966,0,117,1,-175.5,5.0,994.7,2514859334,1,14378,795,2333.2,2088.8,395,8.10,1,12,19,8025,0,0,0,0
3983,24.47,47.0,7200,7078,8752,3247966,0,117,1,-175.5,5.0,994.7,2514859630,1,14378,795,2333.2,2088.8,395,0.40,1,10,16,5,335,3,1,0
3984,18.64,47.0,7200,7078,8752,3247966,0,117,1,-175.5,5.0,994.7,2514859926,1,14378,795,2333.2,2088.8,395,7.90,1,19,23,7753,8,3,3,0
3985,44.46,47.0,7200,7078,8752,3247966,0,117,1,-175.5,5.0,994.7,2514862030,1,14378,795,2333.2,2088.8,395,0.42,1,10,17,6,335,2,2,0
3986,17.36,47.0,7200,7078,8752,3247966,0,117,1,-175.5,5.0,994.7,2514862326,1,14378,795,2333.2,2088.8,395,7.88,2,11,19,7727,5,73,2,0
3987,24.65,47.0,7200,7078,8752,3247966,0,117,1,-175.5,5.0,994.7,2514860846,1,14378,795,2333.2,2088.8,395,0.39,1,10,25,6,314,2,2,0
3988,17.63,47.0,7200,7078,8752,3247966,0,117,1,-175.5,5.0,994.7,2514861142,1,14378,795,2333.2,2088.8,395,7.60,1,11,18,7517,7,2,2,0
3989,24.59,47.0,7200,7078,8752,3247966,0,117,1,-175.5,5.0,994.7,2514861438,1,14378,795,2333.2,2088.8,395,0.35,1,9,17,6,280,2,1,0
3990,19.32,47.0,7200,7078,8752,3247966,0,117,1,-175.5,5.0,994.7,2514870542,1,14378,795,2333.2,2088.8,395,7.70,1,9,19,7575,5,58,3,0
3991,25.73,47.0,7200,7078,8752,3247966,0,117,1,-175.5,5.0,994.7,2514870550,1,14378,795,2333.2,2088.8,395,0.44,1,10,19,6,364,3,2,0
3992,17.95,47.0,7200,7078,8752,3247966,0,117,1,-175.5,5.0,994.7,2514870846,1,14378,795,2333.2,2088.8,395,7.34,1,11,17,7254,7,3,2,0
3993,25.20,47.0,7200,7078,8752,3247966,0,117,1,-175.5,5.0,994.7,2514871142,1,14378,795,2333.2,2088.8,395,0.40,1,10,16,5,316,2,2,0
3994,18.56,47.0,7200,7078,8752,3247966,0,117,1,-175.5,5.0,994.7,2514871438,1,14378,795,2333.2,2088.8,395,8.07,1,13,20,7994,0,0,0,0
3995,25.01,47.0,7200,7078,8752,3247966,0,117,1,-175.5,5.0,994.7,2514871734,1,14378,795,2333.2,2088.8,395,0.38,2,10,18,6,310,3,1,0
3996,17.27,47.0,7200,7078,8752,3247966,0,117,1,-175.5,5.0,994.7,2514872030,1,14378,795,2333.2,2088.8,395,7.56,2,10,17,7485,6,2,2,0
3997,23.79,47.0,7200,7078,8752,3247966,0,117,1,-175.5,5.0,994.7,2514872326,1,14378,795,2333.2,2088.8,395,0.50,1,12,20,16,405,3,2,0
3998,17.22,47.0,7200,7078,8752,3247966,0,117,1,-175.5,5.0,994.7,2514872622,1,14378,795,2333.2,2088.8,395,7.60,1,12,28,7430,7,67,2,0
3999,24.68,47.0,7200,7078,8752,3247966,0,117,1,-175.5,5.0,994.7,2514872918,1,14378,795,2333.2,2088.8,395,0.43,2,11,17,6,343,2,1,0
4000,17.56,47.0,7200,7078,8752,3247966,0,117,1,-175.5,5.0,994.7,2514873214,1,14378,795,2333.2,2088.8,395,8.19,2,20,18,8106,0,0,0,0
4001,25.20,47.0,7200,7078,8752,3247966,0,117,1,-175.5,5.0,994.7,2514875334,1,14378,795,2333.2,2088.8,395,0.37,1,10,17,6,283,3,2,0
4002,18.21,47.0,7200,7078,8752,3247966,0,117,1,-175.5,5.0,994.7,2514873822,1,14378,795,2333.2,2088.8,395,8.32,1,10,16,8254,0,0,0,0
4003,24.98,47.0,7200,7078,8752,3247966,0,117,1,-175.5,5.0,994.7,2514874118,1,14378,795,2333.2,2088.8,395,0.41,1,11,17,6,327,3,2,0
4004,17.42,47.0,7200,7078,8752,3247966,0,117,1,-175.5,5.0,994.7,2514874414,1,14378,795,2333.2,2088.8,395,7.98,1,11,16,7900,8,3,2,0
4005,23.23,47.0,7200,7078,8752,3247966,0,117,1,-175.5,5.0,994.7,2514874710,1,14378,795,2333.2,2088.8,395,0.39,1,10,17,6,310,2,2,0
4006,17.91,47.0,7200,7078,8752,3247966,0,117,1,-175.5,5.0,994.7,2514875006,1,14378,795,2333.2,2088.8,395,7.52,1,10,16,7388,7,61,2,0
4007,24.82,47.0,7200,7078,8752,3247966,0,117,1,-175.5,5.0,994.7,2514875302,1,14378,795,2333.2,2088.8,395,0.43,2,11,16,5,351,3,2,0
4008,17.12,47.0,7200,7078,8752,3247966,0,117,1,-175.5,5.0,994.7,2514875598,1,14378,795,2333.2,2088.8,395,7.63,1,10,16,7554,6,2,2,0
4009,23.60,47.0,7200,7078,8752,3247966,0,117,1,-175.5,5.0,994.7,2514875894,1,14378,795,2333.2,2088.8,395,0.40,1,11,18,6,324,2,1,0
4010,17.41,47.0,7200,7078,8752,3247966,0,117,1,-175.5,5.0,994.7,2514876190,1,14378,795,2333.2,2088.8,395,7.09,1,11,16,6937,7,64,2,0
4011,24.42,47.0,7200,7078,8752,3247966,0,117,1,-175.5,5.0,994.7,2514876486,1,14378,795,2333.2,2088.8,395,0.37,1,10,16,8,296,3,1,0
4012,18.49,47.0,7200,7078,8752,3247966,0,117,1,-175.5,5.0,994.7,2514876782,1,14378,795,2333.2,2088.8,395,8.06,1,16,16,7986,0,0,0,0
4013,24.46,47.0,7200,7078,8752,3247966,0,117,1,-175.5,5.0,994.7,2514877078,1,14378,795,2333.2,2088.8,395,0.36,1,9,16,5,287,2,2,0
4014,17.48,47.0,7200,7078,8752,3247966,0,117,1,-175.5,5.0,994.7,2514877374,1,14378,795,2333.2,2088.8,395,6.96,1,11,18,6818,6,62,2,0
4015,23.75,47.0,7200,7078,8752,3247966,0,117,1,-175.5,5.0,994.7,2514877670,1,14378,795,2333.2,2088.8,395,0.57,2,15,24,8,463,3,2,0
4016,17.28,47.0,7200,7078,8752,3247966,0,117,1,-175.5,5.0,994.7,2514877966,1,14378,795,2333.2,2088.8,395,7.89,1,11,18,7803,7,2,2,0
4017,24.42,47.0,7200,7078,8752,3247966,0,117,1,-175.5,5.0,994.7,2514880102,1,14378,795,2333.2,2088.8,395,0.54,1,16,22,8,435,4,2,0
4018,18.77,47.0,7200,7078,8752,3247966,0,117,1,-175.5,5.0,994.7,2514878558,1,14378,795,2333.2,2088.8,395,8.03,2,15,24,7927,0,0,0,0
4019,23.66,47.0,7200,7078,8752,3247966,0,117,1,-175.5,5.0,994.7,2514880694,1,14378,795,2333.2,2088.8,395,0.39,1,11,18,7,310,3,2,0
4020,20.71,47.0,7200,7078,8752,3247966,0,117,1,-175.5,5.0,994.7,2514879438,1,14378,795,2333.2,2088.8,395,7.59,1,9,16,7511,7,3,3,0
4021,25.17,47.0,7200,7078,8752,3247966,0,117,1,-175.5,5.0,994.7,2514881286,1,14378,795,2333.2,2088.8,395,0.45,1,10,16,5,369,2,1,0
4022,17.51,47.0,7200,7078,8752,3247966,0,117,1,-175.5,5.0,994.7,2514879742,1,14378,795,2333.2,2088.8,395,8.31,2,16,24,8221,0,0,0,0
4023,24.86,47.0,7200,7078,8752,3247966,0,117,1,-175.5,5.0,994.7,2514881878,1,14378,795,2333.2,2088.8,395,0.44,2,11,16,6,360,3,2,0
4024,18.60,47.0,7200,7078,8752,3247966,0,117,1,-175.5,5.0,994.7,2514880334,1,14378,795,2333.2,2088.8,395,7.46,1,10,16,7378,7,2,2,0
4025,23.96,47.0,7200,7078,8752,3247966,0,117,1,-175.5,5.0,994.7,2514882470,1,14378,795,2333.2,2088.8,395,0.37,1,11,18,5,288,2,2,0
4026,17.97,47.0,7200,7078,8752,3247966,0,117,1,-175.5,5.0,994.7,2514880926,1,14378,795,2333.2,2088.8,395,7.73,1,13,17,7582,6,64,2,0
4027,25.55,47.0,7200,7078,8752,3247966,0,117,1,-175.5,5.0,994.7,2514883062,1,14378,795,2333.2,2088.8,395,0.40,1,19,19,6,308,2,2,0
4028,19.33,47.0,7200,7078,8752,3247966,0,117,1,-175.5,5.0,994.7,2514881534,1,14378,795,2333.2,2088.8,395,7.99,1,10,16,7911,10,3,2,0
4029,25.16,47.0,7200,7078,8752,3247966,0,117,1,-175.5,5.0,994.7,2514881830,1,14378,795,2333.2,2088.8,395,0.38,1,12,17,6,289,2,1,0
4030,18.94,46.0,7200,7078,8752,3247966,0,117,1,-175.5,5.0,994.7,2514883966,1,14378,795,2333.2,2088.8,395,7.10,1,10,17,6967,5,60,1,0
4031,23.49,46.0,7200,7078,8752,3247966,0,117,1,-175.5,5.0,994.7,2514882438,1,14378,795,2333.2,2088.8,395,0.43,1,12,20,7,347,2,1,0
4032,17.26,46.0,7200,7078,8752,3247966,0,117,1,-175.5,5.0,994.7,2514882734,1,14378,795,2333.2,2088.8,395,7.53,1,14,20,7391,7,2,2,0
4033,27.19,46.0,7200,7078,8752,3247966,0,117,1,-175.5,5.0,994.7,2514883030,1,14378,795,2333.2,2088.8,395,0.43,1,12,25,6,343,2,1,0
4034,18.84,46.0,7200,7078,8752,3247966,0,117,1,-175.5,5.0,994.7,2514883326,1,14378,795,2333.2,2088.8,395,7.75,1,32,17,7566,7,79,2,0
4035,25.47,46.0,7200,7078,8752,3247966,0,117,1,-175.5,5.0,994.7,2514883622,1,14378,795,2333.2,2088.8,395,0.35,1,9,16,6,284,2,1,0
4036,17.68,46.0,7200,7078,8752,3247966,0,117,1,-175.5,5.0,994.7,2514883918,1,14378,795,2333.2,2088.8,395,7.26,1,10,23,7165,7,3,3,0
4037,23.84,46.0,7200,7078,8752,3247966,0,117,1,-175.5,5.0,994.7,2514886070,1,14378,795,2333.2,2088.8,395,0.40,1,10,18,5,322,3,2,0
4038,18.07,46.0,7200,7078,8752,3247966,0,117,1,-175.5,5.0,994.7,2514884510,1,14378,795,2333.2,2088.8,395,7.50,2,11,17,7362,6,64,2,0
4039,24.29,46.0,7200,7078,8752,3247966,0,117,1,-175.5,5.0,994.7,2514886662,1,14378,795,2333.2,2088.8,395,0.41,2,23,16,5,321,4,2,0
4040,18.39,46.0,7200,7078,8752,3247966,0,117,1,-175.5,5.0,994.7,2514885118,1,14378,795,2333.2,2088.8,395,8.24,1,13,19,8155,0,0,0,0
4041,25.09,46.0,7200,7078,8752,3247966,0,117,1,-175.5,5.0,994.7,2514887270,1,14378,795,2333.2,2088.8,395,0.37,1,11,16,5,302,3,1,0
4042,18.42,46.0,7200,7078,8752,3247966,0,117,1,-175.5,5.0,994.7,2514885726,1,14378,795,2333.2,2088.8,395,6.95,1,10,17,6820,4,58,2,0
4043,23.69,46.0,7200,7078,8752,3247966,0,117,1,-175.5,5.0,994.7,2514886022,1,14378,795,2333.2,2088.8,395,0.40,1,10,18,6,314,2,2,0
4044,17.38,46.0,7200,7078,8752,3247966,0,117,1,-175.5,5.0,994.7,2514886318,1,14378,795,2333.2,2088.8,395,8.11,1,12,19,8027,0,0,0,0
4045,24.78,46.0,7200,7078,8752,3247966,0,117,1,-175.5,5.0,994.7,2514886614,1,14378,795,2333.2,2088.8,395,0.39,1,10,17,6,319,2,2,0
4046,17.56,46.0,7200,7078,8752,3247966,0,117,1,-175.5,5.0,994.7,2514886910,1,14378,795,2333.2,2088.8,395,7.64,1,10,16,7503,5,57,1,0
4047,24.05,46.0,7200,7078,8752,3247966,0,117,1,-175.5,5.0,994.7,2514889078,1,14378,795,2333.2,2088.8,395,0.45,1,12,25,6,345,16,2,0
4048,18.80,46.0,7200,7078,8752,3247966,0,117,1,-175.5,5.0,994.7,2514887502,1,14378,795,2333.2,2088.8,395,7.44,1,11,17,7354,7,2,2,0
4049,23.32,46.0,7200,7078,8752,3247966,0,117,1,-175.5,5.0,994.7,2514889670,1,14378,795,2333.2,2088.8,395,0.40,1,10,16,5,325,3,1,0
4050,18.98,46.0,7200,7078,8752,3247966,0,117,1,-175.5,5.0,994.7,2514888382,1,14378,795,2333.2,2088.8,395,7.36,1,9,17,7228,5,60,2,0
4051,25.49,46.0,7200,7078,8752,3247966,0,117,1,-175.5,5.0,994.7,2514890262,1,14378,795,2333.2,2088.8,395,0.39,1,14,18,5,303,3,2,0
4052,17.54,46.0,7200,7078,8752,3247966,0,117,1,-175.5,5.0,994.7,2514888686,1,14378,795,2333.2,2088.8,395,7.38,2,12,17,7293,8,3,3,0
4053,25.18,46.0,7200,7078,8752,3247966,0,117,1,-175.5,5.0,994.7,2514890854,1,14378,795,2333.2,2088.8,395,0.41,1,12,19,8,325,2,1,0
4054,17.68,46.0,7200,7078,8752,3247966,0,117,1,-175.5,5.0,994.7,2514889278,1,14378,795,2333.2,2088.8,395,8.21,1,11,17,8121,0,0,0,0
4055,24.93,46.0,7200,7078,8752,3247966,0,117,1,-175.5,5.0,994.7,2514891446,1,14378,795,2333.2,2088.8,395,0.38,1,10,38,11,284,2,1,0
4056,17.50,46.0,7200,7078,8752,3247966,0,117,1,-175.5,5.0,994.7,2514889870,1,14378,795,2333.2,2088.8,395,8.22,1,11,18,8144,0,0,0,0
4057,24.33,46.0,7200,7078,8752,3247966,0,117,1,-175.5,5.0,994.7,2514892038,1,14378,795,2333.2,2088.8,395,0.54,2,16,24,8,435,3,2,0
4058,17.98,46.0,7200,7078,8752,3247966,0,117,1,-175.5,5.0,994.7,2514890478,1,14378,795,2333.2,2088.8,395,8.37,1,13,21,8292,0,0,0,0
4059,25.64,46.0,7200,7078,8752,3247966,0,117,1,-175.5,5.0,994.7,2514890774,1,14378,795,2333.2,2088.8,395,0.35,1,11,16,5,277,3,1,0
4060,17.29,46.0,7200,7078,8752,3247966,0,117,1,-175.5,5.0,994.7,2514891070,1,14378,795,2333.2,2088.8,395,7.38,1,11,16,7298,5,2,2,0
4061,24.31,46.0,7200,7078,8752,3247966,0,117,1,-175.5,5.0,994.7,2514891366,1,14378,795,2333.2,2088.8,395,0.64,3,25,36,12,489,4,3,0
4062,17.85,46.0,7200,7078,8752,3247966,0,117,1,-175.5,5.0,994.7,2514891662,1,14378,795,2333.2,2088.8,395,7.54,1,11,17,7399,8,64,2,0
4063,24.01,46.0,7200,7078,8752,3247966,0,117,1,-175.5,5.0,994.7,2514891958,1,14378,795,2333.2,2088.8,395,0.48,2,14,21,7,388,3,2,0
4064,19.28,46.0,7200,7078,8752,3247966,0,117,1,-175.5,5.0,994.7,2514892254,1,14378,795,2333.2,2088.8,395,8.59,1,13,21,8508,0,0,0,0
4065,24.84,46.0,7200,7078,8752,3247966,0,117,1,-175.5,5.0,994.7,2514892550,1,14378,795,2333.2,2088.8,395,0.37,1,16,16,5,288,2,1,0
4066,17.78,46.0,7200,7078,8752,3247966,0,117,1,-175.5,5.0,994.7,2514892846,1,14378,795,2333.2,2088.8,395,7.43,1,11,19,7294,5,55,2,0
4067,24.20,46.0,7200,7078,8752,3247966,0,117,1,-175.5,5.0,994.7,2514893142,1,14378,795,2333.2,2088.8,395,0.43,2,10,21,5,342,2,1,0
4068,18.42,46.0,7200,7078,8752,3247966,0,117,1,-175.5,5.0,994.7,2514893438,1,14378,795,2333.2,2088.8,395,8.46,1,12,18,8387,0,0,0,0
4069,25.06,46.0,7200,7078,8752,3247966,0,117,1,-175.5,5.0,994.7,2514893734,1,14378,795,2333.2,2088.8,395,0.45,1,21,22,16,340,2,1,0
4070,19.73,46.0,7200,7078,8752,3247966,0,117,1,-175.5,5.0,994.7,2514894030,1,14378,795,2333.2,2088.8,395,8.68,1,12,20,8600,0,0,0,0
4071,36.78,46.0,7200,7078,8752,3247966,0,117,1,-175.5,5.0,994.7,2514894310,1,14378,795,2333.2,2088.8,395,0.53,1,18,22,7,418,4,1,0
4072,34.87,46.0,7200,7078,8752,3247966,0,117,1,-175.5,5.0,994.7,2514894590,1,14378,795,2333.2,2088.8,395,11.03,1,15,21,10946,0,0,0,0
4073,47.50,46.0,7200,7078,8752,3247966,0,117,1,-175.5,5.0,994.7,2514894886,1,14378,795,2333.2,2088.8,395,0.56,1,15,21,8,458,4,2,0
4074,37.42,46.0,7200,7078,8752,3247966,0,117,1,-175.5,5.0,994.7,2514895150,1,14378,795,2333.2,2088.8,395,12.06,1,15,25,11964,0,0,0,0
4075,53.20,45.0,7200,7078,8752,3247966,0,117,1,-175.5,5.0,994.7,2514895430,1,14378,795,2333.2,2088.8,395,0.57,1,18,23,9,451,5,3,0
4076,37.05,45.0,7200,7078,8752,3247966,0,117,1,-175.5,5.0,994.7,2514895710,1,14378,795,2333.2,2088.8,395,10.37,1,17,28,10259,0,0,0,0
4077,45.39,45.0,7200,7078,8752,3247966,0,117,1,-175.5,5.0,994.7,2514895990,1,14378,795,2333.2,2088.8,395,0.56,1,17,25,13,438,6,3,0
4078,35.18,45.0,7200,7078,8752,3247966,0,117,1,-175.5,5.0,994.7,2514896270,1,14378,795,2333.2,2088.8,395,11.23,1,16,23,11143,0,0,0,0
4079,42.03,45.0,7200,7078,8752,3247966,0,117,1,-175.5,5.0,994.7,2514896566,1,14378,795,2333.2,2088.8,395,0.55,1,17,26,10,428,5,2,0
4080,32.12,45.0,7200,7078,8752,3247966,0,117,1,-175.5,5.0,994.7,2514897134,1,14378,795,2333.2,2088.8,395,8.20,1,16,22,8108,0,0,0,0
4081,32.34,45.0,7200,7078,8752,3247966,0,117,1,-175.5,5.0,994.7,2514897142,1,14378,795,2333.2,2088.8,395,0.44,2,14,25,7,327,3,2,0
4082,25.44,45.0,7200,7078,8752,3247966,0,117,1,-175.5,5.0,994.7,2514897422,1,14378,795,2333.2,2088.8,395,9.18,1,12,18,9103,0,0,0,0
4083,32.65,45.0,7200,7078,8752,3247966,0,117,1,-175.5,5.0,994.7,2514897718,1,14378,795,2333.2,2088.8,395,0.43,3,10,18,6,342,5,2,0
4084,25.91,45.0,7200,7078,8752,3247966,0,117,1,-175.5,5.0,994.7,2514897998,1,14378,795,2333.2,2088.8,395,9.43,1,16,60,9301,0,0,0,0
4085,30.71,45.0,7200,7078,8752,3247966,0,117,1,-175.5,5.0,994.7,2514898294,1,14378,795,2333.2,2088.8,395,0.50,2,16,25,9,383,6,4,0
4086,25.71,45.0,7200,7078,8752,3247966,0,117,1,-175.5,5.0,994.7,2514898590,1,14378,795,2333.2,2088.8,395,7.46,1,11,17,7305,8,79,2,0
4087,32.59,45.0,7200,7078,8752,3247966,0,117,1,-175.5,5.0,994.7,2514898870,1,14378,795,2333.2,2088.8,395,0.43,1,10,17,5,359,2,1,0
4088,25.48,45.0,7200,7078,8752,3247966,0,117,1,-175.5,5.0,994.7,2514899166,1,14378,795,2333.2,2088.8,395,8.10,1,16,21,8012,0,0,0,0
4089,30.85,45.0,7200,7078,8752,3247966,0,117,1,-175.5,5.0,994.7,2514899462,1,14378,795,2333.2,2088.8,395,0.45,1,14,23,7,348,4,2,0
4090,25.44,45.0,7200,7078,8752,3247966,0,117,1,-175.5,5.0,994.7,2514899742,1,14378,795,2333.2,2088.8,395,8.00,1,12,17,7814,13,96,3,0
4091,25.76,45.0,7200,7078,8752,3247966,0,117,1,-175.5,5.0,994.7,2514901814,1,14378,795,2333.2,2088.8,395,0.41,1,11,17,6,327,4,2,0
4092,24.28,45.0,7200,7078,8752,3247966,0,117,1,-175.5,5.0,994.7,2514900334,1,14378,795,2333.2,2088.8,395,8.33,2,12,19,8256,0,0,0,0
4093,25.89,45.0,7200,7078,8752,3247966,0,117,1,-175.5,5.0,994.7,2514900630,1,14378,795,2333.2,2088.8,395,0.36,1,10,16,6,290,2,1,0
4094,24.26,45.0,7200,7078,8752,3247966,0,117,1,-175.5,5.0,994.7,2514900926,1,14378,795,2333.2,2088.8,395,8.05,1,10,17,7901,7,71,0,0
4095,26.75,45.0,7200,7078,8752,3247966,0,117,1,-175.5,5.0,994.7,2514901222,1,14378,795,2333.2,2088.8,395,0.58,1,12,19,7,493,5,3,0
4096,22.40,45.0,7200,7078,8752,3247966,0,117,1,-175.5,5.0,994.7,2514901502,1,14378,795,2333.2,2088.8,395,9.14,1,11,16,9062,0,0,0,0
4097,28.41,45.0,7200,7078,8752,3247966,0,117,1,-175.5,5.0,994.7,2514901798,1,14378,795,2333.2,2088.8,395,0.51,2,17,28,9,395,4,2,0
4098,22.36,45.0,7200,7078,8752,3247966,0,117,1,-175.5,5.0,994.7,2514902094,1,14378,795,2333.2,2088.8,395,8.55,1,11,17,8481,0,0,0,0
4099,30.94,45.0,7200,7078,8752,3247966,0,117,1,-175.5,5.0,994.7,2514902390,1,14378,795,2333.2,2088.8,395,0.38,1,10,17,6,301,3,2,0
4100,21.42,45.0,7200,7078,8752,3247966,0,117,1,-175.5,5.0,994.7,2514902686,1,14378,795,2333.2,2088.8,395,8.21,2,14,20,8119,0,0,0,0
4101,28.40,45.0,7200,7078,8752,3247966,0,117,1,-175.5,5.0,994.7,2514902982,1,14378,795,2333.2,2088.8,395,0.64,1,15,26,8,528,5,4,0
4102,24.71,45.0,7200,7078,8752,3247966,0,117,1,-175.5,5.0,994.7,2514903262,1,14378,795,2333.2,2088.8,395,9.42,1,18,24,9331,0,0,0,0
4103,32.20,45.0,7200,7078,8752,3247966,0,117,1,-175.5,5.0,994.7,2514903558,1,14378,795,2333.2,2088.8,395,0.53,1,20,28,6,425,4,2,0
4104,22.60,45.0,7200,7078,8752,3247966,0,117,1,-175.5,5.0,994.7,2514903854,1,14378,795,2333.2,2088.8,395,8.29,1,11,17,8213,0,0,0,0
4105,28.29,45.0,7200,7078,8752,3247966,0,117,1,-175.5,5.0,994.7,2514904150,1,14378,795,2333.2,2088.8,395,0.47,1,10,17,5,398,2,2,0
4106,21.82,45.0,7200,7078,8752,3247966,0,117,1,-175.5,5.0,994.7,2514904430,1,14378,795,2333.2,2088.8,395,8.95,2,15,23,8827,0,0,0,0
4107,28.67,45.0,7200,7078,8752,3247966,0,117,1,-175.5,5.0,994.7,2514904726,1,14378,795,2333.2,2088.8,395,0.53,1,10,17,5,444,4,2,0
4108,21.56,33.0,7200,7078,8752,3247966,0,117,1,-175.5,5.0,994.7,2514906766,1,14378,795,2333.2,2088.8,395,9.58,1,12,20,9487,0,0,0,0
4109,30.15,33.0,7200,7078,8752,3247966,0,117,1,-175.5,5.0,994.7,2514905318,1,14378,795,2333.2,2088.8,395,0.39,1,9,17,5,312,2,2,0
4110,25.07,33.0,7200,7078,8752,3247966,0,117,1,-175.5,5.0,994.7,2514905758,1,14378,795,2333.2,2088.8,395,8.09,2,17,17,7987,0,0,0,0
4111,31.18,33.0,7200,7078,8752,3247966,0,117,1,-175.5,5.0,994.7,2514905910,1,14378,795,2333.2,2088.8,395,0.47,1,10,17,6,388,5,2,0
4112,21.26,33.0,7200,7078,8752,3247966,0,117,1,-175.5,5.0,994.7,2514906190,1,14378,795,2333.2,2088.8,395,9.08,2,16,24,8978,0,0,0,0
4113,32.13,33.0,7200,7078,8752,3247966,0,117,1,-175.5,5.0,994.7,2514906486,1,14378,795,2333.2,2088.8,395,0.41,3,14,17,6,330,3,1,0
4114,20.85,33.0,7200,7078,8752,3247966,0,117,1,-175.5,5.0,994.7,2514906782,1,14378,795,2333.2,2088.8,395,8.75,2,13,22,8653,0,0,0,0
4115,26.79,33.0,7200,7078,8752,3247966,0,117,1,-175.5,5.0,994.7,2514907078,1,14378,795,2333.2,2088.8,395,0.41,1,13,21,7,317,2,1,0
4116,21.25,33.0,7200,7078,8752,3247966,0,117,1,-175.5,5.0,994.7,2514907374,1,14378,795,2333.2,2088.8,395,8.39,2,11,17,8318,0,0,0,0
4117,27.29,33.0,7200,7078,8752,3247966,0,117,1,-175.5,5.0,994.7,2514907670,1,14378,795,2333.2,2088.8,395,0.39,1,11,17,9,307,6,2,0
4118,21.37,33.0,7200,7078,8752,3247966,0,117,1,-175.5,5.0,994.7,2514907966,1,14378,795,2333.2,2088.8,395,9.02,1,13,19,8936,0,0,0,0
4119,28.51,33.0,7200,7078,8752,3247966,0,117,1,-175.5,5.0,994.7,2514908246,1,14378,795,2333.2,2088.8,395,0.60,1,15,22,7,491,5,3,0
4120,23.03,33.0,7200,7078,8752,3247966,0,117,1,-175.5,5.0,994.7,2514908542,1,14378,795,2333.2,2088.8,395,9.59,1,11,21,9511,0,0,0,0
4121,32.99,33.0,7200,7078,8752,3247966,0,117,1,-175.5,5.0,994.7,2514908838,1,14378,795,2333.2,2088.8,395,0.45,1,14,24,6,351,3,2,0
4122,22.20,33.0,7200,7078,8752,3247966,0,117,1,-175.5,5.0,994.7,2514909118,1,14378,795,2333.2,2088.8,395,8.94,1,14,21,8845,0,0,0,0
4123,30.06,33.0,7200,7078,8752,3247966,0,117,1,-175.5,5.0,994.7,2514911142,1,14378,795,2333.2,2088.8,395,0.50,1,11,19,7,417,5,1,0
4124,21.75,33.0,7200,7078,8752,3247966,0,117,1,-175.5,5.0,994.7,2514909710,1,14378,795,2333.2,2088.8,395,8.91,2,17,24,8817,0,0,0,0
4125,32.21,33.0,7200,7078,8752,3247966,0,117,1,-175.5,5.0,994.7,2514910006,1,14378,795,2333.2,2088.8,395,0.54,1,12,20,7,435,5,2,0
4126,20.68,33.0,7200,7078,8752,3247966,0,117,1,-175.5,5.0,994.7,2514910302,1,14378,795,2333.2,2088.8,395,8.33,1,12,16,8255,0,0,0,0
4127,25.48,33.0,7200,7078,8752,3247966,0,117,1,-175.5,5.0,994.7,2514910598,1,14378,795,2333.2,2088.8,395,0.47,2,13,20,6,376,2,2,0
4128,21.05,33.0,7200,7078,8752,3247966,0,117,1,-175.5,5.0,994.7,2514910894,1,14378,795,2333.2,2088.8,395,7.55,1,11,17,7466,6,3,2,0
4129,25.77,33.0,7200,7078,8752,3247966,0,117,1,-175.5,5.0,994.7,2514911190,1,14378,795,2333.2,2088.8,395,0.39,1,10,16,5,315,3,1,0
4130,21.01,33.0,7200,7078,8752,3247966,0,117,1,-175.5,5.0,994.7,2514911470,1,14378,795,2333.2,2088.8,395,8.07,1,11,16,7998,0,0,0,0
4131,25.50,33.0,7200,7078,8752,3247966,0,117,1,-175.5,5.0,994.7,2514911766,1,14378,795,2333.2,2088.8,395,0.46,1,10,19,6,357,4,2,0
4132,20.27,33.0,7200,7078,8752,3247966,0,117,1,-175.5,5.0,994.7,2514912062,1,14378,795,2333.2,2088.8,395,8.95,1,10,17,8881,0,0,0,0
4133,27.90,33.0,7200,7078,8752,3247966,0,117,1,-175.5,5.0,994.7,2514912358,1,14378,795,2333.2,2088.8,395,0.46,2,12,20,7,372,2,2,0
4134,20.39,33.0,7200,7078,8752,3247966,0,117,1,-175.5,5.0,994.7,2514912654,1,14378,795,2333.2,2088.8,395,8.24,2,19,27,8138,0,0,0,0
4135,25.61,33.0,7200,7078,8752,3247966,0,117,1,-175.5,5.0,994.7,2514912950,1,14378,795,2333.2,2088.8,395,0.41,2,16,21,5,326,2,1,0
4136,19.56,33.0,7200,7078,8752,3247966,0,117,1,-175.5,5.0,994.7,2514913246,1,14378,795,2333.2,2088.8,395,8.07,2,14,27,7979,0,0,0,0
4137,25.49,33.0,7200,7078,8752,3247966,0,117,1,-175.5,5.0,994.7,2514913542,1,14378,795,2333.2,2088.8,395,0.48,2,17,21,7,382,4,2,0
4138,19.63,33.0,7200,7078,8752,3247966,0,117,1,-175.5,5.0,994.7,2514913838,1,14378,795,2333.2,2088.8,395,7.56,2,12,23,7412,7,63,2,0
4139,25.74,33.0,7200,7078,8752,3247966,0,117,1,-175.5,5.0,994.7,2514914134,1,14378,795,2333.2,2088.8,395,0.43,1,11,20,7,338,4,1,0
4140,20.42,33.0,7200,7078,8752,3247966,0,117,1,-175.5,5.0,994.7,2514914702,1,14378,795,2333.2,2088.8,395,8.06,1,12,21,7975,0,0,0,0
4141,26.40,33.0,7200,7078,8752,3247966,0,117,1,-175.5,5.0,994.7,2514916422,1,14378,795,2333.2,2088.8,395,0.42,1,13,20,7,335,2,1,0
4142,19.42,33.0,7200,7078,8752,3247966,0,117,1,-175.5,5.0,994.7,2514915006,1,14378,795,2333.2,2088.8,395,9.25,1,26,23,9134,0,0,0,0
4143,27.94,33.0,7200,7078,8752,3247966,0,117,1,-175.5,5.0,994.7,2514915302,1,14378,795,2333.2,2088.8,395,0.39,5,15,18,6,288,3,1,0
4144,19.22,33.0,7200,7078,8752,3247966,0,117,1,-175.5,5.0,994.7,2514915598,1,14378,795,2333.2,2088.8,395,7.51,1,12,22,7411,9,4,2,0
4145,24.45,33.0,7200,7078,8752,3247966,0,117,1,-175.5,5.0,994.7,2514915894,1,14378,795,2333.2,2088.8,395,0.36,1,10,16,5,288,3,2,0
4146,19.06,33.0,7200,7078,8752,3247966,0,117,1,-175.5,5.0,994.7,2514916190,1,14378,795,2333.2,2088.8,395,7.77,1,10,18,7639,5,59,2,0
4147,25.77,33.0,7200,7078,8752,3247966,0,117,1,-175.5,5.0,994.7,2514916486,1,14378,795,2333.2,2088.8,395,0.51,1,13,19,6,417,2,1,0
4148,19.29,33.0,7200,7078,8752,3247966,0,117,1,-175.5,5.0,994.7,2514916782,1,14378,795,2333.2,2088.8,395,8.52,1,16,26,8424,0,0,0,0
4149,27.96,41.0,7200,7078,8752,3247966,0,117,1,-175.5,5.0,994.7,2514917062,1,14378,795,2333.2,2088.8,395,0.41,1,15,20,6,319,3,2,0
4150,43.44,41.0,7200,7078,8752,3247966,0,117,1,-175.5,5.0,994.7,2514917342,1,14378,795,2333.2,2088.8,395,8.27,1,14,21,8191,0,0,0,0
4151,34.38,41.0,7200,7078,8752,3247966,0,117,1,-175.5,5.0,994.7,2514917638,1,14378,795,2333.2,2088.8,395,0.37,1,10,16,5,293,2,2,0
4152,18.71,41.0,7200,7078,8752,3247966,0,117,1,-175.5,5.0,994.7,2514917934,1,14378,795,2333.2,2088.8,395,8.27,1,14,17,8190,0,0,0,0
4153,25.34,41.0,7200,7078,8752,3247966,0,117,1,-175.5,5.0,994.7,2514918230,1,14378,795,2333.2,2088.8,395,0.38,2,11,17,5,300,2,1,0
4154,19.57,41.0,7200,7078,8752,3247966,0,117,1,-175.5,5.0,994.7,2514918526,1,14378,795,2333.2,2088.8,395,8.26,1,11,16,8188,0,0,0,0
4155,27.96,41.0,7200,7078,8752,3247966,0,117,1,-175.5,5.0,994.7,2514918822,1,14378,795,2333.2,2088.8,395,0.39,2,11,17,7,314,2,3,0
4156,20.12,41.0,7200,7078,8752,3247966,0,117,1,-175.5,5.0,994.7,2514919118,1,14378,795,2333.2,2088.8,395,8.51,2,17,23,8426,0,0,0,0
4157,26.35,41.0,7200,7078,8752,3247966,0,117,1,-175.5,5.0,994.7,2514919398,1,14378,795,2333.2,2088.8,395,0.45,2,13,22,6,349,3,2,0
4158,20.14,41.0,7200,7078,8752,3247966,0,117,1,-175.5,5.0,994.7,2514919694,1,14378,795,2333.2,2088.8,395,8.43,1,18,22,8327,0,0,0,0
4159,28.99,41.0,7200,7078,8752,3247966,0,117,1,-175.5,5.0,994.7,2514919990,1,14378,795,2333.2,2088.8,395,0.43,1,11,19,7,339,3,2,0
4160,20.64,41.0,7200,7078,8752,3247966,0,117,1,-175.5,5.0,994.7,2514920286,1,14378,795,2333.2,2088.8,395,8.80,1,15,18,8717,0,0,0,0
4161,28.08,41.0,7200,7078,8752,3247966,0,117,1,-175.5,5.0,994.7,2514920582,1,14378,795,2333.2,2088.8,395,0.38,1,12,17,5,304,3,1,0
4162,19.70,41.0,7200,7078,8752,3247966,0,117,1,-175.5,5.0,994.7,2514920862,1,14378,795,2333.2,2088.8,395,7.42,1,11,18,7278,5,62,2,0
4163,24.83,41.0,7200,7078,8752,3247966,0,117,1,-175.5,5.0,994.7,2514922838,1,14378,795,2333.2,2088.8,395,0.41,1,11,31,5,298,3,3,0
4164,20.17,41.0,7200,7078,8752,3247966,0,117,1,-175.5,5.0,994.7,2514921454,1,14378,795,2333.2,2088.8,395,8.14,2,13,19,8063,0,0,0,0
4165,25.04,41.0,7200,7078,8752,3247966,0,117,1,-175.5,5.0,994.7,2514923430,1,14378,795,2333.2,2088.8,395,0.36,1,9,16,5,294,2,2,0
4166,19.10,41.0,7200,7078,8752,3247966,0,117,1,-175.5,5.0,994.7,2514922046,1,14378,795,2333.2,2088.8,395,7.27,2,11,23,7118,6,63,2,0
4167,26.31,41.0,7200,7078,8752,3247966,0,117,1,-175.5,5.0,994.7,2514924022,1,14378,795,2333.2,2088.8,395,0.40,1,11,18,7,324,2,2,0
4168,19.09,41.0,7200,7078,8752,3247966,0,117,1,-175.5,5.0,994.7,2514922638,1,14378,795,2333.2,2088.8,395,7.01,0,10,17,6927,7,3,2,0
4169,24.87,41.0,7200,7078,8752,3247966,0,117,1,-175.5,5.0,994.7,2514922934,1,14378,795,2333.2,2088.8,395,0.34,1,9,16,5,273,2,2,0
4170,18.81,41.0,7200,7078,8752,3247966,0,117,1,-175.5,5.0,994.7,2514923518,1,14378,795,2333.2,2088.8,395,7.80,1,9,16,7666,7,64,2,0
4171,25.81,41.0,7200,7078,8752,3247966,0,117,1,-175.5,5.0,994.7,2514923526,1,14378,795,2333.2,2088.8,395,0.47,1,13,25,7,374,3,2,0
4172,18.59,41.0,7200,7078,8752,3247966,0,117,1,-175.5,5.0,994.7,2514923822,1,14378,795,2333.2,2088.8,395,7.75,1,12,17,7666,8,2,2,0
4173,23.37,41.0,7200,7078,8752,3247966,0,117,1,-175.5,5.0,994.7,2514924118,1,14378,795,2333.2,2088.8,395,0.59,2,22,27,9,470,3,3,0
4174,19.10,41.0,7200,7078,8752,3247966,0,117,1,-175.5,5.0,994.7,2514924414,1,14378,795,2333.2,2088.8,395,7.87,2,11,18,7731,6,59,1,0
4175,25.99,41.0,7200,7078,8752,3247966,0,117,1,-175.5,5.0,994.7,2514924710,1,14378,795,2333.2,2088.8,395,0.39,1,10,15,5,318,3,1,0
4176,18.73,41.0,7200,7078,8752,3247966,0,117,1,-175.5,5.0,994.7,2514925006,1,14378,795,2333.2,2088.8,395,7.55,2,11,17,7468,7,2,3,0
4177,24.94,41.0,7200,7078,8752,3247966,0,117,1,-175.5,5.0,994.7,2514925302,1,14378,795,2333.2,2088.8,395,0.36,1,10,17,6,288,2,1,0
4178,18.36,41.0,7200,7078,8752,3247966,0,117,1,-175.5,5.0,994.7,2514925598,1,14378,795,2333.2,2088.8,395,7.43,1,12,19,7263,8,67,2,0
4179,24.54,41.0,7200,7078,8752,3247966,0,117,1,-175.5,5.0,994.7,2514925894,1,14378,795,2333.2,2088.8,395,0.38,2,12,17,5,297,2,1,0
4180,18.60,41.0,7200,7078,8752,3247966,0,117,1,-175.5,5.0,994.7,2514926190,1,14378,795,2333.2,2088.8,395,7.43,1,15,16,7351,6,3,2,0
4181,24.68,41.0,7200,7078,8752,3247966,0,117,1,-175.5,5.0,994.7,2514926486,1,14378,795,2333.2,2088.8,395,0.36,1,11,16,5,282,2,1,0
4182,18.25,41.0,7200,7078,8752,3247966,0,117,1,-175.5,5.0,994.7,2514926782,1,14378,795,2333.2,2088.8,395,7.59,1,10,16,7451,7,66,2,0
4183,24.27,41.0,7200,7078,8752,3247966,0,117,1,-175.5,5.0,994.7,2514927078,1,14378,795,2333.2,2088.8,395,0.38,1,10,25,7,301,2,2,0
4184,17.38,41.0,7200,7078,8752,3247966,0,117,1,-175.5,5.0,994.7,2514927374,1,14378,795,2333.2,2088.8,395,7.67,1,9,16,7601,6,2,3,0
4185,25.59,41.0,7200,7078,8752,3247966,0,117,1,-175.5,5.0,994.7,2514927670,1,14378,795,2333.2,2088.8,395,0.48,1,12,21,8,385,4,2,0
4186,19.22,41.0,7200,7078,8752,3247966,0,117,1,-175.5,5.0,994.7,2514927966,1,14378,795,2333.2,2088.8,395,7.26,0,12,19,7121,6,60,2,0
4187,23.60,41.0,7200,7078,8752,3247966,0,117,1,-175.5,5.0,994.7,2514928262,1,14378,795,2333.2,2088.8,395,0.43,1,16,25,5,319,2,1,0
4188,17.72,41.0,7200,7078,8752,3247966,0,117,1,-175.5,5.0,994.7,2514928558,1,14378,795,2333.2,2088.8,395,7.43,1,10,30,7333,7,2,2,0
4189,24.04,41.0,7200,7078,8752,3247966,0,117,1,-175.5,5.0,994.7,2514928854,1,14378,795,2333.2,2088.8,395,0.45,1,16,23,7,348,3,1,0
4190,17.82,41.0,7200,7078,8752,3247966,0,117,1,-175.5,5.0,994.7,2514929150,1,14378,795,2333.2,2088.8,395,8.42,2,13,18,8342,0,0,0,0
4191,27.47,41.0,7200,7078,8752,3247966,0,117,1,-175.5,5.0,994.7,2514929446,1,14378,795,2333.2,2088.8,395,0.40,2,15,18,6,319,3,1,0
4192,18.05,43.0,7200,7078,8752,3247966,0,117,1,-175.5,5.0,994.7,2514929742,1,14378,795,2333.2,2088.8,395,8.27,1,10,16,8207,0,0,0,0
4193,25.05,43.0,7200,7078,8752,3247966,0,117,1,-175.5,5.0,994.7,2514931718,1,14378,795,2333.2,2088.8,395,0.40,2,10,17,5,331,3,1,0
4194,17.88,43.0,7200,7078,8752,3247966,0,117,1,-175.5,5.0,994.7,2514930334,1,14378,795,2333.2,2088.8,395,8.01,1,10,17,7943,5,0,0,0
4195,24.39,43.0,7200,7078,8752,3247966,0,117,1,-175.5,5.0,994.7,2514932310,1,14378,795,2333.2,2088.8,395,0.54,1,13,24,6,435,6,4,0
4196,18.04,43.0,7200,7078,8752,3247966,0,117,1,-175.5,5.0,994.7,2514930926,1,14378,795,2333.2,2088.8,395,7.95,2,14,18,7857,7,2,3,0
4197,24.91,43.0,7200,7078,8752,3247966,0,117,1,-175.5,5.0,994.7,2514932902,1,14378,795,2333.2,2088.8,395,0.41,0,10,16,6,341,2,2,0
4198,18.64,43.0,7200,7078,8752,3247966,0,117,1,-175.5,5.0,994.7,2514931518,1,14378,795,2333.2,2088.8,395,8.15,1,10,15,8087,0,0,0,0
4199,23.89,43.0,7200,7078,8752,3247966,0,117,1,-175.5,5.0,994.7,2514933494,1,14378,795,2333.2,2088.8,395,0.37,1,11,17,5,298,3,2,0
4200,21.08,43.0,7200,7078,8752,3247966,0,117,1,-175.5,5.0,994.7,2514932398,1,14378,795,2333.2,2088.8,395,7.92,1,9,17,7839,7,2,2,0
4201,25.92,43.0,7200,7078,8752,3247966,0,117,1,-175.5,5.0,994.7,2514934086,1,14378,795,2333.2,2088.8,395,0.41,2,17,18,7,309,3,2,0
4202,17.71,43.0,7200,7078,8752,3247966,0,117,1,-175.5,5.0,994.7,2514932702,1,14378,795,2333.2,2088.8,395,7.91,1,11,21,7761,7,63,2,0
4203,26.98,43.0,7200,7078,8752,3247966,0,117,1,-175.5,5.0,994.7,2514934678,1,14378,795,2333.2,2088.8,395,0.39,1,10,17,5,318,2,2,0
4204,18.58,43.0,7200,7078,8752,3247966,0,117,1,-175.5,5.0,994.7,2514933294,1,14378,795,2333.2,2088.8,395,7.74,2,15,23,7643,7,2,2,0
4205,25.75,43.0,7200,7078,8752,3247966,0,117,1,-175.5,5.0,994.7,2514935270,1,14378,795,2333.2,2088.8,395,0.44,1,10,16,5,359,3,2,0
4206,18.40,43.0,7200,7078,8752,3247966,0,117,1,-175.5,5.0,994.7,2514933886,1,14378,795,2333.2,2088.8,395,7.38,1,11,19,7198,8,91,2,0
4207,23.33,43.0,7200,7078,8752,3247966,0,117,1,-175.5,5.0,994.7,2514934182,1,14378,795,2333.2,2088.8,395,0.41,1,12,18,6,324,3,2,0
4208,18.24,43.0,7200,7078,8752,3247966,0,117,1,-175.5,5.0,994.7,2514934478,1,14378,795,2333.2,2088.8,395,7.48,1,11,16,7379,7,3,4,0
4209,24.57,43.0,7200,7078,8752,3247966,0,117,1,-175.5,5.0,994.7,2514934774,1,14378,795,2333.2,2088.8,395,0.48,2,13,20,6,388,2,2,0
4210,18.19,43.0,7200,7078,8752,3247966,0,117,1,-175.5,5.0,994.7,2514935070,1,14378,795,2333.2,2088.8,395,8.48,2,12,19,8392,0,0,0,0
4211,24.98,43.0,7200,7078,8752,3247966,0,117,1,-175.5,5.0,994.7,2514935366,1,14378,795,2333.2,2088.8,395,0.39,1,11,16,5,308,3,1,0
4212,17.48,43.0,7200,7078,8752,3247966,0,117,1,-175.5,5.0,994.7,2514935662,1,14378,795,2333.2,2088.8,395,8.03,1,12,17,7958,0,0,0,0
4213,24.83,43.0,7200,7078,8752,3247966,0,117,1,-175.5,5.0,994.7,2514935958,1,14378,795,2333.2,2088.8,395,0.39,2,10,16,5,314,4,2,0
4214,17.61,43.0,7200,7078,8752,3247966,0,117,1,-175.5,5.0,994.7,2514936254,1,14378,795,2333.2,2088.8,395,8.00,1,27,17,7819,8,75,4,0
4215,25.27,43.0,7200,7078,8752,3247966,0,117,1,-175.5,5.0,994.7,2514936550,1,14378,795,2333.2,2088.8,395,0.38,1,10,19,6,293,7,6,0
4216,17.39,43.0,7200,7078,8752,3247966,0,117,1,-175.5,5.0,994.7,2514936846,1,14378,795,2333.2,2088.8,395,7.34,1,9,16,7260,6,3,2,0
4217,24.25,43.0,7200,7078,8752,3247966,0,117,1,-175.5,5.0,994.7,2514937142,1,14378,795,2333.2,2088.8,395,0.39,1,10,17,6,319,3,2,0
4218,17.68,43.0,7200,7078,8752,3247966,0,117,1,-175.5,5.0,994.7,2514937438,1,14378,795,2333.2,2088.8,395,7.51,1,12,19,7342,8,81,2,0
4219,25.24,43.0,7200,7078,8752,3247966,0,117,1,-175.5,5.0,994.7,2514937734,1,14378,795,2333.2,2088.8,395,0.39,1,10,17,5,305,2,2,0
4220,18.56,43.0,7200,7078,8752,3247966,0,117,1,-175.5,5.0,994.7,2514938030,1,14378,795,2333.2,2088.8,395,7.87,1,13,19,7773,7,2,2,0
4221,24.86,43.0,7200,7078,8752,3247966,0,117,1,-175.5,5.0,994.7,2514938326,1,14378,795,2333.2,2088.8,395,0.38,1,10,17,6,304,4,2,0
4222,17.60,43.0,7200,7078,8752,3247966,0,117,1,-175.5,5.0,994.7,2514938622,1,14378,795,2333.2,2088.8,395,7.36,1,10,22,7232,5,56,1,0
4223,25.11,43.0,7200,7078,8752,3247966,0,117,1,-175.5,5.0,994.7,2514938918,1,14378,795,2333.2,2088.8,395,0.45,1,11,19,6,371,3,1,0
4224,17.61,43.0,7200,7078,8752,3247966,0,117,1,-175.5,5.0,994.7,2514939214,1,14378,795,2333.2,2088.8,395,8.03,2,11,17,7936,0,0,0,0
4225,24.48,43.0,7200,7078,8752,3247966,0,117,1,-175.5,5.0,994.7,2514939510,1,14378,795,2333.2,2088.8,395,0.44,2,16,25,8,326,9,5,0
4226,17.20,43.0,7200,7078,8752,3247966,0,117,1,-175.5,5.0,994.7,2514939806,1,14378,795,2333.2,2088.8,395,7.72,1,13,22,7538,6,64,2,0
4227,23.75,43.0,7200,7078,8752,3247966,0,117,1,-175.5,5.0,994.7,2514940102,1,14378,795,2333.2,2088.8,395,0.43,1,16,19,6,338,2,2,0
4228,17.11,43.0,7200,7078,8752,3247966,0,117,1,-175.5,5.0,994.7,2514940398,1,14378,795,2333.2,2088.8,395,7.76,2,13,21,7669,7,3,2,0
4229,28.90,43.0,7200,7078,8752,3247966,0,117,1,-175.5,5.0,994.7,2514940694,1,14378,795,2333.2,2088.8,395,0.55,2,16,21,8,446,3,2,0
4230,21.15,43.0,7200,7078,8752,3247966,0,117,1,-175.5,5.0,994.7,2514941278,1,14378,795,2333.2,2088.8,395,7.41,1,12,21,7257,6,71,2,0
4231,24.45,43.0,7200,7078,8752,3247966,0,117,1,-175.5,5.0,994.7,2514941286,1,14378,795,2333.2,2088.8,395,0.41,1,13,18,6,328,3,2,0
4232,17.67,43.0,7200,7078,8752,3247966,0,117,1,-175.5,5.0,994.7,2514941582,1,14378,795,2333.2,2088.8,395,6.96,1,10,15,6884,6,3,2,0
4233,24.31,43.0,7200,7078,8752,3247966,0,117,1,-175.5,5.0,994.7,2514941878,1,14378,795,2333.2,2088.8,395,0.35,1,10,16,6,285,2,2,0
4234,18.11,43.0,7200,7078,8752,3247966,0,117,1,-175.5,5.0,994.7,2514942174,1,14378,795,2333.2,2088.8,395,7.91,1,12,27,7743,9,71,2,0
4235,24.67,43.0,7200,7078,8752,3247966,0,117,1,-175.5,5.0,994.7,2514942470,1,14378,795,2333.2,2088.8,395,0.40,1,12,20,6,320,2,1,0
4236,18.08,43.0,7200,7078,8752,3247966,0,117,1,-175.5,5.0,994.7,2514942766,1,14378,795,2333.2,2088.8,395,8.25,1,16,25,8144,0,0,0,0
4237,25.73,43.0,7200,7078,8752,3247966,0,117,1,-175.5,5.0,994.7,2514943062,1,14378,795,2333.2,2088.8,395,0.37,1,10,17,5,296,2,2,0
4238,17.70,43.0,7200,7078,8752,3247966,0,117,1,-175.5,5.0,994.7,2514943358,1,14378,795,2333.2,2088.8,395,7.72,1,11,17,7560,5,63,2,0
4239,25.15,47.0,7200,7078,8752,3247966,0,117,1,-175.5,5.0,994.7,2514943638,1,14378,795,2333.2,2088.8,395,0.41,1,12,17,5,332,3,1,0
4240,46.23,47.0,7200,7078,8752,3247966,0,117,1,-175.5,5.0,994.7,2514943918,1,14378,795,2333.2,2088.8,395,7.48,1,12,17,7396,7,2,2,0
4241,25.96,47.0,7200,7078,8752,3247966,0,117,1,-175.5,5.0,994.7,2514945878,1,14378,795,2333.2,2088.8,395,0.44,2,12,21,7,350,2,2,0
4242,18.60,47.0,7200,7078,8752,3247966,0,117,1,-175.5,5.0,994.7,2514944526,1,14378,795,2333.2,2088.8,395,7.64,1,12,19,7471,6,87,2,0
4243,24.43,47.0,7200,7078,8752,3247966,0,117,1,-175.5,5.0,994.7,2514944822,1,14378,795,2333.2,2088.8,395,0.42,1,11,18,6,338,3,1,0
4244,18.23,47.0,7200,7078,8752,3247966,0,117,1,-175.5,5.0,994.7,2514945102,1,14378,795,2333.2,2088.8,395,7.60,2,19,29,7475,5,2,2,0
4245,24.20,47.0,7200,7078,8752,3247966,0,117,1,-175.5,5.0,994.7,2514947062,1,14378,795,2333.2,2088.8,395,0.50,2,13,36,6,394,2,3,0
4246,17.78,47.0,7200,7078,8752,3247966,0,117,1,-175.5,5.0,994.7,2514945710,1,14378,795,2333.2,2088.8,395,7.30,0,10,23,7151,8,71,2,0
4247,24.15,47.0,7200,7078,8752,3247966,0,117,1,-175.5,5.0,994.7,2514946006,1,14378,795,2333.2,2088.8,395,0.43,1,12,17,6,353,3,2,0
4248,18.63,47.0,7200,7078,8752,3247966,0,117,1,-175.5,5.0,994.7,2514946302,1,14378,795,2333.2,2088.8,395,7.54,1,13,21,7444,6,3,3,0
4249,24.79,47.0,7200,7078,8752,3247966,0,117,1,-175.5,5.0,994.7,2514946598,1,14378,795,2333.2,2088.8,395,0.41,1,11,18,6,330,4,2,0
4250,18.07,47.0,7200,7078,8752,3247966,0,117,1,-175.5,5.0,994.7,2514946894,1,14378,795,2333.2,2088.8,395,7.57,2,16,26,7392,7,63,2,0
4251,24.64,47.0,7200,7078,8752,3247966,0,117,1,-175.5,5.0,994.7,2514947190,1,14378,795,2333.2,2088.8,395,0.57,1,16,23,8,442,3,2,0
4252,18.82,47.0,7200,7078,8752,3247966,0,117,1,-175.5,5.0,994.7,2514947470,1,14378,795,2333.2,2088.8,395,7.00,2,13,18,6920,6,3,2,0
4253,23.18,47.0,7200,7078,8752,3247966,0,117,1,-175.5,5.0,994.7,2514949430,1,14378,795,2333.2,2088.8,395,0.39,1,9,17,5,319,2,2,0
4254,17.92,47.0,7200,7078,8752,3247966,0,117,1,-175.5,5.0,994.7,2514948062,1,14378,795,2333.2,2088.8,395,7.94,2,16,36,7768,7,60,2,0
4255,24.71,47.0,7200,7078,8752,3247966,0,117,1,-175.5,5.0,994.7,2514950022,1,14378,795,2333.2,2088.8,395,0.44,1,12,34,6,333,2,3,0
4256,17.77,47.0,7200,7078,8752,3247966,0,117,1,-175.5,5.0,994.7,2514948670,1,14378,795,2333.2,2088.8,395,7.58,1,13,20,7497,5,2,2,0
4257,23.54,47.0,7200,7078,8752,3247966,0,117,1,-175.5,5.0,994.7,2514948966,1,14378,795,2333.2,2088.8,395,0.61,2,17,24,10,490,4,3,0
4258,17.88,47.0,7200,7078,8752,3247966,0,117,1,-175.5,5.0,994.7,2514949262,1,14378,795,2333.2,2088.8,395,7.97,2,16,24,7813,5,59,1,0
4259,23.85,47.0,7200,7078,8752,3247966,0,117,1,-175.5,5.0,994.7,2514949558,1,14378,795,2333.2,2088.8,395,0.35,1,9,16,5,283,2,1,0
4260,20.70,47.0,7200,7078,8752,3247966,0,117,1,-175.5,5.0,994.7,2514949982,1,14378,795,2333.2,2088.8,395,7.96,1,8,16,7890,8,2,2,0
4261,26.08,47.0,7200,7078,8752,3247966,0,117,1,-175.5,5.0,994.7,2514951798,1,14378,795,2333.2,2088.8,395,0.36,1,10,17,6,289,2,1,0
4262,17.11,47.0,7200,7078,8752,3247966,0,117,1,-175.5,5.0,994.7,2514950430,1,14378,795,2333.2,2088.8,395,8.31,2,17,39,8189,0,0,0,0
4263,26.54,47.0,7200,7078,8752,3247966,0,117,1,-175.5,5.0,994.7,2514952390,1,14378,795,2333.2,2088.8,395,0.53,2,16,25,8,414,4,2,0
4264,18.12,47.0,7200,7078,8752,3247966,0,117,1,-175.5,5.0,994.7,2514951022,1,14378,795,2333.2,2088.8,395,7.46,2,12,18,7382,5,3,2,0
4265,24.59,47.0,7200,7078,8752,3247966,0,117,1,-175.5,5.0,994.7,2514952982,1,14378,795,2333.2,2088.8,395,0.37,1,11,17,6,294,3,1,0
4266,17.85,47.0,7200,7078,8752,3247966,0,117,1,-175.5,5.0,994.7,2514951614,1,14378,795,2333.2,2088.8,395,7.49,2,27,19,7328,7,62,2,0
4267,23.99,47.0,7200,7078,8752,3247966,0,117,1,-175.5,5.0,994.7,2514953574,1,14378,795,2333.2,2088.8,395,0.39,1,10,17,6,317,2,2,0
4268,17.93,47.0,7200,7078,8752,3247966,0,117,1,-175.5,5.0,994.7,2514952206,1,14378,795,2333.2,2088.8,395,7.32,1,11,18,7235,6,3,2,0
4269,24.26,47.0,7200,7078,8752,3247966,0,117,1,-175.5,5.0,994.7,2514954166,1,14378,795,2333.2,2088.8,395,0.35,1,10,16,5,283,2,2,0
4270,17.95,47.0,7200,7078,8752,3247966,0,117,1,-175.5,5.0,994.7,2514952798,1,14378,795,2333.2,2088.8,395,7.82,1,12,20,7682,7,64,3,0
4271,23.77,47.0,7200,7078,8752,3247966,0,117,1,-175.5,5.0,994.7,2514954758,1,14378,795,2333.2,2088.8,395,0.43,3,42,18,6,318,2,1,0
4272,17.55,47.0,7200,7078,8752,3247966,0,117,1,-175.5,5.0,994.7,2514953406,1,14378,795,2333.2,2088.8,395,7.31,1,10,18,7233,5,3,2,0
4273,23.73,47.0,7200,7078,8752,3247966,0,117,1,-175.5,5.0,994.7,2514953702,1,14378,795,2333.2,2088.8,395,0.42,1,11,17,5,342,2,1,0
4274,18.12,47.0,7200,7078,8752,3247966,0,117,1,-175.5,5.0,994.7,2514953998,1,14378,795,2333.2,2088.8,395,7.86,2,13,16,7707,7,67,2,0
4275,25.85,47.0,7200,7078,8752,3247966,0,117,1,-175.5,5.0,994.7,2514954294,1,14378,795,2333.2,2088.8,395,0.42,1,29,24,11,306,2,2,0
4276,17.98,47.0,7200,7078,8752,3247966,0,117,1,-175.5,5.0,994.7,2514954590,1,14378,795,2333.2,2088.8,395,7.48,1,26,17,7380,7,3,2,0
4277,23.89,47.0,7200,7078,8752,3247966,0,117,1,-175.5,5.0,994.7,2514954886,1,14378,795,2333.2,2088.8,395,0.42,2,12,18,6,343,3,2,0
4278,16.85,47.0,7200,7078,8752,3247966,0,117,1,-175.5,5.0,994.7,2514955182,1,14378,795,2333.2,2088.8,395,8.02,1,15,21,7825,11,98,0,0
4279,24.87,47.0,7200,7078,8752,3247966,0,117,1,-175.5,5.0,994.7,2514955478,1,14378,795,2333.2,2088.8,395,0.46,1,12,19,6,370,4,2,0
4280,18.26,47.0,7200,7078,8752,3247966,0,117,1,-175.5,5.0,994.7,2514957438,1,14378,795,2333.2,2088.8,395,7.29,1,10,16,7215,7,3,2,0
4281,22.71,47.0,7200,7078,8752,3247966,0,117,1,-175.5,5.0,994.7,2514957734,1,14378,795,2333.2,2088.8,395,0.55,1,12,19,7,454,4,2,0
4282,18.18,47.0,7200,7078,8752,3247966,0,117,1,-175.5,5.0,994.7,2514956398,1,14378,795,2333.2,2088.8,395,7.94,1,11,16,7813,7,57,2,0
4283,24.65,47.0,7200,7078,8752,3247966,0,117,1,-175.5,5.0,994.7,2514956694,1,14378,795,2333.2,2088.8,395,0.45,1,12,21,7,360,3,2,0
4284,18.32,45.0,7200,7078,8752,3247966,0,117,1,-175.5,5.0,994.7,2514958670,1,14378,795,2333.2,2088.8,395,8.04,2,16,24,7943,0,0,0,0
4285,24.42,45.0,7200,7078,8752,3247966,0,117,1,-175.5,5.0,994.7,2514958966,1,14378,795,2333.2,2088.8,395,0.36,1,10,17,5,292,2,2,0
4286,16.97,45.0,7200,7078,8752,3247966,0,117,1,-175.5,5.0,994.7,2514957614,1,14378,795,2333.2,2088.8,395,7.68,1,11,19,7547,5,58,2,0
4287,24.03,45.0,7200,7078,8752,3247966,0,117,1,-175.5,5.0,994.7,2514959606,1,14378,795,2333.2,2088.8,395,0.37,2,10,16,5,294,2,2,0
4288,17.02,45.0,7200,7078,8752,3247966,0,117,1,-175.5,5.0,994.7,2514958222,1,14378,795,2333.2,2088.8,395,7.32,1,11,16,7239,7,3,2,0
4289,23.83,45.0,7200,7078,8752,3247966,0,117,1,-175.5,5.0,994.7,2514960230,1,14378,795,2333.2,2088.8,395,0.39,2,14,19,6,308,3,1,0
4290,18.09,45.0,7200,7078,8752,3247966,0,117,1,-175.5,5.0,994.7,2514959190,1,14378,795,2333.2,2088.8,395,7.58,3,16,19,7397,5,84,2,0
4291,24.93,45.0,7200,7078,8752,3247966,0,117,1,-175.5,5.0,994.7,2514960838,1,14378,795,2333.2,2088.8,395,0.35,1,10,16,6,284,2,2,0
4292,17.95,45.0,7200,7078,8752,3247966,0,117,1,-175.5,5.0,994.7,2514959438,1,14378,795,2333.2,2088.8,395,7.84,1,10,17,7765,6,3,2,0
4293,25.36,45.0,7200,7078,8752,3247966,0,117,1,-175.5,5.0,994.7,2514961462,1,14378,795,2333.2,2088.8,395,0.59,1,17,23,8,483,4,2,0
4294,18.19,45.0,7200,7078,8752,3247966,0,117,1,-175.5,5.0,994.7,2514960046,1,14378,795,2333.2,2088.8,395,7.78,1,16,23,7610,8,71,2,0
4295,24.28,45.0,7200,7078,8752,3247966,0,117,1,-175.5,5.0,994.7,2514960342,1,14378,795,2333.2,2088.8,395,0.46,1,11,17,6,380,3,1,0
4296,18.17,45.0,7200,7078,8752,3247966,0,117,1,-175.5,5.0,994.7,2514962366,1,14378,795,2333.2,2088.8,395,7.54,1,11,15,7461,6,2,2,0
4297,24.25,45.0,7200,7078,8752,3247966,0,117,1,-175.5,5.0,994.7,2514960950,1,14378,795,2333.2,2088.8,395,0.40,2,12,19,6,322,3,2,0
4298,17.58,45.0,7200,7078,8752,3247966,0,117,1,-175.5,5.0,994.7,2514961246,1,14378,795,2333.2,2088.8,395,7.42,1,11,16,7237,22,84,4,0
4299,24.45,45.0,7200,7078,8752,3247966,0,117,1,-175.5,5.0,994.7,2514963286,1,14378,795,2333.2,2088.8,395,0.39,2,10,17,6,319,2,1,0
4300,17.67,45.0,7200,7078,8752,3247966,0,117,1,-175.5,5.0,994.7,2514961854,1,14378,795,2333.2,2088.8,395,7.76,1,11,16,7692,5,3,2,0
4301,25.51,45.0,7200,7078,8752,3247966,0,117,1,-175.5,5.0,994.7,2514962150,1,14378,795,2333.2,2088.8,395,0.42,2,11,18,6,343,3,2,0
4302,18.06,45.0,7200,7078,8752,3247966,0,117,1,-175.5,5.0,994.7,2514962446,1,14378,795,2333.2,2088.8,395,8.47,1,10,17,8406,0,0,0,0
4303,25.19,45.0,7200,7078,8752,3247966,0,117,1,-175.5,5.0,994.7,2514964486,1,14378,795,2333.2,2088.8,395,0.41,1,12,20,6,335,2,2,0
4304,18.12,45.0,7200,7078,8752,3247966,0,117,1,-175.5,5.0,994.7,2514963054,1,14378,795,2333.2,2088.8,395,6.89,2,11,18,6812,6,3,2,0
4305,22.56,45.0,7200,7078,8752,3247966,0,117,1,-175.5,5.0,994.7,2514963350,1,14378,795,2333.2,2088.8,395,0.47,2,13,20,6,387,3,2,0
4306,17.58,45.0,7200,7078,8752,3247966,0,117,1,-175.5,5.0,994.7,2514963646,1,14378,795,2333.2,2088.8,395,8.00,3,15,20,7854,5,57,2,0
4307,24.99,45.0,7200,7078,8752,3247966,0,117,1,-175.5,5.0,994.7,2514965702,1,14378,795,2333.2,2088.8,395,0.44,1,13,19,7,354,2,2,0
4308,18.03,45.0,7200,7078,8752,3247966,0,117,1,-175.5,5.0,994.7,2514964254,1,14378,795,2333.2,2088.8,395,8.01,2,17,26,7900,8,2,2,0
4309,24.99,45.0,7200,7078,8752,3247966,0,117,1,-175.5,5.0,994.7,2514964550,1,14378,795,2333.2,2088.8,395,0.38,1,12,18,5,305,2,2,0
4310,17.72,45.0,7200,7078,8752,3247966,0,117,1,-175.5,5.0,994.7,2514964846,1,14378,795,2333.2,2088.8,395,7.63,1,10,16,7504,5,59,2,0
4311,25.27,45.0,7200,7078,8752,3247966,0,117,1,-175.5,5.0,994.7,2514965142,1,14378,795,2333.2,2088.8,395,0.35,1,10,16,5,274,2,2,0
4312,17.03,45.0,7200,7078,8752,3247966,0,117,1,-175.5,5.0,994.7,2514967198,1,14378,795,2333.2,2088.8,395,7.18,1,11,17,7090,8,2,2,0
4313,23.86,45.0,7200,7078,8752,3247966,0,117,1,-175.5,5.0,994.7,2514965750,1,14378,795,2333.2,2088.8,395,0.34,1,9,16,5,272,2,2,0
4314,17.13,45.0,7200,7078,8752,3247966,0,117,1,-175.5,5.0,994.7,2514966046,1,14378,795,2333.2,2088.8,395,7.67,1,10,17,7525,7,62,2,0
4315,24.39,45.0,7200,7078,8752,3247966,0,117,1,-175.5,5.0,994.7,2514966342,1,14378,795,2333.2,2088.8,395,0.44,1,12,20,6,360,3,2,0
4316,18.06,45.0,7200,7078,8752,3247966,0,117,1,-175.5,5.0,994.7,2514966638,1,14378,795,2333.2,2088.8,395,7.12,1,10,18,7043,7,2,2,0
4317,23.88,45.0,7200,7078,8752,3247966,0,117,1,-175.5,5.0,994.7,2514968710,1,14378,795,2333.2,2088.8,395,0.44,1,13,19,7,355,3,2,0
4318,18.29,45.0,7200,7078,8752,3247966,0,117,1,-175.5,5.0,994.7,2514967246,1,14378,795,2333.2,2088.8,395,8.02,1,16,24,7859,7,67,0,0
4319,24.64,45.0,7200,7078,8752,3247966,0,117,1,-175.5,5.0,994.7,2514967526,1,14378,795,2333.2,2088.8,395,0.43,1,20,23,7,316,4,2,0
4320,50.86,45.0,7200,7078,8752,3247966,0,117,1,-175.5,5.0,994.7,2514967966,1,14378,795,2333.2,2088.8,395,8.26,1,9,16,8188,0,0,0,0
4321,35.06,45.0,7200,7078,8752,3247966,0,117,1,-175.5,5.0,994.7,2514968118,1,14378,795,2333.2,2088.8,395,0.42,0,12,22,6,331,3,2,0
4322,18.99,45.0,7200,7078,8752,3247966,0,117,1,-175.5,5.0,994.7,2514968414,1,14378,795,2333.2,2088.8,395,7.51,1,12,19,7360,6,70,2,0
4323,24.46,45.0,7200,7078,8752,3247966,0,117,1,-175.5,5.0,994.7,2514968710,1,14378,795,2333.2,2088.8,395,0.38,1,12,19,6,298,2,2,0
4324,17.77,45.0,7200,7078,8752,3247966,0,117,1,-175.5,5.0,994.7,2514969006,1,14378,795,2333.2,2088.8,395,8.45,1,12,19,8373,0,0,0,0
4325,27.02,45.0,7200,7078,8752,3247966,0,117,1,-175.5,5.0,994.7,2514969302,1,14378,795,2333.2,2088.8,395,0.59,1,15,32,8,483,3,2,0
4326,18.30,45.0,7200,7078,8752,3247966,0,117,1,-175.5,5.0,994.7,2514969598,1,14378,795,2333.2,2088.8,395,8.00,1,10,17,7836,7,85,2,0
4327,24.44,45.0,7200,7078,8752,3247966,0,117,1,-175.5,5.0,994.7,2514971670,1,14378,795,2333.2,2088.8,395,0.40,1,10,17,5,328,3,1,0
4328,18.97,45.0,7200,7078,8752,3247966,0,117,1,-175.5,5.0,994.7,2514970206,1,14378,795,2333.2,2088.8,395,7.82,1,10,16,7750,5,2,2,0
4329,24.85,45.0,7200,7078,8752,3247966,0,117,1,-175.5,5.0,994.7,2514970502,1,14378,795,2333.2,2088.8,395,0.47,1,12,19,6,381,2,1,0
4330,18.52,46.0,7200,7078,8752,3247966,0,117,1,-175.5,5.0,994.7,2514970782,1,14378,795,2333.2,2088.8,395,7.22,1,16,20,7048,8,78,2,0
4331,47.85,46.0,7200,7078,8752,3247966,0,117,1,-175.5,5.0,994.7,2514971078,1,14378,795,2333.2,2088.8,395,0.40,1,12,17,6,315,2,1,0
4332,22.90,46.0,7200,7078,8752,3247966,0,117,1,-175.5,5.0,994.7,2514971374,1,14378,795,2333.2,2088.8,395,7.97,1,11,17,7889,7,2,2,0
4333,24.57,46.0,7200,7078,8752,3247966,0,117,1,-175.5,5.0,994.7,2514973446,1,14378,795,2333.2,2088.8,395,0.53,2,16,24,7,426,3,2,0
4334,17.80,46.0,7200,7078,8752,3247966,0,117,1,-175.5,5.0,994.7,2514971982,1,14378,795,2333.2,2088.8,395,7.92,1,17,25,7756,7,64,1,0
4335,24.06,46.0,7200,7078,8752,3247966,0,117,1,-175.5,5.0,994.7,2514972278,1,14378,795,2333.2,2088.8,395,0.37,1,10,16,6,293,3,2,0
4336,17.85,46.0,7200,7078,8752,3247966,0,117,1,-175.5,5.0,994.7,2514972574,1,14378,795,2333.2,2088.8,395,7.66,1,10,17,7583,6,2,2,0
4337,25.01,46.0,7200,7078,8752,3247966,0,117,1,-175.5,5.0,994.7,2514972870,1,14378,795,2333.2,2088.8,395,0.40,1,10,16,6,328,3,1,0
4338,18.68,46.0,7200,7078,8752,3247966,0,117,1,-175.5,5.0,994.7,2514973166,1,14378,795,2333.2,2088.8,395,7.28,1,14,21,7131,7,61,2,0
4339,26.19,46.0,7200,7078,8752,3247966,0,117,1,-175.5,5.0,994.7,2514973462,1,14378,795,2333.2,2088.8,395,0.46,1,12,19,7,375,3,2,0
4340,18.53,46.0,7200,7078,8752,3247966,0,117,1,-175.5,5.0,994.7,2514975534,1,14378,795,2333.2,2088.8,395,7.50,1,32,25,7364,8,2,2,0
4341,24.42,46.0,7200,7078,8752,3247966,0,117,1,-175.5,5.0,994.7,2514974070,1,14378,795,2333.2,2088.8,395,0.40,1,10,17,6,322,2,2,0
4342,18.56,46.0,7200,7078,8752,3247966,0,117,1,-175.5,5.0,994.7,2514974366,1,14378,795,2333.2,2088.8,395,8.39,1,16,23,8291,0,0,0,0
4343,25.62,46.0,7200,7078,8752,3247966,0,117,1,-175.5,5.0,994.7,2514974662,1,14378,795,2333.2,2088.8,395,0.36,1,11,16,6,285,3,2,0
4344,17.69,46.0,7200,7078,8752,3247966,0,117,1,-175.5,5.0,994.7,2514974958,1,14378,795,2333.2,2088.8,395,7.73,1,11,17,7650,7,3,2,0
4345,25.15,46.0,7200,7078,8752,3247966,0,117,1,-175.5,5.0,994.7,2514989838,1,14378,795,2333.2,2088.8,395,0.43,1,12,18,5,352,2,2,0
4346,17.84,46.0,7200,7078,8752,3247966,0,117,1,-175.5,5.0,994.7,2514988358,1,14378,795,2333.2,2088.8,395,8.13,1,12,20,8050,0,0,0,0
4347,24.58,46.0,7200,7078,8752,3247966,0,117,1,-175.5,5.0,994.7,2514988654,1,14378,795,2333.2,2088.8,395,0.40,1,14,20,6,315,3,1,0
4348,17.83,46.0,7200,7078,8752,3247966,0,117,1,-175.5,5.0,994.7,2514988950,1,14378,795,2333.2,2088.8,395,7.24,1,17,24,7134,6,2,2,0
4349,25.34,46.0,7200,7078,8752,3247966,0,117,1,-175.5,5.0,994.7,2514989246,1,14378,795,2333.2,2088.8,395,0.48,1,12,45,6,358,5,2,0
4350,19.64,46.0,7200,7078,8752,3247966,0,117,1,-175.5,5.0,994.7,2514989830,1,14378,795,2333.2,2088.8,395,7.23,1,9,15,7096,6,59,1,0
4351,25.86,46.0,7200,7078,8752,3247966,0,117,1,-175.5,5.0,994.7,2514989838,1,14378,795,2333.2,2088.8,395,0.49,2,15,24,8,389,2,2,0
4352,17.78,46.0,7200,7078,8752,3247966,0,117,1,-175.5,5.0,994.7,2514990134,1,14378,795,2333.2,2088.8,395,7.46,1,10,25,7369,7,3,3,0
4353,24.71,46.0,7200,7078,8752,3247966,0,117,1,-175.5,5.0,994.7,2514990430,1,14378,795,2333.2,2088.8,395,0.50,1,13,20,6,413,2,2,0
4354,18.48,46.0,7200,7078,8752,3247966,0,117,1,-175.5,5.0,994.7,2514992518,1,14378,795,2333.2,2088.8,395,7.20,1,10,16,7055,8,63,2,0
4355,23.44,46.0,7200,7078,8752,3247966,0,117,1,-175.5,5.0,994.7,2514991038,1,14378,795,2333.2,2088.8,395,0.39,1,11,17,5,314,2,2,0
4356,18.66,46.0,7200,7078,8752,3247966,0,117,1,-175.5,5.0,994.7,2514991334,1,14378,795,2333.2,2088.8,395,7.90,1,13,19,7810,7,2,3,0
4357,23.73,46.0,7200,7078,8752,3247966,0,117,1,-175.5,5.0,994.7,2514991630,1,14378,795,2333.2,2088.8,395,0.47,2,12,19,6,385,3,2,0
4358,17.68,46.0,7200,7078,8752,3247966,0,117,1,-175.5,5.0,994.7,2514991926,1,14378,795,2333.2,2088.8,395,7.75,1,25,22,7592,5,58,1,0
4359,25.00,46.0,7200,7078,8752,3247966,0,117,1,-175.5,5.0,994.7,2514992222,1,14378,795,2333.2,2088.8,395,0.44,1,11,17,6,360,2,2,0
4360,17.59,46.0,7200,7078,8752,3247966,0,117,1,-175.5,5.0,994.7,2514992518,1,14378,795,2333.2,2088.8,395,7.50,1,12,17,7406,7,2,3,0
4361,24.40,46.0,7200,7078,8752,3247966,0,117,1,-175.5,5.0,994.7,2514992814,1,14378,795,2333.2,2088.8,395,0.39,1,10,18,6,309,2,2,0
4362,18.64,46.0,7200,7078,8752,3247966,0,117,1,-175.5,5.0,994.7,2514993110,1,14378,795,2333.2,2088.8,395,7.99,2,19,20,7823,8,71,2,0
4363,24.61,46.0,7200,7078,8752,3247966,0,117,1,-175.5,5.0,994.7,2514995214,1,14378,795,2333.2,2088.8,395,0.36,1,9,16,6,289,2,2,0
4364,17.61,46.0,7200,7078,8752,3247966,0,117,1,-175.5,5.0,994.7,2514993702,1,14378,795,2333.2,2088.8,395,7.72,1,27,22,7619,5,2,2,0
4365,24.95,46.0,7200,7078,8752,3247966,0,117,1,-175.5,5.0,994.7,2514995806,1,14378,795,2333.2,2088.8,395,0.39,1,9,18,6,314,2,1,0
4366,17.70,46.0,7200,7078,8752,3247966,0,117,1,-175.5,5.0,994.7,2514994294,1,14378,795,2333.2,2088.8,395,7.99,3,23,20,7827,7,61,2,0
4367,24.46,46.0,7200,7078,8752,3247966,0,117,1,-175.5,5.0,994.7,2514996398,1,14378,795,2333.2,2088.8,395,0.45,2,12,19,7,367,3,2,0
4368,17.67,46.0,7200,7078,8752,3247966,0,117,1,-175.5,5.0,994.7,2514994902,1,14378,795,2333.2,2088.8,395,7.58,1,11,18,7493,7,3,2,0
4369,24.41,46.0,7200,7078,8752,3247966,0,117,1,-175.5,5.0,994.7,2514995198,1,14378,795,2333.2,2088.8,395,0.43,1,15,22,9,316,2,1,0
4370,17.63,46.0,7200,7078,8752,3247966,0,117,1,-175.5,5.0,994.7,2514995494,1,14378,795,2333.2,2088.8,395,8.03,1,12,19,7882,6,63,0,0
4371,25.85,46.0,7200,7078,8752,3247966,0,117,1,-175.5,5.0,994.7,2514995790,1,14378,795,2333.2,2088.8,395,0.39,1,10,17,5,319,3,1,0
4372,18.21,46.0,7200,7078,8752,3247966,0,117,1,-175.5,5.0,994.7,2514996086,1,14378,795,2333.2,2088.8,395,7.76,1,10,16,7681,7,2,2,0
4373,24.27,46.0,7200,7078,8752,3247966,0,117,1,-175.5,5.0,994.7,2514996382,1,14378,795,2333.2,2088.8,395,0.39,1,10,15,5,321,2,1,0
4374,17.89,46.0,7200,7078,8752,3247966,0,117,1,-175.5,5.0,994.7,2514996678,1,14378,795,2333.2,2088.8,395,7.48,1,10,15,7348,5,60,2,0
4375,24.34,45.0,7200,7078,8752,3247966,0,117,1,-175.5,5.0,994.7,2514998782,1,14378,795,2333.2,2088.8,395,0.38,1,12,18,6,299,2,2,0
4376,17.56,45.0,7200,7078,8752,3247966,0,117,1,-175.5,5.0,994.7,2514997286,1,14378,795,2333.2,2088.8,395,8.06,1,10,38,7951,0,0,0,0
4377,25.26,45.0,7200,7078,8752,3247966,0,117,1,-175.5,5.0,994.7,2514999406,1,14378,795,2333.2,2088.8,395,0.42,1,12,19,6,340,3,2,0
4378,17.83,45.0,7200,7078,8752,3247966,0,117,1,-175.5,5.0,994.7,2514997894,1,14378,795,2333.2,2088.8,395,7.55,3,11,17,7396,6,64,2,0
4379,23.95,45.0,7200,7078,8752,3247966,0,117,1,-175.5,5.0,994.7,2514998190,1,14378,795,2333.2,2088.8,395,0.40,1,10,18,15,308,3,1,0
4380,20.16,45.0,7200,7078,8752,3247966,0,117,1,-175.5,5.0,994.7,2514998774,1,14378,795,2333.2,2088.8,395,7.61,1,11,17,7528,6,3,2,0
4381,25.15,45.0,7200,7078,8752,3247966,0,117,1,-175.5,5.0,994.7,2514998782,1,14378,795,2333.2,2088.8,395,0.40,1,10,17,5,323,2,2,0
4382,17.13,45.0,7200,7078,8752,3247966,0,117,1,-175.5,5.0,994.7,2514999078,1,14378,795,2333.2,2088.8,395,7.74,1,26,16,7567,7,80,2,0
4383,23.89,45.0,7200,7078,8752,3247966,0,117,1,-175.5,5.0,994.7,2514999374,1,14378,795,2333.2,2088.8,395,0.36,2,11,16,5,285,2,1,0
4384,17.30,45.0,7200,7078,8752,3247966,0,117,1,-175.5,5.0,994.7,2514999670,1,14378,795,2333.2,2088.8,395,7.63,2,10,16,7544,8,3,3,0
4385,27.27,45.0,7200,7078,8752,3247966,0,117,1,-175.5,5.0,994.7,2514999966,1,14378,795,2333.2,2088.8,395,0.36,1,10,16,5,285,2,2,0
4386,19.46,45.0,7200,7078,8752,3247966,0,117,1,-175.5,5.0,994.7,2515000790,2,14378,795,2333.2,2088.8,395,7.39,1,14,21,7231,8,65,1,0
4387,25.40,45.0,7200,7078,8752,3247966,0,117,1,-175.5,5.0,994.6,2515000774,2,14378,795,2333.2,2088.8,395,0.43,2,14,17,5,346,3,2,0
4388,17.36,45.0,7200,7078,8752,3248158,0,117,1,-175.5,5.0,994.4,2515002894,2,14378,795,2333.2,2088.8,395,8.20,1,14,20,8113,0,0,0,0
4389,25.12,45.0,7200,7074,8750,3246799,0,117,1,-175.5,5.0,994.3,2515015482,2,14378,795,2333.2,2088.8,395,0.37,1,9,17,5,296,2,2,0
4390,17.95,45.0,7200,7074,8750,3246799,0,117,1,-175.5,5.0,994.1,2515015778,2,14378,795,2333.2,2088.8,395,8.29,1,10,16,8217,0,0,0,0
4391,24.39,45.0,7200,7072,8750,3246799,0,117,1,-175.5,5.0,994.0,2515016074,2,14378,795,2333.2,2088.8,395,0.64,1,18,26,9,503,4,3,0
4392,18.07,45.0,7200,7072,8750,3247039,0,117,1,-175.5,5.0,993.8,2515016370,2,14378,795,2333.2,2088.8,395,7.68,1,30,19,7577,6,2,2,0
4393,24.29,45.0,7200,7076,8754,3247415,0,117,1,-175.5,5.0,993.7,2515016666,2,14378,795,2333.2,2088.8,395,0.38,1,16,16,5,299,2,2,0
4394,18.06,45.0,7200,7075,8753,3247241,0,117,1,-175.5,5.0,993.5,2515016962,2,14378,795,2333.2,2088.8,395,8.06,1,12,19,7978,0,0,0,0
4395,24.80,45.0,7200,7069,8753,3247241,0,117,1,-175.5,5.0,993.4,2515017258,2,14378,795,2333.2,2088.8,395,0.37,1,10,16,5,292,3,2,0
4396,17.17,45.0,7200,7070,8714,3245017,0,117,1,-175.5,5.0,993.2,2515017554,2,14378,795,2333.2,2088.8,395,7.13,1,13,18,7043,8,3,2,0
4397,24.26,45.0,7200,7072,8716,3245641,0,117,1,-175.5,5.0,993.1,2515018934,2,14378,795,2333.2,2088.8,395,0.45,1,12,19,6,363,2,1,0
4398,17.18,45.0,7200,7072,8716,3245641,0,117,1,-175.5,5.0,992.9,2515019230,2,14378,795,2333.2,2088.8,395,8.20,1,12,18,8120,0,0,0,0
4399,24.48,45.0,7200,7048,8677,3241793,0,117,1,-175.5,5.0,992.8,2515019526,2,14378,795,2333.2,2088.8,395,0.39,1,11,17,5,312,3,2,0
4400,17.61,45.0,7200,7056,8669,3241653,0,117,1,-175.5,5.0,992.7,2515020826,2,14378,795,2333.2,2088.8,395,7.45,1,11,17,7369,7,2,2,0
4401,23.89,45.0,7200,7053,8668,3241529,0,117,1,-175.5,5.0,992.5,2515023990,2,14378,795,2333.2,2088.8,395,0.38,1,10,17,5,305,2,1,0
4402,17.58,45.0,7200,7053,8668,3241529,0,117,1,-175.5,5.0,992.4,2515022446,2,14378,795,2333.2,2088.8,395,7.51,2,10,17,7366,7,61,1,0
4403,24.71,45.0,7200,7119,8734,3247794,0,117,1,-175.5,5.0,992.2,2515024582,2,14378,795,2333.2,2088.8,395,0.58,25,26,28,8,434,3,3,0
4404,17.82,45.0,7200,7124,8734,3247918,0,117,1,-175.5,5.0,992.1,2515023038,2,14378,795,2333.2,2088.8,395,7.17,1,11,17,7092,5,2,2,0
4405,24.82,45.0,7200,7119,8733,3247848,0,117,1,-175.5,5.0,991.9,2515025174,2,14378,795,2333.2,2088.8,395,0.45,1,12,20,7,357,3,1,0
4406,18.25,45.0,7200,7119,8733,3247848,0,117,1,-175.5,5.0,991.8,2515023630,2,14378,795,2333.2,2088.8,395,7.60,1,9,23,7446,7,66,3,0
4407,23.73,45.0,7200,7110,8720,3240950,0,117,1,-175.5,5.0,991.6,2515025766,2,14378,795,2333.2,2088.8,395,0.46,1,13,19,7,369,2,1,0
4408,17.30,45.0,7200,7111,8718,3241282,0,117,1,-175.5,5.0,991.5,2515025274,2,14378,795,2333.2,2088.8,395,7.28,2,10,17,7187,7,4,4,0
4409,24.83,45.0,7200,7108,8712,3240998,0,117,1,-175.5,5.0,991.4,2515027410,2,14378,795,2333.2,2088.8,395,0.37,1,10,16,5,291,2,2,0
4410,19.10,45.0,7200,7108,8712,3240998,0,117,1,-175.5,5.0,991.2,2515027230,2,14378,795,2333.2,2088.8,395,7.76,1,9,16,7626,6,67,2,0
4411,26.11,45.0,7200,7112,8690,3241020,0,117,1,-175.5,5.0,991.0,2515029006,2,14378,795,2333.2,2088.8,395,0.40,2,16,16,5,322,2,1,0
4412,18.37,45.0,7200,7112,8684,3240736,0,117,1,-175.5,5.0,990.9,2515028538,2,14378,795,2333.2,2088.8,395,8.20,1,12,20,8111,0,0,0,0
4413,24.63,45.0,7200,7109,8681,3240594,0,117,1,-175.5,5.0,990.7,2515031678,2,14378,795,2333.2,2088.8,395,0.38,1,10,16,5,287,2,1,0
4414,17.69,45.0,7200,7099,8651,3239750,0,117,1,-175.5,5.0,990.6,2515030134,2,14378,795,2333.2,2088.8,395,7.26,1,12,18,7108,7,62,2,0
4415,24.39,45.0,7200,7099,8651,3239750,0,117,1,-175.5,5.0,990.4,2515033274,2,14378,795,2333.2,2088.8,395,0.47,1,12,20,7,375,3,1,0
4416,17.77,45.0,7200,7098,8650,3239050,0,117,1,-175.5,5.0,990.3,2515031730,2,14378,795,2333.2,2088.8,395,7.64,0,10,17,7554,7,2,2,0
4417,24.65,45.0,7200,6834,8382,3222194,0,117,1,-175.5,5.0,990.1,2515033866,2,14378,795,2333.2,2088.8,395,0.48,1,12,20,7,384,2,1,0
4418,17.69,45.0,7200,6834,8378,3222138,0,117,1,-175.5,5.0,990.0,2515033422,2,14378,795,2333.2,2088.8,395,7.83,1,11,18,7685,5,63,2,0
4419,23.68,45.0,7200,6834,8374,3222082,0,117,1,-175.5,5.0,989.9,2515035558,2,14378,795,2333.2,2088.8,395,0.38,1,11,17,5,302,3,2,0
4420,17.42,45.0,7200,6835,8375,3222172,0,117,1,-175.5,5.0,989.7,2515034014,2,14378,795,2333.2,2088.8,395,7.91,1,10,18,7830,7,3,2,0
4421,25.26,45.0,7200,6835,8356,3221660,0,117,1,-175.5,5.0,989.6,2515036150,2,14378,795,2333.2,2088.8,395,0.43,1,13,20,6,340,2,1,0
4422,17.58,47.0,7200,6827,8341,3221528,0,117,1,-175.5,5.0,989.4,2515035610,2,14378,795,2333.2,2088.8,395,8.39,2,16,30,8272,0,0,0,0
4423,25.12,47.0,7200,6827,8337,3221472,0,117,1,-175.5,5.0,989.3,2515038750,2,14378,795,2333.2,2088.8,395,0.36,1,13,16,5,280,2,1,0
4424,24.11,47.0,7200,6827,8337,3221472,0,117,1,-175.5,5.0,989.1,2515037206,2,14378,795,2333.2,2088.8,395,7.29,1,10,17,7208,7,2,2,0
4425,23.76,47.0,7200,6823,8333,3221300,0,117,1,-175.5,5.0,988.9,2515039342,2,14378,795,2333.2,2088.8,395,0.37,1,12,16,6,289,5,4,0
4426,16.74,47.0,7200,6819,8329,3221244,0,117,1,-175.5,5.0,988.8,2515037798,2,14378,795,2333.2,2088.8,395,8.65,1,12,19,8558,0,0,0,0
4427,26.93,47.0,7200,6819,8329,3221244,0,117,1,-175.5,5.0,988.6,2515039934,2,14378,795,2333.2,2088.8,395,0.41,1,10,16,5,335,3,3,0
4428,18.16,47.0,7200,6817,8329,3221244,0,117,1,-175.5,5.0,988.4,2515038390,2,14378,795,2333.2,2088.8,395,7.52,1,11,17,7435,7,2,2,0
4429,23.54,47.0,7200,6819,8322,3220895,0,117,1,-175.5,5.0,988.3,2515040526,2,14378,795,2333.2,2088.8,395,0.43,1,11,18,6,350,2,1,0
4430,18.12,47.0,7200,6819,8323,3225503,0,117,1,-175.5,5.0,988.2,2515039986,2,14378,795,2333.2,2088.8,395,7.89,1,10,17,7763,4,55,2,0
4431,25.68,47.0,7200,6820,8315,3225209,0,117,1,-175.5,5.0,988.0,2515042122,2,14378,795,2333.2,2088.8,395,0.56,1,15,24,8,387,4,2,0
4432,18.49,47.0,7200,6830,8322,3226355,0,117,1,-175.5,5.0,987.8,2515041726,2,14378,795,2333.2,2088.8,395,7.86,1,10,18,7772,9,4,3,0
4433,24.85,47.0,7200,6830,8322,3226355,0,117,1,-175.5,5.0,987.7,2515043862,2,14378,795,2333.2,2088.8,395,0.36,1,10,17,6,285,2,2,0
4434,17.80,47.0,7200,6833,8322,3226355,0,117,1,-175.5,5.0,987.5,2515042334,2,14378,795,2333.2,2088.8,395,7.23,1,13,21,7074,6,64,2,0
4435,24.07,47.0,7200,6844,8313,3225913,0,117,1,-175.5,5.0,987.4,2515042630,2,14378,795,2333.2,2088.8,395,0.37,1,10,17,5,297,3,1,0
4436,17.93,47.0,7200,6840,8313,3225913,0,117,1,-175.5,5.0,987.3,2515043930,2,14378,795,2333.2,2088.8,395,7.67,1,10,16,7582,6,2,3,0
4437,25.48,47.0,7200,6808,8281,3221125,0,117,1,-175.5,5.0,987.1,2515044226,2,14378,795,2333.2,2088.8,395,0.52,1,11,19,9,435,3,2,0
4438,17.89,47.0,7200,6805,8278,3220705,0,117,1,-175.5,5.0,986.9,2515045526,2,14378,795,2333.2,2088.8,395,7.50,3,16,17,7349,7,63,2,0
4439,23.11,47.0,7200,6810,8278,3220705,0,117,1,-175.5,5.0,986.8,2515045822,2,14378,795,2333.2,2088.8,395,0.38,1,11,17,6,296,2,1,0
4440,19.58,47.0,7200,6811,8279,3220795,0,117,1,-175.5,5.0,986.7,2515046478,2,14378,795,2333.2,2088.8,395,6.99,1,9,15,6912,6,2,3,0
4441,25.05,47.0,7200,6815,8283,3220937,0,117,1,-175.5,5.0,986.5,2515046414,2,14378,795,2333.2,2088.8,395,0.45,1,13,21,6,359,2,1,0
4442,17.99,47.0,7200,6815,8283,3220937,0,117,1,-175.5,5.0,986.3,2515046710,2,14378,795,2333.2,2088.8,395,7.30,1,19,22,7139,7,65,2,0
4443,24.01,47.0,7200,6814,8283,3225475,0,117,1,-175.5,5.0,986.2,2515047006,2,14378,795,2333.2,2088.8,395,0.42,1,12,19,7,332,2,2,0
4444,17.63,47.0,7200,6814,8283,3225475,0,117,1,-175.5,5.0,986.1,2515047302,2,14378,795,2333.2,2088.8,395,7.86,1,15,19,7759,6,2,3,0
4445,23.94,47.0,7200,6813,8283,3225475,0,117,1,-175.5,5.0,985.9,2515047598,2,14378,795,2333.2,2088.8,395,0.40,1,11,32,6,301,2,2,0
4446,17.49,47.0,7200,6816,8286,3225599,0,117,1,-175.5,5.0,985.8,2515047894,2,14378,795,2333.2,2088.8,395,7.77,1,13,19,7572,6,64,3,0
4447,24.34,47.0,7200,6818,8288,3225783,0,117,1,-175.5,5.0,985.6,2515048190,2,14378,795,2333.2,2088.8,395,0.37,1,9,17,5,298,3,1,0
4448,17.22,47.0,7200,6818,8288,3225783,0,117,1,-175.5,5.0,985.5,2515048486,2,14378,795,2333.2,2088.8,395,7.43,1,11,18,7335,7,3,3,0
4449,24.06,47.0,7200,6818,8288,3225783,0,117,1,-175.5,5.0,985.3,2515048782,2,14378,795,2333.2,2088.8,395,0.37,1,10,17,5,291,2,1,0
4450,17.07,47.0,7200,6820,8290,3225983,0,117,1,-175.5,5.0,985.2,2515049078,2,14378,795,2333.2,2088.8,395,7.68,1,13,18,7533,7,65,2,0
4451,23.90,47.0,7200,6817,8288,3225864,0,117,1,-175.5,5.0,985.1,2515049374,2,14378,795,2333.2,2088.8,395,0.38,1,11,18,6,302,2,2,0
4452,17.24,47.0,7200,6817,8288,3225864,0,117,1,-175.5,5.0,984.9,2515049670,2,14378,795,2333.2,2088.8,395,7.49,1,11,19,7394,9,3,3,0
4453,24.68,47.0,7200,6814,8279,3225438,0,117,1,-175.5,5.0,984.8,2515049966,2,14378,795,2333.2,2088.8,395,0.42,2,16,22,6,322,3,2,0
4454,17.97,47.0,7200,6811,8276,3229766,0,117,1,-175.5,5.0,984.6,2516840146,2,14378,795,2333.2,2088.8,395,48.12,1,12,19,7445,8,64,2,0
4455,70.31,47.0,7200,7015,8480,3247954,0,117,1,-175.5,5.0,984.5,2517053598,2,14378,795,2333.2,2088.8,395,0.38,1,11,20,6,294,1,1,0
4456,17.82,47.0,7200,7015,8480,3247954,0,117,1,-175.5,5.0,984.0,2517053894,2,14378,795,2333.2,2088.8,395,7.56,1,12,18,7463,12,5,2,0
4457,25.44,47.0,7200,7202,8670,3289948,0,117,1,-175.5,5.0,983.9,2517054190,2,14378,795,2333.2,2088.8,395,0.37,2,11,17,6,290,2,2,0
4458,18.38,47.0,7200,7182,8650,3289364,0,117,1,-175.5,5.0,983.7,2517054486,2,14378,795,2333.2,2088.8,395,7.68,2,16,21,7502,8,65,2,0
4459,24.57,47.0,7200,7185,8655,3289464,0,117,1,-175.5,5.0,983.6,2517055786,2,14378,795,2333.2,2088.8,395,0.39,1,10,17,5,300,2,2,0
4460,17.98,47.0,7200,7184,8654,3288664,0,117,1,-175.5,5.0,983.4,2517056082,2,14378,795,2333.2,2088.8,395,8.07,1,11,19,7995,0,0,0,0
4461,24.45,47.0,7200,7180,8638,3287551,0,117,1,-175.5,5.0,983.3,2517056378,2,14378,795,2333.2,2088.8,395,0.48,1,12,19,6,392,3,2,0
4462,17.99,47.0,7200,7179,8640,3287599,0,117,1,-175.5,5.0,983.1,2517057678,2,14378,795,2333.2,2088.8,395,7.83,2,16,24,7634,6,81,1,0
4463,24.66,47.0,7200,7179,8640,3287599,0,117,1,-175.5,5.0,983.0,2517057974,2,14378,795,2333.2,2088.8,395,0.42,2,11,19,6,332,2,1,0
4464,17.22,47.0,7200,7180,8641,3287635,0,117,1,-175.5,5.0,982.8,2517058270,2,14378,795,2333.2,2088.8,395,7.39,1,10,17,7298,7,3,2,0
4465,24.80,47.0,7200,7181,8641,3286046,0,117,1,-175.5,5.0,982.7,2517058566,2,14378,795,2333.2,2088.8,395,0.65,1,18,27,9,502,3,2,0
4466,18.46,44.0,7200,7181,8641,3286046,0,117,1,-175.5,5.0,982.5,2517058862,2,14378,795,2333.2,2088.8,395,7.86,0,9,15,7686,11,87,2,0
4467,26.18,44.0,7200,7181,8641,3286046,0,117,1,-175.5,5.0,982.4,2517060982,2,14378,795,2333.2,2088.8,395,0.36,1,9,17,6,287,2,2,0
4468,17.39,44.0,7200,7181,8641,3286046,0,117,1,-175.5,5.0,982.2,2517059470,2,14378,795,2333.2,2088.8,395,7.91,2,15,23,7798,5,3,2,0
4469,25.40,44.0,7200,7178,8641,3286046,0,117,1,-175.5,5.0,982.1,2517059750,2,14378,795,2333.2,2088.8,395,0.41,1,12,28,11,296,2,2,0
4470,48.70,44.0,7200,7178,8641,3286046,0,117,1,-175.5,5.0,981.9,2517060478,2,14378,795,2333.2,2088.8,395,7.72,1,10,17,7567,7,63,2,0
4471,25.54,44.0,7200,7178,8638,3285976,0,117,1,-175.5,5.0,981.5,2517060342,2,14378,795,2333.2,2088.8,395,0.39,1,9,16,5,307,2,1,0
4472,18.01,44.0,7200,7179,8635,3285454,0,117,1,-175.5,5.0,981.4,2517060638,2,14378,795,2333.2,2088.8,395,7.35,2,12,28,7245,6,2,2,0
4473,23.38,44.0,7200,7178,8635,3285454,0,117,1,-175.5,5.0,981.2,2517060934,2,14378,795,2333.2,2088.8,395,0.40,1,11,19,6,299,2,1,0
4474,17.67,44.0,7200,7175,8626,3285028,0,117,1,-175.5,5.0,981.1,2517061230,2,14378,795,2333.2,2088.8,395,7.75,2,15,25,7559,7,77,1,0
4475,25.76,44.0,7200,7172,8617,3284746,0,117,1,-175.5,5.0,980.9,2517062746,2,14378,795,2333.2,2088.8,395,0.47,1,11,19,6,372,3,2,0
4476,19.63,44.0,7200,7169,8617,3284746,0,117,1,-175.5,5.0,980.8,2517064046,2,14378,795,2333.2,2088.8,395,8.08,1,36,24,7941,0,0,0,0
4477,25.90,44.0,7200,7167,8616,3284716,0,117,1,-175.5,5.0,980.6,2517064342,2,14378,795,2333.2,2088.8,395,0.41,1,9,47,6,294,2,2,0
4478,18.99,44.0,7200,7167,8616,3284716,0,117,1,-175.5,5.0,980.4,2517064638,2,14378,795,2333.2,2088.8,395,6.74,1,9,17,6605,5,59,2,0
4479,22.52,44.0,7200,7162,8616,3285091,0,117,1,-175.5,5.0,980.3,2517064934,2,14378,795,2333.2,2088.8,395,0.38,1,9,17,6,292,4,3,0
4480,17.75,44.0,7200,7154,8591,3284063,0,117,1,-175.5,5.0,980.2,2517065230,2,14378,795,2333.2,2088.8,395,7.34,2,10,27,7247,5,2,2,0
4481,24.07,44.0,7200,7154,8591,3284063,0,117,1,-175.5,5.0,980.0,2517066530,2,14378,795,2333.2,2088.8,395,0.43,1,9,28,5,337,2,2,0
4482,18.30,44.0,7200,7154,8591,3284063,0,117,1,-175.5,5.0,979.9,2517066826,2,14378,795,2333.2,2088.8,395,7.16,1,14,16,7017,3,67,2,0
4483,23.61,44.0,7200,7150,8591,3284063,0,117,1,-175.5,5.0,979.7,2517067122,2,14378,795,2333.2,2088.8,395,0.40,1,9,16,5,324,2,2,0
4484,18.23,44.0,7200,7146,8587,3283727,0,117,1,-175.5,5.0,979.6,2517067418,2,14378,795,2333.2,2088.8,395,6.86,1,10,16,6777,5,3,2,0
4485,22.93,44.0,7200,7146,8587,3283727,0,117,1,-175.5,5.0,979.4,2517067714,2,14378,795,2333.2,2088.8,395,0.36,1,8,16,6,288,2,2,0
4486,17.73,44.0,7200,7150,8587,3283727,0,117,1,-175.5,5.0,979.3,2517068010,2,14378,795,2333.2,2088.8,395,7.13,1,9,16,6990,3,57,2,0
4487,22.50,44.0,7200,7148,8588,3283735,0,117,1,-175.5,5.0,979.2,2517068306,2,14378,795,2333.2,2088.8,395,0.38,1,8,16,5,302,2,1,0
4488,17.69,44.0,7200,7149,8589,3283985,0,117,1,-175.5,5.0,979.0,2517068602,2,14378,795,2333.2,2088.8,395,7.16,1,8,17,7077,5,3,2,0
4489,22.86,44.0,7200,7138,8574,3282915,0,117,1,-175.5,5.0,978.9,2517068898,2,14378,795,2333.2,2088.8,395,0.40,1,8,16,5,312,2,1,0
4490,17.72,44.0,7200,7138,8574,3282915,0,117,1,-175.5,5.0,978.7,2517070198,2,14378,795,2333.2,2088.8,395,6.91,1,9,17,6780,5,58,1,0
4491,22.80,44.0,7200,7138,8571,3282744,0,117,1,-175.5,5.0,978.6,2517070494,2,14378,795,2333.2,2088.8,395,0.35,1,10,16,5,278,2,2,0
4492,16.66,44.0,7200,7138,8571,3282744,0,117,1,-175.5,5.0,978.4,2517072614,2,14378,795,2333.2,2088.8,395,7.19,1,9,16,7115,4,3,2,0
4493,23.96,44.0,7200,7137,8571,3282744,0,117,1,-175.5,5.0,978.3,2517071102,2,14378,795,2333.2,2088.8,395,0.36,1,9,28,6,273,2,1,0
4494,16.67,44.0,7200,7136,8570,3282709,0,117,1,-175.5,5.0,978.1,2517071398,2,14378,795,2333.2,2088.8,395,6.98,1,9,16,6851,5,57,2,0
4495,23.36,44.0,7200,7136,8570,3282709,0,117,1,-175.5,5.0,978.0,2517071694,2,14378,795,2333.2,2088.8,395,0.39,1,9,16,5,301,2,2,0
4496,16.91,44.0,7200,7137,8566,3282531,0,117,1,-175.5,5.0,977.9,2517071990,2,14378,795,2333.2,2088.8,395,7.24,0,9,16,7165,5,2,2,0
4497,23.19,44.0,7200,7137,8566,3282531,0,117,1,-175.5,5.0,977.7,2517072286,2,14378,795,2333.2,2088.8,395,0.36,1,9,17,5,280,2,1,0
4498,17.06,44.0,7200,7133,8557,3282105,0,117,1,-175.5,5.0,977.6,2517072582,2,14378,795,2333.2,2088.8,395,7.55,1,8,16,7406,6,65,2,0
4499,24.28,44.0,7200,7133,8557,3282105,0,117,1,-175.5,5.0,977.5,2517073882,2,14378,795,2333.2,2088.8,395,0.40,0,9,16,6,322,2,2,0
4500,18.78,44.0,7200,7133,8557,3282105,0,117,1,-175.5,5.0,977.3,2517074538,2,14378,795,2333.2,2088.8,395,7.23,1,9,15,7145,5,2,2,0
4501,24.67,44.0,7200,7135,8557,3282201,0,117,1,-175.5,5.0,977.2,2517074474,2,14378,795,2333.2,2088.8,395,0.35,1,8,16,5,281,2,1,0
4502,16.27,44.0,7200,7135,8557,3282201,0,117,1,-175.5,5.0,977.0,2517074770,2,14378,795,2333.2,2088.8,395,6.88,1,8,17,6756,3,52,2,0
4503,23.04,44.0,7200,7139,8557,3282201,0,117,1,-175.5,5.0,976.9,2517075066,2,14378,795,2333.2,2088.8,395,0.37,0,9,16,5,297,3,2,0
4504,16.30,44.0,7200,7139,8557,3282201,0,117,1,-175.5,5.0,976.7,2517075362,2,14378,795,2333.2,2088.8,395,7.20,1,9,15,7119,5,2,3,0
4505,24.82,44.0,7200,7139,8557,3282201,0,117,1,-175.5,5.0,976.6,2517075658,2,14378,795,2333.2,2088.8,395,0.35,1,8,16,5,278,2,1,0
4506,16.50,44.0,7200,7142,8552,3281972,0,117,1,-175.5,5.0,976.4,2517075954,2,14378,795,2333.2,2088.8,395,7.12,1,9,17,6986,4,59,2,0
4507,23.27,44.0,7200,7142,8552,3281972,0,117,1,-175.5,5.0,976.3,2517076250,2,14378,795,2333.2,2088.8,395,0.36,1,8,16,5,288,2,2,0
4508,16.84,44.0,7200,7142,8552,3281972,0,117,1,-175.5,5.0,976.2,2517076546,2,14378,795,2333.2,2088.8,395,7.12,1,9,16,7032,5,6,4,0
4509,23.49,44.0,7200,7140,8552,3281972,0,117,1,-175.5,5.0,976.0,2517076842,2,14378,795,2333.2,2088.8,395,0.40,1,10,20,6,310,3,1,0
4510,16.84,44.0,7200,7140,8552,3281972,0,117,1,-175.5,5.0,975.9,2517077138,2,14378,795,2333.2,2088.8,395,7.08,3,12,17,6926,6,62,2,0
4511,23.33,44.0,7200,7146,8552,3281972,0,117,1,-175.5,5.0,975.8,2517077434,2,14378,795,2333.2,2088.8,395,0.37,1,8,16,5,296,2,2,0
4512,16.24,44.0,7200,7142,8548,3281811,0,117,1,-175.5,5.0,975.6,2517077730,2,14378,795,2333.2,2088.8,395,6.94,1,8,16,6859,4,2,2,0
4513,22.23,47.0,7200,7183,8589,3314493,0,117,1,-175.5,5.0,975.5,2517079866,2,14378,795,2333.2,2088.8,395,0.39,1,9,16,5,311,2,2,0
4514,16.32,47.0,7200,7183,8589,3314493,0,117,1,-175.5,5.0,975.3,2517078322,2,14378,795,2333.2,2088.8,395,7.36,1,8,16,7212,6,62,2,0
4515,24.40,47.0,7200,7183,8589,3314493,0,117,1,-175.5,5.0,975.2,2517080458,2,14378,795,2333.2,2088.8,395,0.38,1,9,17,5,297,2,1,0
4516,16.62,47.0,7200,7183,8586,3314322,0,117,1,-175.5,5.0,975.0,2517078914,2,14378,795,2333.2,2088.8,395,7.00,1,9,17,6919,4,3,2,0
4517,22.81,47.0,7200,7193,8596,3315510,0,117,1,-175.5,5.0,974.9,2517081050,2,14378,795,2333.2,2088.8,395,0.36,1,9,17,5,281,3,1,0
4518,16.46,47.0,7200,7193,8596,3315510,0,117,1,-175.5,5.0,974.8,2517079506,2,14378,795,2333.2,2088.8,395,7.27,2,10,16,7123,5,60,3,0
4519,23.66,47.0,7200,7195,8596,3315510,0,117,1,-175.5,5.0,974.6,2517081642,2,14378,795,2333.2,2088.8,395,0.37,1,9,17,6,288,2,2,0
4520,16.67,47.0,7200,7195,8596,3315510,0,117,1,-175.5,5.0,974.5,2514694850,2,14378,795,2333.2,2088.8,395,47.41,1,9,17,7149,3,2,2,0
4521,72.87,47.0,7200,7297,8693,3332241,0,117,1,-175.5,5.0,974.4,2514782086,2,14378,795,2333.2,2088.8,395,0.35,1,9,15,6,278,2,2,0
4522,16.87,47.0,7200,7281,8667,3331113,0,117,1,-175.5,5.0,973.9,2514780558,2,14378,795,2333.2,2088.8,395,7.59,1,9,17,7416,10,84,4,0
4523,23.65,47.0,7200,7281,8668,3331897,0,117,1,-175.5,5.0,973.7,2514783682,2,14378,795,2333.2,2088.8,395,0.37,1,9,16,5,297,3,1,0
4524,17.90,47.0,7200,7277,8668,3331897,0,117,1,-175.5,5.0,973.6,2514782154,2,14378,795,2333.2,2088.8,395,7.02,1,9,16,6945,3,1,1,0
4525,24.74,47.0,7200,7281,8672,3332091,0,117,1,-175.5,5.0,973.4,2514784274,2,14378,795,2333.2,2088.8,395,0.37,1,9,16,5,295,2,2,0
4526,17.66,47.0,7200,7281,8672,3332091,0,117,1,-175.5,5.0,973.3,2514782746,2,14378,795,2333.2,2088.8,395,7.44,1,9,17,7284,6,63,2,0
4527,23.91,47.0,7200,7277,8668,3331951,0,117,1,-175.5,5.0,973.1,2514784866,2,14378,795,2333.2,2088.8,395,0.36,1,9,17,5,290,2,1,0
4528,17.01,47.0,7200,7277,8668,3331951,0,117,1,-175.5,5.0,973.0,2514783338,2,14378,795,2333.2,2088.8,395,7.05,1,9,16,6969,5,3,2,0
4529,23.08,47.0,7200,7273,8659,3326817,0,117,1,-175.5,5.0,972.9,2514785458,2,14378,795,2333.2,2088.8,395,0.36,1,9,16,5,287,2,1,0
4530,18.41,47.0,7200,7273,8659,3326817,0,117,1,-175.5,5.0,972.7,2514785366,2,14378,795,2333.2,2088.8,395,7.09,1,8,16,6959,5,60,2,0
4531,24.41,47.0,7200,7266,8655,3325004,0,117,1,-175.5,5.0,972.6,2514787054,2,14378,795,2333.2,2088.8,395,0.38,1,19,18,6,295,2,1,0
4532,17.08,47.0,7200,7264,8654,3324920,0,117,1,-175.5,5.0,972.4,2514785526,2,14378,795,2333.2,2088.8,395,7.05,1,9,16,6973,4,2,2,0
4533,23.40,47.0,7200,7264,8654,3324920,0,117,1,-175.5,5.0,972.3,2514787646,2,14378,795,2333.2,2088.8,395,0.36,1,9,16,6,285,2,1,0
4534,16.79,47.0,7205,7262,8652,3324794,0,117,1,-175.5,5.0,972.1,2516522434,2,14377,795,2333.2,2088.8,395,47.20,1,15,19,7277,5,1053,0,0
4535,65.87,47.0,7205,7271,8660,3330922,0,117,1,-175.5,5.0,972.0,2516523398,2,14377,795,2333.2,2088.8,395,0.40,1,8,18,6,314,2,1,0
4536,17.87,47.0,7205,7271,8660,3331060,0,117,1,-175.5,5.0,971.5,2516523694,2,14377,795,2333.2,2088.8,395,7.14,1,10,16,7059,5,2,2,0
4537,22.90,47.0,7205,7271,8660,3331060,0,117,1,-175.5,5.0,971.4,2516523990,2,14377,795,2333.2,2088.8,395,0.40,0,9,16,5,323,2,2,0
4538,17.32,47.0,7205,7271,8660,3331060,0,117,1,-175.5,5.0,971.2,2516524286,2,14377,795,2333.2,2088.8,395,7.03,1,9,17,6891,4,58,2,0
4539,23.36,47.0,7205,7271,8660,3331060,0,117,1,-175.5,5.0,971.1,2516524582,2,14377,795,2333.2,2088.8,395,0.38,1,9,16,6,306,2,2,0
4540,17.30,47.0,7205,7255,8644,3330492,0,117,1,-175.5,5.0,971.0,2516524878,2,14377,795,2333.2,2088.8,395,7.25,1,9,16,7169,5,2,2,0
4541,24.03,47.0,7205,7254,8643,3330550,0,117,1,-175.5,5.0,970.8,2516526178,2,14377,795,2333.2,2088.8,395,0.40,1,9,16,13,300,2,1,0
4542,17.33,47.0,7205,7254,8643,3330550,0,117,1,-175.5,5.0,970.7,2516526474,2,14377,795,2333.2,2088.8,395,6.95,1,8,17,6829,3,52,2,0
4543,23.82,47.0,7205,7252,8636,3330104,0,117,1,-175.5,5.0,970.6,2516526770,2,14377,795,2333.2,2088.8,395,0.38,1,9,16,5,301,2,2,0
4544,17.31,47.0,7205,7253,8635,3330020,0,117,1,-175.5,5.0,970.4,2516528070,2,14377,795,2333.2,2088.8,395,7.10,1,9,16,7025,6,3,2,0
4545,24.13,47.0,7205,7249,8620,3329281,0,117,1,-175.5,5.0,970.3,2516530174,2,14377,795,2333.2,2088.8,395,0.37,1,9,16,5,291,2,2,0
4546,17.44,47.0,7205,7248,8619,3329157,0,117,1,-175.5,5.0,970.1,2516530018,2,14377,795,2333.2,2088.8,395,7.06,1,9,17,6933,4,54,2,0
4547,23.37,47.0,7205,7243,8602,3328745,0,117,1,-175.5,5.0,970.0,2516532138,2,14377,795,2333.2,2088.8,395,0.38,1,11,18,6,295,2,2,0
4548,17.04,47.0,7205,7244,8603,3328809,0,117,1,-175.5,5.0,969.8,2516531630,2,14377,795,2333.2,2088.8,395,7.15,1,8,16,7074,6,2,3,0
4549,23.61,47.0,7205,7232,8583,3327829,0,117,1,-175.5,5.0,969.7,2516531926,2,14377,795,2333.2,2088.8,395,0.40,1,9,16,5,319,2,2,0
4550,17.72,47.0,7205,7232,8583,3327829,0,117,1,-175.5,5.0,969.5,2516533226,2,14377,795,2333.2,2088.8,395,6.95,1,10,16,6809,5,58,2,0
4551,23.92,47.0,7205,7232,8583,3327829,0,117,1,-175.5,5.0,969.4,2516533522,2,14377,795,2333.2,2088.8,395,0.36,2,14,17,5,282,2,2,0
4552,17.05,47.0,7205,7215,8563,3326689,0,117,1,-175.5,5.0,969.2,2516533818,2,14377,795,2333.2,2088.8,395,7.11,1,9,17,7033,5,3,2,0
4553,23.68,47.0,7205,7215,8559,3326448,0,117,1,-175.5,5.0,969.1,2516536942,2,14377,795,2333.2,2088.8,395,0.43,1,9,16,5,337,4,2,0
4554,17.23,47.0,7205,7212,8559,3326448,0,117,1,-175.5,5.0,969.0,2516535430,2,14377,795,2333.2,2088.8,395,7.38,1,8,18,7228,4,69,2,0
4555,23.31,47.0,7205,7212,8559,3326448,0,117,1,-175.5,5.0,968.8,2516535726,2,14377,795,2333.2,2088.8,395,0.37,1,8,16,5,297,2,1,0
4556,17.23,47.0,7205,7213,8558,3326418,0,117,1,-175.5,5.0,968.7,2516536022,2,14377,795,2333.2,2088.8,395,7.42,1,9,16,7327,6,5,5,0
4557,23.15,47.0,7205,7213,8558,3326418,0,117,1,-175.5,5.0,968.5,2516536318,2,14377,795,2333.2,2088.8,395,0.37,1,8,17,5,291,2,1,0
4558,16.96,45.0,7205,7216,8558,3326418,0,117,1,-175.5,5.0,968.4,2516536614,2,14377,795,2333.2,2088.8,395,7.01,1,10,16,6870,3,52,3,0
4559,24.35,45.0,7205,7216,8558,3326418,0,117,1,-175.5,5.0,968.3,2516538750,2,14377,795,2333.2,2088.8,395,0.45,1,11,21,7,349,4,2,0
4560,19.76,45.0,7205,7217,8554,3326218,0,117,1,-175.5,5.0,968.1,2516537654,2,14377,795,2333.2,2088.8,395,7.09,1,8,17,6995,4,7,6,0
4561,24.19,45.0,7205,7203,8545,3325448,0,117,1,-175.5,5.0,968.0,2516537518,2,14377,795,2333.2,2088.8,395,0.35,1,8,17,6,276,2,2,0
4562,17.16,45.0,7205,7192,8528,3324978,0,117,1,-175.5,5.0,967.8,2516538818,2,14377,795,2333.2,2088.8,395,7.05,1,9,17,6912,5,59,2,0
4563,22.96,45.0,7205,7188,8524,3324858,0,117,1,-175.5,5.0,967.7,2516540118,2,14377,795,2333.2,2088.8,395,0.36,1,8,15,6,286,2,1,0
4564,16.93,45.0,7205,7188,8524,3324858,0,117,1,-175.5,5.0,967.5,2516540414,2,14377,795,2333.2,2088.8,395,7.34,1,9,17,7261,4,2,3,0
4565,23.07,45.0,7205,7188,8525,3329466,0,117,1,-175.5,5.0,967.4,2516540710,2,14377,795,2333.2,2088.8,395,0.36,1,8,16,6,285,3,1,0
4566,17.20,45.0,7205,7192,8524,3329396,0,117,1,-175.5,5.0,967.2,2516541006,2,14377,795,2333.2,2088.8,395,7.37,1,8,15,7227,4,72,2,0
4567,25.21,45.0,7205,7192,8524,3329396,0,117,1,-175.5,5.0,967.1,2516541302,2,14377,795,2333.2,2088.8,395,0.36,1,9,16,4,277,2,1,0
4568,17.20,45.0,7205,7192,8524,3329396,0,117,1,-175.5,5.0,966.9,2516541598,2,14377,795,2333.2,2088.8,395,7.36,2,10,17,7269,6,3,2,0
4569,23.85,45.0,7205,7181,8512,3329116,0,117,1,-175.5,5.0,966.8,2516543734,2,14377,795,2333.2,2088.8,395,0.42,2,15,20,7,313,3,1,0
4570,17.16,45.0,7205,7184,8512,3329116,0,117,1,-175.5,5.0,966.6,2516543210,2,14377,795,2333.2,2088.8,395,7.20,2,8,15,7061,12,60,1,0
4571,22.99,45.0,7205,7184,8512,3329116,0,117,1,-175.5,5.0,966.5,2516543506,2,14377,795,2333.2,2088.8,395,0.37,1,9,17,5,296,2,1,0
4572,17.21,45.0,7205,7184,8512,3329116,0,117,1,-175.5,5.0,966.4,2516543802,2,14377,795,2333.2,2088.8,395,8.24,1,9,16,8165,0,0,0,0
4573,24.39,45.0,7205,7181,8510,3329016,0,117,1,-175.5,5.0,966.2,2516544110,2,14377,795,2333.2,2088.8,395,0.38,1,9,17,6,303,2,2,0
4574,17.18,45.0,7205,7184,8502,3328570,0,117,1,-175.5,5.0,966.1,2516544406,2,14377,795,2333.2,2088.8,395,7.04,2,9,16,6906,5,57,2,0
4575,23.82,45.0,7205,7180,8490,3327524,0,117,1,-175.5,5.0,966.0,2516545706,2,14377,795,2333.2,2088.8,395,0.38,2,9,17,5,306,2,2,0
4576,16.54,45.0,7205,7180,8490,3327524,0,117,1,-175.5,5.0,965.8,2516547006,2,14377,795,2333.2,2088.8,395,7.04,1,9,15,6961,4,2,3,0
4577,23.49,45.0,7205,7187,8494,3328690,0,117,1,-175.5,5.0,965.7,2516547302,2,14377,795,2333.2,2088.8,395,0.36,1,8,15,5,291,2,2,0
4578,18.20,45.0,7205,7187,8494,3328690,0,117,1,-175.5,5.0,965.5,2516547598,2,14377,795,2333.2,2088.8,395,7.04,1,8,17,6904,4,52,2,0
4579,22.88,45.0,7205,7187,8494,3328690,0,117,1,-175.5,5.0,965.4,2516547894,2,14377,795,2333.2,2088.8,395,0.37,1,9,17,5,296,2,1,0
4580,16.82,45.0,7205,7187,8494,3328690,0,117,1,-175.5,5.0,965.2,2516548190,2,14377,795,2333.2,2088.8,395,7.03,1,9,16,6954,5,3,2,0
4581,23.59,45.0,7205,7187,8495,3329490,0,117,1,-175.5,5.0,965.1,2516548486,2,14377,795,2333.2,2088.8,395,0.40,1,10,21,10,313,2,2,0
4582,16.81,45.0,7205,7179,8487,3328622,0,117,1,-175.5,5.0,964.9,2516548782,2,14377,795,2333.2,2088.8,395,7.03,1,9,16,6905,3,50,2,0
4583,23.44,45.0,7205,7179,8483,3328422,0,117,1,-175.5,5.0,964.8,2516551938,2,14377,795,2333.2,2088.8,395,0.42,1,11,27,6,335,2,1,0
4584,17.77,45.0,7205,7179,8483,3328422,0,117,1,-175.5,5.0,964.7,2516550378,2,14377,795,2333.2,2088.8,395,7.41,1,9,33,7311,6,2,2,0
4585,22.85,45.0,7205,7179,8480,3328339,0,117,1,-175.5,5.0,964.5,2516552530,2,14377,795,2333.2,2088.8,395,0.36,1,10,16,6,286,2,1,0
4586,16.39,45.0,7205,7179,8477,3328487,0,117,1,-175.5,5.0,964.4,2516550970,2,14377,795,2333.2,2088.8,395,7.05,1,8,15,6927,4,53,1,0
4587,23.28,45.0,7205,7179,8477,3328487,0,117,1,-175.5,5.0,964.3,2516553122,2,14377,795,2333.2,2088.8,395,0.36,1,9,17,5,281,2,1,0
4588,17.45,45.0,7205,7179,8474,3328369,0,117,1,-175.5,5.0,964.1,2516551562,2,14377,795,2333.2,2088.8,395,7.11,1,9,16,7033,5,3,2,0
4589,22.94,45.0,7205,7179,8474,3328377,0,117,1,-175.5,5.0,964.0,2516553714,2,14377,795,2333.2,2088.8,395,0.35,0,8,17,9,277,2,2,0
4590,18.10,45.0,7205,7179,8474,3328377,0,117,1,-175.5,5.0,963.8,2516552530,2,14377,795,2333.2,2088.8,395,7.27,1,8,16,7137,5,62,2,0
4591,24.30,45.0,7205,7179,8474,3328377,0,117,1,-175.5,5.0,963.7,2516552466,2,14377,795,2333.2,2088.8,395,0.36,1,9,16,5,289,3,1,0
4592,16.72,45.0,7205,7179,8474,3328377,0,117,1,-175.5,5.0,963.5,2516552762,2,14377,795,2333.2,2088.8,395,6.89,1,8,16,6810,5,2,2,0
4593,22.20,45.0,7205,7179,8474,3328377,0,117,1,-175.5,5.0,963.4,2516553058,2,14377,795,2333.2,2088.8,395,0.38,1,9,16,5,308,2,1,0
4594,17.05,45.0,7205,7088,8378,3303794,0,117,1,-175.5,5.0,963.2,2516553354,2,14377,795,2333.2,2088.8,395,7.13,1,9,28,6977,5,58,2,0
4595,28.40,45.0,7205,7072,8362,3303378,0,117,1,-175.5,5.0,963.1,2516554654,2,14377,795,2333.2,2088.8,395,0.36,1,9,17,6,287,2,2,0
4596,16.49,45.0,7205,7072,8362,3303378,0,117,1,-175.5,5.0,962.9,2516555954,2,14377,795,2333.2,2088.8,395,7.48,1,9,17,7400,6,3,2,0
4597,23.60,45.0,7205,7071,8361,3303308,0,117,1,-175.5,5.0,962.8,2516556250,2,14377,795,2333.2,2088.8,395,0.39,1,8,41,5,287,2,1,0
4598,16.52,45.0,7205,7071,8361,3303308,0,117,1,-175.5,5.0,962.6,2516556546,2,14377,795,2333.2,2088.8,395,7.02,1,9,17,6887,3,52,3,0
4599,23.60,45.0,7205,7071,8362,3307916,0,117,1,-175.5,5.0,962.5,2516556842,2,14377,795,2333.2,2088.8,395,0.38,1,9,16,5,295,1,2,0
4600,17.60,45.0,7205,7075,8361,3303308,0,117,1,-175.5,5.0,962.4,2516557138,2,14377,795,2333.2,2088.8,395,7.10,0,9,16,7023,5,3,2,0
4601,23.48,45.0,7205,7040,8327,3300026,0,117,1,-175.5,5.0,962.2,2516557434,2,14377,795,2333.2,2088.8,395,0.36,1,9,18,9,280,3,1,0
4602,16.96,45.0,7205,7000,8287,3297298,0,117,1,-175.5,5.0,962.1,2514107230,2,14377,795,2333.2,2088.8,395,45.97,1,9,16,6942,4,58,2,0
4603,66.63,45.0,7205,7067,8344,3312117,0,117,1,-175.5,5.0,962.0,2514175302,2,14377,795,2333.2,2088.8,395,0.38,1,9,18,6,297,2,1,0
4604,16.62,46.0,7205,7063,8340,3312021,0,117,1,-175.5,5.0,961.5,2514175598,2,14377,795,2333.2,2088.8,395,6.88,1,8,16,6800,4,2,2,0
4605,23.37,46.0,7205,7063,8340,3312021,0,117,1,-175.5,5.0,961.4,2514175894,2,14377,795,2333.2,2088.8,395,0.35,1,9,16,5,275,2,2,0
4606,16.62,46.0,7205,7063,8340,3312021,0,117,1,-175.5,5.0,961.2,2514176190,2,14377,795,2333.2,2088.8,395,7.29,1,9,16,7146,7,65,2,0
4607,23.44,46.0,7205,7067,8340,3312021,0,117,1,-175.5,5.0,961.1,2514176486,2,14377,795,2333.2,2088.8,395,0.37,1,9,16,6,289,2,1,0
4608,16.69,46.0,7205,7057,8333,3311249,0,117,1,-175.5,5.0,960.9,2514176782,2,14377,795,2333.2,2088.8,395,7.03,1,8,16,6950,6,2,2,0
4609,23.58,46.0,7205,7059,8329,3311071,0,117,1,-175.5,5.0,960.8,2514180426,2,14377,795,2333.2,2088.8,395,0.40,1,9,16,5,320,2,2,0
4610,17.09,46.0,7205,7059,8329,3311071,0,117,1,-175.5,5.0,960.6,2514178898,2,14377,795,2333.2,2088.8,395,7.19,1,10,30,7025,6,67,1,0
4611,22.54,46.0,7205,7050,8329,3311071,0,117,1,-175.5,5.0,960.5,2514179194,2,14377,795,2333.2,2088.8,395,0.35,1,9,17,5,279,2,1,0
4612,16.69,46.0,7205,7054,8329,3311071,0,117,1,-175.5,5.0,960.4,2514179490,2,14377,795,2333.2,2088.8,395,7.22,1,9,17,7135,4,2,3,0
4613,23.74,46.0,7205,7050,8325,3311360,0,117,1,-175.5,5.0,960.2,2514179786,2,14377,795,2333.2,2088.8,395,0.38,1,8,28,6,288,2,1,0
4614,16.88,46.0,7205,7050,8325,3311360,0,117,1,-175.5,5.0,960.1,2514180082,2,14377,795,2333.2,2088.8,395,7.35,1,9,16,7215,4,59,2,0
4615,24.11,46.0,7205,7050,8317,3310960,0,117,1,-175.5,5.0,960.0,2514180378,2,14377,795,2333.2,2088.8,395,0.41,1,12,20,6,315,2,2,0
4616,16.40,46.0,7205,7050,8317,3310960,0,117,1,-175.5,5.0,959.8,2514181678,2,14377,795,2333.2,2088.8,395,7.32,1,8,16,7243,6,2,3,0
4617,24.35,46.0,7205,7038,8293,3309920,0,117,1,-175.5,5.0,959.7,2514181974,2,14377,795,2333.2,2088.8,395,0.36,1,9,18,5,279,2,1,0
4618,17.38,46.0,7205,7038,8293,3309920,0,117,1,-175.5,5.0,959.5,2514183274,2,14377,795,2333.2,2088.8,395,6.99,1,9,17,6849,6,59,2,0
4619,22.86,46.0,7205,7035,8290,3309710,0,117,1,-175.5,5.0,959.4,2514183570,2,14377,795,2333.2,2088.8,395,0.37,1,9,17,6,291,2,2,0
4620,20.62,46.0,7205,7035,8290,3309710,0,117,1,-175.5,5.0,959.2,2514184298,2,14377,795,2333.2,2088.8,395,7.39,1,8,17,7310,6,3,2,0
4621,25.54,46.0,7205,7035,8282,3309310,0,117,1,-175.5,5.0,959.1,2514184162,2,14377,795,2333.2,2088.8,395,0.37,1,8,17,9,288,2,1,0
4622,16.76,46.0,7205,7035,8282,3309310,0,117,1,-175.5,5.0,958.9,2514185462,2,14377,795,2333.2,2088.8,395,7.61,2,21,16,7458,5,60,2,0
4623,23.60,46.0,7205,7032,8263,3307988,0,117,1,-175.5,5.0,958.8,2514185758,2,14377,795,2333.2,2088.8,395,0.37,1,9,18,10,290,2,2,0
4624,17.45,46.0,7205,7034,8258,3307759,0,117,1,-175.5,5.0,958.6,2514187058,2,14377,795,2333.2,2088.8,395,7.18,2,9,25,7071,4,2,2,0
4625,23.49,46.0,7205,7034,8242,3307047,0,117,1,-175.5,5.0,958.5,2514187354,2,14377,795,2333.2,2088.8,395,0.37,1,9,17,5,295,2,2,0
4626,18.30,46.0,7205,7034,8238,3306869,0,117,1,-175.5,5.0,958.3,2514188654,2,14377,795,2333.2,2088.8,395,7.46,2,12,23,7303,7,63,2,0
4627,31.99,46.0,7205,7034,8230,3306469,0,117,1,-175.5,5.0,958.2,2514188950,2,14377,795,2333.2,2088.8,395,0.37,1,9,16,6,297,2,2,0
4628,16.79,46.0,7205,7026,8222,3306069,0,117,1,-175.5,5.0,958.0,2514190250,2,14377,795,2333.2,2088.8,395,7.12,1,12,19,7030,5,2,2,0
4629,24.40,46.0,7205,7026,8222,3306069,0,117,1,-175.5,5.0,957.9,2514191550,2,14377,795,2333.2,2088.8,395,0.38,2,9,17,6,300,2,1,0
4630,16.81,46.0,7205,7018,8214,3305757,0,117,1,-175.5,5.0,957.7,2514191846,2,14377,795,2333.2,2088.8,395,7.23,2,9,17,7088,6,60,2,0
4631,23.24,46.0,7205,7015,8211,3305639,0,117,1,-175.5,5.0,957.6,2514193146,2,14377,795,2333.2,2088.8,395,0.36,1,9,16,6,281,2,2,0
4632,17.54,46.0,7205,7172,8368,3352055,0,117,1,-175.5,5.0,957.4,2514193442,2,14377,795,2333.2,2088.8,395,7.45,1,9,17,7364,6,2,3,0
4633,23.34,46.0,7205,7173,8367,3351971,0,117,1,-175.5,5.0,957.3,2514193738,2,14377,795,2333.2,2088.8,395,0.36,2,9,16,5,282,1,1,0
4634,17.54,46.0,7205,7173,8367,3351971,0,117,1,-175.5,5.0,957.1,2514194034,2,14377,795,2333.2,2088.8,395,7.04,1,8,16,6913,4,58,1,0
4635,23.33,46.0,7205,7173,8367,3351971,0,117,1,-175.5,5.0,957.0,2514194330,2,14377,795,2333.2,2088.8,395,0.36,1,8,17,6,284,2,1,0
4636,17.22,46.0,7205,7173,8367,3351971,0,117,1,-175.5,5.0,956.8,2514194626,2,14377,795,2333.2,2088.8,395,7.83,1,9,17,7745,7,2,3,0
4637,24.66,46.0,7205,7167,8364,3351743,0,117,1,-175.5,5.0,956.7,2514194922,2,14377,795,2333.2,2088.8,395,0.36,1,8,16,5,290,2,1,0
4638,16.95,46.0,7205,7167,8364,3351743,0,117,1,-175.5,5.0,956.6,2514195218,2,14377,795,2333.2,2088.8,395,7.09,1,9,16,6938,4,66,3,0
4639,23.62,46.0,7205,7167,8364,3351743,0,117,1,-175.5,5.0,956.4,2514195514,2,14377,795,2333.2,2088.8,395,0.36,1,8,17,5,286,2,1,0
4640,17.14,46.0,7205,7167,8364,3351743,0,117,1,-175.5,5.0,956.3,2514195810,2,14377,795,2333.2,2088.8,395,7.14,1,11,16,7049,4,3,3,0
4641,23.77,46.0,7205,7167,8364,3351743,0,117,1,-175.5,5.0,956.1,2514196106,2,14377,795,2333.2,2088.8,395,0.38,1,9,16,5,302,2,2,0
4642,16.64,46.0,7205,7167,8364,3351743,0,117,1,-175.5,5.0,956.0,2514196402,2,14377,795,2333.2,2088.8,395,7.16,1,9,17,7019,6,62,2,0
4643,23.57,46.0,7205,7166,8359,3351514,0,117,1,-175.5,5.0,955.9,2514198554,2,14377,795,2333.2,2088.8,395,0.37,1,8,17,5,295,3,1,0
4644,16.71,46.0,7205,7154,8347,3351042,0,117,1,-175.5,5.0,955.7,2514196994,2,14377,795,2333.2,2088.8,395,7.14,1,8,28,7051,4,2,2,0
4645,22.90,46.0,7205,7154,8347,3351042,0,117,1,-175.5,5.0,955.6,2514200150,2,14377,795,2333.2,2088.8,395,0.42,1,13,22,7,321,3,3,0
4646,17.24,46.0,7205,7154,8347,3351042,0,117,1,-175.5,5.0,955.4,2514198590,2,14377,795,2333.2,2088.8,395,6.96,1,8,17,6824,5,57,2,0
4647,21.56,46.0,7205,6699,7891,3072218,0,117,1,-175.5,5.0,955.3,2514200742,2,14377,795,2333.2,2088.8,395,0.35,1,8,16,5,276,2,1,0
4648,16.93,46.0,7205,6699,7891,3072218,0,117,1,-175.5,5.0,955.1,2514200202,2,14377,795,2333.2,2088.8,395,6.74,1,9,16,6661,4,2,2,0
4649,23.42,46.0,7205,6699,7890,3072148,0,117,1,-175.5,5.0,955.0,2514200498,2,14377,795,2333.2,2088.8,395,0.36,1,9,16,6,284,3,1,0
4650,16.89,46.0,7205,6687,7878,3071252,0,117,1,-175.5,5.0,954.9,2514201154,2,14377,795,2333.2,2088.8,395,7.00,0,8,16,6847,5,73,3,0
4651,23.40,46.0,7205,6680,7873,3069564,0,117,1,-175.5,5.0,954.7,2514202094,2,14377,795,2333.2,2088.8,395,0.36,1,8,16,5,287,2,1,0
4652,15.93,46.0,7205,6680,7873,3069724,0,117,1,-175.5,5.0,954.6,2514202390,2,14377,795,2333.2,2088.8,395,6.74,1,9,16,6661,4,3,2,0
4653,21.88,49.0,7205,6680,7873,3069724,0,117,1,-175.5,5.0,954.5,2514202686,2,14377,795,2333.2,2088.8,395,0.37,1,9,16,5,294,2,1,0
4654,16.19,49.0,7205,6680,7873,3069724,0,117,1,-175.5,5.0,954.3,2514202982,2,14377,795,2333.2,2088.8,395,7.10,2,10,19,6951,6,63,2,0
4655,23.40,49.0,7205,6676,7869,3069388,0,117,1,-175.5,5.0,954.2,2514205134,2,14377,795,2333.2,2088.8,395,0.39,2,9,17,6,309,2,1,0
4656,15.86,49.0,7205,6673,7866,3069178,0,117,1,-175.5,5.0,954.0,2514203590,2,14377,795,2333.2,2088.8,395,7.07,1,9,17,6988,7,2,2,0
4657,22.45,49.0,7205,6673,7866,3069178,0,117,1,-175.5,5.0,953.9,2514203886,2,14377,795,2333.2,2088.8,395,0.38,0,9,17,6,309,2,1,0
4658,16.06,49.0,7205,6673,7866,3069178,0,117,1,-175.5,5.0,953.8,2514204182,2,14377,795,2333.2,2088.8,395,7.19,1,8,16,7062,4,52,1,0
4659,22.87,49.0,7205,6673,7866,3069178,0,117,1,-175.5,5.0,953.7,2514204478,2,14377,795,2333.2,2088.8,395,0.36,1,8,17,5,290,3,1,0
4660,15.86,49.0,7205,6673,7866,3069178,0,117,1,-175.5,5.0,953.5,2514204774,2,14377,795,2333.2,2088.8,395,7.32,1,8,17,7235,6,2,3,0
4661,23.84,49.0,7205,6672,7865,3069094,0,117,1,-175.5,5.0,953.4,2514205070,2,14377,795,2333.2,2088.8,395,0.37,2,11,17,5,292,2,2,0
4662,15.73,49.0,7205,6665,7858,3068672,0,117,1,-175.5,5.0,953.2,2514205366,2,14377,795,2333.2,2088.8,395,7.11,1,9,16,6975,5,55,2,0
4663,22.87,49.0,7205,6661,7854,3067284,0,117,1,-175.5,5.0,953.1,2514206666,2,14377,795,2333.2,2088.8,395,0.37,0,11,22,6,289,2,2,0
4664,16.23,49.0,7205,6649,7842,3066716,0,117,1,-175.5,5.0,953.0,2514206962,2,14377,795,2333.2,2088.8,395,7.13,1,8,17,7049,5,3,2,0
4665,21.55,49.0,7205,6652,7845,3067266,0,117,1,-175.5,5.0,952.8,2514210134,2,14377,795,2333.2,2088.8,395,0.40,3,9,16,5,308,2,2,0
4666,15.98,49.0,7205,6652,7845,3067266,0,117,1,-175.5,5.0,952.7,2514208558,2,14377,795,2333.2,2088.8,395,7.50,1,9,17,7345,7,64,2,0
4667,23.24,49.0,7205,6652,7845,3067266,0,117,1,-175.5,5.0,952.6,2514210726,2,14377,795,2333.2,2088.8,395,0.38,2,9,16,12,283,2,3,0
4668,15.75,49.0,7205,6652,7845,3067266,0,117,1,-175.5,5.0,952.4,2514209166,2,14377,795,2333.2,2088.8,395,7.07,1,8,16,6992,5,2,2,0
4669,23.55,49.0,7205,6652,7845,3067266,0,117,1,-175.5,5.0,952.3,2514209462,2,14377,795,2333.2,2088.8,395,0.37,1,9,21,5,287,2,1,0
4670,16.22,49.0,7205,6652,7845,3067266,0,117,1,-175.5,5.0,952.1,2514209758,2,14377,795,2333.2,2088.8,395,7.10,1,10,22,6965,4,54,2,0
4671,22.61,49.0,7205,6652,7845,3067266,0,117,1,-175.5,5.0,952.0,2515998934,2,14377,795,2333.2,2088.8,395,39.14,1,9,17,5,318,2,2,0
4672,66.33,49.0,7205,6702,7894,3078769,0,117,1,-175.5,5.0,951.9,2516042702,2,14377,795,2333.2,2088.8,395,7.12,2,9,24,7024,5,3,2,0
4673,23.65,49.0,7205,6698,7890,3078489,0,117,1,-175.5,5.0,951.4,2516043102,2,14377,795,2333.2,2088.8,395,0.40,1,14,21,13,303,2,2,0
4674,16.21,49.0,7205,6698,7890,3078489,0,117,1,-175.5,5.0,951.2,2516043398,2,14377,795,2333.2,2088.8,395,7.38,1,9,16,7244,4,53,2,0
4675,23.75,49.0,7205,6698,7890,3078489,0,117,1,-175.5,5.0,951.1,2516043694,2,14377,795,2333.2,2088.8,395,0.36,1,9,16,5,285,2,1,0
4676,16.80,49.0,7205,6698,7890,3078489,0,117,1,-175.5,5.0,951.0,2516043990,2,14377,795,2333.2,2088.8,395,7.11,1,9,16,7020,4,8,6,0
4677,22.66,49.0,7205,6698,7890,3078489,0,117,1,-175.5,5.0,950.8,2516044286,2,14377,795,2333.2,2088.8,395,0.35,1,9,16,5,279,2,1,0
4678,16.81,49.0,7205,6676,7870,3077539,0,117,1,-175.5,5.0,950.7,2516044582,2,14377,795,2333.2,2088.8,395,6.82,1,9,16,6686,5,57,2,0
4679,23.13,49.0,7205,6672,7866,3077203,0,117,1,-175.5,5.0,950.6,2516045882,2,14377,795,2333.2,2088.8,395,0.38,1,8,30,5,290,2,1,0
4680,18.46,49.0,7205,6668,7862,3076923,0,117,1,-175.5,5.0,950.4,2516046610,2,14377,795,2333.2,2088.8,395,7.10,1,8,16,7024,4,2,3,0
4681,25.47,49.0,7205,6668,7862,3076923,0,117,1,-175.5,5.0,950.3,2516046474,2,14377,795,2333.2,2088.8,395,0.37,1,8,17,5,294,2,2,0
4682,16.45,49.0,7205,6668,7862,3076923,0,117,1,-175.5,5.0,950.1,2516046770,2,14377,795,2333.2,2088.8,395,7.05,1,9,17,6891,4,82,2,0
4683,23.29,49.0,7205,6668,7862,3076923,0,117,1,-175.5,5.0,950.0,2516047066,2,14377,795,2333.2,2088.8,395,0.39,2,9,17,6,310,2,1,0
4684,17.11,49.0,7205,6668,7862,3076923,0,117,1,-175.5,5.0,949.8,2516047362,2,14377,795,2333.2,2088.8,395,7.27,1,9,17,7190,6,2,3,0
4685,22.31,49.0,7205,6668,7861,3072315,0,117,1,-175.5,5.0,949.7,2516047658,2,14377,795,2333.2,2088.8,395,0.39,1,9,16,5,316,2,2,0
4686,17.10,49.0,7205,6668,7861,3072315,0,117,1,-175.5,5.0,949.5,2516049810,2,14377,795,2333.2,2088.8,395,7.25,1,15,16,7101,7,61,1,0
4687,23.36,49.0,7205,6664,7857,3072035,0,117,1,-175.5,5.0,949.4,2516050106,2,14377,795,2333.2,2088.8,395,0.39,1,8,16,5,298,2,2,0
4688,17.14,49.0,7205,6664,7857,3072035,0,117,1,-175.5,5.0,949.3,2516048578,2,14377,795,2333.2,2088.8,395,7.19,1,8,16,7090,5,2,1,0
4689,22.06,49.0,7205,6664,7857,3072035,0,117,1,-175.5,5.0,949.1,2516050746,2,14377,795,2333.2,2088.8,395,0.42,2,11,17,5,332,4,2,0
4690,17.08,49.0,7205,6664,7857,3072035,0,117,1,-175.5,5.0,949.0,2516049186,2,14377,795,2333.2,2088.8,395,6.87,2,9,16,6742,4,57,2,0
4691,22.41,49.0,7205,6664,7857,3072035,0,117,1,-175.5,5.0,948.9,2516049482,2,14377,795,2333.2,2088.8,395,0.36,1,9,16,5,283,2,2,0
4692,16.66,49.0,7205,6664,7857,3072035,0,117,1,-175.5,5.0,948.7,2516049778,2,14377,795,2333.2,2088.8,395,6.99,0,9,17,6917,3,3,2,0
4693,23.17,49.0,7205,6664,7857,3072035,0,117,1,-175.5,5.0,948.6,2516050074,2,14377,795,2333.2,2088.8,395,0.38,1,8,17,6,308,2,2,0
4694,16.71,49.0,7205,6656,7849,3071521,0,117,1,-175.5,5.0,948.4,2516050370,2,14377,795,2333.2,2088.8,395,7.39,1,8,16,7250,6,62,2,0
4695,23.02,49.0,7205,6656,7849,3071521,0,117,1,-175.5,5.0,948.3,2516051670,2,14377,795,2333.2,2088.8,395,0.39,1,9,16,5,312,2,1,0
4696,16.72,49.0,7205,6656,7849,3071521,0,117,1,-175.5,5.0,948.2,2516051966,2,14377,795,2333.2,2088.8,395,6.62,1,8,16,6545,3,3,2,0
4697,23.07,49.0,7205,6658,7851,3073209,0,117,1,-175.5,5.0,948.0,2516052262,2,14377,795,2333.2,2088.8,395,0.35,1,9,17,5,279,2,2,0
4698,16.14,49.0,7205,6658,7851,3073209,0,117,1,-175.5,5.0,947.9,2516052558,2,14377,795,2333.2,2088.8,395,7.38,2,9,16,7243,6,63,2,0
4699,22.74,49.0,7205,6658,7850,3073139,0,117,1,-175.5,5.0,947.8,2516052854,2,14377,795,2333.2,2088.8,395,0.39,1,9,17,5,307,2,2,0
4700,16.71,49.0,7205,6654,7846,3072803,0,117,1,-175.5,5.0,947.6,2516053150,2,14377,795,2333.2,2088.8,395,8.37,1,24,27,8251,0,0,0,0
4701,31.73,48.0,7205,6654,7845,3072733,0,117,1,-175.5,5.0,947.5,2516053446,2,14377,795,2333.2,2088.8,395,0.43,1,10,16,5,348,2,1,0
4702,16.34,48.0,7205,6654,7845,3072733,0,117,1,-175.5,5.0,947.3,2516053742,2,14377,795,2333.2,2088.8,395,6.72,2,10,17,6587,4,57,2,0
4703,21.94,48.0,7205,6654,7845,3072733,0,117,1,-175.5,5.0,947.1,2516054038,2,14377,795,2333.2,2088.8,395,0.41,1,9,16,6,327,4,2,0
4704,16.78,48.0,7205,6654,7845,3072733,0,117,1,-175.5,5.0,947.0,2516056222,2,14377,795,2333.2,2088.8,395,6.93,1,9,16,6851,4,2,1,0
4705,22.46,48.0,7205,6654,7845,3072733,0,117,1,-175.5,5.0,946.9,2516056518,2,14377,795,2333.2,2088.8,395,0.38,1,9,17,6,304,2,2,0
4706,16.66,48.0,7205,6651,7820,3071973,0,117,1,-175.5,5.0,946.7,2516054958,2,14377,795,2333.2,2088.8,395,7.24,1,9,16,7103,5,60,2,0
4707,22.53,48.0,7205,6645,7814,3068599,0,117,1,-175.5,5.0,946.6,2516056258,2,14377,795,2333.2,2088.8,395,0.37,1,9,17,5,292,2,2,0
4708,16.60,48.0,7205,6645,7814,3068599,0,117,1,-175.5,5.0,946.4,2516057558,2,14377,795,2333.2,2088.8,395,7.37,1,9,17,7287,6,2,3,0
4709,25.20,48.0,7205,6645,7814,3068599,0,117,1,-175.5,5.0,946.3,2516057854,2,14377,795,2333.2,2088.8,395,0.38,1,9,16,5,295,3,2,0
4710,17.73,48.0,7205,6641,7814,3068599,0,117,1,-175.5,5.0,946.2,2516058510,2,14377,795,2333.2,2088.8,395,7.66,1,8,16,7529,6,60,2,0
4711,32.31,48.0,7205,6644,7814,3068599,0,117,1,-175.5,5.0,946.0,2516058446,2,14377,795,2333.2,2088.8,395,0.49,1,13,27,9,365,3,2,0
4712,16.97,48.0,7205,6644,7814,3068599,0,117,1,-175.5,5.0,945.8,2516058742,2,14377,795,2333.2,2088.8,395,7.09,1,8,17,7004,5,3,2,0
4713,22.85,48.0,7205,6644,7814,3068599,0,117,1,-175.5,5.0,945.7,2516059038,2,14377,795,2333.2,2088.8,395,0.38,1,10,17,6,292,2,1,0
4714,17.57,48.0,7205,6647,7817,3068707,0,117,1,-175.5,5.0,945.5,2516059334,2,14377,795,2333.2,2088.8,395,7.43,1,9,24,7282,6,61,2,0
4715,23.32,48.0,7205,6649,7814,3065795,0,117,1,-175.5,5.0,945.4,2516059630,2,14377,795,2333.2,2088.8,395,0.42,1,9,18,5,346,2,1,0
4716,17.09,48.0,7205,6649,7814,3065795,0,117,1,-175.5,5.0,945.2,2516059926,2,14377,795,2333.2,2088.8,395,7.31,1,9,15,7232,5,2,2,0
4717,21.63,48.0,7205,6648,7814,3065795,0,117,1,-175.5,5.0,945.1,2516060222,2,14377,795,2333.2,2088.8,395,0.37,1,9,17,6,284,2,2,0
4718,17.19,48.0,7205,6648,7814,3065795,0,117,1,-175.5,5.0,945.0,2516060518,2,14377,795,2333.2,2088.8,395,7.13,1,9,17,6977,4,72,2,0
4719,23.65,48.0,7205,6644,7814,3065795,0,117,1,-175.5,5.0,944.8,2516060814,2,14377,795,2333.2,2088.8,395,0.41,1,9,22,5,312,2,4,0
4720,16.48,48.0,7205,6644,7814,3065795,0,117,1,-175.5,5.0,944.7,2516061110,2,14377,795,2333.2,2088.8,395,7.21,1,9,15,7134,4,2,2,0
4721,22.40,48.0,7205,6644,7814,3065795,0,117,1,-175.5,5.0,944.6,2516063310,2,14377,795,2333.2,2088.8,395,0.36,1,9,16,6,283,2,1,0
4722,16.32,48.0,7205,6644,7814,3065795,0,117,1,-175.5,5.0,944.4,2516061702,2,14377,795,2333.2,2088.8,395,7.29,1,9,17,7156,5,59,3,0
4723,22.15,48.0,7205,6644,7814,3065795,0,117,1,-175.5,5.0,944.3,2516063902,2,14377,795,2333.2,2088.8,395,0.39,1,8,17,5,300,9,3,0
4724,16.56,48.0,7205,6644,7814,3065795,0,117,1,-175.5,5.0,944.1,2516062294,2,14377,795,2333.2,2088.8,395,7.24,2,9,16,7155,5,3,2,0
4725,22.70,48.0,7205,6640,7810,3065459,0,117,1,-175.5,5.0,944.0,2516064494,2,14377,795,2333.2,2088.8,395,0.37,2,9,17,5,291,1,2,0
4726,16.66,48.0,7205,6640,7810,3065459,0,117,1,-175.5,5.0,943.9,2516062886,2,14377,795,2333.2,2088.8,395,7.03,1,9,18,6891,4,59,5,0
4727,22.72,48.0,7205,6640,7810,3065459,0,117,1,-175.5,5.0,943.7,2516065086,2,14377,795,2333.2,2088.8,395,0.37,1,9,17,6,291,3,1,0
4728,16.58,48.0,7205,6641,7810,3065527,0,117,1,-175.5,5.0,943.6,2516063478,2,14377,795,2333.2,2088.8,395,7.07,1,9,16,6982,5,2,2,0
4729,23.12,48.0,7205,6641,7810,3065527,0,117,1,-175.5,5.0,943.5,2516065678,2,14377,795,2333.2,2088.8,395,0.39,1,10,17,7,308,2,1,0
4730,16.91,48.0,7205,6641,7810,3065527,0,117,1,-175.5,5.0,943.3,2516064086,2,14377,795,2333.2,2088.8,395,7.01,1,9,17,6885,3,50,1,0
4731,23.08,48.0,7205,6641,7810,3065527,0,117,1,-175.5,5.0,943.2,2516064382,2,14377,795,2333.2,2088.8,395,0.36,1,8,16,5,288,2,1,0
4732,15.77,48.0,7205,6619,7785,3064767,0,117,1,-175.5,5.0,943.0,2516064678,2,14377,795,2333.2,2088.8,395,7.35,0,9,17,7257,5,2,2,0
4733,22.36,48.0,7205,6619,7785,3064767,0,117,1,-175.5,5.0,942.9,2516065978,2,14377,795,2333.2,2088.8,395,0.39,1,8,16,5,311,2,1,0
4734,16.42,48.0,7205,6619,7785,3064767,0,117,1,-175.5,5.0,942.8,2516066274,2,14377,795,2333.2,2088.8,395,7.53,1,9,25,7379,5,58,2,0
4735,24.00,48.0,7205,6615,7785,3064767,0,117,1,-175.5,5.0,942.6,2516066570,2,14377,795,2333.2,2088.8,395,0.38,0,9,15,5,307,2,2,0
4736,16.36,48.0,7205,6616,7785,3064767,0,117,1,-175.5,5.0,942.5,2516066866,2,14377,795,2333.2,2088.8,395,7.23,1,8,17,7140,5,2,2,0
4737,22.60,48.0,7205,6616,7785,3064767,0,117,1,-175.5,5.0,942.4,2516067162,2,14377,795,2333.2,2088.8,395,0.41,1,9,18,5,331,3,1,0
4738,16.31,48.0,7205,6616,7785,3064767,0,117,1,-175.5,5.0,942.2,2516067458,2,14377,795,2333.2,2088.8,395,6.95,1,10,20,6820,5,53,2,0
4739,22.10,48.0,7205,6620,7785,3064767,0,117,1,-175.5,5.0,942.1,2516067754,2,14377,795,2333.2,2088.8,395,0.36,1,9,16,6,282,3,1,0
4740,18.18,48.0,7205,6620,7785,3064767,0,117,1,-175.5,5.0,941.9,2513616906,2,14377,795,2333.2,2088.8,395,46.10,2,13,24,6912,5,2,2,0
4741,75.70,48.0,7205,6776,7942,3088594,0,117,1,-175.5,5.0,941.8,2513752910,2,14377,795,2333.2,2088.8,395,0.39,1,9,17,6,288,3,4,0
4742,17.33,48.0,7205,6774,7936,3083530,0,117,1,-175.5,5.0,941.3,2513753190,2,14377,795,2333.2,2088.8,395,7.23,1,9,16,7097,5,60,2,0
4743,24.58,48.0,7205,6770,7936,3083530,0,117,1,-175.5,5.0,941.2,2513756378,2,14377,795,2333.2,2088.8,395,0.36,1,8,16,5,279,2,1,0
4744,17.33,48.0,7205,6769,7936,3083530,0,117,1,-175.5,5.0,941.0,2513754786,2,14377,795,2333.2,2088.8,395,7.37,1,9,16,7285,6,2,2,0
4745,21.98,48.0,7205,6769,7936,3083530,0,117,1,-175.5,5.0,940.9,2513756970,2,14377,795,2333.2,2088.8,395,0.38,1,9,17,5,305,2,2,0
4746,16.30,48.0,7205,6764,7931,3083510,0,117,1,-175.5,5.0,940.7,2513755378,2,14377,795,2333.2,2088.8,395,7.00,1,9,16,6837,4,69,2,0
4747,24.60,48.0,7205,6764,7931,3083510,0,117,1,-175.5,5.0,940.6,2513755674,2,14377,795,2333.2,2088.8,395,0.35,0,8,16,5,278,2,2,0
4748,16.60,47.0,7205,6764,7931,3083510,0,117,1,-175.5,5.0,940.4,2513755970,2,14377,795,2333.2,2088.8,395,7.08,1,9,17,7002,5,3,2,0
4749,22.08,47.0,7205,6764,7931,3083510,0,117,1,-175.5,5.0,940.3,2513758154,2,14377,795,2333.2,2088.8,395,0.39,1,8,16,6,309,2,2,0
4750,16.63,47.0,7205,6764,7931,3083510,0,117,1,-175.5,5.0,940.2,2513756562,2,14377,795,2333.2,2088.8,395,6.98,1,8,16,6847,5,61,2,0
4751,22.55,47.0,7205,6760,7927,3083174,0,117,1,-175.5,5.0,940.0,2513758746,2,14377,795,2333.2,2088.8,395,0.38,0,10,16,5,293,2,2,0
4752,16.58,47.0,7205,6760,7927,3083174,0,117,1,-175.5,5.0,939.9,2513757154,2,14377,795,2333.2,2088.8,395,7.19,1,9,16,7110,4,2,3,0
4753,23.93,47.0,7205,6760,7927,3083174,0,117,1,-175.5,5.0,939.8,2513759338,2,14377,795,2333.2,2088.8,395,0.37,1,9,16,5,287,2,1,0
4754,16.56,47.0,7205,6760,7927,3083174,0,117,1,-175.5,5.0,939.6,2513757746,2,14377,795,2333.2,2088.8,395,7.22,1,9,17,7082,6,62,2,0
4755,22.49,47.0,7205,6760,7927,3083174,0,117,1,-175.5,5.0,939.5,2513759930,2,14377,795,2333.2,2088.8,395,0.37,1,9,16,5,290,2,1,0
4756,16.88,47.0,7205,6760,7927,3083174,0,117,1,-175.5,5.0,939.3,2513760226,2,14377,795,2333.2,2088.8,395,7.21,1,9,17,7132,6,3,3,0
4757,23.24,47.0,7205,6760,7927,3083174,0,117,1,-175.5,5.0,939.2,2513760522,2,14377,795,2333.2,2088.8,395,0.38,1,9,17,5,300,2,1,0
4758,16.41,47.0,7205,6760,7927,3083174,0,117,1,-175.5,5.0,939.0,2513758978,2,14377,795,2333.2,2088.8,395,7.11,2,9,17,6968,5,57,2,0
4759,22.77,47.0,7205,6760,7927,3083174,0,117,1,-175.5,5.0,938.9,2513759274,2,14377,795,2333.2,2088.8,395,0.37,1,9,16,5,295,2,2,0
4760,15.79,47.0,7205,6754,7921,3079097,0,117,1,-175.5,5.0,938.8,2513759570,2,14377,795,2333.2,2088.8,395,7.19,1,10,16,7110,5,3,3,0
4761,24.19,47.0,7205,6752,7921,3079097,0,117,1,-175.5,5.0,938.7,2513762438,2,14377,795,2333.2,2088.8,395,0.36,1,8,17,6,279,2,1,0
4762,16.36,47.0,7205,6752,7921,3079097,0,117,1,-175.5,5.0,938.5,2513762734,2,14377,795,2333.2,2088.8,395,7.40,1,9,16,7240,6,64,2,0
4763,24.12,47.0,7205,6752,7921,3079225,0,117,1,-175.5,5.0,938.4,2513763030,2,14377,795,2333.2,2088.8,395,0.38,1,10,21,7,294,2,2,0
4764,16.35,47.0,7205,6752,7921,3079225,0,117,1,-175.5,5.0,938.2,2513763238,2,14377,795,2333.2,2088.8,395,7.13,1,9,15,7055,4,2,2,0
4765,22.74,47.0,7205,6752,7921,3079225,0,117,1,-175.5,5.0,938.1,2513763566,2,14377,795,2333.2,2088.8,395,0.38,1,9,17,5,299,2,1,0
4766,16.28,47.0,7205,6752,7921,3079225,0,117,1,-175.5,5.0,937.9,2513763862,2,14377,795,2333.2,2088.8,395,6.92,1,9,16,6778,11,55,2,0
4767,23.37,47.0,7205,6752,7921,3079225,0,117,1,-175.5,5.0,937.8,2513764158,2,14377,795,2333.2,2088.8,395,0.39,1,9,17,6,315,2,1,0
4768,16.01,47.0,7205,6752,7921,3079225,0,117,1,-175.5,5.0,937.7,2513764454,2,14377,795,2333.2,2088.8,395,7.42,1,9,17,7340,7,2,3,0
4769,22.31,47.0,7205,6752,7921,3079225,0,117,1,-175.5,5.0,937.5,2513764750,2,14377,795,2333.2,2088.8,395,0.37,0,10,17,5,289,2,1,0
4770,17.66,47.0,7205,6752,7921,3079225,0,117,1,-175.5,5.0,937.4,2513765478,2,14377,795,2333.2,2088.8,395,7.10,0,9,17,6976,3,52,2,0
4771,23.48,47.0,7205,6752,7921,3079225,0,117,1,-175.5,5.0,937.3,2513765342,2,14377,795,2333.2,2088.8,395,0.37,1,8,18,6,291,2,2,0
4772,16.29,47.0,7205,6752,7921,3079225,0,117,1,-175.5,5.0,937.1,2513767542,2,14377,795,2333.2,2088.8,395,7.23,1,8,16,7157,4,2,3,0
4773,23.66,47.0,7205,6752,7921,3079225,0,117,1,-175.5,5.0,937.0,2513767838,2,14377,795,2333.2,2088.8,395,0.40,1,10,17,6,308,3,2,0
4774,16.20,47.0,7205,6750,7921,3079225,0,117,1,-175.5,5.0,936.8,2513766262,2,14377,795,2333.2,2088.8,395,7.58,1,9,17,7434,7,64,2,0
4775,24.53,47.0,7205,6750,7921,3079225,0,117,1,-175.5,5.0,936.7,2513768478,2,14377,795,2333.2,2088.8,395,0.36,1,9,17,5,288,2,1,0
4776,16.10,47.0,7205,6749,7920,3078991,0,117,1,-175.5,5.0,936.5,2513766870,2,14377,795,2333.2,2088.8,395,6.85,1,8,15,6779,3,2,2,0
4777,23.92,47.0,7205,6749,7920,3078991,0,117,1,-175.5,5.0,936.4,2513767166,2,14377,795,2333.2,2088.8,395,0.38,1,9,16,5,309,2,1,0
4778,16.91,47.0,7205,6749,7920,3078991,0,117,1,-175.5,5.0,936.3,2513767462,2,14377,795,2333.2,2088.8,395,7.23,1,9,15,7092,6,60,2,0
4779,22.47,47.0,7205,6749,7920,3078991,0,117,1,-175.5,5.0,936.1,2513719886,2,14377,795,2333.2,2088.8,395,23.42,1,12,24,0,0,0,0,22131
4780,39.74,47.0,7205,6752,7920,3078991,0,117,1,-175.5,5.0,936.0,2515887142,2,14377,795,2333.2,2088.8,395,12.48,1,12,22,0,0,0,0,0
4781,122.69,47.0,7205,6752,7920,3078991,0,117,1,-175.5,5.0,935.7,2524908050,2,14377,795,2333.2,2088.8,395,59.77,2,14,23,0,0,0,0,0
4782,143.94,34.0,7205,6750,7921,3078993,0,117,1,-175.5,5.0,934.8,2531449898,2,14377,795,2334.6,2088.8,395,29.86,1,14,23,0,0,0,0,0
4783,110.68,34.0,7205,6750,7919,3072413,0,117,1,-175.5,5.0,933.8,2531590238,2,14377,795,2336.6,2088.8,395,214.22,1,16,26,0,0,0,0,0
4784,136.44,34.0,7205,6876,8047,3245357,0,117,1,-175.5,5.0,933.1,2531678002,2,14377,795,2339.5,2088.8,395,9.79,2,12,19,8486,0,0,0,0
4785,46.84,34.0,7207,6872,8043,3245077,66,117,3,-175.5,5.0,932.1,2533046698,2,14377,795,2339.5,2088.8,395,12.76,1,12,19,6,304,3,10518,0
4786,52.56,34.0,7207,6872,8043,3245077,36,117,3,-175.5,5.0,931.8,2534581522,2,14407,795,2343.9,2093.1,395,139.42,1,16,5735,8904,0,0,0,0
4787,129.07,34.0,7207,6979,8151,3267828,43,117,3,-175.5,5.0,931.4,2535466066,2,14407,795,2346.9,2096.0,395,70.03,1,23,11432,0,0,0,0,0
4788,90.04,6.0,7207,7047,8221,3338342,48,117,3,-175.5,5.0,930.5,2536748580,2,14407,795,2351.5,2099.3,395,17.19,1,13,17140,0,0,0,0,0
4789,36.25,6.0,7207,7049,8210,3337931,52,117,3,-175.5,5.0,929.9,2540648392,2,14407,795,2352.5,2100.3,395,16.26,1,14,16203,0,0,0,0,0
4790,34.37,6.0,7207,7049,8210,3337931,53,117,3,-175.5,5.0,929.6,2537620036,2,14407,795,2352.9,2100.7,395,8.76,0,13,8705,0,0,0,0,0
4791,29.34,6.0,7207,7046,8210,3337931,58,117,3,-175.5,5.0,929.4,2538109434,2,14407,795,2354.2,2102.0,395,21.53,1,42,21441,0,0,0,0,0
4792,40.22,6.0,7207,7046,8210,3337931,73,117,3,-175.5,5.0,929.2,2538655318,2,14407,795,2357.4,2105.2,395,23.54,1,15,23480,0,0,0,0,0
4793,41.62,6.0,7207,7049,8210,3337931,83,117,3,-175.5,5.0,928.9,2538886190,2,14407,795,2362.5,2110.2,395,16.81,1,14,16746,0,0,0,0,0
4794,34.81,6.0,7207,7049,8210,3337931,87,117,3,-175.5,5.0,928.6,2539001866,2,14407,795,2365.8,2113.6,395,17.54,1,14,17484,0,0,0,0,0
4795,36.57,6.0,7207,7049,8210,3337931,91,117,3,-175.5,5.0,928.4,2539097870,2,14407,795,2367.1,2114.9,395,12.37,1,13,12312,0,0,0,0,0
4796,31.08,6.0,7207,7049,8210,3337931,92,117,3,-175.5,5.0,928.1,2539132274,2,14407,795,2368.5,2116.2,395,10.16,1,13,10105,0,0,0,0,0
4797,30.29,6.0,7207,7049,8210,3337931,102,117,3,-175.5,5.0,927.9,2539413606,2,14407,795,2368.8,2116.6,395,21.76,1,15,21699,0,0,0,0,0
4798,42.21,6.0,7207,7056,8218,3338561,107,117,3,-175.5,5.0,927.7,2539550270,2,14407,795,2372.2,2119.9,395,14.59,1,13,14536,0,0,0,0,0
4799,35.90,6.0,7209,7056,8218,3338561,172,117,5,-175.5,5.0,927.4,2538980710,2,14411,795,2373.9,2121.6,395,90.60,2,21,5757,8,284,2,42703,0
4800,115.24,6.0,7209,7111,8275,3344370,175,117,5,-175.5,5.0,927.1,2539170710,2,14411,795,2375.7,2123.3,395,18.13,0,20,18051,0,0,0,0,0
4801,48.04,6.0,7209,7111,8277,3344414,176,117,5,-175.5,5.0,926.3,2539789954,2,14411,795,2379.9,2128.6,395,15.79,1,18,15699,0,0,0,0,0
4802,36.35,6.0,7209,7111,8276,3344412,178,117,5,-175.5,5.0,926.0,2541083614,2,14411,795,2384.9,2133.7,395,16.71,1,17,16641,0,0,0,0,0
4803,36.80,6.0,7209,7102,8267,3333928,184,117,5,-175.5,5.0,925.7,2541994630,2,14411,795,2385.6,2134.3,395,15.19,1,16,15134,0,0,0,0,0
4804,39.18,6.0,7209,7102,8267,3334000,188,117,5,-175.5,5.0,925.5,2543083524,2,14411,795,2388.7,2137.4,395,15.45,0,17,15389,0,0,0,0,0
4805,33.34,6.0,7209,7102,8267,3334072,193,117,5,-175.5,5.0,925.2,2542358150,2,14411,795,2390.1,2138.7,395,11.74,1,18,11679,0,0,0,0,0
4806,31.62,6.0,7209,7102,8267,3334072,199,117,5,-175.5,5.0,925.0,2541651526,2,14411,795,2390.1,2138.8,395,9.44,1,16,9378,0,0,0,0,0
4807,31.54,6.0,7209,7102,8267,3334072,201,117,5,-175.5,5.0,924.7,2541696946,2,14411,795,2385.7,2134.4,395,10.64,1,17,10587,0,0,0,0,0
4808,31.50,6.0,7209,7102,8267,3334072,206,117,5,-175.5,5.0,924.5,2541797610,2,14411,795,2385.9,2134.6,395,14.65,1,22,6176,8412,0,0,0,0
4809,30.83,21.0,7209,7102,8267,3334072,207,117,5,-175.5,5.0,924.3,2541811382,2,14411,795,2386.2,2134.9,395,8.64,2,21,8582,0,0,0,0,0
4810,28.90,21.0,7209,7102,8268,3334074,208,117,5,-175.5,5.0,924.1,2541834050,2,14411,795,2386.6,2135.3,395,13.34,2,27,5489,7769,0,0,0,0
4811,29.18,21.0,7209,7102,8268,3334074,211,117,5,-175.5,5.0,923.9,2541862686,2,14411,795,2386.9,2135.6,395,8.94,1,18,8877,0,0,0,0,0
4812,29.10,21.0,7209,7103,8268,3334074,212,117,5,-175.5,5.0,923.7,2541887274,2,14411,795,2387.3,2135.9,395,10.88,1,17,10823,0,0,0,0,0
4813,27.89,21.0,7209,7103,8268,3334074,212,117,5,-175.5,5.0,923.5,2541929106,2,14411,795,2387.6,2136.3,395,10.01,1,18,9949,0,0,0,0,0
4814,27.57,21.0,7209,7103,8268,3334074,213,117,5,-175.5,5.0,923.3,2542049194,2,14411,795,2388.3,2136.9,395,9.81,1,18,9753,0,0,0,0,0
4815,33.38,21.0,7209,7103,8268,3334074,215,117,5,-175.5,5.0,923.1,2542076766,2,14411,795,2389.3,2137.9,395,8.35,1,20,8291,0,0,0,0,0
4816,25.83,21.0,7209,7103,8268,3334074,236,117,5,-175.5,5.0,922.9,2542318298,2,14411,795,2389.6,2138.3,395,17.38,1,19,17301,0,0,0,0,0
4817,33.89,21.0,7210,7102,8264,3333896,359,117,6,-175.5,5.0,922.7,2547093798,2,14435,795,2390.3,2138.9,395,49.66,1,17,4031,12,363,2,3915,0
4818,70.76,21.0,7210,7102,8264,3340657,370,117,6,-175.5,5.0,922.4,2547483650,2,14435,795,2392.6,2141.0,395,20.38,1,19,20311,0,0,0,0,0
4819,38.32,21.0,7210,7066,8228,3320255,370,117,6,-175.5,5.0,921.9,2547527518,2,14435,795,2395.3,2143.7,395,13.07,1,18,13008,0,0,0,0,0
4820,30.36,21.0,7210,7066,8228,3320255,377,117,6,-175.5,5.0,921.7,2547636526,2,14435,795,2395.6,2144.0,395,14.46,2,24,14385,0,0,0,0,0
4821,30.81,21.0,7210,7066,8228,3320255,363,117,6,-175.5,5.0,921.5,2547908006,2,14468,795,2397.3,2145.7,395,45.86,1,21,4182,7,319,2,5,0
4822,65.22,21.0,7210,7066,8228,3318240,365,117,6,-175.5,5.0,921.2,2548208518,2,14468,795,2397.6,2145.7,395,17.29,1,19,17232,0,0,0,0,0
4823,34.45,21.0,7210,7066,8228,3318240,367,117,6,-175.5,5.0,920.8,2548282322,2,14468,795,2398.9,2147.0,395,11.66,1,20,11588,0,0,0,0,0
4824,28.53,21.0,7210,7067,8228,3318240,356,117,6,-175.5,5.0,920.5,2548917218,2,14484,795,2399.6,2147.7,395,55.44,1,20,13691,0,0,0,0,0
4825,74.29,21.0,7210,7067,8228,3320580,356,117,6,-175.5,5.0,920.3,2548944142,2,14484,795,2399.8,2147.7,395,17.58,1,21,17511,0,0,0,0,0
4826,36.03,21.0,7210,6830,7991,3274401,356,117,6,-175.5,5.0,919.8,2548995926,2,14484,795,2400.2,2148.0,395,16.16,1,20,16102,0,0,0,0,0
4827,34.08,21.0,7210,6830,7991,3274401,356,117,6,-175.5,5.0,919.6,2549057642,2,14484,795,2400.3,2148.2,395,8.38,1,20,8301,0,0,0,0,0
4828,29.49,21.0,7210,6830,7991,3274401,357,117,6,-175.5,5.0,919.3,2549099746,2,14484,795,2400.5,2148.4,395,13.34,1,19,4453,8813,0,0,0,0
4829,30.16,21.0,7210,6831,7992,3279409,362,117,6,-175.5,5.0,919.1,2549196082,2,14484,795,2400.7,2148.5,395,13.51,0,19,13451,0,0,0,0,0
4830,31.85,21.0,7210,6831,7992,3279409,369,117,6,-175.5,5.0,918.9,2549359674,2,14484,795,2401.0,2148.9,395,15.61,1,18,15546,0,0,0,0,0
4831,32.48,21.0,7210,6831,7992,3279409,371,117,6,-175.5,5.0,918.7,2549411642,2,14484,795,2403.4,2151.2,395,9.15,1,19,9081,0,0,0,0,0
4832,28.49,21.0,7210,6831,7992,3279409,378,117,6,-175.5,5.0,918.5,2549572510,2,14484,795,2403.7,2151.6,395,12.19,1,19,12117,0,0,0,0,0
4833,31.28,21.0,7210,6831,7992,3279409,380,117,6,-175.5,5.0,918.3,2549630310,2,14484,795,2406.0,2153.9,395,14.48,1,21,14413,0,0,0,0,0
4834,31.36,21.0,7210,6831,7992,3279409,383,117,6,-175.5,5.0,918.0,2549698878,2,14484,795,2406.7,2154.6,395,11.11,1,19,11051,0,0,0,0,0
4835,29.71,21.0,7210,6831,7992,3279409,384,117,6,-175.5,5.0,917.8,2549724910,2,14484,795,2407.7,2155.6,395,8.56,1,19,8504,0,0,0,0,0
4836,26.97,21.0,7210,6830,7989,3279238,387,117,6,-175.5,5.0,917.6,2549777506,2,14484,795,2408.1,2155.9,395,16.88,1,21,7859,8950,0,0,0,0
4837,33.79,21.0,7210,6832,7991,3279306,388,117,6,-175.5,5.0,917.4,2549799374,2,14484,795,2408.4,2156.3,395,6.29,2,30,5851,9,303,2,6,0
4838,30.33,29.0,7210,6820,7979,3274120,391,117,6,-175.5,5.0,917.2,2539553894,2,14497,796,2408.7,2156.6,395,58.04,2,21,4050,8117,0,0,0,0
4839,76.64,29.0,7210,6820,7979,3277155,389,117,6,-175.5,5.0,917.0,2539377234,2,14518,797,2408.8,2156.6,395,46.13,2,20,4206,7,306,2,6,0
4840,65.58,29.0,7210,6820,7979,3277155,395,117,6,-175.5,5.0,916.4,2539391098,2,14518,797,2407.1,2156.6,395,23.90,1,19,23841,0,0,0,0,0
4841,41.00,29.0,7210,6820,7979,3277155,397,117,6,-175.5,5.0,916.0,2539444938,2,14518,797,2409.1,2158.6,395,10.24,1,20,10179,0,0,0,0,0
4842,26.82,29.0,7210,6820,7979,3277155,405,117,6,-175.5,5.0,915.7,2539680178,2,14518,797,2409.8,2159.3,395,23.92,1,21,23851,0,0,0,0,0
4843,42.35,29.0,7210,6820,7980,3281763,410,117,6,-175.5,5.0,915.5,2539817606,2,14518,797,2412.5,2162.0,395,13.95,1,20,13890,0,0,0,0,0
4844,31.75,29.0,7210,6820,7980,3281763,416,117,6,-175.5,5.0,915.2,2539958710,2,14518,797,2414.2,2163.6,395,15.31,1,19,15246,0,0,0,0,0
4845,33.51,29.0,7210,6820,7980,3281763,418,117,6,-175.5,5.0,915.0,2539993350,2,14518,797,2416.2,2165.6,395,14.30,1,20,14237,0,0,0,0,0
4846,31.68,29.0,7210,6820,7980,3281763,419,117,6,-175.5,5.0,914.8,2540016718,2,14518,797,2416.5,2166.0,395,19.45,1,21,19381,0,0,0,0,0
4847,36.37,29.0,7210,6820,7980,3281763,421,117,6,-175.5,5.0,914.5,2540040878,2,14518,797,2416.9,2166.3,395,8.71,1,19,8656,0,0,0,0,0
4848,28.77,29.0,7210,6820,7987,3286543,422,117,6,-175.5,5.0,914.3,2540064246,2,14518,797,2417.2,2166.6,395,14.28,1,20,5407,8807,0,0,0,0
4849,30.39,29.0,7210,6820,7987,3286543,423,117,6,-175.5,5.0,914.1,2540087630,2,14518,797,2417.5,2167.0,395,13.28,1,18,13217,0,0,0,0,0
4850,28.77,29.0,7210,6796,7961,3259075,424,117,6,-175.5,5.0,913.9,2540110998,2,14518,797,2417.9,2167.3,395,9.07,2,22,9002,0,0,0,0,0
4851,27.61,29.0,7210,6796,7961,3259075,425,117,6,-175.5,5.0,913.7,2540135386,2,14518,797,2418.2,2167.6,395,8.08,0,27,7702,8,299,0,0,0
4852,27.60,29.0,7210,6796,7961,3259075,427,117,6,-175.5,5.0,913.5,2540159530,2,14518,797,2418.5,2168.0,395,11.09,1,19,11023,0,0,0,0,0
4853,27.63,29.0,7210,6796,7961,3259075,439,117,6,-175.5,5.0,913.3,2540442022,2,14518,797,2418.9,2168.3,395,9.14,1,20,9074,0,0,0,0,0
4854,26.95,29.0,7210,6796,7961,3259075,440,117,6,-175.5,5.0,913.1,2540435398,2,14518,797,2419.5,2169.0,395,8.78,1,20,8716,0,0,0,0,0
4855,25.59,29.0,7210,6796,7961,3261215,441,117,6,-175.5,5.0,912.9,2540459986,2,14518,797,2419.9,2169.3,395,8.29,1,20,7933,7,288,0,0,0
4856,25.82,29.0,7210,6797,7962,3261783,442,117,6,-175.5,5.0,912.7,2540484558,2,14518,797,2420.2,2169.7,395,17.90,1,20,17833,0,0,0,0,0
4857,33.86,29.0,7210,6797,7962,3261783,443,117,6,-175.5,5.0,912.5,2540509130,2,14518,797,2420.5,2170.0,395,8.31,1,21,8251,0,0,0,0,0
4858,24.59,29.0,7210,6797,7962,3262113,443,117,6,-175.5,5.0,912.3,2540531126,2,14518,797,2420.9,2170.3,395,9.37,1,20,9299,0,0,0,0,0
4859,25.70,29.0,7210,6797,7962,3262113,444,117,6,-175.5,5.0,912.1,2540555714,2,14518,797,2421.2,2170.7,395,6.91,1,25,6520,7,291,3,6,0
4860,25.36,29.0,7210,6797,7962,3262113,445,117,6,-175.5,5.0,911.9,2540580718,2,14518,797,2421.5,2171.0,395,16.36,1,19,7379,8919,0,0,0,0
4861,34.24,29.0,7210,6797,7961,3262111,446,117,6,-175.5,5.0,911.8,2540604262,2,14518,797,2421.9,2171.3,395,12.66,1,20,12598,0,0,0,0,0
4862,30.61,29.0,7210,6797,7961,3262111,446,117,6,-175.5,5.0,911.5,2540628258,2,14518,797,2422.2,2171.7,395,8.32,1,18,8260,0,0,0,0,0
4863,25.67,29.0,7210,6797,7961,3262111,447,117,6,-175.5,5.0,911.3,2540650698,2,14518,797,2422.5,2172.0,395,9.09,1,31,9003,0,0,0,0,0
4864,26.23,29.0,7210,6797,7961,3262111,448,117,6,-175.5,5.0,911.1,2540675570,2,14518,797,2422.9,2172.3,395,8.38,1,20,8318,0,0,0,0,0
4865,25.41,29.0,7210,6797,7958,3261940,450,117,6,-175.5,5.0,911.0,2540717274,2,14518,797,2423.2,2172.7,395,15.24,1,23,15140,0,0,0,0,0
4866,39.09,29.0,7210,6797,7958,3261940,451,117,6,-175.5,5.0,910.8,2540747422,2,14518,797,2423.9,2173.3,395,13.19,1,20,13115,0,0,0,0,0
4867,29.80,29.0,7210,6797,7958,3261940,452,117,6,-175.5,5.0,910.5,2540772294,2,14518,797,2424.2,2173.7,395,8.11,1,27,7730,7,294,0,0,0
4868,26.26,30.0,7210,6797,7958,3261940,453,117,6,-175.5,5.0,910.3,2540795662,2,14518,797,2424.6,2174.0,395,12.84,1,23,12763,0,0,0,0,0
4869,29.85,30.0,7210,6797,7958,3261940,454,117,6,-175.5,5.0,910.1,2540816742,2,14518,797,2424.9,2174.3,395,8.51,1,19,8450,0,0,0,0,0
4870,25.52,30.0,7210,6797,7958,3261940,455,117,6,-175.5,5.0,909.9,2540841330,2,14518,797,2425.2,2174.7,395,8.39,1,20,8325,0,0,0,0,0
4871,25.01,30.0,7210,6797,7958,3261940,456,117,6,-175.5,5.0,909.7,2540864414,2,14518,797,2425.6,2175.0,395,8.31,1,20,8243,0,0,0,0,0
4872,25.14,30.0,7210,6797,7958,3261940,457,117,6,-175.5,5.0,909.5,2540887514,2,14518,797,2425.9,2175.3,395,8.45,0,19,8392,0,0,0,0,0
4873,24.23,30.0,7210,6797,7958,3261940,458,117,6,-175.5,5.0,909.4,2540912102,2,14518,797,2426.2,2175.7,395,12.91,1,20,12845,0,0,0,0,0
4874,29.56,30.0,7210,6797,7958,3261940,458,117,6,-175.5,5.0,909.2,2540936098,2,14518,797,2426.6,2176.0,395,8.04,1,19,7984,0,0,0,0,0
4875,25.19,30.0,7210,6797,7955,3261769,458,117,6,-175.5,5.0,909.0,2540958058,2,14518,797,2426.9,2176.4,395,8.05,1,19,7989,0,0,0,0,0
4876,26.09,30.0,7210,6797,7955,3261769,461,117,6,-175.5,5.0,908.8,2541016242,2,14518,797,2427.2,2176.7,395,14.16,1,20,6287,7812,0,0,0,0
4877,30.33,30.0,7210,6798,7955,3261769,472,117,6,-175.5,5.0,908.6,2540624014,2,14518,797,2427.2,2176.7,395,4.47,1,20,4054,6,327,2,5,0
4878,23.01,30.0,7210,6799,7956,3262153,450,117,6,-175.5,5.0,908.4,2541263598,2,14545,797,2427.2,2176.7,395,53.86,1,21,4083,8018,0,0,0,0
4879,73.43,30.0,7210,6798,7956,3290155,443,117,6,-175.5,5.0,908.3,2547113078,2,14559,797,2420.2,2169.4,395,47.02,1,27,4019,8,297,2,5,0
4880,65.59,30.0,7210,6798,7956,3291386,440,117,6,-175.5,5.0,907.7,2547889598,2,14575,799,2421.5,2169.4,395,56.04,1,19,13966,0,0,0,0,0
4881,73.49,30.0,7210,6798,7956,3291215,452,117,6,-175.5,5.0,907.3,2548075330,2,14575,799,2421.7,2169.4,395,18.59,1,22,18518,0,0,0,0,0
4882,43.84,30.0,7210,6798,7956,3291295,464,117,6,-175.5,5.0,906.8,2548303678,2,14575,799,2421.9,2169.5,395,15.21,2,23,15139,0,0,0,0,0
4883,33.59,30.0,7210,6798,7956,3291295,465,117,6,-175.5,5.0,906.5,2548337918,2,14575,799,2422.9,2170.5,395,8.48,1,27,8405,0,0,0,0,0
4884,28.09,30.0,7210,6798,7956,3291295,474,117,6,-175.5,5.0,906.2,2548498338,2,14575,799,2423.2,2170.9,395,16.34,1,20,16280,0,0,0,0,0
4885,33.59,30.0,7210,6798,7956,3291295,477,117,6,-175.5,5.0,906.0,2548568390,2,14575,799,2423.6,2171.2,395,8.34,0,29,8264,0,0,0,0,0
4886,26.92,30.0,7210,6798,7956,3291295,483,117,6,-175.5,5.0,905.8,2548679314,2,14575,799,2423.9,2171.6,395,9.50,1,19,9443,0,0,0,0,0
4887,26.74,30.0,7210,6798,7950,3291123,484,117,6,-175.5,5.0,905.6,2548707262,2,14575,799,2424.3,2171.9,395,7.94,2,25,7569,7,286,2,5,0
4888,26.86,30.0,7210,6798,7950,3291123,488,117,6,-175.5,5.0,905.4,2548797194,2,14575,799,2424.6,2172.2,395,15.51,1,20,15448,0,0,0,0,0
4889,31.86,30.0,7210,6798,7950,3291123,503,117,6,-175.5,5.0,905.2,2549070586,2,14575,799,2425.9,2173.6,395,10.52,1,20,10451,0,0,0,0,0
4890,27.90,30.0,7210,6798,7950,3291123,504,117,6,-175.5,5.0,905.0,2549111642,2,14575,799,2426.9,2174.6,395,16.62,0,18,7531,9025,0,0,0,0
4891,32.64,30.0,7210,6798,7950,3291123,505,117,6,-175.5,5.0,904.8,2549133746,2,14575,799,2427.3,2174.9,395,8.15,1,21,8080,0,0,0,0,0
4892,25.58,30.0,7210,6798,7950,3291123,476,117,6,-175.5,5.0,904.6,2549497310,2,14617,799,2427.6,2175.2,395,54.43,2,20,4023,8080,0,0,0,0
4893,71.52,30.0,7210,6796,7948,3297424,477,117,6,-175.5,5.0,904.4,2549528618,2,14617,799,2427.7,2175.2,395,13.92,1,21,13857,0,0,0,0,0
4894,30.07,30.0,7210,6796,7948,3297424,478,117,6,-175.5,5.0,903.9,2549552002,2,14617,799,2428.0,2175.6,395,8.40,1,19,8341,0,0,0,0,0
4895,27.10,30.0,7210,6796,7948,3297424,479,117,6,-175.5,5.0,903.7,2549575386,2,14617,799,2428.3,2175.9,395,12.86,1,19,12803,0,0,0,0,0
4896,28.90,30.0,7210,6796,7948,3297424,480,117,6,-175.5,5.0,903.5,2549598050,2,14617,799,2428.7,2176.2,395,10.56,1,20,10495,0,0,0,0,0
4897,26.27,30.0,7210,6796,7948,3297424,481,117,6,-175.5,5.0,903.3,2549690258,2,14617,799,2429.0,2176.6,395,9.34,1,20,9282,0,0,0,0,0
4898,25.29,30.0,7210,6796,7948,3297424,483,117,6,-175.5,5.0,903.1,2549733998,2,14617,799,2429.3,2176.9,395,9.15,1,18,9093,0,0,0,0,0
4899,25.29,30.0,7210,6796,7948,3297424,484,117,6,-175.5,5.0,902.9,2549760370,2,14617,799,2429.4,2177.0,395,13.58,1,20,13521,0,0,0,0,0
4900,29.88,30.0,7210,6796,7948,3297424,488,117,6,-175.5,5.0,902.8,2549899762,2,14617,799,2429.7,2177.3,395,8.44,1,19,8384,0,0,0,0,0
4901,25.26,30.0,7210,6796,7948,3297424,489,117,6,-175.5,5.0,902.6,2549923150,2,14617,799,2430.1,2177.6,395,7.58,1,20,7208,7,298,2,6,0
4902,24.15,30.0,7210,6796,7948,3297424,478,117,6,-175.5,5.0,902.4,2549908634,2,14628,799,2430.4,2178.0,395,58.77,1,19,7812,8519,0,0,0,0
4903,75.69,30.0,7210,6796,7948,3303869,477,117,6,-175.5,5.0,902.2,2549475938,2,14629,799,2430.5,2178.0,395,60.61,1,20,18483,0,0,0,0,0
4904,78.55,30.0,7210,6796,7948,3303869,475,117,6,-175.5,5.0,901.7,2549106874,2,14631,799,2430.5,2178.0,395,56.98,1,19,13510,0,0,0,0,0
4905,74.91,30.0,7210,6796,7948,3305279,474,117,6,-175.5,5.0,901.1,2548672214,2,14632,799,2430.5,2178.0,395,61.27,1,18,19090,0,0,0,0,0
4906,78.98,30.0,7210,6796,7948,3306659,473,117,6,-175.5,5.0,900.6,2548300698,2,14633,799,2430.5,2178.0,395,61.40,1,18,17981,0,0,0,0,0
4907,78.60,30.0,7210,6797,7948,3308734,472,117,6,-175.5,5.0,900.1,2547863710,2,14634,799,2430.5,2178.0,395,55.84,1,19,13665,0,0,0,0,0
4908,74.48,30.0,7210,6797,7948,3311124,471,117,6,-175.5,5.0,899.5,2547494082,2,14635,799,2430.6,2178.1,395,63.32,0,20,19420,0,0,0,0,0
4909,82.67,30.0,7210,6795,7948,3309454,470,117,6,-175.5,5.0,899.0,2551297478,2,14636,799,2430.6,2178.1,395,56.33,1,20,13657,0,0,0,0,0
4910,78.52,30.0,7210,6795,7948,3310289,469,117,6,-175.5,5.0,898.4,2550859514,2,14637,799,2430.6,2178.1,395,63.99,1,20,19421,0,0,0,0,0
4911,84.22,30.0,7210,6795,7948,3310417,468,117,6,-175.5,5.0,897.9,2550489246,2,14638,799,2430.6,2178.1,395,63.94,1,19,20252,0,0,0,0,0
4912,82.45,30.0,7210,6795,7948,3311692,467,117,6,-175.5,5.0,897.3,2550098314,2,14639,799,2430.6,2178.1,395,57.36,1,20,15157,0,0,0,0,0
4913,74.96,30.0,7210,6795,7948,3310242,466,117,6,-175.5,5.0,896.7,2549727582,2,14640,799,2431.0,2178.5,395,64.36,1,20,21170,0,0,0,0,0
4914,81.96,16.0,7210,6793,7945,3310864,464,117,6,-175.5,5.0,896.2,2549401958,2,14642,799,2431.0,2178.5,395,64.16,0,19,21109,0,0,0,0,0
4915,81.68,16.0,7210,6720,7872,3217377,462,117,6,-175.5,5.0,895.6,2549077302,2,14644,799,2431.3,2178.8,395,57.92,1,19,15593,0,0,0,0,0
4916,75.19,16.0,7210,6720,7872,3217377,460,117,6,-175.5,5.0,895.0,2548642982,2,14646,799,2431.6,2179.2,395,58.05,1,28,15310,0,0,0,0,0
4917,76.94,16.0,7210,6722,7874,3219024,459,117,6,-175.5,5.0,894.5,2548272738,2,14647,799,2431.7,2179.2,395,62.91,1,19,20884,0,0,0,0,0
4918,81.02,16.0,7210,6728,7880,3222135,457,117,6,-175.5,5.0,894.0,2552081762,2,14649,799,2431.7,2179.2,395,62.22,1,20,19645,0,0,0,0,0
4919,79.44,16.0,7210,6728,7880,3220530,456,117,6,-175.5,5.0,893.4,2551644758,2,14650,799,2431.7,2179.2,395,54.53,1,19,12689,0,0,0,0,0
4920,73.44,16.0,7210,6728,7880,3221425,452,117,6,-175.5,5.0,892.8,2551279458,2,14654,799,2431.7,2179.2,395,62.16,1,19,20547,0,0,0,0,0
4921,80.92,16.0,7210,6728,7880,3220655,450,117,6,-175.5,5.0,892.3,2550843702,2,14656,799,2431.7,2179.2,395,64.45,1,19,21401,0,0,0,0,0
4922,83.81,16.0,7210,6728,7880,3219885,444,117,6,-175.5,5.0,891.8,2550481234,2,14662,799,2431.7,2179.3,395,62.76,1,21,20201,0,0,0,0,0
4923,79.54,16.0,7210,6728,7880,3218280,436,117,6,-175.5,5.0,891.2,2550461470,2,14670,799,2431.8,2179.3,395,58.66,1,18,15347,0,0,0,0,0
4924,77.39,16.0,7210,6729,7881,3220726,431,117,6,-175.5,5.0,890.6,2550168130,2,14675,799,2431.8,2179.3,395,62.72,1,20,19834,0,0,0,0,0
4925,79.16,16.0,7210,6729,7881,3220726,424,117,6,-175.5,5.0,890.1,2550212102,2,14682,799,2431.9,2179.3,395,57.59,1,17,15100,0,0,0,0,0
4926,74.88,16.0,7210,6730,7882,3219331,415,117,6,-175.5,5.0,889.5,2550436650,2,14690,799,2432.3,2179.6,395,64.33,1,18,21513,0,0,0,0,0
4927,89.22,13.0,7210,6730,7882,3219551,414,117,6,-175.5,5.0,889.0,2550200230,2,14691,799,2432.7,2180.0,395,66.74,1,19,21896,0,0,0,0,0
4928,84.75,13.0,7210,6731,7883,3230309,412,117,6,-175.5,5.0,888.4,2550030242,2,14693,799,2432.7,2180.0,395,64.15,1,19,21190,0,0,0,0,0
4929,90.46,13.0,7210,6731,7883,3231364,411,117,6,-175.5,5.0,887.8,2549792006,2,14694,799,2432.7,2180.0,395,66.23,1,21,22445,0,0,0,0,0
4930,83.31,13.0,7210,6731,7883,3231364,408,117,6,-175.5,5.0,887.1,2549623862,2,14697,799,2432.7,2180.0,395,57.57,1,28,14047,0,0,0,0,0
4931,77.22,13.0,7210,6768,7920,3264151,404,117,6,-175.5,5.0,886.6,2553631002,2,14701,799,2432.7,2180.0,395,64.17,1,19,21686,0,0,0,0,0
4932,83.03,13.0,7210,6760,7915,3262867,403,117,6,-175.5,5.0,886.0,2553437206,2,14702,799,2432.7,2180.1,395,65.25,1,18,23175,0,0,0,0,0
4933,83.40,13.0,7210,6762,7915,3261247,399,117,6,-175.5,5.0,885.4,2553674950,2,14706,799,2433.1,2180.4,395,66.43,0,19,22684,0,0,0,0,0
4934,83.02,13.0,7210,6759,7915,3261247,394,117,6,-175.5,5.0,884.9,2554797250,2,14711,799,2433.5,2180.7,395,59.93,1,20,16476,0,0,0,0,0
4935,78.56,13.0,7210,6759,7915,3261247,390,117,6,-175.5,5.0,884.3,2555714942,2,14715,799,2434.0,2181.1,395,66.50,1,19,23862,0,0,0,0,0
4936,83.67,13.0,7210,6771,7927,3263583,387,117,6,-175.5,5.0,883.7,2555895954,2,14718,799,2434.5,2181.4,395,60.27,1,23,16573,0,0,0,0,0
4937,78.72,13.0,7210,6775,7931,3264944,372,117,6,-175.5,5.0,883.1,2552342066,2,14733,800,2434.5,2181.4,395,67.40,1,29,23497,0,0,0,0,0
4938,84.52,13.0,7210,6775,7931,3266469,371,117,6,-175.5,5.0,882.6,2553045670,2,14734,800,2434.9,2181.8,395,53.11,2,29,9190,0,0,0,0,0
4939,78.84,12.0,7210,6772,7929,3266427,321,117,6,-175.5,5.0,882.0,2554652294,2,14784,800,2435.3,2182.1,395,48.15,1,19,3216,6,273,2,5,0
4940,68.15,12.0,7210,6779,7932,3264755,309,117,6,-175.5,5.0,881.4,2556584378,2,14796,800,2438.2,2182.1,395,74.18,1,18,30447,0,0,0,0,0
4941,94.87,12.0,7210,6790,7944,3268209,303,117,6,-175.5,5.0,881.0,2557711098,2,14802,800,2438.7,2182.4,395,61.14,1,21,17546,0,0,0,0,0
4942,78.95,12.0,7226,6759,7913,3247477,252,117,6,-175.5,5.0,880.3,2559453546,2,14850,800,2439.1,2182.8,395,56.83,1,20,3305,7831,0,0,0,0
4943,75.20,12.0,7214,6770,7925,3254681,201,117,6,-175.5,5.0,879.7,2556580294,2,14896,800,2440.0,2182.8,395,47.77,1,18,3617,8,280,2,5,0
4944,67.20,12.0,7214,6794,7949,3257539,151,117,6,-175.5,5.0,879.2,2560072038,2,14946,801,2439.6,2182.3,395,58.32,1,22,3692,7698,0,0,0,0
4945,76.34,12.0,7223,6796,7951,3257736,101,122,5,-175.5,5.0,878.7,2562833830,2,14995,802,2440.4,2182.3,395,57.99,1,7939,3612,0,0,0,0,0
4946,75.69,12.0,7241,6799,7955,3258312,64,122,5,-175.5,5.0,878.2,2563555454,2,15030,802,2441.4,2182.3,395,59.72,1,18,4188,7996,0,0,0,0
4947,77.99,12.0,7237,6806,7972,3260136,17,122,4,-175.5,5.0,877.7,2568975850,2,15077,804,2442.6,2182.3,395,66.61,1,14070,4036,0,0,0,0,0
4948,86.16,12.0,7241,6782,7973,3260478,0,122,3,-175.5,5.0,877.1,2567512886,2,15092,804,2443.8,2181.9,395,59.58,2,10515,1566,0,0,0,0,0
4949,77.94,12.0,7241,6781,7972,3261926,0,122,2,-175.5,5.0,876.5,2567517974,2,15092,804,2444.3,2181.9,395,8.09,1,7717,24,6,277,0,0,0
4950,65.13,12.0,7241,6768,7974,3266402,0,122,1,-175.5,5.0,876.0,2567522454,2,15092,804,2444.3,2181.9,395,9.60,1,9524,23,0,0,0,0,0
4951,66.20,12.0,7243,6768,7971,3266299,109,122,3,-175.5,5.0,875.5,2568653170,2,15092,804,2444.3,2181.9,395,45.64,1,9,17,5,281,2,45281,0
4952,66.51,13.0,7257,6773,7977,3266887,59,122,3,-175.5,5.0,875.1,2567673094,2,15135,804,2446.9,2184.4,395,58.10,1,13,3149,7878,0,0,0,0
4953,78.55,13.0,7257,6782,7984,3270763,72,122,3,-175.5,5.0,874.6,2569466206,2,15135,804,2449.9,2187.4,395,31.75,1,13,31691,0,0,0,0,0
4954,57.82,13.0,7257,6809,8011,3273566,84,122,3,-175.5,5.0,874.1,2568609586,2,15135,804,2452.0,2189.4,395,19.31,1,13,19248,0,0,0,0,0
4955,61.86,13.0,7259,6809,8011,3273606,126,122,5,-175.5,5.0,873.7,2573363834,2,15141,804,2458.3,2195.7,395,60.76,1,14,4013,6,277,2,9512,0
4956,83.69,13.0,7259,6814,8016,3280323,132,122,5,-175.5,5.0,873.2,2574288054,2,15141,804,2459.5,2196.8,395,30.17,1,15,30108,0,0,0,0,0
4957,57.78,13.0,7259,6814,8013,3280152,147,122,5,-175.5,5.0,872.6,2574643402,2,15141,804,2461.0,2198.3,395,23.91,2,23,23837,0,0,0,0,0
4958,57.26,13.0,7259,6830,8029,3281956,148,122,5,-175.5,5.0,872.2,2574736450,2,15141,804,2461.9,2199.2,395,10.26,1,51,10154,0,0,0,0,0
4959,57.34,13.0,7260,6830,8029,3281956,175,122,6,-175.5,5.0,871.8,2575560666,2,15141,804,2463.0,2200.2,395,18.82,1,23,7265,10,413,4,11050,0
4960,55.72,13.0,7260,6831,8028,3281937,176,122,6,-175.5,5.0,871.4,2575694582,2,15141,804,2464.0,2201.3,395,19.39,2,29,19295,0,0,0,0,0
4961,53.14,13.0,7260,6831,8028,3281937,177,122,6,-175.5,5.0,871.0,2575630870,2,15141,804,2464.7,2201.9,395,11.10,1,27,11011,0,0,0,0,0
4962,52.83,13.0,7260,6831,8028,3281937,187,122,6,-175.5,5.0,870.7,2575654426,2,15141,804,2465.0,2202.3,395,13.67,2,28,13585,0,0,0,0,0
4963,52.86,13.0,7260,6831,8028,3281937,209,122,6,-175.5,5.0,870.3,2576178966,2,15141,804,2465.4,2202.6,395,30.44,1,26,30357,0,0,0,0,0
4964,63.09,13.0,7260,6831,8028,3281937,213,122,6,-175.5,5.0,869.9,2576342002,2,15141,804,2465.9,2203.1,395,15.27,1,28,15185,0,0,0,0,0
4965,48.62,13.0,7260,6831,8028,3281937,220,122,6,-175.5,5.0,869.5,2576569634,2,15141,804,2467.2,2204.5,395,17.94,2,27,17859,0,0,0,0,0
4966,53.91,13.0,7260,6831,8028,3281937,226,122,6,-175.5,5.0,869.1,2576714058,2,15141,804,2469.6,2206.8,395,30.53,1,27,30441,0,0,0,0,0
4967,65.59,13.0,7260,6831,8031,3282108,228,122,6,-175.5,5.0,868.8,2576768322,2,15141,804,2471.6,2208.8,395,13.36,2,29,13263,0,0,0,0,0
4968,53.84,13.0,7260,6839,8039,3283259,210,122,6,-175.5,5.0,868.3,2575715550,2,15167,804,2472.3,2209.5,395,99.64,1,28,4026,12844,0,0,0,0
4969,124.89,17.0,7260,6859,8059,3264278,212,122,6,-175.5,5.0,867.9,2575882594,2,15167,804,2472.3,2209.5,395,23.43,1,25,23347,0,0,0,0,0
4970,58.48,17.0,7260,6859,8060,3264280,254,122,6,-175.5,5.0,867.1,2574807042,2,15177,804,2472.6,2209.8,395,94.31,2,29,4044,12733,0,0,0,0
4971,135.37,17.0,7260,6862,8063,3262804,312,122,6,-175.5,5.0,866.6,2574960726,2,15177,804,2472.6,2209.8,395,23.75,1,33,23621,0,0,0,0,0
4972,62.16,17.0,7260,6901,8099,3263557,324,122,6,-175.5,5.0,865.7,2575068198,2,15177,804,2472.9,2210.2,395,18.00,1,26,17907,0,0,0,0,0
4973,54.83,17.0,7260,6908,8105,3264163,327,122,6,-175.5,5.0,865.3,2575132414,2,15177,804,2473.3,2210.5,395,21.48,1,24,21392,0,0,0,0,0
4974,56.69,17.0,7260,6921,8118,3265111,331,122,6,-175.5,5.0,864.9,2575294866,2,15177,804,2474.3,2211.5,395,18.82,2,29,18719,0,0,0,0,0
4975,52.56,17.0,7260,6897,8094,3264263,331,122,6,-175.5,5.0,864.5,2575504674,2,15177,804,2475.6,2212.8,395,32.69,1,26,32602,0,0,0,0,0
4976,69.35,17.0,7260,6897,8094,3264263,331,122,6,-175.5,5.0,864.1,2576170078,2,15177,804,2479.0,2216.2,395,19.53,1,29,7441,11988,0,0,0,0
4977,58.70,17.0,7260,6897,8094,3264407,327,122,6,-175.5,5.0,863.6,2579630530,2,15181,804,2479.0,2216.2,395,79.59,2,28,4104,165,424,7,8,0
4978,117.88,17.0,7260,6897,8094,3264492,327,122,6,-175.5,5.0,863.2,2579877382,2,15181,804,2479.0,2216.2,395,31.88,2,27,31790,0,0,0,0,0
4979,67.65,17.0,7260,6901,8102,3264831,330,122,6,-175.5,5.0,862.4,2579259558,2,15182,804,2482.7,2219.9,395,79.03,1,26,4027,9,404,4,7,0
4980,120.55,17.0,7260,6907,8110,3268284,330,122,6,-175.5,5.0,861.9,2579448694,2,15182,804,2482.7,2219.9,395,36.52,1,25,36425,0,0,0,0,0
4981,75.38,12.0,7260,6915,8117,3268572,334,122,6,-175.5,5.0,861.1,2579560610,2,15182,804,2485.7,2222.9,395,22.93,2,25,22840,0,0,0,0,0
4982,58.02,12.0,7260,6918,8116,3272979,330,122,6,-175.5,5.0,860.5,2578430350,2,15204,804,2487.0,2224.2,395,92.78,2,29,4076,11567,0,0,0,0
4983,134.30,12.0,7256,6921,8120,3272402,325,122,6,-175.5,5.0,860.1,2581998326,2,15215,805,2487.0,2224.2,395,78.38,2,27,4040,9,381,3,7,0
4984,117.94,12.0,7256,6733,7935,3102696,327,122,6,-175.5,5.0,859.2,2582049710,2,15215,805,2487.0,2223.9,395,25.24,2,26,25147,0,0,0,0,0
4985,62.63,12.0,7256,6813,8020,3110464,330,122,6,-175.5,5.0,858.4,2582181502,2,15215,805,2487.0,2223.9,395,20.89,1,27,20801,0,0,0,0,0
4986,57.83,12.0,7256,6813,8019,3110462,331,122,6,-175.5,5.0,857.9,2582207498,2,15215,805,2487.4,2224.3,395,24.40,1,25,24309,0,0,0,0,0
4987,61.21,12.0,7256,6819,8028,3111235,332,122,6,-175.5,5.0,857.5,2582297674,2,15215,805,2487.7,2224.6,395,8.64,1,26,8558,0,0,0,0,0
4988,60.81,12.0,7256,6821,8030,3111743,326,122,6,-175.5,5.0,857.1,2581028234,2,15223,805,2488.0,2224.9,395,94.21,1,26,4072,12347,0,0,0,0
4989,137.04,12.0,7256,6842,8049,3123519,327,122,6,-175.5,5.0,856.7,2580526822,2,15223,805,2488.7,2225.6,395,18.37,2,42,18237,0,0,0,0,0
4990,57.02,12.0,7256,6851,8055,3123803,329,122,6,-175.5,5.0,855.7,2580572498,2,15223,805,2487.1,2224.0,395,21.81,2,26,21722,0,0,0,0,0
4991,57.62,12.0,7256,6853,8056,3124089,338,122,6,-175.5,5.0,855.3,2580752606,2,15223,805,2487.8,2224.7,395,20.85,2,33,20752,0,0,0,0,0
4992,58.86,12.0,7256,6853,8056,3124089,339,122,6,-175.5,5.0,854.9,2580783066,2,15223,805,2487.8,2224.7,395,21.36,2,29,21262,0,0,0,0,0
4993,54.43,12.0,7256,6853,8056,3124089,341,122,6,-175.5,5.0,854.5,2580843626,2,15223,805,2487.9,2224.8,395,10.85,1,25,10760,0,0,0,0,0
4994,54.48,13.0,7256,6853,8056,3124089,341,122,6,-175.5,5.0,854.1,2579996518,2,15224,806,2487.9,2224.8,395,94.51,1,29,6380,11763,0,0,0,0
4995,134.79,13.0,7227,6871,8070,3127082,342,122,6,-175.5,5.0,853.7,2579935418,2,15224,806,2488.1,2224.9,395,27.09,2,25,26962,0,0,0,0,0
4996,62.39,13.0,7227,6871,8071,3127084,344,122,6,-175.5,5.0,852.8,2580059898,2,15224,806,2487.8,2224.7,395,9.04,1,27,8944,0,0,0,0,0
4997,52.15,13.0,7227,6875,8074,3127224,341,122,6,-175.5,5.0,852.4,2584325762,2,15233,806,2487.8,2224.7,395,72.18,1,25,4037,9,410,4,8,0
4998,104.29,13.0,7227,6878,8077,3127223,344,122,6,-175.5,5.0,852.0,2584450178,2,15233,806,2488.0,2224.7,395,19.86,1,20,19792,0,0,0,0,0
4999,52.36,13.0,7227,6654,7854,3091900,345,122,6,-175.5,5.0,851.3,2584463870,2,15233,806,2488.3,2225.0,395,13.52,1,22,13438,0,0,0,0,0
5000,53.15,13.0,7227,6654,7856,3092069,350,122,6,-175.5,5.0,850.9,2584859410,2,15233,806,2488.7,2225.3,395,12.47,2,23,12371,0,0,0,0,0
5001,53.26,13.0,7227,6654,7856,3092069,338,122,6,-175.5,5.0,850.5,2584727734,2,15247,806,2489.3,2226.0,395,61.40,1,24,6087,10,292,3,5,0
5002,86.71,13.0,7227,6654,7856,3093694,344,122,6,-175.5,5.0,850.2,2584896914,2,15247,806,2489.8,2226.4,395,19.82,1,22,19751,0,0,0,0,0
5003,46.98,13.0,7227,6659,7861,3093794,376,122,6,-175.5,5.0,849.5,2585001770,2,15247,806,2490.2,2226.7,395,21.58,1,21,21502,0,0,0,0,0
5004,46.97,13.0,7227,6660,7861,3093794,377,122,6,-175.5,5.0,849.2,2585026478,2,15247,806,2490.5,2227.0,395,20.19,1,18,20126,0,0,0,0,0
5005,47.38,13.0,7227,6668,7869,3094334,377,122,6,-175.5,5.0,848.9,2585088710,2,15247,806,2490.7,2227.2,395,10.50,1,18,10435,0,0,0,0,0
5006,47.08,13.0,7227,6668,7869,3094334,378,122,6,-175.5,5.0,848.6,2585117534,2,15247,806,2491.7,2228.2,395,8.40,1,18,8338,0,0,0,0,0
5007,44.30,13.0,7227,6668,7869,3094334,353,122,6,-175.5,5.0,848.2,2584781074,2,15275,806,2492.0,2228.5,395,53.32,1,31,5554,8,271,2,5,0
5008,71.50,13.0,7227,6668,7869,3096044,391,122,6,-175.5,5.0,847.9,2585197386,2,15275,806,2492.5,2229.0,395,17.75,1,28,17639,0,0,0,0,0
5009,42.07,15.0,7227,6673,7874,3096632,434,122,6,-175.5,5.0,847.4,2585787822,2,15275,806,2495.2,2231.6,395,31.19,1,17,31130,0,0,0,0,0
5010,47.69,15.0,7227,6673,7874,3096632,435,122,6,-175.5,5.0,847.1,2586973422,2,15275,806,2495.5,2232.0,395,11.26,1,17,11199,0,0,0,0,0
5011,41.43,15.0,7227,6669,7871,3096461,435,122,6,-175.5,5.0,846.8,2586994414,2,15275,806,2495.6,2232.1,395,6.88,0,37,6505,8,271,3,6,0
5012,41.10,15.0,7227,6669,7871,3096461,444,122,6,-175.5,5.0,846.5,2586269422,2,15275,806,2495.8,2232.2,395,62.24,1,18,6786,8491,0,0,0,0
5013,80.83,15.0,7219,6666,7871,3099076,449,122,6,-175.5,5.0,846.2,2586309646,2,15275,806,2497.6,2234.1,395,25.61,1,19,25543,0,0,0,0,0
5014,41.45,15.0,7219,6666,7871,3099196,453,122,6,-175.5,5.0,845.6,2586378138,2,15275,806,2498.2,2234.6,395,13.77,1,18,13703,0,0,0,0,0
5015,38.14,15.0,7219,6667,7872,3099204,454,122,6,-175.5,5.0,845.4,2586479526,2,15275,806,2499.2,2235.6,395,13.39,1,18,13330,0,0,0,0,0
5016,37.82,15.0,7219,6668,7873,3099454,454,122,6,-175.5,5.0,845.1,2585665410,2,15275,806,2500.2,2236.7,395,63.39,1,18,7671,8502,0,0,0,0
5017,79.96,15.0,7215,6683,7887,3101686,454,122,6,-175.5,5.0,844.8,2585666194,2,15275,806,2500.9,2237.3,395,17.85,0,18,17783,0,0,0,0,0
5018,35.33,15.0,7215,6696,7899,3102239,454,122,6,-175.5,5.0,844.3,2586158794,2,15275,806,2500.9,2237.3,395,30.48,1,19,30420,0,0,0,0,0
5019,46.02,15.0,7215,6696,7895,3102010,455,122,6,-175.5,5.0,844.0,2586375126,2,15275,806,2501.4,2237.8,395,10.85,1,19,10782,0,0,0,0,0
5020,36.46,15.0,7215,6696,7895,3102010,456,122,6,-175.5,5.0,843.7,2586403094,2,15275,806,2501.7,2238.2,395,11.48,1,29,11406,0,0,0,0,0
5021,36.48,15.0,7215,6695,7895,3102010,421,122,6,-175.5,5.0,843.4,2589870258,2,15312,806,2502.0,2238.5,395,51.97,1,18,4052,7,317,2,5,0
5022,68.83,15.0,7215,6695,7895,3108746,423,122,6,-175.5,5.0,843.2,2590459774,2,15312,806,2502.4,2238.8,395,19.11,1,18,19044,0,0,0,0,0
5023,34.84,15.0,7215,6695,7895,3108746,424,122,6,-175.5,5.0,842.7,2590526774,2,15312,806,2503.1,2239.5,395,19.11,2,19,19048,0,0,0,0,0
5024,34.27,15.0,7215,6695,7895,3108746,434,122,6,-175.5,5.0,842.5,2590818046,2,15312,806,2503.4,2239.8,395,16.07,1,18,16005,0,0,0,0,0
5025,34.39,15.0,7215,6695,7895,3109546,443,122,6,-175.5,5.0,842.2,2591052346,2,15312,806,2505.4,2241.9,395,18.74,2,19,18673,0,0,0,0,0
5026,35.79,15.0,7215,6702,7902,3109878,463,122,6,-175.5,5.0,842.0,2591630886,2,15312,806,2508.7,2245.2,395,32.47,1,18,32400,0,0,0,0,0
5027,48.64,15.0,7215,6702,7902,3109878,484,122,6,-175.5,5.0,841.7,2592000874,2,15312,806,2512.8,2249.2,395,16.20,1,19,16135,0,0,0,0,0
5028,32.54,15.0,7215,6704,7904,3109970,515,122,6,-175.5,5.0,841.4,2592670046,2,15312,806,2514.4,2250.9,395,40.05,1,20,39981,0,0,0,0,0
5029,57.69,15.0,7215,6701,7904,3109970,523,122,6,-175.5,5.0,841.2,2593084162,2,15312,806,2515.2,2251.7,395,26.60,1,18,26533,0,0,0,0,0
5030,43.27,15.0,7215,6714,7916,3111318,537,122,6,-175.5,5.0,840.8,2593276830,2,15312,806,2517.9,2254.3,395,18.07,2,17,18001,0,0,0,0,0
5031,34.40,15.0,7215,6714,7916,3111318,588,122,6,-175.5,5.0,840.5,2593471806,2,15312,806,2519.6,2256.0,395,17.74,1,24,17669,0,0,0,0,0
5032,33.98,23.0,7215,6714,7916,3111318,602,122,6,-175.5,5.0,840.2,2593929806,2,15312,806,2519.9,2256.3,395,15.94,1,18,15881,0,0,0,0,0
5033,33.32,23.0,7215,6715,7916,3111318,620,122,6,-175.5,5.0,840.0,2594301390,2,15312,806,2521.6,2258.0,395,9.50,2,19,9439,0,0,0,0,0
5034,32.20,23.0,7215,6722,7923,3111578,626,122,6,-175.5,5.0,839.7,2594486006,2,15312,806,2521.9,2258.4,395,14.72,1,18,14657,0,0,0,0,0
5035,32.13,23.0,7215,6722,7923,3111578,697,122,6,-175.5,5.0,839.5,2594765542,2,15312,806,2522.9,2259.4,395,11.65,1,18,11589,0,0,0,0,0
5036,32.23,23.0,7215,6722,7923,3111578,699,122,6,-175.5,5.0,839.3,2594850598,2,15312,806,2523.9,2260.4,395,64.46,0,22,7409,8293,0,0,0,0
5037,83.28,23.0,7191,6720,7927,3117079,699,122,6,-175.5,5.0,839.1,2594979426,2,15312,806,2523.9,2260.4,395,27.26,1,18,27189,0,0,0,0,0
5038,43.72,23.0,7191,6720,7927,3117079,699,122,6,-175.5,5.0,838.5,2595127926,2,15312,806,2526.9,2263.4,395,20.20,1,20,20137,0,0,0,0,0
5039,36.78,23.0,7191,6720,7928,3122039,703,122,6,-175.5,5.0,838.2,2595789910,2,15312,806,2528.9,2265.4,395,15.91,1,18,15849,0,0,0,0,0
5040,34.25,23.0,7191,6720,7928,3122039,704,122,6,-175.5,5.0,837.9,2595850770,2,15312,806,2530.3,2266.7,395,8.65,1,17,8578,0,0,0,0,0
5041,31.17,23.0,7191,6720,7928,3122151,704,122,6,-175.5,5.0,837.7,2595895102,2,15312,806,2530.6,2267.0,395,5.93,2,18,5522,8,318,2,6,0
5042,31.10,23.0,7191,6720,7928,3122151,654,122,6,-175.5,5.0,837.5,2595299462,2,15362,806,2531.3,2267.7,395,56.24,1,19,2742,7459,0,0,0,0
5043,73.33,23.0,7193,6720,7928,3135046,604,122,6,-175.5,5.0,837.2,2594526938,2,15411,806,2531.3,2267.7,395,48.66,1,17,2189,6,261,1,4,0
5044,65.96,23.0,7193,6721,7928,3136736,554,122,6,-175.5,5.0,836.7,2595013366,2,15461,807,2532.0,2267.7,395,59.30,1,18,2818,8013,0,0,0,0
5045,76.30,23.0,7193,6721,7928,3137801,504,122,6,-175.5,5.0,836.3,2598617122,2,15511,807,2532.5,2267.7,395,48.46,1,18,2308,6,268,2,4,0
5046,67.62,23.0,7193,6781,7988,3297198,460,122,6,-175.5,5.0,835.7,2598031518,2,15555,807,2532.7,2267.7,395,60.29,1,18,4016,8375,0,0,0,0
5047,76.59,23.0,7193,6781,7988,3295438,410,122,6,-175.5,5.0,835.3,2598294050,2,15605,809,2532.7,2267.7,395,50.14,1,18,3097,7,246,2,5,0
5048,67.28,23.0,7193,6781,7988,3292108,378,122,6,-175.5,5.0,834.7,2598748014,2,15637,810,2533.1,2267.7,395,68.67,1,18,21037,0,0,0,0,0
5049,84.99,23.0,7193,6781,7988,3292108,328,122,6,-175.5,5.0,834.3,2598451794,2,15687,810,2533.2,2267.7,395,48.91,2,18,2074,6,244,2,4,0
5050,73.95,23.0,7193,6782,7988,3286073,278,127,5,-175.5,5.0,833.7,2598677634,2,15737,810,2533.5,2267.7,395,62.44,1,4104,2846,8234,0,0,0,0
5051,81.17,19.0,7193,6780,7984,3288292,261,127,5,-175.5,5.0,833.1,2598903394,2,15754,811,2533.5,2267.7,395,69.08,1,18,22258,0,0,0,0,0
5052,86.07,19.0,7195,6780,7984,3287582,211,127,4,-175.5,5.0,832.6,2599540810,2,15803,811,2533.7,2267.8,395,59.99,2,8855,2684,0,0,0,0,0
5053,77.01,19.0,7198,6784,7983,3284645,251,127,5,-175.5,5.0,832.0,2602287670,2,15852,811,2534.3,2267.8,395,54.78,1,15,3190,8,276,2,2967,0
5054,71.49,19.0,7198,6777,7977,3283861,201,127,5,-175.5,5.0,831.4,2602919286,2,15902,811,2536.7,2269.3,395,56.49,1,16,2008,7409,0,0,0,0
5055,75.66,19.0,7198,6777,7977,3284461,204,127,5,-175.5,5.0,830.9,2602980166,2,15902,811,2537.2,2269.3,395,21.09,1,16,21027,0,0,0,0,0
5056,45.60,19.0,7198,6777,7973,3284232,208,127,5,-175.5,5.0,830.4,2603334986,2,15902,811,2537.5,2269.6,395,65.03,1,25,7676,7823,0,0,0,0
5057,84.84,19.0,7194,6778,7973,3286152,209,127,5,-175.5,5.0,830.1,2603345758,2,15902,811,2538.8,2270.9,395,21.48,1,17,21416,0,0,0,0,0
5058,50.59,19.0,7194,6779,7973,3286392,202,127,5,-175.5,5.0,829.5,2606136322,2,15912,811,2538.8,2270.9,395,65.43,3,21,4064,8979,0,0,0,0
5059,85.36,19.0,7196,6779,7973,3286177,153,127,5,-175.5,5.0,829.1,2608154150,2,15961,812,2539.6,2271.3,395,55.39,1,19,3560,6,263,3,3,0
5060,74.79,19.0,7196,6778,7973,3286177,138,128,4,-175.5,5.0,828.5,2605728766,2,15976,813,2540.5,2271.3,395,70.76,1,7671,10071,0,0,0,0,0
5061,89.37,19.0,7196,6784,7978,3286297,88,128,4,-175.5,5.0,828.0,2610113442,2,16026,814,2540.7,2271.4,395,78.89,1,21,22003,0,0,0,0,0
5062,99.98,19.0,7196,6784,7977,3284405,82,128,4,-175.5,5.0,827.4,2612594606,2,16032,816,2541.3,2271.5,395,75.23,1,23,18783,0,0,0,0,0
5063,95.79,19.0,7196,6781,7975,3281975,32,128,4,-175.5,5.0,826.7,2610103642,2,16082,816,2541.5,2271.5,395,59.91,2,24,3289,9,281,2,2,0
5064,79.33,13.0,7198,6780,7974,3283208,0,128,3,-175.5,5.0,826.0,2611815774,2,16113,816,2543.3,2271.5,395,77.50,1,24485,1664,0,0,0,0,0
5065,97.86,13.0,7198,6796,7989,3294212,0,128,2,-175.5,5.0,825.5,2611833426,2,16113,816,2543.3,2271.5,395,9.21,1,9147,22,0,0,0,0,0
5066,54.63,13.0,7198,6793,7986,3298548,0,128,1,-175.5,5.0,824.8,2609323710,2,16113,816,2543.3,2271.5,395,59.88,1,1896,21,8826,0,0,0,0
5067,78.79,13.0,7188,6805,8002,3311717,0,128,1,-175.5,5.0,824.4,2609306790,2,16113,816,2543.3,2271.5,395,0.35,1,9,19,14,255,1,1,0
5068,58.50,13.0,7188,6802,7999,3311612,0,128,1,-175.5,5.0,823.8,2610961330,2,16113,816,2542.9,2271.2,395,56.00,1,9,16,7778,3,3,2,0
5069,73.22,13.0,7184,6960,8156,3360625,0,128,1,-175.5,5.0,823.4,2610938018,2,16113,816,2542.9,2271.2,395,0.36,1,12,17,6,263,3,1,0
5070,55.91,13.0,7224,6970,8166,3361499,0,128,1,-175.5,5.0,822.9,2612699506,2,16108,816,2542.6,2270.9,395,58.91,0,9,16,7805,4,2720,0,0
5071,79.30,13.0,7220,6984,8201,3369472,0,128,1,-175.5,5.0,822.5,2612681682,2,16108,816,2542.9,2271.2,395,0.32,1,9,16,5,242,2,2,0
5072,47.20,13.0,7220,6983,8201,3369472,0,128,1,-175.5,5.0,822.0,2610097470,2,16108,816,2542.6,2270.9,395,57.82,1,10,17,8196,0,0,0,0
5073,75.98,13.0,7216,6983,8195,3372246,0,128,1,-175.5,5.0,821.6,2610074170,2,16108,816,2542.6,2270.9,395,0.34,1,7,15,5,259,2,2,0
5074,48.01,13.0,7216,6983,8195,3372246,0,128,1,-175.5,5.0,821.1,2610073642,2,16108,816,2542.3,2270.5,395,8.09,1,9,16,8016,0,0,0,0
5075,42.99,13.0,7216,6983,8195,3372246,0,128,1,-175.5,5.0,820.8,2610073938,2,16108,816,2542.3,2270.5,395,0.39,1,9,19,7,304,2,2,0
5076,43.12,13.0,7216,6983,8195,3372246,0,128,1,-175.5,5.0,820.5,2611730626,2,16108,816,2542.3,2270.5,395,56.49,1,9,16,7945,0,0,0,0
5077,73.74,13.0,7153,6984,8195,3370376,0,128,1,-175.5,5.0,820.2,2611557398,2,16108,816,2542.3,2270.5,395,0.34,1,9,16,5,268,2,2,0
5078,39.14,13.0,7153,6984,8196,3370378,0,128,1,-175.5,5.0,819.7,2609040982,3,16108,816,2542.3,2270.5,395,60.00,1,9,16,8382,0,0,0,0
5079,76.38,15.0,7149,3565,5464,1642306,0,128,1,-175.5,80.0,994.7,2611410010,3,16108,816,2542.3,2270.5,395,73.21,1,14,32,0,0,0,0,21482
5080,89.64,15.0,7149,2119,3389,1179575,0,128,1,-175.5,80.0,994.7,2611437514,3,16108,816,2544.7,2270.2,395,14.71,2,15,23,7194,0,0,0,0
5081,100.95,15.0,7149,2119,3389,1179575,0,128,1,-175.5,80.0,994.7,2611438038,3,16108,816,2544.7,2270.2,395,7.93,2,22,26,9,285,3,1,0
5082,16.05,15.0,7149,2119,3390,1179577,0,128,1,-175.5,80.0,994.7,2611439138,3,16108,816,2544.7,2270.2,395,7.63,1,9,16,7490,7,58,2,0
5083,35.18,15.0,7149,2119,3389,1179575,0,128,1,-175.5,80.0,994.7,2611438646,3,16108,816,2544.7,2270.2,395,0.37,1,11,17,5,292,3,2,0
5084,34.98,15.0,7149,2119,3389,1179575,0,128,1,-175.5,80.0,994.7,2611439646,3,16108,816,2544.7,2270.2,395,7.28,1,10,17,7187,8,3,3,0
5085,34.92,15.0,7149,2119,3389,1179575,0,128,1,-175.5,80.0,994.7,2611439942,3,16108,816,2544.7,2270.2,395,0.32,1,9,15,6,245,2,1,0
5086,34.99,15.0,7149,2119,3389,1179575,0,128,1,-175.5,80.0,994.7,2611439566,3,16108,816,2544.7,2270.2,395,7.50,2,16,18,7345,7,59,2,0
5087,30.79,15.0,7149,2119,3389,1179575,0,128,1,-175.5,80.0,994.7,2611440582,3,16108,816,2544.7,2270.2,395,0.35,1,9,16,9,274,2,2,0
5088,30.84,15.0,7149,2119,3389,1179575,0,128,1,-175.5,80.0,994.7,2611440174,3,16108,816,2544.7,2270.2,395,6.96,1,10,17,6860,11,7,6,0
5089,30.81,15.0,7149,2119,3389,1179575,0,128,1,-175.5,80.0,994.7,2611440470,3,16108,816,2544.7,2270.2,395,0.33,1,11,17,5,252,3,1,0
5090,30.82,15.0,7149,2119,3389,1179575,0,128,1,-175.5,80.0,994.7,2611441486,3,16108,816,2544.7,2270.2,395,7.47,1,22,17,7322,7,59,2,0
5091,28.48,15.0,7149,2119,3389,1179575,0,128,1,-175.5,80.0,994.7,2611441078,3,16108,816,2544.7,2270.2,395,0.33,1,10,16,6,253,2,1,0
5092,28.33,15.0,7149,2119,3389,1179575,0,128,1,-175.5,80.0,994.7,2611442110,3,16108,816,2544.7,2270.2,395,7.01,1,9,16,6935,6,2,2,0
5093,28.37,15.0,7149,2119,3389,1179575,0,128,1,-175.5,80.0,994.7,2611442406,3,16108,816,2544.7,2270.2,395,0.36,1,11,17,6,276,3,2,0
5094,27.66,15.0,7149,2119,3389,1179575,0,128,1,-175.5,80.0,994.7,2611441998,3,16108,816,2544.7,2270.2,395,7.87,1,10,17,7721,8,69,2,0
5095,27.61,15.0,7149,2119,3389,1179575,0,128,1,-175.5,80.0,994.7,2611443046,3,16108,816,2544.7,2270.2,395,0.33,1,9,16,6,258,2,1,0
5096,27.75,15.0,7149,2119,3389,1179575,0,128,1,-175.5,80.0,994.7,2611442606,3,16108,816,2544.7,2270.2,395,7.89,1,10,16,7810,7,2,3,0
5097,24.75,15.0,7149,2119,3389,1179575,0,128,1,-175.5,80.0,994.7,2611443654,3,16108,816,2544.7,2270.2,395,0.39,1,12,18,6,311,3,2,0
5098,24.67,15.0,7149,2119,3389,1179575,0,128,1,-175.5,80.0,994.7,2611443214,3,16108,816,2544.7,2270.2,395,7.18,1,13,19,7047,4,53,2,0
5099,24.85,15.0,7149,2119,3389,1179575,0,128,1,-175.5,80.0,994.7,2611444278,3,16108,816,2544.7,2270.2,395,0.38,1,10,17,6,287,2,2,0
5100,24.66,15.0,7149,2119,3389,1179575,0,128,1,-175.5,80.0,994.7,2611444326,3,16108,816,2544.7,2270.2,395,7.21,0,9,16,7140,5,3,2,0
5101,24.83,15.0,7149,2119,3389,1179575,0,128,1,-175.5,80.0,994.7,2611444886,3,16108,816,2544.7,2270.2,395,0.40,1,10,18,6,324,4,2,0
5102,22.83,15.0,7149,2119,3389,1179575,0,128,1,-175.5,80.0,994.7,2611444430,3,16108,816,2544.7,2270.2,395,7.37,1,10,17,7233,7,58,2,0
5103,22.75,15.0,7149,2119,3389,1179575,0,128,1,-175.5,80.0,994.7,2611445510,3,16108,816,2544.7,2270.2,395,0.34,1,9,16,5,256,2,1,0
5104,22.86,15.0,7149,2119,3389,1179575,0,128,1,-175.5,80.0,994.7,2611445038,3,16108,816,2544.7,2270.2,395,7.79,1,11,17,7705,8,2,2,0
5105,22.91,15.0,7149,2119,3389,1179575,0,128,1,-175.5,80.0,994.7,2611446118,3,16108,816,2544.7,2270.2,395,0.41,2,14,20,8,310,2,2,0
5106,21.27,15.0,7149,2119,3389,1179575,0,128,1,-175.5,80.0,994.7,2611446414,3,16108,816,2544.7,2270.2,395,8.30,1,9,17,8231,0,0,0,0
5107,21.57,15.0,7149,2119,3389,1179575,0,128,1,-175.5,80.0,994.7,2611446710,3,16108,816,2544.7,2270.2,395,0.40,2,13,21,6,272,2,1,0
5108,21.04,15.0,7149,2119,3389,1179575,0,128,1,-175.5,80.0,994.7,2611446270,3,16108,816,2544.7,2270.2,395,7.29,1,9,16,7221,5,3,3,0
5109,21.25,15.0,7149,2119,3389,1179575,0,128,1,-175.5,80.0,994.7,2611447382,3,16108,816,2544.7,2270.2,395,0.37,1,13,19,6,282,2,1,0
5110,21.34,31.0,7149,2119,3389,1179575,0,128,1,-175.5,80.0,994.7,2611446878,3,16108,816,2544.7,2270.2,395,8.07,2,10,16,8003,0,0,0,0
5111,18.20,31.0,7149,2119,3389,1179575,0,128,1,-175.5,80.0,994.7,2611447990,3,16108,816,2544.7,2270.2,395,0.36,1,9,17,5,289,2,2,0
5112,18.38,31.0,7149,2119,3389,1179575,0,128,1,-175.5,80.0,994.7,2611447486,3,16108,816,2544.7,2270.2,395,7.55,0,10,24,7464,6,2,2,0
5113,18.27,31.0,7149,2119,3389,1179575,0,128,1,-175.5,80.0,994.7,2611448614,3,16108,816,2544.7,2270.2,395,0.34,2,11,17,6,269,2,1,0
5114,18.30,31.0,7149,2119,3389,1179575,0,128,1,-175.5,80.0,994.7,2611448094,3,16108,816,2544.7,2270.2,395,7.91,2,10,17,7764,13,61,2,0
5115,18.22,31.0,7149,2119,3389,1179575,0,128,1,-175.5,80.0,994.7,2611449222,3,16108,816,2544.7,2270.2,395,0.37,1,11,20,6,284,3,2,0
5116,16.97,31.0,7149,2119,3389,1179575,0,128,1,-175.5,80.0,994.7,2611448702,3,16108,816,2544.7,2270.2,395,7.67,1,11,19,7561,12,2,2,0
5117,16.89,31.0,7149,2119,3389,1179575,0,128,1,-175.5,80.0,994.7,2611449846,3,16108,816,2544.7,2270.2,395,0.35,1,12,19,6,263,2,1,0
5118,17.00,31.0,7149,2119,3389,1179575,0,128,1,-175.5,80.0,994.7,2611450142,3,16108,816,2544.7,2270.2,395,7.61,1,10,17,7475,5,64,2,0
5119,18.34,31.0,7149,2119,3389,1179575,0,128,1,-175.5,80.0,994.7,2611450438,3,16108,816,2544.7,2270.2,395,0.36,1,15,29,6,272,2,2,0
5120,16.99,31.0,7149,2119,3389,1179575,0,128,1,-175.5,80.0,994.7,2611450734,3,16108,816,2544.7,2270.2,395,7.99,1,11,18,7907,9,3,2,0
5121,16.88,31.0,7149,2119,3389,1179575,0,128,1,-175.5,80.0,994.7,2611450246,3,16108,816,2544.7,2270.2,395,0.35,1,11,18,6,271,2,2,0
5122,14.83,31.0,7149,2119,3389,1179575,0,128,1,-175.5,80.0,994.7,2611451422,3,16108,816,2544.7,2270.2,395,8.00,1,10,17,7862,6,62,3,0
5123,16.60,31.0,7149,2119,3389,1179575,0,128,1,-175.5,80.0,994.7,2611451718,3,16108,816,2544.7,2270.2,395,0.35,2,12,17,6,264,3,1,0
5124,14.70,31.0,7149,2119,3389,1179575,0,128,1,-175.5,80.0,994.7,2611451166,3,16108,816,2544.7,2270.2,395,8.47,1,12,18,8374,0,0,0,0
5125,17.83,31.0,7149,2119,3389,1179575,0,128,1,-175.5,80.0,994.7,2611452358,3,16108,816,2544.7,2270.2,395,0.35,1,11,17,5,275,2,2,0
5126,14.59,31.0,7149,2119,3389,1179575,0,128,1,-175.5,80.0,994.7,2611451774,3,16108,816,2544.7,2270.2,395,8.39,1,10,18,8311,0,0,0,0
5127,18.25,31.0,7149,2119,3389,1179575,0,128,1,-175.5,80.0,994.7,2611452966,3,16108,816,2544.7,2270.2,395,0.36,1,11,17,6,284,2,1,0
5128,13.20,31.0,7149,2119,3389,1179575,0,128,1,-175.5,80.0,994.7,2611452382,3,16108,816,2544.7,2270.2,395,7.92,2,16,17,7836,7,2,2,0
5129,17.16,31.0,7149,2119,3389,1179575,0,128,1,-175.5,80.0,994.7,2611453590,3,16108,816,2544.7,2270.2,395,0.44,1,24,19,8,325,3,1,0
5130,40.72,31.0,7149,2119,3389,1179575,0,128,1,-175.5,80.0,994.7,2611454174,3,16108,816,2544.7,2270.2,395,8.10,1,10,19,8026,0,0,0,0
5131,17.48,31.0,7149,2119,3389,1179575,0,128,1,-175.5,80.0,994.7,2611454182,3,16108,816,2544.7,2270.2,395,0.37,1,10,19,7,293,3,2,0
5132,13.20,31.0,7149,2119,3389,1179575,0,128,1,-175.5,80.0,994.7,2611453614,3,16108,816,2544.7,2270.2,395,8.24,1,10,23,8159,0,0,0,0
5133,17.50,31.0,7149,2119,3389,1179575,0,128,1,-175.5,80.0,994.7,2611454838,3,16108,816,2544.7,2270.2,395,0.41,1,17,29,15,306,3,2,0
5134,12.94,31.0,7149,2119,3389,1179575,0,128,1,-175.5,80.0,994.7,2611454222,3,16108,816,2544.7,2270.2,395,7.98,2,10,18,7826,6,76,3,0
5135,16.71,31.0,7149,2119,3389,1179575,0,128,1,-175.5,80.0,994.7,2611455462,3,16108,816,2544.7,2270.2,395,0.36,1,10,17,6,285,2,1,0
5136,13.02,31.0,7149,2119,3389,1179575,0,128,1,-175.5,80.0,994.7,2611455758,3,16108,816,2544.7,2270.2,395,7.62,2,10,18,7539,5,2,3,0
5137,16.88,31.0,7149,2119,3389,1179575,0,128,1,-175.5,80.0,994.7,2611456054,3,16108,816,2544.7,2270.2,395,0.36,1,11,19,9,278,2,1,0
5138,13.05,31.0,7149,2119,3389,1179575,0,128,1,-175.5,80.0,994.7,2611455454,3,16108,816,2544.7,2270.2,395,8.48,1,10,18,8412,0,0,0,0
5139,18.09,31.0,7149,2119,3389,1179575,0,128,1,-175.5,80.0,994.7,2611456710,3,16108,816,2544.7,2270.2,395,0.45,1,10,18,6,371,5,2,0
5140,11.83,31.0,7149,2119,3389,1179575,0,128,1,-175.5,80.0,994.7,2611456062,3,16108,816,2544.7,2270.2,395,8.13,2,12,26,8036,0,0,0,0
5141,17.32,31.0,7149,2119,3389,1179575,0,128,1,-175.5,80.0,994.7,2611457334,3,16108,816,2544.7,2270.2,395,0.42,1,11,56,11,292,3,2,0
5142,11.51,31.0,7149,2119,3389,1179575,0,128,1,-175.5,80.0,994.7,2611456670,3,16108,816,2544.7,2270.2,395,8.58,2,12,19,8495,0,0,0,0
5143,18.36,31.0,7149,2119,3389,1179575,0,128,1,-175.5,80.0,994.7,2611457942,3,16108,816,2544.7,2270.2,395,0.37,1,12,20,6,286,2,2,0
5144,11.68,31.0,7149,2119,3389,1179575,0,128,1,-175.5,80.0,994.7,2611458238,3,16108,816,2544.7,2270.2,395,8.38,1,11,18,8309,0,0,0,0
5145,17.99,31.0,7149,2119,3389,1179575,0,128,1,-175.5,80.0,994.7,2611458534,3,16108,816,2544.7,2270.2,395,0.37,1,11,18,5,291,2,2,0
5146,11.80,31.0,7149,2119,3389,1179575,0,128,1,-175.5,80.0,994.7,2611458830,3,16108,816,2544.7,2270.2,395,7.62,1,10,18,7470,5,72,4,0
5147,17.02,31.0,7149,2119,3389,1179575,0,128,1,-175.5,80.0,994.7,2611458214,3,16108,816,2544.7,2270.2,395,0.34,1,11,18,6,270,2,2,0
5148,11.58,31.0,7149,2119,3389,1179575,0,128,1,-175.5,80.0,994.7,2611459518,3,16108,816,2544.7,2270.2,395,8.00,1,11,19,7915,5,2,3,0
5149,18.15,31.0,7149,2119,3389,1179575,0,128,1,-175.5,80.0,994.7,2611459814,3,16108,816,2544.7,2270.2,395,0.37,1,10,18,6,299,3,2,0
5150,11.55,31.0,7149,2119,3389,1179575,0,128,1,-175.5,80.0,994.7,2611459134,3,16108,816,2544.7,2270.2,395,8.04,1,15,23,7955,0,0,0,0
5151,16.94,31.0,7149,2119,3389,1179575,0,128,1,-175.5,80.0,994.7,2611460454,3,16108,816,2544.7,2270.2,395,0.42,1,11,19,6,342,3,2,0
5152,11.55,31.0,7149,2119,3389,1179575,0,128,1,-175.5,80.0,994.7,2611459742,3,16108,816,2544.7,2270.2,395,8.68,2,10,17,8599,0,0,0,0
5153,18.11,31.0,7149,2119,3389,1179575,0,128,1,-175.5,80.0,994.7,2611461078,3,16108,816,2544.7,2270.2,395,0.41,3,14,27,6,309,3,2,0
5154,10.53,31.0,7149,2119,3389,1179575,0,128,1,-175.5,80.0,994.7,2611460350,3,16108,816,2544.7,2270.2,395,8.07,1,11,19,7911,7,78,0,0
5155,16.85,31.0,7149,2119,3389,1179575,0,128,1,-175.5,80.0,994.7,2611461686,3,16108,816,2544.7,2270.2,395,0.36,1,10,17,6,287,2,1,0
5156,10.62,31.0,7149,2119,3389,1179575,0,128,1,-175.5,80.0,994.7,2611461982,3,16108,816,2544.7,2270.2,395,7.61,2,10,17,7526,5,4,2,0
5157,16.29,31.0,7149,2119,3389,1179575,0,128,1,-175.5,80.0,994.7,2611461270,3,16108,816,2544.7,2270.2,395,0.36,1,10,19,6,282,3,1,0
5158,10.48,31.0,7149,2119,3389,1179575,0,128,1,-175.5,80.0,994.7,2611462622,3,16108,816,2544.7,2270.2,395,8.12,1,11,18,8053,0,0,0,0
5159,17.47,31.0,7149,2119,3389,1179575,0,128,1,-175.5,80.0,994.7,2611462918,3,16108,816,2544.7,2270.2,395,0.45,1,12,20,7,352,5,2,0
5160,12.89,31.0,7149,2119,3389,1179575,0,128,1,-175.5,80.0,994.7,2611462478,3,16108,816,2544.7,2270.2,395,8.19,1,10,18,8115,0,0,0,0
5161,18.11,31.0,7149,2119,3389,1179575,0,128,1,-175.5,80.0,994.7,2611463558,3,16108,816,2544.7,2270.2,395,0.35,1,10,18,6,276,3,1,0
5162,10.77,31.0,7149,2119,3389,1179575,0,128,1,-175.5,80.0,994.7,2611462798,3,16108,816,2544.7,2270.2,395,8.05,2,13,36,7911,4,54,0,0
5163,16.73,31.0,7149,2119,3389,1179575,0,128,1,-175.5,80.0,994.7,2611464182,3,16108,816,2544.7,2270.2,395,0.41,1,10,26,10,325,2,1,0
5164,10.84,31.0,7149,2119,3389,1179575,0,128,1,-175.5,80.0,994.7,2611464478,3,16108,816,2544.7,2270.2,395,8.07,2,10,17,7978,0,0,0,0
5165,18.42,31.0,7149,2119,3389,1179575,0,128,1,-175.5,80.0,994.7,2611464774,3,16108,816,2544.7,2270.2,395,0.38,1,11,18,5,293,3,2,0
5166,10.76,31.0,7149,2119,3389,1179575,0,128,1,-175.5,80.0,994.7,2611464030,3,16108,816,2544.7,2270.2,395,8.36,1,11,18,8291,0,0,0,0
5167,16.59,31.0,7149,2119,3389,1179575,0,128,1,-175.5,80.0,994.7,2611465430,3,16108,816,2544.7,2270.2,395,0.36,1,10,18,5,289,2,2,0
5168,10.55,31.0,7149,2119,3389,1179575,0,128,1,-175.5,80.0,994.7,2611465726,3,16108,816,2544.7,2270.2,395,8.06,1,10,19,7986,0,0,0,0
5169,16.88,31.0,7149,2119,3389,1179575,0,128,1,-175.5,80.0,994.7,2611466022,3,16108,816,2544.7,2270.2,395,0.36,1,11,18,6,272,15,2,0
5170,10.62,31.0,7149,2119,3389,1179575,0,128,1,-175.5,80.0,994.7,2611465262,3,16108,816,2544.7,2270.2,395,7.44,1,10,18,7316,4,56,2,0
5171,16.13,31.0,7149,2119,3389,1179575,0,128,1,-175.5,80.0,994.7,2611466694,3,16108,816,2544.7,2270.2,395,0.34,1,10,17,5,261,2,2,0
5172,10.55,31.0,7149,2119,3389,1179575,0,128,1,-175.5,80.0,994.7,2611465870,3,16108,816,2544.7,2270.2,395,8.41,2,12,18,8339,0,0,0,0
5173,17.60,63.0,7149,2119,3389,1179575,0,128,1,-175.5,80.0,994.7,2611467302,3,16108,816,2544.7,2270.2,395,0.35,1,11,18,6,279,2,1,0
5174,10.56,63.0,7149,2119,3389,1179575,0,128,1,-175.5,80.0,994.7,2611467598,3,16108,816,2544.7,2270.2,395,7.59,1,10,19,7456,5,58,2,0
5175,15.63,63.0,7149,2119,3389,1179575,0,128,1,-175.5,80.0,994.7,2611466790,3,16108,816,2544.7,2270.2,395,0.38,1,11,18,5,305,4,2,0
5176,10.62,63.0,7149,2119,3389,1179575,0,128,1,-175.5,80.0,994.7,2611468238,3,16108,816,2544.7,2270.2,395,8.87,1,10,18,8801,0,0,0,0
5177,17.57,63.0,7149,2119,3389,1179575,0,128,1,-175.5,80.0,994.7,2611467398,3,16108,816,2544.7,2270.2,395,0.35,1,10,18,6,279,2,1,0
5178,10.60,63.0,7149,2119,3389,1179575,0,128,1,-175.5,80.0,994.7,2611468862,3,16108,816,2544.7,2270.2,395,9.11,1,13,19,9024,0,0,0,0
5179,18.14,63.0,7149,2119,3389,1179575,0,128,1,-175.5,80.0,994.7,2611468006,3,16108,816,2544.7,2270.2,395,0.35,1,11,18,6,278,2,1,0
5180,10.23,63.0,7149,2119,3389,1179575,0,128,1,-175.5,80.0,994.7,2611469470,3,16108,816,2544.7,2270.2,395,7.72,1,10,19,7634,5,4,5,0
5181,16.23,63.0,7149,2119,3389,1179575,0,128,1,-175.5,80.0,994.7,2611469766,3,16108,816,2544.7,2270.2,395,0.35,2,10,17,6,274,2,2,0
5182,10.86,63.0,7149,2119,3389,1179575,0,128,1,-175.5,80.0,994.7,2611468926,3,16108,816,2544.7,2270.2,395,7.82,1,10,18,7686,6,58,2,0
5183,16.96,63.0,7149,2119,3389,1179575,0,128,1,-175.5,80.0,994.7,2611470406,3,16108,816,2544.7,2270.2,395,0.35,0,10,17,5,275,2,1,0
5184,10.89,63.0,7149,2119,3389,1179575,0,128,1,-175.5,80.0,994.7,2611469534,3,16108,816,2544.7,2270.2,395,7.88,1,10,16,7785,5,2,3,0
5185,16.00,63.0,7149,2119,3389,1179575,0,128,1,-175.5,80.0,994.7,2611471030,3,16108,816,2544.7,2270.2,395,0.36,1,10,17,5,271,3,2,0
5186,10.82,63.0,7149,2119,3389,1179575,0,128,1,-175.5,80.0,994.7,2611471326,3,16108,816,2544.7,2270.2,395,7.48,1,9,17,7331,7,69,3,0
5187,15.34,63.0,7149,2119,3389,1179575,0,128,1,-175.5,80.0,994.7,2611471622,3,16108,816,2544.7,2270.2,395,0.37,1,14,25,6,291,2,2,0
5188,10.93,63.0,7149,2119,3389,1179575,0,128,1,-175.5,80.0,994.7,2611471918,3,16108,816,2544.7,2270.2,395,7.03,1,10,17,6952,4,3,2,0
5189,15.41,63.0,7149,2119,3389,1179575,0,128,1,-175.5,80.0,994.7,2611472214,3,16108,816,2544.7,2270.2,395,0.35,1,13,18,7,263,2,2,0
5190,10.52,63.0,7149,2119,3389,1179575,0,128,1,-175.5,80.0,994.7,2611471678,3,16108,816,2544.7,2270.2,395,8.02,1,10,17,7949,0,0,0,0
5191,16.93,63.0,7149,2119,3389,1179575,0,128,1,-175.5,80.0,994.7,2611472918,3,16108,816,2544.7,2270.2,395,0.35,1,11,17,10,268,2,1,0
5192,9.90,63.0,7149,2119,3389,1179575,0,128,1,-175.5,80.0,994.7,2611473214,3,16108,816,2544.7,2270.2,395,7.57,1,9,18,7490,4,2,2,0
5193,16.10,63.0,7149,2119,3388,1179573,0,128,1,-175.5,80.0,994.7,2611473410,3,16108,816,2544.7,2270.2,395,0.35,0,10,17,5,279,3,1,0
5194,9.87,63.0,7149,2119,3389,1179575,0,128,1,-175.5,80.0,994.7,2611472622,3,16108,816,2544.7,2270.2,395,7.52,1,9,17,7371,5,71,2,0
5195,15.73,63.0,7149,2119,3388,1179573,0,128,1,-175.5,80.0,994.7,2611474082,3,16108,816,2544.7,2270.2,395,0.34,1,10,17,5,267,2,2,0
5196,9.87,63.0,7149,2119,3389,1179575,0,128,1,-175.5,80.0,994.7,2611474478,3,16108,816,2544.7,2270.2,395,7.35,1,9,17,7269,7,4,3,0
5197,16.72,63.0,7149,2119,3388,1179573,0,128,1,-175.5,80.0,994.7,2611473442,3,16108,816,2544.7,2270.2,395,0.34,1,9,16,6,272,2,2,0
5198,10.07,63.0,7149,2119,3389,1179575,0,128,1,-175.5,80.0,994.7,2611475118,3,16108,816,2544.7,2270.2,395,7.61,1,10,18,7484,4,54,2,0
5199,17.83,63.0,7149,2119,3389,1179575,0,128,1,-175.5,80.0,994.7,2611474150,3,16108,816,2544.7,2270.2,395,0.33,2,10,17,6,256,2,1,0
5200,10.04,63.0,7149,2119,3389,1179575,0,128,1,-175.5,80.0,994.7,2611475726,3,16108,816,2544.7,2270.2,395,7.48,1,10,16,7399,6,2,3,0
5201,16.02,63.0,7149,2119,3389,1179575,0,128,1,-175.5,80.0,994.7,2611474758,3,16108,816,2544.7,2270.2,395,0.35,1,9,17,6,267,3,1,0
5202,10.11,63.0,7149,2119,3389,1179575,0,128,1,-175.5,80.0,994.7,2611476350,3,16108,816,2544.7,2270.2,395,7.47,1,12,26,7340,5,53,2,0
5203,17.00,63.0,7149,2119,3389,1179575,0,128,1,-175.5,80.0,994.7,2611475366,3,16108,816,2544.7,2270.2,395,0.34,1,10,33,5,256,2,2,0
5204,10.15,63.0,7149,2119,3389,1179575,0,128,1,-175.5,80.0,994.7,2611476958,3,16108,816,2544.7,2270.2,395,7.71,1,13,19,7616,7,2,2,0
5205,17.20,63.0,7149,2119,3389,1179575,0,128,1,-175.5,80.0,994.7,2611477254,3,16108,816,2544.7,2270.2,395,0.33,1,9,16,5,264,2,2,0
5206,9.51,63.0,7149,2119,3389,1179575,0,128,1,-175.5,80.0,994.7,2611477550,3,16108,816,2544.7,2270.2,395,7.96,1,10,16,7819,7,68,2,0
5207,16.52,63.0,7149,2119,3388,1179573,0,128,1,-175.5,80.0,994.7,2611477746,3,16108,816,2544.7,2270.2,395,0.43,1,12,20,6,345,3,2,0
5208,10.99,63.0,7149,2119,3389,1179575,0,128,1,-175.5,80.0,994.7,2611478142,3,16108,816,2544.7,2270.2,395,10.43,2,14,23,10332,0,0,0,0
5209,23.92,63.0,7149,2119,3389,1179575,0,128,1,-175.5,80.0,994.7,2611477222,3,16108,816,2544.7,2270.2,395,0.47,2,14,22,8,374,4,2,0
5210,13.65,63.0,7149,2119,3389,1179575,0,128,1,-175.5,80.0,994.7,2611478862,3,16108,816,2544.7,2270.2,395,10.78,2,14,24,10681,0,0,0,0
5211,23.42,63.0,7149,2119,3389,1179575,0,128,1,-175.5,80.0,994.7,2611479158,3,16108,816,2544.7,2270.2,395,0.42,1,19,24,8,304,3,3,0
5212,12.16,63.0,7149,2119,3389,1179575,0,128,1,-175.5,80.0,994.7,2611478142,3,16108,816,2544.7,2270.2,395,8.90,1,13,19,8818,0,0,0,0
5213,18.04,63.0,7149,2119,3389,1179575,0,128,1,-175.5,80.0,994.7,2611479798,3,16108,816,2544.7,2270.2,395,0.38,1,13,21,6,274,3,2,0
5214,10.24,63.0,7149,2119,3389,1179575,0,128,1,-175.5,80.0,994.7,2611480094,3,16108,816,2544.7,2270.2,395,7.51,0,11,17,7378,5,58,3,0
5215,16.48,63.0,7149,2119,3389,1179575,0,128,1,-175.5,80.0,994.7,2611480390,3,16108,816,2544.7,2270.2,395,0.34,1,10,17,5,270,2,2,0
5216,10.15,63.0,7149,2119,3389,1179575,0,128,1,-175.5,80.0,994.7,2611480686,3,16108,816,2544.7,2270.2,395,7.16,1,10,19,7071,5,3,2,0
5217,15.83,63.0,7149,2119,3389,1179575,0,128,1,-175.5,80.0,994.7,2611480982,3,16108,816,2544.7,2270.2,395,0.32,1,11,16,5,249,3,1,0
5218,11.37,63.0,7149,2119,3389,1179575,0,128,1,-175.5,80.0,994.7,2611479998,3,16108,816,2544.7,2270.2,395,7.71,1,10,17,7573,7,61,2,0
5219,16.32,63.0,7149,2119,3389,1179575,0,128,1,-175.5,80.0,994.7,2611481686,3,16108,816,2544.7,2270.2,395,0.37,2,14,21,7,277,3,2,0
5220,11.51,63.0,7149,2119,3389,1179575,0,128,1,-175.5,80.0,994.7,2611482270,3,16108,816,2544.7,2270.2,395,7.16,0,10,16,7087,7,3,2,0
5221,16.83,63.0,7149,2119,3389,1179575,0,128,1,-175.5,80.0,994.7,2611482278,3,16108,816,2544.7,2270.2,395,0.33,0,10,16,5,263,2,1,0
5222,11.48,63.0,7149,2119,3389,1179575,0,128,1,-175.5,80.0,994.7,2611482574,3,16108,816,2544.7,2270.2,395,7.46,1,9,16,7334,7,60,2,0
5223,15.43,63.0,7149,2119,3389,1179575,0,128,1,-175.5,80.0,994.7,2611481542,3,16108,816,2544.7,2270.2,395,0.34,1,9,18,5,272,2,2,0
5224,11.50,63.0,7149,2119,3389,1179575,0,128,1,-175.5,80.0,994.7,2611483262,3,16108,816,2544.7,2270.2,395,8.18,1,10,17,8114,0,0,0,0
5225,16.36,63.0,7149,2119,3389,1179575,0,128,1,-175.5,80.0,994.7,2611483558,3,16108,816,2544.7,2270.2,395,0.39,1,10,17,5,316,3,2,0
5226,10.22,63.0,7149,2119,3389,1179575,0,128,1,-175.5,80.0,994.7,2611483854,3,16108,816,2544.7,2270.2,395,7.84,1,10,16,7708,8,63,2,0
5227,15.85,63.0,7149,2119,3389,1179575,0,128,1,-175.5,80.0,994.7,2611484150,3,16108,816,2544.7,2270.2,395,0.70,1,9,17,6,282,350,2,0
5228,10.43,63.0,7149,2119,3389,1179575,0,128,1,-175.5,80.0,994.7,2611484446,3,16108,816,2544.7,2270.2,395,6.99,1,11,17,6915,5,2,2,0
5229,14.67,63.0,7149,2119,3389,1179575,0,128,1,-175.5,80.0,994.7,2611483398,3,16108,816,2544.7,2270.2,395,0.34,1,10,16,6,268,3,2,0
5230,10.21,63.0,7149,2119,3389,1179575,0,128,1,-175.5,80.0,994.7,2611485166,3,16108,816,2544.7,2270.2,395,7.63,1,10,17,7489,7,64,2,0
5231,15.18,63.0,7149,2119,3389,1179575,0,128,1,-175.5,80.0,994.7,2611485462,3,16108,816,2544.7,2270.2,395,0.32,1,9,17,6,253,2,2,0
5232,10.29,63.0,7149,2119,3389,1179575,0,128,1,-175.5,80.0,994.7,2611485758,3,16108,816,2544.7,2270.2,395,7.09,1,13,20,7000,5,3,2,0
5233,15.59,63.0,7149,2119,3389,1179575,0,128,1,-175.5,80.0,994.7,2611486054,3,16108,816,2544.7,2270.2,395,0.34,1,10,17,5,266,2,1,0
5234,9.57,63.0,7149,2119,3389,1179575,0,128,1,-175.5,80.0,994.7,2611484942,3,16108,816,2544.7,2270.2,395,8.16,1,9,17,8094,0,0,0,0
5235,15.66,63.0,7149,2119,3388,1179573,0,128,1,-175.5,80.0,994.7,2611486642,3,16108,816,2544.7,2270.2,395,0.33,1,9,16,5,261,2,1,0
5236,9.62,63.0,7149,2119,3389,1179575,0,128,1,-175.5,80.0,994.7,2611487038,3,16108,816,2544.7,2270.2,395,6.92,1,9,17,6843,3,2,3,0
5237,15.20,63.0,7149,2119,3388,1179573,0,128,1,-175.5,80.0,994.7,2611487234,3,16108,816,2544.7,2270.2,395,0.33,1,9,16,5,262,2,2,0
5238,9.55,63.0,7149,2119,3389,1179575,0,128,1,-175.5,80.0,994.7,2611487630,3,16108,816,2544.7,2270.2,395,8.01,1,8,17,7942,8,0,0,0
5239,15.50,63.0,7149,2119,3388,1179573,0,128,1,-175.5,80.0,994.7,2611487826,3,16108,816,2544.7,2270.2,395,0.32,1,9,16,5,249,2,1,0
5240,9.63,63.0,7149,2119,3389,1179575,0,128,1,-175.5,80.0,994.7,2611488222,3,16108,816,2544.7,2270.2,395,7.19,1,9,16,7118,3,3,2,0
5241,15.71,63.0,7149,2119,3388,1179573,0,128,1,-175.5,80.0,994.7,2611487010,3,16108,816,2544.7,2270.2,395,0.33,1,10,17,5,263,2,2,0
5242,9.53,63.0,7149,2119,3389,1179575,0,128,1,-175.5,80.0,994.7,2611488958,3,16108,816,2544.7,2270.2,395,7.55,1,9,17,7411,5,57,2,0
5243,15.52,63.0,7149,2119,3388,1179573,0,128,1,-175.5,80.0,994.7,2611489154,3,16108,816,2544.7,2270.2,395,0.33,1,9,28,5,249,3,2,0
5244,9.61,63.0,7149,2119,3389,1179575,0,128,1,-175.5,80.0,994.7,2611489550,3,16108,816,2544.7,2270.2,395,7.18,1,10,17,7098,5,3,2,0
5245,15.23,63.0,7149,2119,3388,1179573,0,128,1,-175.5,80.0,994.7,2611489746,3,16108,816,2544.7,2270.2,395,0.32,2,10,16,5,256,2,1,0
5246,9.57,73.0,7149,2119,3389,1179575,0,128,1,-175.5,80.0,994.7,2611490142,3,16108,816,2544.7,2270.2,395,7.41,1,9,17,7278,6,56,3,0
5247,15.51,73.0,7149,2119,3388,1179573,0,128,1,-175.5,80.0,994.7,2611488866,3,16108,816,2544.7,2270.2,395,0.79,1,10,17,5,714,3,2,0
5248,9.56,73.0,7149,2119,3389,1179575,0,128,1,-175.5,80.0,994.7,2611490846,3,16108,816,2544.7,2270.2,395,7.68,1,12,26,7589,7,2,2,0
5249,16.27,73.0,7149,2119,3388,1179573,0,128,1,-175.5,80.0,994.7,2611491042,3,16108,816,2544.7,2270.2,395,0.32,0,10,16,5,246,3,2,0
5250,9.42,73.0,7149,2119,3389,1179575,0,128,1,-175.5,80.0,994.7,2611491726,3,16108,816,2544.7,2270.2,395,7.29,1,12,21,7151,5,55,2,0
5251,16.64,73.0,7149,2119,3388,1179573,0,128,1,-175.5,80.0,994.7,2611491634,3,16108,816,2544.7,2270.2,395,0.34,1,10,17,5,260,3,3,0
5252,9.33,73.0,7149,2119,3389,1179575,0,128,1,-175.5,80.0,994.7,2611492030,3,16108,816,2544.7,2270.2,395,7.03,1,9,17,6939,5,3,3,0
5253,14.81,73.0,7149,2119,3388,1179573,0,128,1,-175.5,80.0,994.7,2611490722,3,16108,816,2544.7,2270.2,395,0.34,2,10,17,6,265,3,1,0
5254,9.43,73.0,7149,2119,3389,1179575,0,128,1,-175.5,80.0,994.7,2611492750,3,16108,816,2544.7,2270.2,395,7.38,1,17,23,7220,7,58,2,0
5255,15.07,73.0,7149,2119,3388,1179573,0,128,1,-175.5,80.0,994.7,2611492946,3,16108,816,2544.7,2270.2,395,0.35,1,11,18,6,275,2,2,0
5256,9.36,73.0,7149,2119,3389,1179575,0,128,1,-175.5,80.0,994.7,2611493342,3,16108,816,2544.7,2270.2,395,7.86,2,10,16,7782,7,2,3,0
5257,16.90,73.0,7149,2119,3388,1179573,0,128,1,-175.5,80.0,994.7,2611493538,3,16108,816,2544.7,2270.2,395,0.31,1,10,16,5,243,2,1,0
5258,9.69,73.0,7149,2119,3389,1179575,0,128,1,-175.5,80.0,994.7,2611493934,3,16108,816,2544.7,2270.2,395,7.37,1,11,17,7227,7,60,2,0
5259,15.17,73.0,7149,2119,3388,1179573,0,128,1,-175.5,80.0,994.7,2611494130,3,16108,816,2544.7,2270.2,395,0.35,2,11,19,5,263,2,2,0
5260,9.24,73.0,7149,2119,3389,1179575,0,128,1,-175.5,80.0,994.7,2611492990,3,16108,816,2544.7,2270.2,395,7.28,1,9,16,7202,7,3,3,0
5261,15.23,73.0,7149,2119,3388,1179573,0,128,1,-175.5,80.0,994.7,2611494866,3,16108,816,2544.7,2270.2,395,0.41,2,12,20,6,332,3,1,0
5262,13.13,73.0,7149,2119,3389,1179575,0,128,1,-175.5,80.0,994.7,2611495262,3,16108,816,2544.7,2270.2,395,11.02,1,15,23,10925,0,0,0,0
5263,24.92,73.0,7149,2119,3389,1179575,0,128,1,-175.5,80.0,994.7,2611495558,3,16108,816,2544.7,2270.2,395,0.46,1,12,21,7,363,4,2,0
5264,13.67,73.0,7149,2119,3389,1179575,0,128,1,-175.5,80.0,994.7,2611495854,3,16108,816,2544.7,2270.2,395,10.74,2,28,24,10635,0,0,0,0
5265,23.23,73.0,7149,2119,3389,1179575,0,128,1,-175.5,80.0,994.7,2611494534,3,16108,816,2544.7,2270.2,395,0.50,1,12,18,6,411,5,2,0
5266,9.84,73.0,7149,2119,3389,1179575,0,128,1,-175.5,80.0,994.7,2611496542,3,16108,816,2544.7,2270.2,395,7.66,2,14,21,7510,5,60,2,0
5267,16.89,73.0,7149,2119,3388,1179573,0,128,1,-175.5,80.0,994.7,2611496738,3,16108,816,2544.7,2270.2,395,0.31,1,10,15,5,242,2,1,0
5268,11.03,73.0,7149,2119,3389,1179575,0,128,1,-175.5,80.0,994.7,2611497134,3,16108,816,2544.7,2270.2,395,7.87,1,11,17,7789,8,2,2,0
5269,18.20,73.0,7149,2119,3389,1179575,0,128,1,-175.5,80.0,994.7,2611497430,3,16108,816,2544.7,2270.2,395,0.45,1,16,24,8,351,4,2,0
5270,10.60,73.0,7149,2119,3389,1179575,0,128,1,-175.5,80.0,994.7,2611496078,3,16108,816,2544.7,2270.2,395,7.87,1,13,23,7720,6,56,2,0
5271,17.49,73.0,7149,2119,3389,1179575,0,128,1,-175.5,80.0,994.7,2611498118,3,16108,816,2544.7,2270.2,395,0.31,0,9,16,5,246,2,1,0
5272,10.80,73.0,7149,2119,3389,1179575,0,128,1,-175.5,80.0,994.7,2611498414,3,16108,816,2544.7,2270.2,395,7.29,1,9,17,7214,6,2,3,0
5273,14.70,73.0,7149,2119,3389,1179575,0,128,1,-175.5,80.0,994.7,2611498710,3,16108,816,2544.7,2270.2,395,0.33,1,9,15,5,264,2,2,0
5274,10.82,73.0,7149,2119,3389,1179575,0,128,1,-175.5,80.0,994.7,2611499006,3,16108,816,2544.7,2270.2,395,7.13,1,8,16,7016,4,53,3,0
5275,15.62,73.0,7149,2119,3389,1179575,0,128,1,-175.5,80.0,994.7,2611497622,3,16108,816,2544.7,2270.2,395,0.31,1,10,15,5,244,2,1,0
5276,10.97,73.0,7149,2119,3389,1179575,0,128,1,-175.5,80.0,994.7,2611499694,3,16108,816,2544.7,2270.2,395,7.52,1,10,17,7443,7,3,2,0
5277,16.85,73.0,7149,2119,3389,1179575,0,128,1,-175.5,80.0,994.7,2611499990,3,16108,816,2544.7,2270.2,395,0.34,1,10,18,6,264,2,1,0
5278,10.50,73.0,7149,2119,3389,1179575,0,128,1,-175.5,80.0,994.7,2611498542,3,16108,816,2544.7,2270.2,395,7.60,1,9,16,7468,7,60,1,0
5279,15.01,73.0,7149,2119,3389,1179575,0,128,1,-175.5,80.0,994.7,2611500630,3,16108,816,2544.7,2270.2,395,0.31,1,10,16,5,241,3,1,0
5280,11.02,73.0,7149,2119,3389,1179575,0,128,1,-175.5,80.0,994.7,2611501214,3,16108,816,2544.7,2270.2,395,7.37,1,16,18,7286,6,2,3,0
5281,16.45,73.0,7149,2119,3389,1179575,0,128,1,-175.5,80.0,994.7,2611501222,3,16108,816,2544.7,2270.2,395,0.32,0,9,16,5,256,3,1,0
5282,10.26,73.0,7149,2119,3389,1179575,0,128,1,-175.5,80.0,994.7,2611501518,3,16108,816,2544.7,2270.2,395,7.48,1,10,17,7340,6,57,2,0
5283,15.12,73.0,7149,2119,3389,1179575,0,128,1,-175.5,80.0,994.7,2611501814,3,16108,816,2544.7,2270.2,395,0.33,1,9,17,6,246,3,1,0
5284,10.05,73.0,7149,2119,3389,1179575,0,128,1,-175.5,80.0,994.7,2611502110,3,16108,816,2544.7,2270.2,395,6.74,1,10,17,6662,4,2,2,0
5285,14.76,73.0,7149,2119,3389,1179575,0,128,1,-175.5,80.0,994.7,2611500710,3,16108,816,2544.7,2270.2,395,0.33,1,9,17,5,245,2,1,0
5286,10.13,73.0,7149,2119,3389,1179575,0,128,1,-175.5,80.0,994.7,2611502846,3,16108,816,2544.7,2270.2,395,7.17,1,10,16,7034,6,57,2,0
5287,14.83,73.0,7149,2119,3389,1179575,0,128,1,-175.5,80.0,994.7,2611503142,3,16108,816,2544.7,2270.2,395,0.33,1,9,16,5,262,2,1,0
5288,9.80,73.0,7149,2119,3389,1179575,0,128,1,-175.5,80.0,994.7,2611501630,3,16108,816,2544.7,2270.2,395,6.88,1,12,19,6800,4,2,2,0
5289,15.08,73.0,7149,2119,3388,1179573,0,128,1,-175.5,80.0,994.7,2611503682,3,16108,816,2544.7,2270.2,395,0.33,1,10,17,5,265,3,1,0
5290,9.80,73.0,7149,2119,3389,1179575,0,128,1,-175.5,80.0,994.7,2611504078,3,16108,816,2544.7,2270.2,395,7.66,1,10,17,7521,7,60,2,0
5291,15.30,73.0,7149,2119,3388,1179573,0,128,1,-175.5,80.0,994.7,2611504274,3,16108,816,2544.7,2270.2,395,0.34,1,10,17,5,260,2,2,0
5292,9.75,73.0,7149,2119,3389,1179575,0,128,1,-175.5,80.0,994.7,2611504670,3,16108,816,2544.7,2270.2,395,7.28,1,9,16,7208,7,2,2,0
5293,14.93,73.0,7149,2119,3388,1179573,0,128,1,-175.5,80.0,994.7,2611504866,3,16108,816,2544.7,2270.2,395,0.32,1,9,15,5,250,3,1,0
5294,10.25,73.0,7149,2119,3389,1179575,0,128,1,-175.5,80.0,994.7,2611505262,3,16108,816,2544.7,2270.2,395,7.65,1,16,24,7501,7,56,2,0
5295,15.78,73.0,7149,2119,3389,1179575,0,128,1,-175.5,80.0,994.7,2611505558,3,16108,816,2544.7,2270.2,395,0.34,1,10,17,6,272,3,1,0
5296,9.49,73.0,7149,2119,3389,1179575,0,128,1,-175.5,80.0,994.7,2611504110,3,16108,816,2544.7,2270.2,395,7.57,1,9,16,7493,7,2,2,0
5297,15.04,73.0,7149,2119,3388,1179573,0,128,1,-175.5,80.0,994.7,2611506210,3,16108,816,2544.7,2270.2,395,0.33,1,9,17,5,263,2,2,0
5298,9.59,73.0,7149,2119,3389,1179575,0,128,1,-175.5,80.0,994.7,2611506606,3,16108,816,2544.7,2270.2,395,7.08,1,10,22,6952,4,52,2,0
5299,14.93,73.0,7149,2119,3388,1179573,0,128,1,-175.5,80.0,994.7,2611506802,3,16108,816,2544.7,2270.2,395,0.40,1,15,23,9,300,3,2,0
5300,9.48,73.0,7149,2119,3389,1179575,0,128,1,-175.5,80.0,994.7,2611507198,3,16108,816,2544.7,2270.2,395,7.11,1,9,16,7029,8,3,3,0
5301,22.59,73.0,7149,2119,3388,1179573,0,128,1,-175.5,80.0,994.7,2611507670,3,16108,816,2544.7,2270.2,395,0.40,1,11,18,6,323,3,1,0
5302,9.42,73.0,7149,2119,3389,1179575,0,128,1,-175.5,80.0,994.7,2611506242,3,16108,816,2544.7,2270.2,395,8.01,1,10,16,7836,9,88,4,0
5303,16.09,73.0,7149,2119,3388,1179573,0,128,1,-175.5,80.0,994.7,2611508390,3,16108,816,2544.7,2270.2,395,0.40,1,10,17,5,324,3,1,0
5304,9.52,73.0,7149,2119,3389,1179575,0,128,1,-175.5,80.0,994.7,2611508786,3,16108,816,2544.7,2270.2,395,6.85,1,10,17,6770,4,2,2,0
5305,14.95,73.0,7149,2119,3388,1179573,0,128,1,-175.5,80.0,994.7,2611508982,3,16108,816,2544.7,2270.2,395,0.38,1,11,18,5,300,3,1,0
5306,9.36,73.0,7149,2119,3389,1179575,0,128,1,-175.5,80.0,994.7,2611509378,3,16108,816,2544.7,2270.2,395,7.33,1,9,16,7205,5,58,2,0
5307,14.78,73.0,7149,2119,3388,1179573,0,128,1,-175.5,80.0,994.7,2611509574,3,16108,816,2544.7,2270.2,395,0.34,2,9,15,6,270,3,1,0
5308,9.56,73.0,7149,2119,3389,1179575,0,128,1,-175.5,80.0,994.7,2611508098,3,16108,816,2544.7,2270.2,395,7.04,1,9,16,6955,4,2,2,0
5309,14.47,73.0,7149,2119,3388,1179573,0,128,1,-175.5,80.0,994.7,2611510278,3,16108,816,2544.7,2270.2,395,0.38,1,18,17,6,287,2,2,0
5310,9.48,73.0,7149,2119,3389,1179575,0,128,1,-175.5,80.0,994.7,2611510962,3,16108,816,2544.7,2270.2,395,7.29,1,9,16,7131,10,71,3,0
5311,16.04,73.0,7149,2119,3388,1179573,0,128,1,-175.5,80.0,994.7,2611510870,3,16108,816,2544.7,2270.2,395,0.36,1,12,26,5,278,2,2,0
5312,9.52,73.0,7149,2119,3389,1179575,0,128,1,-175.5,80.0,994.7,2611511266,3,16108,816,2544.7,2270.2,395,7.13,1,13,25,7024,6,2,2,0
5313,14.70,73.0,7149,2119,3388,1179573,0,128,1,-175.5,80.0,994.7,2611511462,3,16108,816,2544.7,2270.2,395,0.34,1,11,17,5,262,3,1,0
5314,9.11,73.0,7149,2119,3389,1179575,0,128,1,-175.5,80.0,994.7,2611511858,3,16108,816,2544.7,2270.2,395,7.46,1,9,15,7324,8,66,2,0
5315,15.19,73.0,7149,2119,3388,1179573,0,128,1,-175.5,80.0,994.7,2611512054,3,16108,816,2544.7,2270.2,395,0.34,1,9,17,5,271,2,1,0
5316,9.16,73.0,7149,2119,3389,1179575,0,128,1,-175.5,80.0,994.7,2611512450,3,16108,816,2544.7,2270.2,395,7.03,1,9,17,6960,4,2,2,0
5317,14.83,73.0,7149,2119,3388,1179573,0,128,1,-175.5,80.0,994.7,2611510790,3,16108,816,2544.7,2270.2,395,0.35,1,9,18,6,282,3,1,0
5318,9.10,73.0,7149,2119,3389,1179575,0,128,1,-175.5,80.0,994.7,2611513234,3,16108,816,2544.7,2270.2,395,7.64,2,9,15,7507,7,63,2,0
5319,15.72,73.0,7149,2119,3388,1179573,0,128,1,-175.5,80.0,994.7,2611513430,3,16108,816,2544.7,2270.2,395,0.32,1,9,17,5,251,2,1,0
5320,9.08,73.0,7149,2119,3389,1179575,0,128,1,-175.5,80.0,994.7,2611513826,3,16108,816,2544.7,2270.2,395,6.93,1,20,17,6847,4,2,2,0
5321,14.22,73.0,7149,2119,3388,1179573,0,128,1,-175.5,80.0,994.7,2611514022,3,16108,816,2544.7,2270.2,395,0.36,1,10,25,5,270,2,2,0
5322,9.07,73.0,7149,2119,3389,1179575,0,128,1,-175.5,80.0,994.7,2611514418,3,16108,816,2544.7,2270.2,395,6.94,1,10,18,6813,3,50,2,0
5323,15.03,77.0,7149,2119,3388,1179573,0,128,1,-175.5,80.0,994.7,2611514614,3,16108,816,2544.7,2270.2,395,0.31,1,9,16,5,245,2,2,0
5324,9.08,77.0,7149,2119,3389,1179575,0,128,1,-175.5,80.0,994.7,2611515010,3,16108,816,2544.7,2270.2,395,7.23,1,10,18,7152,5,2,2,0
5325,14.73,77.0,7149,2119,3388,1179573,0,128,1,-175.5,80.0,994.7,2611513270,3,16108,816,2544.7,2270.2,395,0.33,4,21,15,5,243,2,1,0
5326,9.06,77.0,7149,2119,3389,1179575,0,128,1,-175.5,80.0,994.7,2611515778,3,16108,816,2544.7,2270.2,395,7.26,1,19,23,7122,5,55,2,0
5327,15.57,77.0,7149,2119,3388,1179573,0,128,1,-175.5,80.0,994.7,2611515974,3,16108,816,2544.7,2270.2,395,0.34,1,9,16,5,257,2,1,0
5328,8.95,77.0,7149,2119,3389,1179575,0,128,1,-175.5,80.0,994.7,2611516370,3,16108,816,2544.7,2270.2,395,7.25,0,8,15,7178,6,2,3,0
5329,14.75,77.0,7149,2119,3388,1179573,0,128,1,-175.5,80.0,994.7,2611516566,3,16108,816,2544.7,2270.2,395,0.34,2,20,17,5,257,5,3,0
5330,9.01,77.0,7149,2119,3389,1179575,0,128,1,-175.5,80.0,994.7,2611516962,3,16108,816,2544.7,2270.2,395,7.02,1,10,17,6899,4,52,2,0
5331,15.60,77.0,7149,2119,3388,1179573,0,128,1,-175.5,80.0,994.7,2611517158,3,16108,816,2544.7,2270.2,395,0.31,1,9,16,6,240,2,2,0
5332,8.99,77.0,7149,2119,3389,1179575,0,128,1,-175.5,80.0,994.7,2611515538,3,16108,816,2544.7,2270.2,395,7.40,1,8,17,7330,7,3,2,0
5333,14.57,77.0,7149,2119,3388,1179573,0,128,1,-175.5,80.0,994.7,2611517894,3,16108,816,2544.7,2270.2,395,0.31,1,9,16,6,240,2,1,0
5334,9.01,77.0,7149,2119,3389,1179575,0,128,1,-175.5,80.0,994.7,2611518290,3,16108,816,2544.7,2270.2,395,7.06,1,9,17,6943,3,50,2,0
5335,15.07,77.0,7149,2119,3388,1179573,0,128,1,-175.5,80.0,994.7,2611518486,3,16108,816,2544.7,2270.2,395,0.31,1,9,18,5,242,2,2,0
5336,9.43,77.0,7149,2119,3389,1179575,0,128,1,-175.5,80.0,994.7,2611518882,3,16108,816,2544.7,2270.2,395,7.41,2,12,18,7330,7,2,2,0
5337,15.08,77.0,7149,2119,3388,1179573,0,128,1,-175.5,80.0,994.7,2611519078,3,16108,816,2544.7,2270.2,395,0.32,1,11,17,6,248,2,1,0
5338,9.51,77.0,7149,2119,3389,1179575,0,128,1,-175.5,80.0,994.7,2611519474,3,16108,816,2544.7,2270.2,395,6.99,1,9,17,6859,5,57,3,0
5339,14.51,77.0,7149,2119,3388,1179573,0,128,1,-175.5,80.0,994.7,2611517606,3,16108,816,2544.7,2270.2,395,0.38,2,15,23,8,276,5,1,0
5340,10.35,77.0,7149,2119,3389,1179575,0,128,1,-175.5,80.0,994.7,2611520498,3,16108,816,2544.7,2270.2,395,7.07,1,9,16,6997,4,2,2,0
5341,16.14,77.0,7149,2119,3389,1179575,0,128,1,-175.5,80.0,994.7,2611520506,3,16108,816,2544.7,2270.2,395,0.32,1,9,17,5,241,3,2,0
5342,9.60,77.0,7149,2119,3389,1179575,0,128,1,-175.5,80.0,994.7,2611518626,3,16108,816,2544.7,2270.2,395,7.46,1,17,23,7307,7,64,2,0
5343,15.45,77.0,7149,2119,3388,1179573,0,128,1,-175.5,80.0,994.7,2611521046,3,16108,816,2544.7,2270.2,395,0.32,1,9,16,6,253,2,2,0
5344,9.15,77.0,7149,2119,3389,1179575,0,128,1,-175.5,80.0,994.7,2611521442,3,16108,816,2544.7,2270.2,395,7.54,2,13,24,7447,4,3,2,0
5345,16.58,77.0,7149,2119,3388,1179573,0,128,1,-175.5,80.0,994.7,2611521638,3,16108,816,2544.7,2270.2,395,0.31,1,9,16,5,248,2,1,0
5346,9.22,77.0,7149,2119,3389,1179575,0,128,1,-175.5,80.0,994.7,2611522034,3,16108,816,2544.7,2270.2,395,6.93,1,10,17,6811,3,49,2,0
5347,15.25,77.0,7149,2119,3388,1179573,0,128,1,-175.5,80.0,994.7,2611522230,3,16108,816,2544.7,2270.2,395,0.32,1,10,17,5,252,2,1,0
5348,9.15,77.0,7149,2119,3389,1179575,0,128,1,-175.5,80.0,994.7,2611522626,3,16108,816,2544.7,2270.2,395,7.56,1,8,17,7482,6,3,2,0
5349,15.20,77.0,7149,2119,3388,1179573,0,128,1,-175.5,80.0,994.7,2611522822,3,16108,816,2544.7,2270.2,395,0.36,1,9,16,6,279,2,1,0
5350,9.23,77.0,7149,2119,3389,1179575,0,128,1,-175.5,80.0,994.7,2611521106,3,16108,816,2544.7,2270.2,395,6.73,2,9,16,6606,3,50,2,0
5351,14.51,77.0,7149,2119,3388,1179573,0,128,1,-175.5,80.0,994.7,2611523574,3,16108,816,2544.7,2270.2,395,0.33,1,9,16,5,254,2,1,0
5352,9.21,77.0,7149,2119,3389,1179575,0,128,1,-175.5,80.0,994.7,2611521714,3,16108,816,2544.7,2270.2,395,8.01,1,9,16,7925,7,0,0,0
5353,15.78,77.0,7149,2119,3388,1179573,0,128,1,-175.5,80.0,994.7,2611524198,3,16108,816,2544.7,2270.2,395,0.32,1,10,16,5,253,2,1,0
5354,9.00,77.0,7149,2119,3389,1179575,0,128,1,-175.5,80.0,994.7,2611524594,3,16108,816,2544.7,2270.2,395,7.15,1,9,17,7035,4,49,2,0
5355,15.33,77.0,7149,2119,3388,1179573,0,128,1,-175.5,80.0,994.7,2611524790,3,16108,816,2544.7,2270.2,395,0.34,1,9,17,6,271,2,1,0
5356,9.00,77.0,7149,2119,3389,1179575,0,128,1,-175.5,80.0,994.7,2611525186,3,16108,816,2544.7,2270.2,395,7.31,1,8,16,7237,4,3,2,0
5357,14.35,77.0,7149,2119,3388,1179573,0,128,1,-175.5,80.0,994.7,2611525382,3,16108,816,2544.7,2270.2,395,0.32,1,10,17,6,246,2,2,0
5358,9.00,77.0,7149,2119,3389,1179575,0,128,1,-175.5,80.0,994.7,2611525778,3,16108,816,2544.7,2270.2,395,7.34,1,10,17,7220,5,51,1,0
5359,15.96,77.0,7149,2119,3388,1179573,0,128,1,-175.5,80.0,994.7,2611525974,3,16108,816,2544.7,2270.2,395,0.33,1,10,16,5,263,2,1,0
5360,8.74,77.0,7149,2119,3389,1179575,0,128,1,-175.5,80.0,994.7,2611526370,3,16108,816,2544.7,2270.2,395,7.02,1,12,20,6940,5,3,2,0
5361,14.37,77.0,7149,2119,3388,1179573,0,128,1,-175.5,80.0,994.7,2611524406,3,16108,816,2544.7,2270.2,395,0.31,1,9,16,5,244,2,2,0
5362,9.05,77.0,7149,2119,3389,1179575,0,128,1,-175.5,80.0,994.7,2611527154,3,16108,816,2544.7,2270.2,395,7.74,1,10,15,7589,7,75,4,0
5363,15.63,77.0,7149,2119,3388,1179573,0,128,1,-175.5,80.0,994.7,2611527350,3,16108,816,2544.7,2270.2,395,0.38,1,10,18,5,296,3,1,0
5364,8.75,77.0,7149,2119,3389,1179575,0,128,1,-175.5,80.0,994.7,2611527746,3,16108,816,2544.7,2270.2,395,6.90,1,9,17,6820,8,2,2,0
5365,14.94,77.0,7149,2119,3388,1179573,0,128,1,-175.5,80.0,994.7,2611525638,3,16108,816,2544.7,2270.2,395,0.33,1,10,17,5,251,2,2,0
5366,8.78,77.0,7149,2119,3389,1179575,0,128,1,-175.5,80.0,994.7,2611528402,3,16108,816,2544.7,2270.2,395,7.00,1,10,16,6884,4,51,2,0
5367,14.71,77.0,7149,2119,3388,1179573,0,128,1,-175.5,80.0,994.7,2611528598,3,16108,816,2544.7,2270.2,395,0.34,1,9,17,6,270,2,2,0
5368,8.84,77.0,7149,2119,3389,1179575,0,128,1,-175.5,80.0,994.7,2611528994,3,16108,816,2544.7,2270.2,395,6.95,1,9,16,6882,4,3,2,0
5369,14.64,77.0,7149,2119,3388,1179573,0,128,1,-175.5,80.0,994.7,2611529190,3,16108,816,2544.7,2270.2,395,0.33,1,9,15,5,263,3,1,0
5370,9.28,77.0,7149,2119,3389,1179575,0,128,1,-175.5,80.0,994.7,2611529946,3,16108,816,2544.7,2270.2,395,7.65,1,12,20,7499,7,60,3,0
5371,16.97,77.0,7149,2119,3388,1179573,0,128,1,-175.5,80.0,994.7,2611529782,3,16108,816,2544.7,2270.2,395,0.35,1,9,17,5,277,3,2,0
5372,8.64,77.0,7149,2119,3389,1179575,0,128,1,-175.5,80.0,994.7,2611527906,3,16108,816,2544.7,2270.2,395,6.90,1,10,16,6828,4,3,2,0
5373,14.44,77.0,7149,2119,3388,1179573,0,128,1,-175.5,80.0,994.7,2611530518,3,16108,816,2544.7,2270.2,395,0.34,2,9,16,5,271,2,1,0
5374,8.71,77.0,7149,2119,3389,1179575,0,128,1,-175.5,80.0,994.7,2611528514,3,16108,816,2544.7,2270.2,395,7.58,1,9,17,7446,4,56,2,0
5375,14.93,77.0,7149,2119,3388,1179573,0,128,1,-175.5,80.0,994.7,2611531142,3,16108,816,2544.7,2270.2,395,0.32,1,10,16,5,249,2,2,0
5376,9.37,77.0,7149,2119,3389,1179575,0,128,1,-175.5,80.0,994.7,2611531538,3,16108,816,2544.7,2270.2,395,6.98,0,9,15,6914,4,3,2,0
5377,14.72,77.0,7149,2119,3388,1179573,0,128,1,-175.5,80.0,994.7,2611531734,3,16108,816,2544.7,2270.2,395,0.34,1,9,16,5,269,2,1,0
5378,9.35,77.0,7149,2119,3389,1179575,0,128,1,-175.5,80.0,994.7,2611532130,3,16108,816,2544.7,2270.2,395,7.29,1,9,16,7158,5,57,2,0
5379,15.13,77.0,7149,2119,3388,1179573,0,128,1,-175.5,80.0,994.7,2611532326,3,16108,816,2544.7,2270.2,395,0.35,1,10,16,5,278,2,2,0
5380,9.40,77.0,7149,2119,3389,1179575,0,128,1,-175.5,80.0,994.7,2611532722,3,16108,816,2544.7,2270.2,395,7.48,1,10,15,7394,6,2,3,0
5381,15.39,77.0,7149,2119,3388,1179573,0,128,1,-175.5,80.0,994.7,2611532918,3,16108,816,2544.7,2270.2,395,0.32,1,9,16,5,246,2,2,0
5382,9.39,77.0,7149,2119,3389,1179575,0,128,1,-175.5,80.0,994.7,2611530994,3,16108,816,2544.7,2270.2,395,7.32,1,9,16,7194,5,56,2,0
5383,15.15,77.0,7149,2119,3388,1179573,0,128,1,-175.5,80.0,994.7,2611533670,3,16108,816,2544.7,2270.2,395,0.34,1,10,16,6,261,3,1,0
5384,9.39,77.0,7149,2119,3389,1179575,0,128,1,-175.5,80.0,994.7,2611531602,3,16108,816,2544.7,2270.2,395,7.00,1,9,24,6918,5,3,2,0
5385,15.70,77.0,7149,2119,3388,1179573,0,128,1,-175.5,80.0,994.7,2611534294,3,16108,816,2544.7,2270.2,395,0.34,1,9,17,5,268,2,1,0
5386,9.13,77.0,7149,2119,3389,1179575,0,128,1,-175.5,80.0,994.7,2611534690,3,16108,816,2544.7,2270.2,395,7.24,1,22,15,7102,6,58,2,0
5387,15.11,77.0,7149,2119,3388,1179573,0,128,1,-175.5,80.0,994.7,2611534886,3,16108,816,2544.7,2270.2,395,0.37,0,10,16,5,288,2,1,0
5388,9.66,77.0,7149,2119,3389,1179575,0,128,1,-175.5,80.0,994.7,2611532834,3,16108,816,2544.7,2270.2,395,6.93,1,9,18,6857,5,2,2,0
5389,15.72,77.0,7149,2119,3388,1179573,0,128,1,-175.5,80.0,994.7,2611535542,3,16108,816,2544.7,2270.2,395,0.33,1,9,17,5,259,2,2,0
5390,9.12,77.0,7149,2119,3389,1179575,0,128,1,-175.5,80.0,994.7,2611535938,3,16108,816,2544.7,2270.2,395,7.32,1,8,16,7195,6,58,2,0
5391,14.26,77.0,7149,2119,3388,1179573,0,128,1,-175.5,80.0,994.7,2611536134,3,16108,816,2544.7,2270.2,395,0.37,0,9,17,12,283,2,1,0
5392,9.70,77.0,7149,2119,3389,1179575,0,128,1,-175.5,80.0,994.7,2611534066,3,16108,816,2544.7,2270.2,395,7.00,1,10,16,6933,4,2,2,0
5393,16.07,77.0,7149,2119,3388,1179573,0,128,1,-175.5,80.0,994.7,2611536806,3,16108,816,2544.7,2270.2,395,0.32,2,9,17,5,243,2,2,0
5394,9.13,77.0,7149,2119,3389,1179575,0,128,1,-175.5,80.0,994.7,2611537202,3,16108,816,2544.7,2270.2,395,7.34,1,10,16,7212,4,56,2,0
5395,17.01,77.0,7149,2119,3388,1179573,0,128,1,-175.5,80.0,994.7,2611537398,3,16108,816,2544.7,2270.2,395,0.33,1,10,17,6,255,2,2,0
5396,9.20,77.0,7149,2119,3389,1179575,0,128,1,-175.5,80.0,994.7,2611537794,3,16108,816,2544.7,2270.2,395,6.98,1,9,16,6905,6,2,2,0
5397,14.65,77.0,7149,2119,3388,1179573,0,128,1,-175.5,80.0,994.7,2611537990,3,16108,816,2544.7,2270.2,395,0.34,1,9,15,6,265,2,2,0
5398,9.15,77.0,7149,2119,3389,1179575,0,128,1,-175.5,80.0,994.7,2611538386,3,16108,816,2544.7,2270.2,395,7.44,1,9,15,7293,6,64,3,0
5399,15.57,77.0,7149,2119,3388,1179573,0,128,1,-175.5,80.0,994.7,2611536118,3,16108,816,2544.7,2270.2,395,0.51,1,16,24,11,386,7,3,0
5400,46.12,77.0,7149,2119,3389,1179575,0,128,1,-175.5,80.0,994.7,2611539378,3,16108,816,2544.7,2270.2,395,7.22,1,9,16,7144,5,3,3,0
5401,16.03,77.0,7149,2119,3389,1179575,0,128,1,-175.5,80.0,994.7,2611539386,3,16108,816,2544.7,2270.2,395,0.33,1,9,16,5,259,2,1,0
5402,9.79,79.0,7149,2119,3389,1179575,0,128,1,-175.5,80.0,994.7,2611539682,3,16108,816,2544.7,2270.2,395,7.24,1,10,17,7096,15,52,2,0
5403,15.82,79.0,7149,2119,3388,1179573,0,128,1,-175.5,80.0,994.7,2611539878,3,16108,816,2544.7,2270.2,395,0.37,1,11,20,6,294,2,1,0
5404,9.69,79.0,7149,2119,3389,1179575,0,128,1,-175.5,80.0,994.7,2611540274,3,16108,816,2544.7,2270.2,395,7.38,1,9,34,7290,5,2,2,0
5405,15.79,79.0,7149,2119,3388,1179573,0,128,1,-175.5,80.0,994.7,2611540470,3,16108,816,2544.7,2270.2,395,0.33,1,9,16,5,267,2,1,0
5406,10.27,79.0,7149,2119,3389,1179575,0,128,1,-175.5,80.0,994.7,2611538386,3,16108,816,2544.7,2270.2,395,7.79,1,16,16,7656,5,54,2,0
5407,16.04,79.0,7149,2119,3389,1179575,0,128,1,-175.5,80.0,994.7,2611541306,3,16108,816,2544.7,2270.2,395,0.33,1,9,16,6,257,5,2,0
5408,10.37,79.0,7149,2119,3389,1179575,0,128,1,-175.5,80.0,994.7,2611541602,3,16108,816,2544.7,2270.2,395,7.11,1,11,17,7031,6,2,2,0
5409,15.21,79.0,7149,2119,3389,1179575,0,128,1,-175.5,80.0,994.7,2611541898,3,16108,816,2544.7,2270.2,395,0.34,1,10,17,6,273,2,1,0
5410,10.28,79.0,7149,2119,3389,1179575,0,128,1,-175.5,80.0,994.7,2611542194,3,16108,816,2544.7,2270.2,395,7.37,1,9,34,7201,8,78,4,0
5411,15.73,79.0,7149,2119,3389,1179575,0,128,1,-175.5,80.0,994.7,2611542490,3,16108,816,2544.7,2270.2,395,0.34,1,9,16,5,271,2,1,0
5412,10.38,79.0,7149,2119,3389,1179575,0,128,1,-175.5,80.0,994.7,2611540242,3,16108,816,2544.7,2270.2,395,6.63,1,9,15,6553,4,2,3,0
5413,13.72,79.0,7149,2119,3389,1179575,0,128,1,-175.5,80.0,994.7,2611543210,3,16108,816,2544.7,2270.2,395,0.33,1,9,17,5,253,2,1,0
5414,10.30,79.0,7149,2119,3389,1179575,0,128,1,-175.5,80.0,994.7,2611543506,3,16108,816,2544.7,2270.2,395,7.56,1,10,21,7407,5,58,2,0
5415,15.10,79.0,7149,2119,3389,1179575,0,128,1,-175.5,80.0,994.7,2611541162,3,16108,816,2544.7,2270.2,395,0.32,1,10,15,7,254,2,1,0
5416,9.75,79.0,7149,2119,3389,1179575,0,128,1,-175.5,80.0,994.7,2611544146,3,16108,816,2544.7,2270.2,395,7.47,1,10,18,7388,8,3,2,0
5417,14.80,79.0,7149,2119,3388,1179573,0,128,1,-175.5,80.0,994.7,2611544342,3,16108,816,2544.7,2270.2,395,0.35,1,9,33,5,265,2,2,0
5418,9.44,79.0,7149,2119,3389,1179575,0,128,1,-175.5,80.0,994.7,2611544738,3,16108,816,2544.7,2270.2,395,7.47,1,10,16,7332,7,66,2,0
5419,15.11,79.0,7149,2119,3388,1179573,0,128,1,-175.5,80.0,994.7,2611544934,3,16108,816,2544.7,2270.2,395,0.32,1,10,16,5,246,2,1,0
5420,9.72,79.0,7149,2119,3389,1179575,0,128,1,-175.5,80.0,994.7,2611545330,3,16108,816,2544.7,2270.2,395,7.54,1,10,16,7459,7,2,3,0
5421,16.82,79.0,7149,2119,3388,1179573,0,128,1,-175.5,80.0,994.7,2611545526,3,16108,816,2544.7,2270.2,395,0.32,1,10,17,5,244,2,2,0
5422,8.94,79.0,7149,2119,3389,1179575,0,128,1,-175.5,80.0,994.7,2611543330,3,16108,816,2544.7,2270.2,395,7.32,0,9,16,7171,7,74,2,0
5423,14.98,79.0,7149,2119,3388,1179573,0,128,1,-175.5,80.0,994.7,2611546262,3,16108,816,2544.7,2270.2,395,0.32,1,9,16,5,254,2,2,0
5424,9.04,79.0,7149,2119,3389,1179575,0,128,1,-175.5,80.0,994.7,2611543938,3,16108,816,2544.7,2270.2,395,7.07,2,10,18,6986,4,2,2,0
5425,15.39,79.0,7149,2119,3388,1179573,0,128,1,-175.5,80.0,994.7,2611546870,3,16108,816,2544.7,2270.2,395,0.33,1,10,17,5,255,2,1,0
5426,8.53,79.0,7149,2119,3389,1179575,0,128,1,-175.5,80.0,994.7,2611544546,3,16108,816,2544.7,2270.2,395,7.47,1,9,16,7326,7,75,3,0
5427,14.82,79.0,7149,2119,3388,1179573,0,128,1,-175.5,80.0,994.7,2611547494,3,16108,816,2544.7,2270.2,395,0.34,1,8,15,5,263,2,1,0
5428,15.99,79.0,7149,2119,3389,1179575,0,128,1,-175.5,80.0,994.7,2611547890,3,16108,816,2544.7,2270.2,395,7.40,0,9,17,7327,6,2,2,0
5429,15.34,79.0,7149,2119,3389,1179575,0,128,1,-175.5,80.0,994.7,2611545466,3,16108,816,2544.7,2270.2,395,0.30,1,10,16,5,238,2,1,0
5430,11.18,79.0,7149,2119,3389,1179575,0,128,1,-175.5,80.0,994.7,2611548674,3,16108,816,2544.7,2270.2,395,7.07,1,9,16,6939,6,62,2,0
5431,15.64,79.0,7149,2119,3389,1179575,0,128,1,-175.5,80.0,994.7,2611546074,3,16108,816,2544.7,2270.2,395,0.33,1,16,17,4,255,2,1,0
5432,9.77,79.0,7149,2119,3389,1179575,0,128,1,-175.5,80.0,994.7,2611549138,3,16108,816,2544.7,2270.2,395,7.34,1,9,16,7260,6,3,2,0
5433,14.63,79.0,7149,2119,3388,1179573,0,128,1,-175.5,80.0,994.7,2611549334,3,16108,816,2544.7,2270.2,395,0.31,1,9,16,5,244,2,2,0
5434,9.69,79.0,7149,2119,3389,1179575,0,128,1,-175.5,80.0,994.7,2611546994,3,16108,816,2544.7,2270.2,395,7.00,1,10,17,6876,5,55,2,0
5435,14.39,79.0,7149,2119,3388,1179573,0,128,1,-175.5,80.0,994.7,2611549974,3,16108,816,2544.7,2270.2,395,0.35,1,10,18,7,280,2,2,0
5436,9.72,79.0,7149,2119,3389,1179575,0,128,1,-175.5,80.0,994.7,2611547602,3,16108,816,2544.7,2270.2,395,7.37,1,9,16,7282,9,4,3,0
5437,14.73,79.0,7149,2119,3388,1179573,0,128,1,-175.5,80.0,994.7,2611550598,3,16108,816,2544.7,2270.2,395,0.34,1,10,16,5,274,1,1,0
5438,9.98,79.0,7149,2119,3389,1179575,0,128,1,-175.5,80.0,994.7,2611550994,3,16108,816,2544.7,2270.2,395,7.43,1,9,17,7291,10,64,2,0
5439,15.00,79.0,7149,2119,3389,1179575,0,128,1,-175.5,80.0,994.7,2611551290,3,16108,816,2544.7,2270.2,395,0.34,2,11,20,6,257,3,1,0
5440,9.56,79.0,7149,2119,3389,1179575,0,128,1,-175.5,80.0,994.7,2611548834,3,16108,816,2544.7,2270.2,395,7.20,1,9,16,7125,6,3,3,0
5441,15.37,79.0,7149,2119,3388,1179573,0,128,1,-175.5,80.0,994.7,2611551846,3,16108,816,2544.7,2270.2,395,0.32,2,13,16,5,249,3,1,0
5442,9.59,79.0,7149,2119,3389,1179575,0,128,1,-175.5,80.0,994.7,2611549442,3,16108,816,2544.7,2270.2,395,6.96,1,9,17,6842,5,52,2,0
5443,15.06,79.0,7149,2119,3388,1179573,0,128,1,-175.5,80.0,994.7,2611552470,3,16108,816,2544.7,2270.2,395,0.35,1,10,16,6,278,3,2,0
5444,9.51,79.0,7149,2119,3389,1179575,0,128,1,-175.5,80.0,994.7,2611550050,3,16108,816,2544.7,2270.2,395,7.44,1,9,16,7359,9,2,3,0
5445,15.01,79.0,7149,2119,3388,1179573,0,128,1,-175.5,80.0,994.7,2611553078,3,16108,816,2544.7,2270.2,395,0.31,1,9,15,5,240,2,1,0
5446,9.85,79.0,7149,2119,3389,1179575,0,128,1,-175.5,80.0,994.7,2611550658,3,16108,816,2544.7,2270.2,395,7.27,1,10,16,7142,5,64,2,0
5447,16.02,79.0,7149,2119,3388,1179573,0,128,1,-175.5,80.0,994.7,2611553702,3,16108,816,2544.7,2270.2,395,0.32,1,9,17,5,250,2,1,0
5448,9.14,79.0,7149,2119,3389,1179575,0,128,1,-175.5,80.0,994.7,2611554098,3,16108,816,2544.7,2270.2,395,7.85,1,9,16,7776,7,3,3,0
5449,15.88,79.0,7149,2119,3388,1179573,0,128,1,-175.5,80.0,994.7,2611551478,3,16108,816,2544.7,2270.2,395,0.41,1,13,18,5,319,3,1,0
5450,9.10,79.0,7149,2119,3389,1179575,0,128,1,-175.5,80.0,994.7,2611554738,3,16108,816,2544.7,2270.2,395,7.36,1,10,15,7225,4,67,2,0
5451,15.27,79.0,7149,2119,3388,1179573,0,128,1,-175.5,80.0,994.7,2611552086,3,16108,816,2544.7,2270.2,395,0.31,1,9,16,5,246,2,1,0
5452,9.03,79.0,7149,2119,3389,1179575,0,128,1,-175.5,80.0,994.7,2611555346,3,16108,816,2544.7,2270.2,395,7.34,1,10,16,7266,4,2,2,0
5453,15.70,79.0,7149,2119,3388,1179573,0,128,1,-175.5,80.0,994.7,2611555542,3,16108,816,2544.7,2270.2,395,0.32,2,9,17,6,256,2,2,0
5454,9.59,79.0,7149,2119,3389,1179575,0,128,1,-175.5,80.0,994.7,2611553106,3,16108,816,2544.7,2270.2,395,7.08,1,10,16,6940,7,68,2,0
5455,15.52,79.0,7149,2119,3388,1179573,0,128,1,-175.5,80.0,994.7,2611553302,3,16108,816,2544.7,2270.2,395,0.33,2,10,16,5,262,2,2,0
5456,9.82,79.0,7149,2119,3389,1179575,0,128,1,-175.5,80.0,994.7,2611556578,3,16108,816,2544.7,2270.2,395,7.47,1,9,16,7389,5,3,2,0
5457,15.14,79.0,7149,2119,3388,1179573,0,128,1,-175.5,80.0,994.7,2611556774,3,16108,816,2544.7,2270.2,395,0.35,1,20,16,6,278,3,1,0
5458,9.59,79.0,7149,2119,3389,1179575,0,128,1,-175.5,80.0,994.7,2611554322,3,16108,816,2544.7,2270.2,395,7.07,1,10,17,6957,4,47,2,0
5459,15.10,79.0,7149,2119,3388,1179573,0,128,1,-175.5,80.0,994.7,2611557414,3,16108,816,2544.7,2270.2,395,0.35,1,10,32,7,262,3,1,0
5460,9.91,79.0,7149,2119,3389,1179575,0,128,1,-175.5,80.0,994.7,2611555218,3,16108,816,2544.7,2270.2,395,7.34,1,9,17,7265,6,3,2,0
5461,15.48,79.0,7149,2119,3388,1179573,0,128,1,-175.5,80.0,994.7,2611558038,3,16108,816,2544.7,2270.2,395,0.33,1,8,16,6,263,2,1,0
5462,9.64,79.0,7149,2119,3389,1179575,0,128,1,-175.5,80.0,994.7,2611555538,3,16108,816,2544.7,2270.2,395,7.06,1,9,16,6941,4,50,2,0
5463,15.85,79.0,7149,2119,3388,1179573,0,128,1,-175.5,80.0,994.7,2611558646,3,16108,816,2544.7,2270.2,395,0.36,1,10,17,5,291,2,1,0
5464,9.32,79.0,7149,2119,3389,1179575,0,128,1,-175.5,80.0,994.7,2611556146,3,16108,816,2544.7,2270.2,395,7.82,1,9,18,7739,7,1,2,0
5465,15.00,79.0,7149,2119,3388,1179573,0,128,1,-175.5,80.0,994.7,2611559270,3,16108,816,2544.7,2270.2,395,0.32,1,9,16,5,249,2,2,0
5466,9.40,79.0,7149,2119,3389,1179575,0,128,1,-175.5,80.0,994.7,2611556754,3,16108,816,2544.7,2270.2,395,7.64,1,10,20,7521,4,52,2,0
5467,15.63,79.0,7149,2119,3388,1179573,0,128,1,-175.5,80.0,994.7,2611559878,3,16108,816,2544.7,2270.2,395,0.33,1,10,16,5,264,2,1,0
5468,9.41,79.0,7149,2119,3389,1179575,0,128,1,-175.5,80.0,994.7,2611557362,3,16108,816,2544.7,2270.2,395,7.12,1,9,16,7045,4,3,3,0
5469,14.35,79.0,7149,2119,3388,1179573,0,128,1,-175.5,80.0,994.7,2611560502,3,16108,816,2544.7,2270.2,395,0.34,1,10,18,5,267,3,1,0
5470,9.76,79.0,7149,2119,3389,1179575,0,128,1,-175.5,80.0,994.7,2611557970,3,16108,816,2544.7,2270.2,395,7.07,1,9,16,6945,5,53,2,0
5471,14.98,79.0,7149,2119,3388,1179573,0,128,1,-175.5,80.0,994.7,2611558166,3,16108,816,2544.7,2270.2,395,0.32,1,10,16,5,247,2,2,0
5472,9.78,79.0,7149,2119,3389,1179575,0,128,1,-175.5,80.0,994.7,2611561506,3,16108,816,2544.7,2270.2,395,7.42,2,9,17,7333,5,3,2,0
5473,14.57,79.0,7149,2119,3388,1179573,0,128,1,-175.5,80.0,994.7,2611561702,3,16108,816,2544.7,2270.2,395,0.31,1,9,17,5,245,2,1,0
5474,9.83,79.0,7149,2119,3389,1179575,0,128,1,-175.5,80.0,994.7,2611559186,3,16108,816,2544.7,2270.2,395,7.10,1,9,16,6979,5,55,1,0
5475,14.91,79.0,7149,2119,3388,1179573,0,128,1,-175.5,80.0,994.7,2611559382,3,16108,816,2544.7,2270.2,395,0.33,1,9,17,6,252,2,1,0
5476,9.79,79.0,7149,2119,3389,1179575,0,128,1,-175.5,80.0,994.7,2611562738,3,16108,816,2544.7,2270.2,395,7.32,1,9,16,7248,5,3,2,0
5477,14.90,79.0,7149,2119,3388,1179573,0,128,1,-175.5,80.0,994.7,2611562934,3,16108,816,2544.7,2270.2,395,0.34,1,9,16,6,269,2,1,0
5478,9.79,79.0,7149,2119,3389,1179575,0,128,1,-175.5,80.0,994.7,2611560386,3,16108,816,2544.7,2270.2,395,7.17,1,9,16,7052,5,51,2,0
5479,15.36,79.0,7149,2119,3388,1179573,0,128,1,-175.5,80.0,994.7,2611563558,3,16108,816,2544.7,2270.2,395,0.32,1,10,16,5,254,3,1,0
5480,9.06,79.0,7149,2119,3389,1179575,0,128,1,-175.5,80.0,994.7,2611563954,3,16108,816,2544.7,2270.2,395,7.37,1,9,25,7286,6,2,2,0
5481,14.33,79.0,7149,2119,3388,1179573,0,128,1,-175.5,80.0,994.7,2611561206,3,16108,816,2544.7,2270.2,395,0.42,2,19,22,9,292,2,2,0
5482,15.06,80.0,7149,2119,3389,1179575,0,128,1,-175.5,80.0,994.7,2611561602,3,16108,816,2544.7,2270.2,395,7.98,2,15,24,7826,6,58,3,0
5483,16.40,80.0,7149,2119,3389,1179575,0,128,1,-175.5,80.0,994.7,2611564890,3,16108,816,2544.7,2270.2,395,0.36,0,9,31,5,268,2,1,0
5484,9.10,80.0,7149,2119,3389,1179575,0,128,1,-175.5,80.0,994.7,2611562194,3,16108,816,2544.7,2270.2,395,7.66,1,9,16,7590,5,3,2,0
5485,16.52,80.0,7149,2119,3388,1179573,0,128,1,-175.5,80.0,994.7,2611565382,3,16108,816,2544.7,2270.2,395,0.33,0,10,18,6,253,2,2,0
5486,10.27,80.0,7149,2119,3389,1179575,0,128,1,-175.5,80.0,994.7,2611562802,3,16108,816,2544.7,2270.2,395,7.37,1,9,31,7234,5,54,2,0
5487,15.90,80.0,7149,2119,3389,1179575,0,128,1,-175.5,80.0,994.7,2611566090,3,16108,816,2544.7,2270.2,395,0.35,1,10,16,6,279,2,2,0
5488,10.28,80.0,7149,2119,3389,1179575,0,128,1,-175.5,80.0,994.7,2611563410,3,16108,816,2544.7,2270.2,395,7.06,1,10,16,6981,6,3,2,0
5489,15.55,80.0,7149,2119,3389,1179575,0,128,1,-175.5,80.0,994.7,2611563706,3,16108,816,2544.7,2270.2,395,0.31,1,10,16,6,239,2,1,0
5490,10.32,80.0,7149,2119,3389,1179575,0,128,1,-175.5,80.0,994.7,2611564290,3,16108,816,2544.7,2270.2,395,7.07,1,12,25,6933,4,52,2,0
5491,15.98,80.0,7149,2119,3389,1179575,0,128,1,-175.5,80.0,994.7,2611567306,3,16108,816,2544.7,2270.2,395,0.34,1,10,17,6,268,2,2,0
5492,10.29,80.0,7149,2119,3389,1179575,0,128,1,-175.5,80.0,994.7,2611564610,3,16108,816,2544.7,2270.2,395,7.49,0,9,15,7415,7,3,3,0
5493,15.46,80.0,7149,2119,3389,1179575,0,128,1,-175.5,80.0,994.7,2611564906,3,16108,816,2544.7,2270.2,395,0.37,1,10,17,5,300,2,2,0
5494,10.11,80.0,7149,2119,3389,1179575,0,128,1,-175.5,80.0,994.7,2611565202,3,16108,816,2544.7,2270.2,395,7.21,1,10,17,7081,4,53,2,0
5495,14.65,80.0,7149,2119,3389,1179575,0,128,1,-175.5,80.0,994.7,2611568506,3,16108,816,2544.7,2270.2,395,0.33,1,17,18,6,254,2,2,0
5496,10.15,80.0,7149,2119,3389,1179575,0,128,1,-175.5,80.0,994.7,2611565810,3,16108,816,2544.7,2270.2,395,7.34,1,10,29,7247,8,3,2,0
5497,15.45,80.0,7149,2119,3389,1179575,0,128,1,-175.5,80.0,994.7,2611569130,3,16108,816,2544.7,2270.2,395,0.37,2,13,15,5,281,7,1,0
5498,10.14,80.0,7149,2119,3389,1179575,0,128,1,-175.5,80.0,994.7,2611566402,3,16108,816,2544.7,2270.2,395,7.77,2,10,17,7641,6,55,2,0
5499,15.58,80.0,7149,2119,3389,1179575,0,128,1,-175.5,80.0,994.7,2611569722,3,16108,816,2544.7,2270.2,395,0.32,1,9,17,5,247,3,1,0
5500,10.15,80.0,7149,2119,3389,1179575,0,128,1,-175.5,80.0,994.7,2611566994,3,16108,816,2544.7,2270.2,395,8.05,1,10,17,7987,0,0,0,0
5501,16.10,80.0,7149,2119,3389,1179575,0,128,1,-175.5,80.0,994.7,2611570314,3,16108,816,2544.7,2270.2,395,0.33,1,9,17,4,260,2,1,0
5502,9.30,80.0,7149,2119,3389,1179575,0,128,1,-175.5,80.0,994.7,2611567602,3,16108,816,2544.7,2270.2,395,7.22,1,10,23,7082,4,62,2,0
5503,14.85,80.0,7149,2119,3388,1179573,0,128,1,-175.5,80.0,994.7,2611567798,3,16108,816,2544.7,2270.2,395,0.33,1,9,17,5,261,2,2,0
5504,9.32,80.0,7149,2119,3389,1179575,0,128,1,-175.5,80.0,994.7,2611571218,3,16108,816,2544.7,2270.2,395,7.45,0,9,16,7372,6,3,2,0
5505,15.70,80.0,7149,2119,3388,1179573,0,128,1,-175.5,80.0,994.7,2611568406,3,16108,816,2544.7,2270.2,395,0.34,1,10,15,5,274,2,1,0
5506,9.34,80.0,7149,2119,3389,1179575,0,128,1,-175.5,80.0,994.7,2611568802,3,16108,816,2544.7,2270.2,395,7.09,1,9,16,6967,4,51,1,0
5507,16.46,80.0,7149,2119,3388,1179573,0,128,1,-175.5,80.0,994.7,2611572038,3,16108,816,2544.7,2270.2,395,0.32,1,9,16,5,251,2,2,0
5508,9.36,80.0,7149,2119,3389,1179575,0,128,1,-175.5,80.0,994.7,2611569410,3,16108,816,2544.7,2270.2,395,7.29,1,10,17,7212,5,3,2,0
5509,15.42,80.0,7149,2119,3388,1179573,0,128,1,-175.5,80.0,994.7,2611572646,3,16108,816,2544.7,2270.2,395,0.34,0,10,18,5,268,2,2,0
5510,9.03,80.0,7149,2119,3389,1179575,0,128,1,-175.5,80.0,994.7,2611573042,3,16108,816,2544.7,2270.2,395,7.23,1,9,16,7102,5,57,3,0
5511,15.04,80.0,7149,2119,3388,1179573,0,128,1,-175.5,80.0,994.7,2611570230,3,16108,816,2544.7,2270.2,395,0.33,1,10,15,5,259,2,1,0
5512,9.07,80.0,7149,2119,3389,1179575,0,128,1,-175.5,80.0,994.7,2611570626,3,16108,816,2544.7,2270.2,395,7.30,1,9,17,7233,6,1,2,0
5513,15.27,80.0,7149,2119,3388,1179573,0,128,1,-175.5,80.0,994.7,2611570822,3,16108,816,2544.7,2270.2,395,0.31,1,10,15,5,249,2,1,0
5514,9.08,80.0,7149,2119,3389,1179575,0,128,1,-175.5,80.0,994.7,2611574274,3,16108,816,2544.7,2270.2,395,7.13,2,19,15,6996,3,47,2,0
5515,14.93,80.0,7149,2119,3388,1179573,0,128,1,-175.5,80.0,994.7,2611571430,3,16108,816,2544.7,2270.2,395,0.33,1,10,16,5,249,3,1,0
5516,9.06,80.0,7149,2119,3389,1179575,0,128,1,-175.5,80.0,994.7,2611571826,3,16108,816,2544.7,2270.2,395,7.51,1,10,16,7436,4,3,2,0
5517,15.57,80.0,7149,2119,3388,1179573,0,128,1,-175.5,80.0,994.7,2611572022,3,16108,816,2544.7,2270.2,395,0.32,1,10,17,5,247,2,1,0
5518,9.12,80.0,7149,2119,3389,1179575,0,128,1,-175.5,80.0,994.7,2611572418,3,16108,816,2544.7,2270.2,395,7.21,2,13,21,7066,5,54,2,0
5519,15.42,80.0,7149,2119,3388,1179573,0,128,1,-175.5,80.0,994.7,2611575686,3,16108,816,2544.7,2270.2,395,0.34,1,9,16,6,248,2,2,0
5520,10.44,80.0,7149,2119,3389,1179575,0,128,1,-175.5,80.0,994.7,2611573298,3,16108,816,2544.7,2270.2,395,7.30,1,10,19,7221,7,9,3,0
5521,16.22,80.0,7149,2119,3389,1179575,0,128,1,-175.5,80.0,994.7,2611576378,3,16108,816,2544.7,2270.2,395,0.31,1,9,17,5,243,2,1,0
5522,9.06,80.0,7149,2119,3389,1179575,0,128,1,-175.5,80.0,994.7,2611573618,3,16108,816,2544.7,2270.2,395,7.21,1,9,17,7080,3,63,2,0
5523,15.20,80.0,7149,2119,3388,1179573,0,128,1,-175.5,80.0,994.7,2611573814,3,16108,816,2544.7,2270.2,395,0.31,1,8,16,5,249,2,2,0
5524,9.10,80.0,7149,2119,3389,1179575,0,128,1,-175.5,80.0,994.7,2611574210,3,16108,816,2544.7,2270.2,395,6.96,1,9,16,6889,5,2,3,0
5525,14.36,80.0,7149,2119,3388,1179573,0,128,1,-175.5,80.0,994.7,2611574406,3,16108,816,2544.7,2270.2,395,0.36,1,9,18,6,286,3,2,0
5526,9.83,80.0,7149,2119,3389,1179575,0,128,1,-175.5,80.0,994.7,2611577874,3,16108,816,2544.7,2270.2,395,6.98,1,9,17,6855,6,55,2,0
5527,15.50,80.0,7149,2119,3388,1179573,0,128,1,-175.5,80.0,994.7,2611575014,3,16108,816,2544.7,2270.2,395,0.33,2,10,16,5,253,2,2,0
5528,9.78,80.0,7149,2119,3389,1179575,0,128,1,-175.5,80.0,994.7,2611575410,3,16108,816,2544.7,2270.2,395,7.20,1,10,18,7122,5,2,2,0
5529,14.82,80.0,7149,2119,3388,1179573,0,128,1,-175.5,80.0,994.7,2611575606,3,16108,816,2544.7,2270.2,395,0.33,1,9,17,5,260,2,1,0
5530,10.08,80.0,7149,2119,3389,1179575,0,128,1,-175.5,80.0,994.7,2611576002,3,16108,816,2544.7,2270.2,395,7.24,1,19,17,7110,4,54,2,0
5531,15.28,80.0,7149,2119,3389,1179575,0,128,1,-175.5,80.0,994.7,2611579386,3,16108,816,2544.7,2270.2,395,0.33,1,10,17,6,258,2,2,0
5532,9.88,80.0,7149,2119,3389,1179575,0,128,1,-175.5,80.0,994.7,2611576594,3,16108,816,2544.7,2270.2,395,7.12,1,10,27,7029,4,2,2,0
5533,14.72,80.0,7149,2119,3388,1179573,0,128,1,-175.5,80.0,994.7,2611579878,3,16108,816,2544.7,2270.2,395,0.34,1,10,18,6,260,2,2,0
5534,9.54,80.0,7149,2119,3389,1179575,0,128,1,-175.5,80.0,994.7,2611577202,3,16108,816,2544.7,2270.2,395,6.86,1,9,16,6741,5,54,2,0
5535,15.66,80.0,7149,2119,3388,1179573,0,128,1,-175.5,80.0,994.7,2611577398,3,16108,816,2544.7,2270.2,395,0.31,1,9,16,5,246,2,2,0
5536,9.53,80.0,7149,2119,3389,1179575,0,128,1,-175.5,80.0,994.7,2611577794,3,16108,816,2544.7,2270.2,395,7.30,1,11,18,7220,7,2,2,0
5537,14.82,80.0,7149,2119,3388,1179573,0,128,1,-175.5,80.0,994.7,2611577990,3,16108,816,2544.7,2270.2,395,0.38,1,9,16,5,298,2,2,0
5538,9.51,80.0,7149,2119,3389,1179575,0,128,1,-175.5,80.0,994.7,2611581474,3,16108,816,2544.7,2270.2,395,7.05,1,10,17,6931,5,52,2,0
5539,15.19,80.0,7149,2119,3388,1179573,0,128,1,-175.5,80.0,994.7,2611578598,3,16108,816,2544.7,2270.2,395,0.35,1,9,25,9,265,2,2,0
5540,9.59,80.0,7149,2119,3389,1179575,0,128,1,-175.5,80.0,994.7,2611578994,3,16108,816,2544.7,2270.2,395,7.42,1,10,17,7341,7,3,2,0
5541,15.32,80.0,7149,2119,3388,1179573,0,128,1,-175.5,80.0,994.7,2611579190,3,16108,816,2544.7,2270.2,395,0.39,2,10,18,6,308,3,1,0
5542,9.50,80.0,7149,2119,3389,1179575,0,128,1,-175.5,80.0,994.7,2611579586,3,16108,816,2544.7,2270.2,395,7.02,1,10,28,6880,4,48,2,0
5543,15.54,80.0,7149,2119,3388,1179573,0,128,1,-175.5,80.0,994.7,2611579782,3,16108,816,2544.7,2270.2,395,0.35,1,9,17,5,265,5,3,0
5544,10.00,80.0,7149,2119,3389,1179575,0,128,1,-175.5,80.0,994.7,2611580178,3,16108,816,2544.7,2270.2,395,7.84,2,12,18,7748,7,3,2,0
5545,16.83,80.0,7149,2119,3389,1179575,0,128,1,-175.5,80.0,994.7,2611580474,3,16108,816,2544.7,2270.2,395,0.33,1,10,17,5,260,3,1,0
5546,9.56,80.0,7149,2119,3389,1179575,0,128,1,-175.5,80.0,994.7,2611580770,3,16108,816,2544.7,2270.2,395,7.36,1,9,17,7229,7,62,2,0
5547,14.57,80.0,7149,2119,3388,1179573,0,128,1,-175.5,80.0,994.7,2611584070,3,16108,816,2544.7,2270.2,395,0.34,1,10,15,5,274,2,1,0
5548,9.66,80.0,7149,2119,3389,1179575,0,128,1,-175.5,80.0,994.7,2611581362,3,16108,816,2544.7,2270.2,395,6.89,1,10,17,6811,5,6,6,0
5549,14.62,80.0,7149,2119,3388,1179573,0,128,1,-175.5,80.0,994.7,2611584662,3,16108,816,2544.7,2270.2,395,0.35,1,12,18,7,271,3,1,0
5550,9.41,80.0,7149,2119,3389,1179575,0,128,1,-175.5,80.0,994.7,2611582242,3,16108,816,2544.7,2270.2,395,7.22,1,12,19,7083,5,56,2,0
5551,15.70,80.0,7149,2119,3388,1179573,0,128,1,-175.5,80.0,994.7,2611585254,3,16108,816,2544.7,2270.2,395,0.33,2,9,17,5,261,2,1,0
5552,9.77,80.0,7149,2119,3389,1179575,0,128,1,-175.5,80.0,994.7,2611582562,3,16108,816,2544.7,2270.2,395,7.19,1,10,16,7108,5,2,2,0
5553,14.81,80.0,7149,2119,3388,1179573,0,128,1,-175.5,80.0,994.7,2611582758,3,16108,816,2544.7,2270.2,395,0.34,1,11,22,6,259,2,2,0
5554,9.29,80.0,7149,2119,3389,1179575,0,128,1,-175.5,80.0,994.7,2611583154,3,16108,816,2544.7,2270.2,395,7.16,1,10,15,7030,5,58,2,0
5555,15.11,80.0,7149,2119,3388,1179573,0,128,1,-175.5,80.0,994.7,2611586454,3,16108,816,2544.7,2270.2,395,0.34,1,10,16,5,267,2,1,0
5556,9.65,80.0,7149,2119,3389,1179575,0,128,1,-175.5,80.0,994.7,2611583762,3,16108,816,2544.7,2270.2,395,7.18,2,11,18,7101,4,2,1,0
5557,15.04,80.0,7149,2119,3388,1179573,0,128,1,-175.5,80.0,994.7,2611583958,3,16108,816,2544.7,2270.2,395,0.39,1,10,17,6,319,2,2,0
5558,9.35,80.0,7149,2119,3389,1179575,0,128,1,-175.5,80.0,994.7,2611584354,3,16108,816,2544.7,2270.2,395,7.32,1,16,17,7171,5,65,4,0
5559,15.47,80.0,7149,2119,3388,1179573,0,128,1,-175.5,80.0,994.7,2611584550,3,16108,816,2544.7,2270.2,395,0.36,1,9,32,6,283,2,2,0
5560,9.13,80.0,7149,2119,3389,1179575,0,128,1,-175.5,80.0,994.7,2611584946,3,16108,816,2544.7,2270.2,395,6.90,1,10,16,6822,6,3,2,0
5561,14.11,79.0,7149,2119,3388,1179573,0,128,1,-175.5,80.0,994.7,2611588262,3,16108,816,2544.7,2270.2,395,0.33,1,11,18,5,257,3,1,0
5562,9.08,79.0,7149,2119,3389,1179575,0,128,1,-175.5,80.0,994.7,2611585538,3,16108,816,2544.7,2270.2,395,7.12,1,10,16,7001,4,51,2,0
5563,14.81,79.0,7149,2119,3388,1179573,0,128,1,-175.5,80.0,994.7,2611588854,3,16108,816,2544.7,2270.2,395,0.32,1,9,15,5,255,2,2,0
5564,9.06,79.0,7149,2119,3389,1179575,0,128,1,-175.5,80.0,994.7,2611586130,3,16108,816,2544.7,2270.2,395,7.12,1,10,17,7046,5,2,2,0
5565,14.45,79.0,7149,2119,3388,1179573,0,128,1,-175.5,80.0,994.7,2611589446,3,16108,816,2544.7,2270.2,395,0.31,1,9,16,6,247,3,1,0
5566,9.08,79.0,7149,2119,3389,1179575,0,128,1,-175.5,80.0,994.7,2611586738,3,16108,816,2544.7,2270.2,395,7.18,1,10,17,7061,4,49,2,0
5567,15.14,79.0,7149,2119,3388,1179573,0,128,1,-175.5,80.0,994.7,2611586934,3,16108,816,2544.7,2270.2,395,0.37,1,9,16,5,301,2,2,0
5568,8.98,79.0,7149,2119,3389,1179575,0,128,1,-175.5,80.0,994.7,2611587330,3,16108,816,2544.7,2270.2,395,7.11,1,8,16,7043,4,2,2,0
5569,14.84,79.0,7149,2119,3388,1179573,0,128,1,-175.5,80.0,994.7,2611587526,3,16108,816,2544.7,2270.2,395,0.33,1,9,18,6,263,3,1,0
5570,8.92,79.0,7149,2119,3389,1179575,0,128,1,-175.5,80.0,994.7,2611587922,3,16108,816,2544.7,2270.2,395,7.48,1,9,16,7358,5,54,3,0
5571,15.33,79.0,7149,2119,3388,1179573,0,128,1,-175.5,80.0,994.7,2611588118,3,16108,816,2544.7,2270.2,395,0.33,1,9,17,6,256,3,2,0
5572,9.01,79.0,7149,2119,3389,1179575,0,128,1,-175.5,80.0,994.7,2611591634,3,16108,816,2544.7,2270.2,395,7.37,1,10,17,7294,5,2,2,0
5573,14.83,79.0,7149,2119,3388,1179573,0,128,1,-175.5,80.0,994.7,2611588726,3,16108,816,2544.7,2270.2,395,0.34,1,9,16,7,267,2,2,0
5574,9.01,79.0,7149,2119,3389,1179575,0,128,1,-175.5,80.0,994.7,2611589122,3,16108,816,2544.7,2270.2,395,7.30,1,10,16,7172,6,53,3,0
5575,15.80,79.0,7149,2119,3388,1179573,0,128,1,-175.5,80.0,994.7,2611589318,3,16108,816,2544.7,2270.2,395,0.31,1,10,16,5,243,2,2,0
5576,9.07,79.0,7149,2119,3389,1179575,0,128,1,-175.5,80.0,994.7,2611589714,3,16108,816,2544.7,2270.2,395,7.09,1,9,16,7017,6,2,3,0
5577,14.30,79.0,7149,2119,3388,1179573,0,128,1,-175.5,80.0,994.7,2611589910,3,16108,816,2544.7,2270.2,395,0.32,1,9,21,6,242,2,2,0
5578,9.15,79.0,7149,2119,3389,1179575,0,128,1,-175.5,80.0,994.7,2611590306,3,16108,816,2544.7,2270.2,395,6.93,1,9,17,6806,6,54,1,0
5579,15.59,79.0,7149,2119,3388,1179573,0,128,1,-175.5,80.0,994.7,2611590502,3,16108,816,2544.7,2270.2,395,0.33,1,10,16,5,256,2,1,0
5580,10.15,79.0,7149,2119,3389,1179575,0,128,1,-175.5,80.0,994.7,2611591186,3,16108,816,2544.7,2270.2,395,7.45,1,11,18,7374,7,2,3,0
5581,15.95,79.0,7149,2119,3389,1179575,0,128,1,-175.5,80.0,994.7,2611594330,3,16108,816,2544.7,2270.2,395,0.33,1,9,16,5,268,2,1,0
5582,9.08,79.0,7149,2119,3389,1179575,0,128,1,-175.5,80.0,994.7,2611591490,3,16108,816,2544.7,2270.2,395,7.04,2,9,16,6920,4,51,2,0
5583,15.25,79.0,7149,2119,3388,1179573,0,128,1,-175.5,80.0,994.7,2611594822,3,16108,816,2544.7,2270.2,395,0.32,1,9,16,6,249,2,2,0
5584,9.45,79.0,7149,2119,3389,1179575,0,128,1,-175.5,80.0,994.7,2611592082,3,16108,816,2544.7,2270.2,395,7.40,1,8,16,7325,12,4,2,0
5585,14.69,79.0,7149,2119,3388,1179573,0,128,1,-175.5,80.0,994.7,2611595414,3,16108,816,2544.7,2270.2,395,0.36,0,8,16,5,287,2,1,0
5586,9.50,79.0,7149,2119,3389,1179575,0,128,1,-175.5,80.0,994.7,2611592674,3,16108,816,2544.7,2270.2,395,7.74,0,10,17,7595,5,51,2,0
5587,15.73,79.0,7149,2119,3388,1179573,0,128,1,-175.5,80.0,994.7,2611596006,3,16108,816,2544.7,2270.2,395,0.33,1,10,17,6,256,2,1,0
5588,9.50,79.0,7149,2119,3389,1179575,0,128,1,-175.5,80.0,994.7,2611593266,3,16108,816,2544.7,2270.2,395,7.31,1,8,17,7237,5,2,2,0
5589,16.31,79.0,7149,2119,3388,1179573,0,128,1,-175.5,80.0,994.7,2611596598,3,16108,816,2544.7,2270.2,395,0.34,1,26,16,5,259,2,1,0
5590,9.46,79.0,7149,2119,3389,1179575,0,128,1,-175.5,80.0,994.7,2611593874,3,16108,816,2544.7,2270.2,395,7.46,1,9,16,7332,7,59,3,0
5591,15.53,79.0,7149,2119,3388,1179573,0,128,1,-175.5,80.0,994.7,2611594070,3,16108,816,2544.7,2270.2,395,0.32,1,9,16,5,255,2,2,0
5592,9.68,79.0,7149,2119,3389,1179575,0,128,1,-175.5,80.0,994.7,2611594466,3,16108,816,2544.7,2270.2,395,7.27,1,9,17,7194,7,2,2,0
5593,14.98,79.0,7149,2119,3388,1179573,0,128,1,-175.5,80.0,994.7,2611594662,3,16108,816,2544.7,2270.2,395,0.32,1,9,15,5,255,2,1,0
5594,9.75,79.0,7149,2119,3389,1179575,0,128,1,-175.5,80.0,994.7,2611595058,3,16108,816,2544.7,2270.2,395,7.20,2,11,17,7064,3,52,2,0
5595,15.42,79.0,7149,2119,3388,1179573,0,128,1,-175.5,80.0,994.7,2611595254,3,16108,816,2544.7,2270.2,395,0.34,1,10,17,6,269,2,1,0
5596,9.71,79.0,7149,2119,3389,1179575,0,128,1,-175.5,80.0,994.7,2611595650,3,16108,816,2544.7,2270.2,395,7.08,1,9,17,7002,5,3,2,0
5597,15.32,79.0,7149,2119,3388,1179573,0,128,1,-175.5,80.0,994.7,2611595846,3,16108,816,2544.7,2270.2,395,0.31,1,8,16,6,247,2,1,0
5598,9.71,79.0,7149,2119,3389,1179575,0,128,1,-175.5,80.0,994.7,2611596242,3,16108,816,2544.7,2270.2,395,7.04,1,9,17,6912,4,53,2,0
5599,14.89,79.0,7149,2119,3388,1179573,0,128,1,-175.5,80.0,994.7,2611596438,3,16108,816,2544.7,2270.2,395,0.31,1,9,16,6,240,2,1,0
5600,9.08,79.0,7149,2119,3389,1179575,0,128,1,-175.5,80.0,994.7,2611599970,3,16108,816,2544.7,2270.2,395,7.08,1,9,17,7002,5,2,2,0
5601,14.84,79.0,7149,2119,3388,1179573,0,128,1,-175.5,80.0,994.7,2611597046,3,16108,816,2544.7,2270.2,395,0.34,1,9,19,9,264,2,1,0
5602,9.10,79.0,7149,2119,3389,1179575,0,128,1,-175.5,80.0,994.7,2611597442,3,16108,816,2544.7,2270.2,395,6.91,1,9,16,6795,4,50,2,0
5603,15.30,79.0,7149,2119,3388,1179573,0,128,1,-175.5,80.0,994.7,2611600790,3,16108,816,2544.7,2270.2,395,0.31,1,10,16,5,241,2,2,0
5604,9.12,79.0,7149,2119,3389,1179575,0,128,1,-175.5,80.0,994.7,2611598050,3,16108,816,2544.7,2270.2,395,7.64,2,10,16,7570,7,3,2,0
5605,15.75,79.0,7149,2119,3388,1179573,0,128,1,-175.5,80.0,994.7,2611598246,3,16108,816,2544.7,2270.2,395,0.33,1,9,16,5,258,2,2,0
5606,9.07,79.0,7149,2119,3389,1179575,0,128,1,-175.5,80.0,994.7,2611601794,3,16108,816,2544.7,2270.2,395,6.96,1,10,16,6836,4,53,2,0
5607,14.69,79.0,7149,2119,3388,1179573,0,128,1,-175.5,80.0,994.7,2611598854,3,16108,816,2544.7,2270.2,395,0.34,1,9,16,9,266,3,1,0
5608,9.12,79.0,7149,2119,3389,1179575,0,128,1,-175.5,80.0,994.7,2611599250,3,16108,816,2544.7,2270.2,395,7.49,1,9,15,7418,7,2,2,0
5609,15.21,79.0,7149,2119,3388,1179573,0,128,1,-175.5,80.0,994.7,2611599446,3,16108,816,2544.7,2270.2,395,0.33,1,10,17,14,254,2,1,0
5610,9.59,79.0,7149,2119,3389,1179575,0,128,1,-175.5,80.0,994.7,2611599986,3,16108,816,2544.7,2270.2,395,7.49,1,8,28,7354,7,55,1,0
5611,16.12,79.0,7149,2119,3388,1179573,0,128,1,-175.5,80.0,994.7,2611600038,3,16108,816,2544.7,2270.2,395,0.33,1,9,17,5,257,2,2,0
5612,8.88,79.0,7149,2119,3389,1179575,0,128,1,-175.5,80.0,994.7,2611600434,3,16108,816,2544.7,2270.2,395,7.43,0,9,16,7352,5,4,5,0
5613,15.58,79.0,7149,2119,3388,1179573,0,128,1,-175.5,80.0,994.7,2611603798,3,16108,816,2544.7,2270.2,395,0.33,1,9,15,5,266,2,1,0
5614,8.96,79.0,7149,2119,3389,1179575,0,128,1,-175.5,80.0,994.7,2611601026,3,16108,816,2544.7,2270.2,395,7.01,1,9,21,6874,3,61,2,0
5615,15.76,79.0,7149,2119,3388,1179573,0,128,1,-175.5,80.0,994.7,2611604390,3,16108,816,2544.7,2270.2,395,0.33,1,10,17,5,261,2,1,0
5616,9.53,79.0,7149,2119,3389,1179575,0,128,1,-175.5,80.0,994.7,2611601618,3,16108,816,2544.7,2270.2,395,7.20,1,10,17,7119,6,3,3,0
5617,15.64,79.0,7149,2119,3388,1179573,0,128,1,-175.5,80.0,994.7,2611604982,3,16108,816,2544.7,2270.2,395,0.34,1,9,15,5,262,6,4,0
5618,9.57,79.0,7149,2119,3389,1179575,0,128,1,-175.5,80.0,994.7,2611602210,3,16108,816,2544.7,2270.2,395,7.30,1,10,17,7188,4,49,3,0
5619,15.35,79.0,7149,2119,3388,1179573,0,128,1,-175.5,80.0,994.7,2611605574,3,16108,816,2544.7,2270.2,395,0.31,1,10,16,5,240,2,2,0
5620,9.64,79.0,7149,2119,3389,1179575,0,128,1,-175.5,80.0,994.7,2611602818,3,16108,816,2544.7,2270.2,395,7.34,1,10,16,7257,7,2,2,0
5621,14.84,79.0,7149,2119,3388,1179573,0,128,1,-175.5,80.0,994.7,2611603014,3,16108,816,2544.7,2270.2,395,0.35,0,9,17,6,278,2,1,0
5622,9.67,79.0,7149,2119,3389,1179575,0,128,1,-175.5,80.0,994.7,2611603410,3,16108,816,2544.7,2270.2,395,7.12,1,14,19,6983,3,54,4,0
5623,16.26,79.0,7149,2119,3388,1179573,0,128,1,-175.5,80.0,994.7,2611603606,3,16108,816,2544.7,2270.2,395,0.32,1,10,16,6,252,2,1,0
5624,9.46,79.0,7149,2119,3389,1179575,0,128,1,-175.5,80.0,994.7,2611604002,3,16108,816,2544.7,2270.2,395,7.08,1,11,18,7009,4,2,3,0
5625,15.12,79.0,7149,2119,3388,1179573,0,128,1,-175.5,80.0,994.7,2611604198,3,16108,816,2544.7,2270.2,395,0.33,1,10,17,6,259,3,2,0
5626,9.41,79.0,7149,2119,3389,1179575,0,128,1,-175.5,80.0,994.7,2611604594,3,16108,816,2544.7,2270.2,395,7.64,2,10,17,7500,7,63,3,0
5627,15.34,79.0,7149,2119,3388,1179573,0,128,1,-175.5,80.0,994.7,2611604790,3,16108,816,2544.7,2270.2,395,0.32,1,9,16,5,253,2,1,0
5628,9.51,79.0,7149,2119,3389,1179575,0,128,1,-175.5,80.0,994.7,2611605186,3,16108,816,2544.7,2270.2,395,6.77,1,12,17,6681,4,2,1,0
5629,13.97,79.0,7149,2119,3388,1179573,0,128,1,-175.5,80.0,994.7,2611605382,3,16108,816,2544.7,2270.2,395,0.31,1,8,16,6,241,2,1,0
5630,9.47,79.0,7149,2119,3389,1179575,0,128,1,-175.5,80.0,994.7,2611605778,3,16108,816,2544.7,2270.2,395,7.12,1,9,17,6980,7,67,3,0
5631,14.86,79.0,7149,2119,3388,1179573,0,128,1,-175.5,80.0,994.7,2611605974,3,16108,816,2544.7,2270.2,395,0.34,1,10,16,6,268,3,1,0
5632,9.32,79.0,7149,2119,3389,1179575,0,128,1,-175.5,80.0,994.7,2611606370,3,16108,816,2544.7,2270.2,395,7.19,1,10,17,7112,7,2,3,0
5633,14.61,79.0,7149,2119,3388,1179573,0,128,1,-175.5,80.0,994.7,2611609734,3,16108,816,2544.7,2270.2,395,0.35,2,10,16,6,258,2,1,0
5634,9.52,79.0,7149,2119,3389,1179575,0,128,1,-175.5,80.0,994.7,2611606978,3,16108,816,2544.7,2270.2,395,7.46,1,9,16,7331,5,54,2,0
5635,17.42,79.0,7149,2119,3388,1179573,0,128,1,-175.5,80.0,994.7,2611607158,3,16108,816,2544.7,2270.2,395,0.32,1,9,17,5,247,2,1,0
5636,9.31,79.0,7149,2119,3389,1179575,0,128,1,-175.5,80.0,994.7,2611607554,3,16108,816,2544.7,2270.2,395,7.09,1,10,18,7012,6,1,2,0
5637,15.06,79.0,7149,2119,3388,1179573,0,128,1,-175.5,80.0,994.7,2611607750,3,16108,816,2544.7,2270.2,395,0.34,1,9,18,5,260,3,2,0
5638,11.12,79.0,7149,2119,3389,1179575,0,128,1,-175.5,80.0,994.7,2611608146,3,16108,816,2544.7,2270.2,395,7.40,1,10,16,7232,10,86,2,0
5639,17.04,79.0,7149,2119,3389,1179575,0,128,1,-175.5,80.0,994.7,2611608442,3,16108,816,2544.7,2270.2,395,0.33,0,10,15,5,259,3,1,0
5640,11.72,79.0,7149,2119,3389,1179575,0,128,1,-175.5,80.0,994.7,2611609026,3,16108,816,2544.7,2270.2,395,7.41,1,8,15,7337,4,3,2,0
5641,16.77,79.0,7149,2119,3389,1179575,0,128,1,-175.5,80.0,994.7,2611609034,3,16108,816,2544.7,2270.2,395,0.34,1,10,16,5,270,2,1,0
5642,9.69,81.0,7149,2119,3389,1179575,0,128,1,-175.5,80.0,994.7,2611609330,3,16108,816,2544.7,2270.2,395,7.61,1,19,17,7466,6,58,2,0
5643,15.47,81.0,7149,2119,3388,1179573,0,128,1,-175.5,80.0,994.7,2611609526,3,16108,816,2544.7,2270.2,395,0.33,1,10,16,5,256,3,1,0
5644,9.60,81.0,7149,2119,3389,1179575,0,128,1,-175.5,80.0,994.7,2611609922,3,16108,816,2544.7,2270.2,395,7.11,1,9,16,7018,8,3,3,0
5645,15.38,81.0,7149,2119,3388,1179573,0,128,1,-175.5,80.0,994.7,2611610118,3,16108,816,2544.7,2270.2,395,0.31,1,10,16,5,241,1,1,0
5646,9.58,81.0,7149,2119,3389,1179575,0,128,1,-175.5,80.0,994.7,2611610514,3,16108,816,2544.7,2270.2,395,7.10,1,9,27,6947,4,70,2,0
5647,15.07,81.0,7149,2119,3388,1179573,0,128,1,-175.5,80.0,994.7,2611610710,3,16108,816,2544.7,2270.2,395,0.33,1,10,17,6,258,2,1,0
5648,9.69,81.0,7149,2119,3389,1179575,0,128,1,-175.5,80.0,994.7,2611611106,3,16108,816,2544.7,2270.2,395,7.16,1,9,17,7085,4,3,2,0
5649,15.26,81.0,7149,2119,3388,1179573,0,128,1,-175.5,80.0,994.7,2611611302,3,16108,816,2544.7,2270.2,395,0.34,1,10,16,5,270,3,2,0
5650,9.76,81.0,7149,2119,3389,1179575,0,128,1,-175.5,80.0,994.7,2611611698,3,16108,816,2544.7,2270.2,395,7.31,1,12,21,7171,5,58,2,0
5651,14.52,81.0,7149,2119,3388,1179573,0,128,1,-175.5,80.0,994.7,2611611894,3,16108,816,2544.7,2270.2,395,0.34,1,9,16,5,277,2,1,0
5652,9.77,81.0,7149,2119,3389,1179575,0,128,1,-175.5,80.0,994.7,2611612290,3,16108,816,2544.7,2270.2,395,7.29,1,9,20,7211,4,2,1,0
5653,15.66,81.0,7149,2119,3388,1179573,0,128,1,-175.5,80.0,994.7,2611612486,3,16108,816,2544.7,2270.2,395,0.35,1,8,17,5,267,2,1,0
5654,10.13,81.0,7149,2119,3389,1179575,0,128,1,-175.5,80.0,994.7,2611612882,3,16108,816,2544.7,2270.2,395,8.03,1,9,15,7931,0,0,0,0
5655,16.73,81.0,7149,2119,3389,1179575,0,128,1,-175.5,80.0,994.7,2611613178,3,16108,816,2544.7,2270.2,395,0.36,1,10,16,6,291,3,2,0
5656,9.54,81.0,7149,2119,3389,1179575,0,128,1,-175.5,80.0,994.7,2611613474,3,16108,816,2544.7,2270.2,395,7.40,1,12,19,7313,7,2,2,0
5657,15.73,81.0,7149,2119,3388,1179573,0,128,1,-175.5,80.0,994.7,2611613670,3,16108,816,2544.7,2270.2,395,0.33,1,10,16,5,261,3,1,0
5658,9.61,81.0,7149,2119,3389,1179575,0,128,1,-175.5,80.0,994.7,2611617234,3,16108,816,2544.7,2270.2,395,7.21,1,9,17,7089,4,49,3,0
5659,16.65,81.0,7149,2119,3388,1179573,0,128,1,-175.5,80.0,994.7,2611614278,3,16108,816,2544.7,2270.2,395,0.33,1,10,17,6,264,2,1,0
5660,9.62,81.0,7149,2119,3389,1179575,0,128,1,-175.5,80.0,994.7,2611614674,3,16108,816,2544.7,2270.2,395,7.22,1,9,16,7143,6,3,2,0
5661,14.42,81.0,7149,2119,3388,1179573,0,128,1,-175.5,80.0,994.7,2611618054,3,16108,816,2544.7,2270.2,395,0.31,1,9,16,5,242,2,1,0
5662,9.67,81.0,7149,2119,3389,1179575,0,128,1,-175.5,80.0,994.7,2611615282,3,16108,816,2544.7,2270.2,395,7.41,2,16,16,7264,4,57,2,0
5663,15.91,81.0,7149,2119,3388,1179573,0,128,1,-175.5,80.0,994.7,2611615478,3,16108,816,2544.7,2270.2,395,0.36,2,10,15,4,292,2,2,0
5664,9.44,81.0,7149,2119,3389,1179575,0,128,1,-175.5,80.0,994.7,2611615874,3,16108,816,2544.7,2270.2,395,7.24,1,9,15,7167,5,2,2,0
5665,15.36,81.0,7149,2119,3388,1179573,0,128,1,-175.5,80.0,994.7,2611616070,3,16108,816,2544.7,2270.2,395,0.33,1,9,17,6,259,3,2,0
5666,9.40,81.0,7149,2119,3389,1179575,0,128,1,-175.5,80.0,994.7,2611616466,3,16108,816,2544.7,2270.2,395,7.43,1,10,17,7291,5,66,3,0
5667,16.12,81.0,7149,2119,3388,1179573,0,128,1,-175.5,80.0,994.7,2611616662,3,16108,816,2544.7,2270.2,395,0.32,1,9,15,5,248,2,2,0
5668,9.42,81.0,7149,2119,3389,1179575,0,128,1,-175.5,80.0,994.7,2611617058,3,16108,816,2544.7,2270.2,395,7.23,1,9,17,7156,6,2,3,0
5669,15.21,81.0,7149,2119,3388,1179573,0,128,1,-175.5,80.0,994.7,2611617254,3,16108,816,2544.7,2270.2,395,0.37,1,12,19,7,280,3,1,0
5670,10.22,81.0,7149,2119,3389,1179575,0,128,1,-175.5,80.0,994.7,2611617938,3,16108,816,2544.7,2270.2,395,7.41,1,11,18,7279,6,58,3,0
5671,17.01,81.0,7149,2119,3389,1179575,0,128,1,-175.5,80.0,994.7,2611617946,3,16108,816,2544.7,2270.2,395,0.31,0,10,16,5,247,2,2,0
5672,9.31,81.0,7149,2119,3389,1179575,0,128,1,-175.5,80.0,994.7,2611621426,3,16108,816,2544.7,2270.2,395,7.49,2,12,20,7399,7,2,3,0
5673,16.45,81.0,7149,2119,3388,1179573,0,128,1,-175.5,80.0,994.7,2611618438,3,16108,816,2544.7,2270.2,395,0.34,1,9,18,5,263,2,1,0
5674,9.13,81.0,7149,2119,3389,1179575,0,128,1,-175.5,80.0,994.7,2611622018,3,16108,816,2544.7,2270.2,395,7.78,2,11,17,7637,16,59,3,0
5675,16.13,81.0,7149,2119,3388,1179573,0,128,1,-175.5,80.0,994.7,2611619046,3,16108,816,2544.7,2270.2,395,0.35,2,9,17,5,267,4,3,0
5676,9.12,81.0,7149,2119,3389,1179575,0,128,1,-175.5,80.0,994.7,2611619442,3,16108,816,2544.7,2270.2,395,7.06,1,9,16,6988,3,2,2,0
5677,14.35,81.0,7149,2119,3388,1179573,0,128,1,-175.5,80.0,994.7,2611648414,3,16108,816,2544.7,2270.2,395,0.36,1,10,17,6,284,3,1,0
5678,8.94,81.0,7149,2119,3389,1179575,0,128,1,-175.5,80.0,994.7,2611648810,3,16108,816,2544.7,2270.2,395,7.47,1,10,16,7337,7,63,3,0
5679,15.49,81.0,7149,2119,3388,1179573,0,128,1,-175.5,80.0,994.7,2611649006,3,16108,816,2544.7,2270.2,395,0.34,1,8,17,6,275,2,1,0
5680,9.59,81.0,7149,2119,3389,1179575,0,128,1,-175.5,80.0,994.7,2611649402,3,16108,816,2544.7,2270.2,395,6.96,2,12,19,6882,4,2,2,0
5681,14.71,81.0,7149,2119,3388,1179573,0,128,1,-175.5,80.0,994.7,2611652798,3,16108,816,2544.7,2270.2,395,0.35,1,14,21,6,257,2,2,0
5682,9.46,81.0,7149,2119,3389,1179575,0,128,1,-175.5,80.0,994.7,2611649994,3,16108,816,2544.7,2270.2,395,7.42,1,8,16,7287,5,60,2,0
5683,14.53,81.0,7149,2119,3388,1179573,0,128,1,-175.5,80.0,994.7,2611653390,3,16108,816,2544.7,2270.2,395,0.33,1,10,16,5,261,2,1,0
5684,9.90,81.0,7149,2119,3389,1179575,0,128,1,-175.5,80.0,994.7,2611650586,3,16108,816,2544.7,2270.2,395,7.51,1,10,15,7440,6,2,2,0
5685,15.50,81.0,7149,2119,3388,1179573,0,128,1,-175.5,80.0,994.7,2611650782,3,16108,816,2544.7,2270.2,395,0.32,1,11,16,6,252,2,1,0
5686,9.43,81.0,7149,2119,3389,1179575,0,128,1,-175.5,80.0,994.7,2611651178,3,16108,816,2544.7,2270.2,395,7.41,2,20,21,7262,5,59,2,0
5687,15.58,81.0,7149,2119,3388,1179573,0,128,1,-175.5,80.0,994.7,2611651374,3,16108,816,2544.7,2270.2,395,0.34,1,9,17,5,277,2,1,0
5688,9.30,81.0,7149,2119,3389,1179575,0,128,1,-175.5,80.0,994.7,2611651770,3,16108,816,2544.7,2270.2,395,7.10,1,11,17,7030,4,2,2,0
5689,14.74,81.0,7149,2119,3388,1179573,0,128,1,-175.5,80.0,994.7,2611655166,3,16108,816,2544.7,2270.2,395,0.35,1,12,25,10,262,2,1,0
5690,9.33,81.0,7149,2119,3389,1179575,0,128,1,-175.5,80.0,994.7,2611652362,3,16108,816,2544.7,2270.2,395,7.13,1,9,17,6988,6,64,3,0
5691,15.29,81.0,7149,2119,3388,1179573,0,128,1,-175.5,80.0,994.7,2611655758,3,16108,816,2544.7,2270.2,395,0.32,1,11,18,6,248,2,1,0
5692,9.61,81.0,7149,2119,3389,1179575,0,128,1,-175.5,80.0,994.7,2611652954,3,16108,816,2544.7,2270.2,395,7.37,1,9,16,7296,5,2,2,0
5693,15.62,81.0,7149,2119,3388,1179573,0,128,1,-175.5,80.0,994.7,2611656350,3,16108,816,2544.7,2270.2,395,0.36,1,9,19,5,270,2,2,0
5694,9.17,81.0,7149,2119,3389,1179575,0,128,1,-175.5,80.0,994.7,2611653546,3,16108,816,2544.7,2270.2,395,7.15,1,9,16,6996,7,82,2,0
5695,15.30,81.0,7149,2119,3388,1179573,0,128,1,-175.5,80.0,994.7,2611656942,3,16108,816,2544.7,2270.2,395,0.32,1,9,17,5,254,2,1,0
5696,9.37,81.0,7149,2119,3389,1179575,0,128,1,-175.5,80.0,994.7,2611654138,3,16108,816,2544.7,2270.2,395,7.27,1,9,16,7182,12,6,6,0
5697,15.07,81.0,7149,2119,3388,1179573,0,128,1,-175.5,80.0,994.7,2611657534,3,16108,816,2544.7,2270.2,395,0.34,1,11,17,5,265,3,1,0
5698,9.23,81.0,7149,2119,3389,1179575,0,128,1,-175.5,80.0,994.7,2611654730,3,16108,816,2544.7,2270.2,395,7.53,1,9,38,7370,7,65,3,0
5699,15.77,81.0,7149,2119,3388,1179573,0,128,1,-175.5,80.0,994.7,2611658126,3,16108,816,2544.7,2270.2,395,0.34,0,9,44,5,237,3,1,0
5700,10.74,81.0,7149,2119,3389,1179575,0,128,1,-175.5,80.0,994.7,2611655682,3,16108,816,2544.7,2270.2,395,7.69,1,10,16,7623,5,3,2,0
5701,17.50,81.0,7149,2119,3389,1179575,0,128,1,-175.5,80.0,994.7,2611658818,3,16108,816,2544.7,2270.2,395,0.32,0,9,16,5,252,2,2,0
5702,9.28,81.0,7149,2119,3389,1179575,0,128,1,-175.5,80.0,994.7,2611655914,3,16108,816,2544.7,2270.2,395,7.32,2,12,28,7180,7,57,2,0
5703,14.73,81.0,7149,2119,3388,1179573,0,128,1,-175.5,80.0,994.7,2611659310,3,16108,816,2544.7,2270.2,395,0.34,1,10,17,6,265,2,1,0
5704,9.76,81.0,7149,2119,3389,1179575,0,128,1,-175.5,80.0,994.7,2611656506,3,16108,816,2544.7,2270.2,395,6.81,1,10,19,6738,4,3,2,0
5705,14.89,81.0,7149,2119,3388,1179573,0,128,1,-175.5,80.0,994.7,2611659902,3,16108,816,2544.7,2270.2,395,0.32,1,9,15,5,254,2,2,0
5706,10.05,81.0,7149,2119,3389,1179575,0,128,1,-175.5,80.0,994.7,2611657098,3,16108,816,2544.7,2270.2,395,7.65,1,9,17,7504,4,73,2,0
5707,15.24,81.0,7149,2119,3389,1179575,0,128,1,-175.5,80.0,994.7,2611660594,3,16108,816,2544.7,2270.2,395,0.32,1,9,17,5,256,2,1,0
5708,9.75,81.0,7149,2119,3389,1179575,0,128,1,-175.5,80.0,994.7,2611657690,3,16108,816,2544.7,2270.2,395,7.09,0,9,17,7017,4,3,1,0
5709,15.24,81.0,7149,2119,3388,1179573,0,128,1,-175.5,80.0,994.7,2611661086,3,16108,816,2544.7,2270.2,395,0.33,1,8,16,5,263,2,2,0
5710,9.73,81.0,7149,2119,3389,1179575,0,128,1,-175.5,80.0,994.7,2611658282,3,16108,816,2544.7,2270.2,395,7.51,1,9,15,7375,4,56,6,0
5711,15.90,81.0,7149,2119,3388,1179573,0,128,1,-175.5,80.0,994.7,2611661678,3,16108,816,2544.7,2270.2,395,0.31,1,9,17,6,245,3,1,0
5712,9.29,81.0,7149,2119,3389,1179575,0,128,1,-175.5,80.0,994.7,2611658874,3,16108,816,2544.7,2270.2,395,7.02,1,9,15,6952,4,2,2,0
5713,15.06,81.0,7149,2119,3388,1179573,0,128,1,-175.5,80.0,994.7,2611662270,3,16108,816,2544.7,2270.2,395,0.33,1,10,17,5,259,3,1,0
5714,9.25,81.0,7149,2119,3389,1179575,0,128,1,-175.5,80.0,994.7,2611659466,3,16108,816,2544.7,2270.2,395,7.40,1,9,16,7262,7,64,3,0
5715,14.78,81.0,7149,2119,3388,1179573,0,128,1,-175.5,80.0,994.7,2611662862,3,16108,816,2544.7,2270.2,395,0.31,1,10,16,5,242,2,1,0
5716,9.25,81.0,7149,2119,3389,1179575,0,128,1,-175.5,80.0,994.7,2611660058,3,16108,816,2544.7,2270.2,395,6.94,1,9,16,6877,4,2,2,0
5717,16.09,81.0,7149,2119,3388,1179573,0,128,1,-175.5,80.0,994.7,2611663454,3,16108,816,2544.7,2270.2,395,0.32,2,9,17,5,252,2,2,0
5718,9.23,81.0,7149,2119,3389,1179575,0,128,1,-175.5,80.0,994.7,2611660650,3,16108,816,2544.7,2270.2,395,8.07,1,10,18,8005,0,0,0,0
5719,15.74,81.0,7149,2119,3388,1179573,0,128,1,-175.5,80.0,994.7,2611664046,3,16108,816,2544.7,2270.2,395,0.39,1,11,18,7,302,6,6,0
5720,9.49,81.0,7149,2119,3389,1179575,0,128,1,-175.5,80.0,994.7,2611661242,3,16108,816,2544.7,2270.2,395,7.16,1,10,25,7077,4,3,2,0
5721,15.33,81.0,7149,2119,3388,1179573,0,128,1,-175.5,80.0,994.7,2611664638,3,16108,816,2544.7,2270.2,395,0.33,1,9,16,5,263,2,1,0
5722,9.68,80.0,7149,2119,3389,1179575,0,128,1,-175.5,80.0,994.7,2611661834,3,16108,816,2544.7,2270.2,395,7.06,1,10,16,6927,5,54,2,0
5723,14.46,80.0,7149,2119,3388,1179573,0,128,1,-175.5,80.0,994.7,2611665230,3,16108,816,2544.7,2270.2,395,0.34,0,9,15,5,272,2,1,0
5724,9.63,80.0,7149,2119,3389,1179575,0,128,1,-175.5,80.0,994.7,2611662426,3,16108,816,2544.7,2270.2,395,6.97,1,9,18,6899,7,2,2,0
5725,14.98,80.0,7149,2119,3388,1179573,0,128,1,-175.5,80.0,994.7,2611665822,3,16108,816,2544.7,2270.2,395,0.32,1,9,18,6,248,2,1,0
5726,9.72,80.0,7149,2119,3389,1179575,0,128,1,-175.5,80.0,994.7,2611663018,3,16108,816,2544.7,2270.2,395,7.51,1,15,21,7355,7,59,2,0
5727,15.57,80.0,7149,2119,3388,1179573,0,128,1,-175.5,80.0,994.7,2611663214,3,16108,816,2544.7,2270.2,395,0.37,1,9,21,14,269,3,2,0
5728,9.51,80.0,7149,2119,3389,1179575,0,128,1,-175.5,80.0,994.7,2611663610,3,16108,816,2544.7,2270.2,395,7.30,2,18,20,7193,8,3,2,0
5729,17.19,80.0,7149,2119,3388,1179573,0,128,1,-175.5,80.0,994.7,2611663806,3,16108,816,2544.7,2270.2,395,0.32,1,10,16,6,239,2,1,0
5730,10.20,80.0,7149,2119,3389,1179575,0,128,1,-175.5,80.0,994.7,2611664490,3,16108,816,2544.7,2270.2,395,7.26,1,9,17,7106,7,76,3,0
5731,16.86,80.0,7149,2119,3389,1179575,0,128,1,-175.5,80.0,994.7,2611664498,3,16108,816,2544.7,2270.2,395,0.32,1,10,16,5,247,2,1,0
5732,9.58,80.0,7149,2119,3389,1179575,0,128,1,-175.5,80.0,994.7,2611664794,3,16108,816,2544.7,2270.2,395,7.24,1,11,17,7163,5,2,2,0
5733,15.48,80.0,7149,2119,3388,1179573,0,128,1,-175.5,80.0,994.7,2611664990,3,16108,816,2544.7,2270.2,395,0.35,1,10,16,9,277,2,1,0
5734,9.56,80.0,7149,2119,3389,1179575,0,128,1,-175.5,80.0,994.7,2611665386,3,16108,816,2544.7,2270.2,395,7.16,1,9,16,7037,8,50,1,0
5735,16.61,80.0,7149,2119,3388,1179573,0,128,1,-175.5,80.0,994.7,2611665566,3,16108,816,2544.7,2270.2,395,0.33,1,9,18,6,257,3,1,0
5736,9.73,80.0,7149,2119,3389,1179575,0,128,1,-175.5,80.0,994.7,2611665962,3,16108,816,2544.7,2270.2,395,7.58,2,9,16,7504,8,3,2,0
5737,16.02,80.0,7149,2119,3388,1179573,0,128,1,-175.5,80.0,994.7,2611669342,3,16108,816,2544.7,2270.2,395,0.32,1,10,17,5,248,2,2,0
5738,9.77,80.0,7149,2119,3389,1179575,0,128,1,-175.5,80.0,994.7,2611666554,3,16108,816,2544.7,2270.2,395,7.33,1,12,31,7162,7,76,9,0
5739,15.63,80.0,7149,2119,3388,1179573,0,128,1,-175.5,80.0,994.7,2611666750,3,16108,816,2544.7,2270.2,395,0.34,1,9,16,6,275,2,2,0
5740,9.77,80.0,7149,2119,3389,1179575,0,128,1,-175.5,80.0,994.7,2611667146,3,16108,816,2544.7,2270.2,395,7.01,1,11,18,6926,4,3,3,0
5741,14.32,80.0,7149,2119,3388,1179573,0,128,1,-175.5,80.0,994.7,2611667342,3,16108,816,2544.7,2270.2,395,0.33,1,9,16,5,254,4,2,0
5742,9.74,80.0,7149,2119,3389,1179575,0,128,1,-175.5,80.0,994.7,2611667738,3,16108,816,2544.7,2270.2,395,7.18,1,9,16,7052,5,59,3,0
5743,15.17,80.0,7149,2119,3388,1179573,0,128,1,-175.5,80.0,994.7,2611671118,3,16108,816,2544.7,2270.2,395,0.34,1,9,16,5,272,2,2,0
5744,9.59,80.0,7149,2119,3389,1179575,0,128,1,-175.5,80.0,994.7,2611668330,3,16108,816,2544.7,2270.2,395,7.22,2,10,30,7127,5,2,3,0
5745,14.52,80.0,7149,2119,3388,1179573,0,128,1,-175.5,80.0,994.7,2611671710,3,16108,816,2544.7,2270.2,395,0.34,1,14,19,5,261,2,1,0
5746,9.57,80.0,7149,2119,3389,1179575,0,128,1,-175.5,80.0,994.7,2611668938,3,16108,816,2544.7,2270.2,395,7.08,1,11,17,6951,4,51,2,0
5747,15.10,80.0,7149,2119,3388,1179573,0,128,1,-175.5,80.0,994.7,2611669134,3,16108,816,2544.7,2270.2,395,0.33,1,9,17,6,256,3,1,0
5748,9.63,80.0,7149,2119,3389,1179575,0,128,1,-175.5,80.0,994.7,2611669514,3,16108,816,2544.7,2270.2,395,7.29,1,9,16,7215,7,3,2,0
5749,14.29,80.0,7149,2119,3388,1179573,0,128,1,-175.5,80.0,994.7,2611669710,3,16108,816,2544.7,2270.2,395,0.33,1,10,16,5,264,2,1,0
5750,9.59,80.0,7149,2119,3389,1179575,0,128,1,-175.5,80.0,994.7,2611673290,3,16108,816,2544.7,2270.2,395,7.03,1,8,16,6916,3,49,2,0
5751,14.77,80.0,7149,2119,3388,1179573,0,128,1,-175.5,80.0,994.7,2611670318,3,16108,816,2544.7,2270.2,395,0.33,1,8,17,5,262,3,1,0
5752,9.57,80.0,7149,2119,3389,1179575,0,128,1,-175.5,80.0,994.7,2611670698,3,16108,816,2544.7,2270.2,395,7.28,1,10,17,7202,6,2,2,0
5753,14.67,80.0,7149,2119,3388,1179573,0,128,1,-175.5,80.0,994.7,2611674078,3,16108,816,2544.7,2270.2,395,0.34,1,9,20,9,257,2,1,0
5754,9.53,80.0,7149,2119,3389,1179575,0,128,1,-175.5,80.0,994.7,2611671306,3,16108,816,2544.7,2270.2,395,6.93,1,12,19,6805,4,51,2,0
5755,15.27,80.0,7149,2119,3388,1179573,0,128,1,-175.5,80.0,994.7,2611671486,3,16108,816,2544.7,2270.2,395,0.32,1,9,16,6,254,3,2,0
5756,9.59,80.0,7149,2119,3389,1179575,0,128,1,-175.5,80.0,994.7,2611671882,3,16108,816,2544.7,2270.2,395,7.24,1,9,17,7167,6,2,3,0
5757,15.18,80.0,7149,2119,3388,1179573,0,128,1,-175.5,80.0,994.7,2611672078,3,16108,816,2544.7,2270.2,395,0.36,0,9,37,8,273,3,1,0
5758,9.51,80.0,7149,2119,3389,1179575,0,128,1,-175.5,80.0,994.7,2611672474,3,16108,816,2544.7,2270.2,395,7.08,1,9,17,6950,7,59,2,0
5759,14.78,80.0,7149,2119,3388,1179573,0,128,1,-175.5,80.0,994.7,2611672670,3,16108,816,2544.7,2270.2,395,0.37,1,16,26,6,282,2,1,0
5760,9.86,80.0,7149,2119,3389,1179575,0,128,1,-175.5,80.0,994.7,2611673354,3,16108,816,2544.7,2270.2,395,7.13,1,10,17,7048,6,2,3,0
5761,15.77,80.0,7149,2119,3388,1179573,0,128,1,-175.5,80.0,994.7,2611673262,3,16108,816,2544.7,2270.2,395,0.32,2,9,17,6,254,2,1,0
5762,9.57,80.0,7149,2119,3389,1179575,0,128,1,-175.5,80.0,994.7,2611673658,3,16108,816,2544.7,2270.2,395,7.00,1,9,31,6861,5,55,2,0
5763,14.97,80.0,7149,2119,3388,1179573,0,128,1,-175.5,80.0,994.7,2611673854,3,16108,816,2544.7,2270.2,395,0.34,1,29,17,6,251,2,2,0
5764,9.51,80.0,7149,2119,3389,1179575,0,128,1,-175.5,80.0,994.7,2611674250,3,16108,816,2544.7,2270.2,395,7.30,2,10,16,7221,5,2,3,0
5765,14.61,80.0,7149,2119,3388,1179573,0,128,1,-175.5,80.0,994.7,2611674446,3,16108,816,2544.7,2270.2,395,0.32,1,9,16,5,250,2,1,0
5766,9.55,80.0,7149,2119,3389,1179575,0,128,1,-175.5,80.0,994.7,2611674842,3,16108,816,2544.7,2270.2,395,7.18,1,9,17,7068,4,50,2,0
5767,15.00,80.0,7149,2119,3388,1179573,0,128,1,-175.5,80.0,994.7,2611675038,3,16108,816,2544.7,2270.2,395,0.36,1,9,16,5,292,2,1,0
5768,9.53,80.0,7149,2119,3389,1179575,0,128,1,-175.5,80.0,994.7,2611675434,3,16108,816,2544.7,2270.2,395,7.69,1,9,16,7611,8,2,2,0
5769,15.59,80.0,7149,2119,3388,1179573,0,128,1,-175.5,80.0,994.7,2611675630,3,16108,816,2544.7,2270.2,395,0.35,1,9,16,5,287,2,1,0
5770,9.09,80.0,7149,2119,3389,1179575,0,128,1,-175.5,80.0,994.7,2611676026,3,16108,816,2544.7,2270.2,395,7.03,1,9,16,6910,3,49,2,0
5771,15.37,80.0,7149,2119,3388,1179573,0,128,1,-175.5,80.0,994.7,2611676222,3,16108,816,2544.7,2270.2,395,0.35,2,18,28,5,254,2,2,0
5772,9.02,80.0,7149,2119,3389,1179575,0,128,1,-175.5,80.0,994.7,2611676618,3,16108,816,2544.7,2270.2,395,7.45,1,9,16,7371,10,2,2,0
5773,14.93,80.0,7149,2119,3388,1179573,0,128,1,-175.5,80.0,994.7,2611676814,3,16108,816,2544.7,2270.2,395,0.31,1,9,15,8,241,2,1,0
5774,9.08,80.0,7149,2119,3389,1179575,0,128,1,-175.5,80.0,994.7,2611677210,3,16108,816,2544.7,2270.2,395,6.97,0,9,17,6850,4,53,2,0
5775,15.27,80.0,7149,2119,3388,1179573,0,128,1,-175.5,80.0,994.7,2611677406,3,16108,816,2544.7,2270.2,395,0.31,1,9,16,5,241,2,2,0
5776,9.17,80.0,7149,2119,3389,1179575,0,128,1,-175.5,80.0,994.7,2611677802,3,16108,816,2544.7,2270.2,395,7.41,3,11,24,7309,6,2,1,0
5777,14.90,80.0,7149,2119,3388,1179573,0,128,1,-175.5,80.0,994.7,2611677998,3,16108,816,2544.7,2270.2,395,0.31,0,9,17,5,240,2,1,0
5778,9.06,80.0,7149,2119,3389,1179575,0,128,1,-175.5,80.0,994.7,2611678394,3,16108,816,2544.7,2270.2,395,7.28,1,9,16,7158,6,54,2,0
5779,15.21,80.0,7149,2119,3388,1179573,0,128,1,-175.5,80.0,994.7,2611678590,3,16108,816,2544.7,2270.2,395,0.33,1,10,17,5,261,2,2,0
5780,9.09,80.0,7149,2119,3389,1179575,0,128,1,-175.5,80.0,994.7,2611678986,3,16108,816,2544.7,2270.2,395,7.14,1,10,16,7064,5,2,2,0
5781,14.85,80.0,7149,2119,3388,1179573,0,128,1,-175.5,80.0,994.7,2611679182,3,16108,816,2544.7,2270.2,395,0.33,1,11,21,7,256,2,1,0
5782,9.07,80.0,7149,2119,3389,1179575,0,128,1,-175.5,80.0,994.7,2611679578,3,16108,816,2544.7,2270.2,395,7.20,1,10,17,7079,4,48,2,0
5783,15.58,80.0,7149,2119,3388,1179573,0,128,1,-175.5,80.0,994.7,2611679774,3,16108,816,2544.7,2270.2,395,0.34,1,10,16,5,267,2,1,0
5784,9.06,80.0,7149,2119,3389,1179575,0,128,1,-175.5,80.0,994.7,2611680170,3,16108,816,2544.7,2270.2,395,7.50,1,9,17,7423,4,3,2,0
5785,15.31,80.0,7149,2119,3388,1179573,0,128,1,-175.5,80.0,994.7,2611680366,3,16108,816,2544.7,2270.2,395,0.32,1,9,16,5,252,2,1,0
5786,8.75,80.0,7149,2119,3389,1179575,0,128,1,-175.5,80.0,994.7,2611680762,3,16108,816,2544.7,2270.2,395,6.76,1,10,15,6636,4,52,5,0
5787,15.20,80.0,7149,2119,3388,1179573,0,128,1,-175.5,80.0,994.7,2611680958,3,16108,816,2544.7,2270.2,395,0.32,1,10,18,6,250,2,2,0
5788,8.71,80.0,7149,2119,3389,1179575,0,128,1,-175.5,80.0,994.7,2611681354,3,16108,816,2544.7,2270.2,395,7.46,1,10,18,7365,7,3,2,0
5789,15.36,80.0,7149,2119,3388,1179573,0,128,1,-175.5,80.0,994.7,2611681550,3,16108,816,2544.7,2270.2,395,0.35,1,10,15,13,280,2,1,0
5790,9.82,80.0,7149,2119,3389,1179575,0,128,1,-175.5,80.0,994.7,2611682234,3,16108,816,2544.7,2270.2,395,6.88,1,9,16,6753,4,49,2,0
5791,16.18,80.0,7149,2119,3388,1179573,0,128,1,-175.5,80.0,994.7,2611682142,3,16108,816,2544.7,2270.2,395,0.33,1,9,16,11,253,2,1,0
5792,8.73,80.0,7149,2119,3389,1179575,0,128,1,-175.5,80.0,994.7,2611682538,3,16108,816,2544.7,2270.2,395,7.75,1,10,30,7657,7,2,2,0
5793,14.96,80.0,7149,2119,3388,1179573,0,128,1,-175.5,80.0,994.7,2611682734,3,16108,816,2544.7,2270.2,395,0.31,1,10,17,6,240,3,1,0
5794,9.35,80.0,7149,2119,3389,1179575,0,128,1,-175.5,80.0,994.7,2611683130,3,16108,816,2544.7,2270.2,395,7.90,1,10,16,7781,4,51,2,0
5795,16.50,80.0,7149,2119,3388,1179573,0,128,1,-175.5,80.0,994.7,2611683326,3,16108,816,2544.7,2270.2,395,0.34,1,9,17,6,265,2,2,0
5796,9.34,80.0,7149,2119,3389,1179575,0,128,1,-175.5,80.0,994.7,2611683722,3,16108,816,2544.7,2270.2,395,7.25,1,9,16,7176,7,2,2,0
5797,15.46,80.0,7149,2119,3388,1179573,0,128,1,-175.5,80.0,994.7,2611687102,3,16108,816,2544.7,2270.2,395,0.32,2,9,15,5,256,2,1,0
5798,9.22,80.0,7149,2119,3389,1179575,0,128,1,-175.5,80.0,994.7,2611687498,3,16108,816,2544.7,2270.2,395,7.08,1,9,16,6956,6,52,2,0
5799,14.85,80.0,7149,2119,3388,1179573,0,128,1,-175.5,80.0,994.7,2611687694,3,16108,816,2544.7,2270.2,395,0.35,1,9,17,6,279,3,1,0
5800,9.50,80.0,7149,2119,3389,1179575,0,128,1,-175.5,80.0,994.7,2611684954,3,16108,816,2544.7,2270.2,395,7.38,1,10,17,7299,8,2,2,0
5801,15.95,80.0,7149,2119,3388,1179573,0,128,1,-175.5,80.0,994.7,2611688366,3,16108,816,2544.7,2270.2,395,0.34,0,9,16,5,273,2,2,0
5802,9.00,80.0,7149,2119,3389,1179575,0,128,1,-175.5,80.0,994.7,2611685546,3,16108,816,2544.7,2270.2,395,7.24,1,10,16,7129,4,49,2,0
5803,16.45,80.0,7149,2119,3386,1179569,0,128,1,-175.5,80.0,994.7,2611688766,4,16108,816,2544.7,2270.2,395,0.31,1,8,15,4,244,3,1,0
5804,9.03,80.0,7149,2125,3392,1179631,0,128,1,-175.5,80.0,994.7,2611685634,4,16108,816,2544.7,2270.2,395,7.49,2,16,23,7406,4,2,2,0
5805,15.46,80.0,7149,2134,3397,1184777,0,128,1,-175.5,80.0,994.7,2611689046,4,16108,816,2544.7,2270.2,395,0.34,1,9,15,5,272,2,1,0
5806,8.98,80.0,7149,2138,3398,1184779,0,128,1,-175.5,80.0,994.7,2611686226,4,16108,816,2544.7,2270.2,395,7.10,0,10,16,6986,4,51,3,0
5807,17.13,80.0,7149,2138,3397,1184777,0,128,1,-175.5,80.0,994.7,2611689638,4,16108,816,2544.7,2270.2,395,0.33,1,9,16,5,253,5,2,0
5808,8.75,80.0,7149,2142,3398,1184779,0,128,1,-175.5,80.0,994.7,2611686818,4,16108,816,2544.7,2270.2,395,7.41,2,9,16,7340,6,2,3,0
5809,14.80,80.0,7149,2133,3393,1184345,0,128,1,-175.5,80.0,994.7,2611690230,4,16108,816,2544.7,2270.2,395,0.32,1,10,16,4,251,2,2,0
5810,8.87,80.0,7149,2137,3396,1175563,0,128,1,-175.5,80.0,994.7,2611687410,4,16108,816,2544.7,2270.2,395,7.13,1,10,17,7012,3,50,2,0
5811,16.40,80.0,7149,2148,3413,1176013,0,128,1,-175.5,80.0,994.7,2611690822,4,16108,816,2544.7,2270.2,395,0.32,1,10,16,5,248,2,1,0
5812,8.86,80.0,7149,2365,3642,1227103,0,128,1,-175.5,80.0,994.7,2611688002,4,16108,816,2544.7,2270.2,395,7.48,1,9,16,7395,6,2,2,0
5813,15.58,80.0,7149,2371,3674,1225421,0,128,1,-175.5,80.0,994.7,2611691414,4,16108,816,2544.7,2270.2,395,0.33,1,9,16,5,265,2,2,0
5814,8.86,80.0,7149,2379,3715,1228047,0,128,1,-175.5,80.0,994.7,2611688594,4,16108,816,2544.7,2270.2,395,7.15,1,8,15,7036,3,48,2,0
5815,16.19,80.0,7149,2384,3719,1228585,0,128,1,-175.5,80.0,994.7,2611692006,4,16108,816,2544.7,2270.2,395,0.33,1,9,17,5,256,2,1,0
5816,8.85,80.0,7149,2409,3739,1229712,0,128,1,-175.5,80.0,994.7,2611689186,4,16108,816,2544.7,2270.2,395,7.14,1,10,17,7064,5,2,2,0
5817,15.41,80.0,7149,2436,3763,1235232,0,128,1,-175.5,80.0,994.7,2611692598,4,16108,816,2544.7,2270.2,395,0.35,1,9,16,9,280,3,1,0
5818,9.14,80.0,7149,2433,3762,1234466,0,128,1,-175.5,80.0,994.7,2611689778,4,16108,816,2544.7,2270.2,395,7.08,1,10,16,6963,4,47,2,0
5819,16.41,80.0,7149,2436,3760,1233664,0,128,1,-175.5,80.0,994.7,2611693190,4,16108,816,2544.7,2270.2,395,0.32,1,10,17,6,247,2,2,0
5820,11.01,80.0,7149,2452,3799,1235168,0,128,1,-175.5,80.0,994.7,2611690730,4,16108,816,2544.7,2270.2,395,7.37,1,11,29,7272,7,3,2,0
5821,17.34,80.0,7149,2468,3842,1241531,0,128,1,-175.5,80.0,994.7,2611693882,4,16108,816,2544.7,2270.2,395,0.33,1,9,16,6,262,2,1,0
5822,9.07,80.0,7149,2483,3889,1243399,0,128,1,-175.5,80.0,994.7,2611690962,4,16108,816,2544.7,2270.2,395,7.54,1,8,16,7405,7,63,3,0
5823,16.32,80.0,7149,2486,3904,1244061,0,128,1,-175.5,80.0,994.7,2611694374,4,16108,816,2544.7,2270.2,395,0.31,1,10,15,5,246,2,1,0
5824,9.14,80.0,7149,2483,3930,1245143,0,128,1,-175.5,80.0,994.7,2611691554,4,16108,816,2544.7,2270.2,395,7.23,1,9,16,7155,4,2,2,0
5825,15.98,80.0,7149,2506,3965,1256905,0,128,1,-175.5,80.0,994.7,2611694966,4,16108,816,2544.7,2270.2,395,0.34,1,10,16,5,268,5,3,0
5826,9.73,80.0,7149,2515,3987,1257631,0,128,1,-175.5,80.0,994.7,2611692146,4,16108,816,2544.7,2270.2,395,7.36,2,10,16,7227,4,55,2,0
5827,15.40,80.0,7149,2531,4009,1260071,0,128,1,-175.5,80.0,994.7,2611692342,4,16108,816,2544.7,2270.2,395,0.35,1,11,32,5,270,2,1,0
5828,9.76,80.0,7149,2802,4313,1333365,0,128,1,-175.5,80.0,994.7,2611692738,4,16108,816,2544.7,2270.2,395,7.16,1,9,15,7082,4,2,2,0
5829,22.50,80.0,7149,2807,4333,1334087,0,128,1,-175.5,80.0,994.7,2611692934,4,16108,816,2544.7,2270.2,395,0.34,1,10,16,5,260,2,2,0
5830,11.18,80.0,7149,2813,4355,1335773,0,128,1,-175.5,80.0,994.7,2611693330,4,16108,816,2544.7,2270.2,395,7.03,1,10,16,6894,4,56,2,0
5831,16.19,80.0,7149,2822,4364,1336896,0,128,1,-175.5,80.0,994.7,2611693626,4,16108,816,2544.7,2270.2,395,0.36,1,14,23,6,284,2,2,0
5832,9.84,80.0,7149,2822,4364,1336896,0,128,1,-175.5,80.0,994.7,2611693922,4,16108,816,2544.7,2270.2,395,7.29,1,14,21,7179,17,2,2,0
5833,16.10,80.0,7149,2821,4368,1336898,0,128,1,-175.5,80.0,994.7,2611694118,4,16108,816,2544.7,2270.2,395,0.34,1,10,17,6,268,2,2,0
5834,10.18,80.0,7149,2826,4410,1338720,0,128,1,-175.5,80.0,994.7,2611694514,4,16108,816,2544.7,2270.2,395,8.06,1,10,17,7997,0,0,0,0
5835,17.74,80.0,7149,2830,4432,1339508,0,128,1,-175.5,80.0,994.7,2611694810,4,16108,816,2544.7,2270.2,395,0.31,2,10,16,5,244,1,1,0
5836,11.86,80.0,7149,2838,4449,1340543,0,128,1,-175.5,80.0,994.7,2611695090,4,16108,816,2544.7,2270.2,395,7.06,1,11,17,6975,5,2,2,0
5837,16.16,80.0,7149,2849,4464,1336205,0,128,1,-175.5,80.0,994.7,2611695386,4,16108,816,2544.7,2270.2,395,0.35,1,9,16,5,269,2,2,0
5838,10.17,80.0,7149,2857,4502,1337101,0,128,1,-175.5,80.0,994.7,2611695682,4,16108,816,2544.7,2270.2,395,7.45,1,11,16,7320,6,59,2,0
5839,20.49,80.0,7149,2857,4511,1337503,0,128,1,-175.5,80.0,994.7,2611695978,4,16108,816,2544.7,2270.2,395,0.38,2,13,18,5,300,3,2,0
5840,10.29,80.0,7149,2876,4556,1339393,0,128,1,-175.5,80.0,994.7,2611696274,4,16108,816,2544.7,2270.2,395,7.17,1,9,16,7095,4,2,2,0
5841,15.65,80.0,7149,2876,4556,1339393,0,128,1,-175.5,80.0,994.7,2611699770,4,16108,816,2544.7,2270.2,395,0.31,1,8,16,5,241,2,1,0
5842,10.58,80.0,7149,2859,4541,1338133,0,128,1,-175.5,80.0,994.7,2611696866,4,16108,816,2544.7,2270.2,395,7.01,2,10,17,6893,4,49,1,0
5843,15.98,80.0,7149,2869,4592,1352781,0,128,1,-175.5,80.0,994.7,2611701366,4,16108,816,2544.7,2270.2,395,0.33,1,10,17,6,260,2,2,0
5844,10.77,80.0,7149,2865,4586,1343133,0,128,1,-175.5,80.0,994.7,2611698462,4,16108,816,2544.7,2270.2,395,7.43,1,10,17,7353,7,3,2,0
5845,18.11,80.0,7149,2880,4618,1346942,0,128,1,-175.5,80.0,994.7,2611702962,4,16108,816,2544.7,2270.2,395,0.33,1,9,16,7,264,2,1,0
5846,10.52,80.0,7149,2878,4633,1349158,0,128,1,-175.5,80.0,994.7,2611700058,4,16108,816,2544.7,2270.2,395,7.59,1,10,17,7452,6,58,2,0
5847,16.80,80.0,7149,2888,4643,1349528,0,128,1,-175.5,80.0,994.7,2611700354,4,16108,816,2544.7,2270.2,395,0.33,1,9,15,5,264,2,2,0
5848,10.57,80.0,7149,2887,4617,1348728,0,128,1,-175.5,80.0,994.7,2611700650,4,16108,816,2544.7,2270.2,395,6.95,1,9,17,6874,4,2,2,0
5849,16.14,80.0,7149,2892,4620,1348624,0,128,1,-175.5,80.0,994.7,2611701950,4,16108,816,2544.7,2270.2,395,0.31,1,10,16,6,237,2,2,0
5850,11.83,80.0,7149,2912,4641,1373064,0,128,1,-175.5,80.0,994.7,2611702918,4,16108,816,2544.7,2270.2,395,7.77,1,9,16,7630,4,76,2,0
5851,19.52,80.0,7149,2907,4620,1371604,0,128,1,-175.5,80.0,994.7,2611702526,4,16108,816,2544.7,2270.2,395,0.32,1,9,17,5,251,3,1,0
5852,10.54,80.0,7149,2937,4649,1366208,0,128,1,-175.5,80.0,994.7,2611703826,4,16108,816,2544.7,2270.2,395,7.63,1,17,17,7544,7,3,2,0
5853,16.87,80.0,7149,2942,4654,1368056,0,128,1,-175.5,80.0,994.7,2611704122,4,16108,816,2544.7,2270.2,395,0.37,1,12,18,5,283,2,2,0
5854,11.28,80.0,7149,2942,4655,1372664,0,128,1,-175.5,80.0,994.7,2611704418,4,16108,816,2544.7,2270.2,395,7.21,1,9,15,7084,5,57,3,0
5855,16.03,80.0,7149,2945,4639,1372016,0,128,1,-175.5,80.0,994.7,2611704714,4,16108,816,2544.7,2270.2,395,0.40,3,23,17,5,302,2,2,0
5856,11.28,80.0,7149,2957,4652,1377016,0,128,1,-175.5,80.0,994.7,2611706014,4,16108,816,2544.7,2270.2,395,7.39,1,9,26,7301,7,3,2,0
5857,16.83,80.0,7149,2960,4691,1379556,0,128,1,-175.5,80.0,994.7,2611706310,4,16108,816,2544.7,2270.2,395,0.31,1,9,16,6,241,2,1,0
5858,11.63,80.0,7149,2953,4707,1379784,0,128,1,-175.5,80.0,994.7,2611706590,4,16108,816,2544.7,2270.2,395,7.16,1,10,17,7024,7,56,2,0
5859,17.90,80.0,7149,2957,4707,1379784,0,128,1,-175.5,80.0,994.7,2611710070,4,16108,816,2544.7,2270.2,395,0.31,1,9,16,5,240,3,1,0
5860,11.23,80.0,7149,2965,4716,1381944,0,128,1,-175.5,80.0,994.7,2611707182,4,16108,816,2544.7,2270.2,395,7.47,1,9,16,7399,7,3,2,0
5861,16.37,80.0,7149,3000,4751,1383224,0,128,1,-175.5,80.0,994.7,2611710662,4,16108,816,2544.7,2270.2,395,0.35,1,10,18,6,285,2,2,0
5862,10.63,80.0,7149,3003,4788,1410112,0,128,1,-175.5,80.0,994.7,2611707774,4,16108,816,2544.7,2270.2,395,7.28,1,10,17,7161,4,52,2,0
5863,16.91,80.0,7149,2997,4782,1407087,0,128,1,-175.5,80.0,994.7,2611708070,4,16108,816,2544.7,2270.2,395,0.37,1,9,16,9,283,2,1,0
5864,10.51,80.0,7149,2997,4784,1406191,0,128,1,-175.5,80.0,994.7,2611709370,4,16108,816,2544.7,2270.2,395,7.16,2,12,16,7086,4,3,2,0
5865,18.07,80.0,7149,3026,4812,1409755,0,128,1,-175.5,80.0,994.7,2611709666,4,16108,816,2544.7,2270.2,395,0.36,1,9,17,5,287,2,1,0
5866,10.49,80.0,7149,3020,4808,1409419,0,128,1,-175.5,80.0,994.7,2611709946,4,16108,816,2544.7,2270.2,395,7.44,1,9,16,7317,5,52,1,0
5867,16.97,80.0,7149,3022,4820,1409363,0,128,1,-175.5,80.0,994.7,2611710242,4,16108,816,2544.7,2270.2,395,0.44,1,9,20,7,355,5,4,0
5868,11.58,80.0,7149,3022,4794,1411249,0,128,1,-175.5,80.0,994.7,2611710538,4,16108,816,2544.7,2270.2,395,7.34,1,9,16,7259,7,2,3,0
5869,17.11,80.0,7149,2968,4733,1461118,0,128,1,-175.5,80.0,994.7,2611711838,4,16108,816,2544.7,2270.2,395,0.33,1,9,16,5,262,2,1,0
5870,11.14,80.0,7149,2976,4741,1475126,0,128,1,-175.5,80.0,994.7,2611713138,4,16108,816,2544.7,2270.2,395,7.05,2,10,17,6924,5,55,2,0
5871,18.10,80.0,7149,2975,4740,1474952,0,128,1,-175.5,80.0,994.7,2611713434,4,16108,816,2544.7,2270.2,395,0.35,1,9,17,6,283,2,1,0
5872,11.15,80.0,7149,3043,4808,1487100,0,128,1,-175.5,80.0,994.7,2611713714,4,16108,816,2544.7,2270.2,395,7.16,1,10,16,7089,5,3,3,0
5873,17.53,80.0,7149,3035,4797,1485079,0,128,1,-175.5,80.0,994.7,2611717178,4,16108,816,2544.7,2270.2,395,0.32,0,10,16,5,250,2,1,0
5874,11.17,80.0,7149,3033,4795,1484887,0,128,1,-175.5,80.0,994.7,2611715310,4,16108,816,2544.7,2270.2,395,8.06,1,10,18,7986,0,0,0,0
5875,18.11,80.0,7149,3025,4787,1484907,0,128,1,-175.5,80.0,994.7,2611715606,4,16108,816,2544.7,2270.2,395,0.53,2,23,32,11,384,3,3,0
5876,20.27,74.0,7149,3020,4775,1484605,0,128,1,-175.5,80.0,994.7,2611716906,4,16108,816,2544.7,2270.2,395,7.63,1,11,17,7555,8,2,2,0
5877,17.84,74.0,7149,3010,4737,1493357,0,128,1,-175.5,80.0,994.7,2611718190,4,16108,816,2544.7,2270.2,395,0.32,1,13,20,6,243,2,2,0
5878,11.11,74.0,7149,2986,4709,1490352,0,128,1,-175.5,80.0,994.7,2611719490,4,16108,816,2544.7,2270.2,395,7.13,1,13,22,6984,4,55,2,0
5879,18.58,74.0,7149,2973,4696,1489494,0,128,1,-175.5,80.0,994.7,2611720790,4,16108,816,2544.7,2270.2,395,0.32,1,11,17,6,242,2,1,0
5880,13.22,74.0,7149,2963,4684,1488186,0,128,1,-175.5,80.0,994.7,2611722434,4,16108,816,2544.7,2270.2,395,8.01,1,10,17,7936,7,0,0,0
5881,19.58,74.0,7149,2962,4684,1492940,0,128,1,-175.5,80.0,994.7,2611726526,4,16108,816,2544.7,2270.2,395,0.37,2,11,18,6,290,2,2,0
5882,11.94,74.0,7149,2961,4680,1507686,0,128,1,-175.5,80.0,994.7,2611723670,4,16108,816,2544.7,2270.2,395,7.44,1,8,17,7307,7,58,2,0
5883,16.76,74.0,7149,3055,4770,1573588,0,128,1,-175.5,80.0,994.7,2611727118,4,16108,816,2544.7,2270.2,395,0.33,1,9,16,5,257,2,1,0
5884,11.98,74.0,7149,3082,4795,1601068,0,128,1,-175.5,80.0,994.7,2611724262,4,16108,816,2544.7,2270.2,395,7.25,1,10,17,7174,7,3,2,0
5885,17.18,74.0,7149,3084,4799,1612562,0,128,1,-175.5,80.0,994.7,2611724558,4,16108,816,2544.7,2270.2,395,0.34,1,9,15,5,274,2,2,0
5886,11.90,74.0,7149,3088,4803,1612492,0,128,1,-175.5,80.0,994.7,2611724854,4,16108,816,2544.7,2270.2,395,7.07,1,9,16,6947,3,57,2,0
5887,17.04,74.0,7149,3084,4795,1609547,0,128,1,-175.5,80.0,994.7,2611725150,4,16108,816,2544.7,2270.2,395,0.34,1,10,17,13,258,2,1,0
5888,12.36,74.0,7149,3412,5127,1658880,0,128,1,-175.5,80.0,994.7,2611925910,4,16108,816,2544.7,2270.2,395,6.92,1,9,17,6838,10,4,4,0
5889,17.19,74.0,7149,3416,5135,1658883,0,128,1,-175.5,80.0,994.7,2611926190,4,16108,816,2544.7,2270.2,395,0.36,1,10,17,5,294,3,1,0
5890,11.86,74.0,7149,4357,6076,1842365,0,128,1,-175.5,80.0,994.7,2611926486,4,16108,816,2544.7,2270.2,395,7.11,1,10,16,6983,5,56,2,0
5891,19.42,74.0,7149,4350,6069,1840295,0,128,1,-175.5,80.0,994.7,2611926782,4,16108,816,2544.7,2270.2,395,0.32,1,9,17,5,250,2,2,0
5892,11.70,74.0,7149,4350,6069,1840295,0,128,1,-175.5,80.0,994.7,2611928082,4,16108,816,2544.7,2270.2,395,7.18,1,9,16,7109,4,3,2,0
5893,19.56,74.0,7149,4693,6412,1858828,0,128,1,-175.5,80.0,994.7,2611928690,4,16108,816,2544.7,2270.2,395,0.32,1,9,16,5,246,3,1,0
5894,12.01,74.0,7149,4693,6401,1857471,0,128,1,-175.5,80.0,994.7,2611928658,4,16108,816,2544.7,2270.2,395,7.49,1,11,16,7351,6,60,2,0
5895,19.63,74.0,7149,4691,6399,1857311,0,128,1,-175.5,80.0,994.7,2611929958,4,16108,816,2544.7,2270.2,395,0.35,1,11,17,6,273,3,2,0
5896,12.01,74.0,7149,4693,6409,1857935,0,128,1,-175.5,80.0,994.7,2611930254,4,16108,816,2544.7,2270.2,395,7.38,1,10,16,7308,5,2,1,0
5897,19.36,74.0,7149,4693,6409,1857935,0,128,1,-175.5,80.0,994.7,2611930550,4,16108,816,2544.7,2270.2,395,0.33,1,9,17,5,260,3,1,0
5898,12.48,74.0,7149,4720,6421,1875506,0,128,1,-175.5,80.0,994.7,2611930830,4,16108,816,2544.7,2270.2,395,7.33,1,10,16,7195,6,60,2,0
5899,18.98,74.0,7149,4708,6393,1874284,0,128,1,-175.5,80.0,994.7,2611931126,4,16108,816,2544.7,2270.2,395,0.31,1,9,15,5,244,1,1,0
5900,12.99,74.0,7149,4732,6414,1877440,0,128,1,-175.5,80.0,994.7,2611932410,4,16108,816,2544.7,2270.2,395,7.55,1,10,16,7466,6,3,3,0
5901,19.46,74.0,7149,4727,6409,1876077,0,128,1,-175.5,80.0,994.7,2611935826,4,16108,816,2544.7,2270.2,395,0.33,1,10,16,5,263,3,1,0
5902,12.87,74.0,7149,4728,6415,1872513,0,128,1,-175.5,80.0,994.7,2611933002,4,16108,816,2544.7,2270.2,395,7.42,1,9,16,7287,7,64,2,0
5903,18.89,74.0,7149,4731,6417,1876525,0,128,1,-175.5,80.0,994.7,2611933298,4,16108,816,2544.7,2270.2,395,0.36,0,10,17,5,286,2,2,0
5904,13.77,74.0,7149,4634,6310,1868686,0,128,1,-175.5,80.0,994.7,2611933578,4,16108,816,2544.7,2270.2,395,7.30,1,8,16,7220,7,3,3,0
5905,19.28,74.0,7149,4648,6313,1879858,0,128,1,-175.5,80.0,994.7,2611934878,4,16108,816,2544.7,2270.2,395,0.32,1,10,16,5,245,2,1,0
5906,12.69,74.0,7149,4639,6308,1883802,0,128,1,-175.5,80.0,994.7,2611935174,4,16108,816,2544.7,2270.2,395,7.25,1,10,16,7114,6,60,3,0
5907,19.39,74.0,7149,4556,6213,1861556,0,128,1,-175.5,80.0,994.7,2611935470,4,16108,816,2544.7,2270.2,395,0.32,2,10,18,5,250,2,1,0
5908,12.78,74.0,7149,4551,6192,1874142,0,128,1,-175.5,80.0,994.7,2611936754,4,16108,816,2544.7,2270.2,395,7.18,1,9,16,7108,5,2,2,0
5909,19.73,74.0,7149,4531,6163,1871148,0,128,1,-175.5,80.0,994.7,2611938054,4,16108,816,2544.7,2270.2,395,0.32,1,11,16,6,251,2,2,0
5910,16.18,74.0,7149,4527,6166,1869650,0,128,1,-175.5,80.0,994.7,2611939770,4,16108,816,2544.7,2270.2,395,7.29,1,10,16,7159,5,57,2,0
5911,19.72,74.0,7149,4509,6156,1859928,0,128,1,-175.5,80.0,994.7,2611939634,4,16108,816,2544.7,2270.2,395,0.32,1,9,17,6,247,3,1,0
5912,12.85,74.0,7149,4505,6118,1862939,0,128,1,-175.5,80.0,994.7,2611940918,4,16108,816,2544.7,2270.2,395,7.17,1,10,15,7093,6,2,2,0
5913,19.35,74.0,7149,4500,6096,1861635,0,128,1,-175.5,80.0,994.7,2611945306,4,16108,816,2544.7,2270.2,395,0.34,1,9,15,5,274,2,2,0
5914,13.47,74.0,7149,4493,6058,1858051,0,128,1,-175.5,80.0,994.7,2611943518,4,16108,816,2544.7,2270.2,395,7.48,1,10,17,7335,7,73,2,0
5915,18.94,74.0,7149,4474,6030,1856672,0,128,1,-175.5,80.0,994.7,2611944818,4,16108,816,2544.7,2270.2,395,0.31,1,10,16,5,243,2,1,0
5916,13.84,74.0,7149,4465,6014,1853091,0,128,1,-175.5,80.0,994.7,2611946102,4,16108,816,2544.7,2270.2,395,7.64,1,9,16,7566,8,3,3,0
5917,19.85,74.0,7149,4465,6014,1845163,0,128,1,-175.5,80.0,994.7,2611951946,4,16108,816,2544.7,2270.2,395,0.31,1,9,16,5,240,2,2,0
5918,13.34,74.0,7149,4425,5952,1799827,0,128,1,-175.5,80.0,994.7,2611952226,4,16108,816,2544.7,2270.2,395,7.22,1,10,16,7095,5,57,2,0
5919,20.31,74.0,7149,4594,6112,1814505,0,128,1,-175.5,80.0,994.7,2611956598,4,16108,816,2544.7,2270.2,395,0.36,1,14,19,7,272,3,2,0
5920,13.28,74.0,7149,4593,6137,1833187,0,128,1,-175.5,80.0,994.7,2611953822,4,16108,816,2544.7,2270.2,395,7.26,1,9,16,7190,4,2,2,0
5921,19.88,74.0,7149,4647,6210,1880928,0,128,1,-175.5,80.0,994.7,2611957526,4,16108,816,2544.7,2270.2,395,0.34,2,10,17,5,270,2,1,0
5922,13.37,74.0,7149,4676,6259,1888686,0,128,1,-175.5,80.0,994.7,2611957806,4,16108,816,2544.7,2270.2,395,7.72,1,9,18,7577,7,59,2,0
5923,19.63,74.0,7149,4694,6276,1906032,0,128,1,-175.5,80.0,994.7,2611958102,4,16108,816,2544.7,2270.2,395,0.35,1,9,16,5,280,2,2,0
5924,13.27,74.0,7149,4711,6325,1904379,0,128,1,-175.5,80.0,994.7,2611958382,4,16108,816,2544.7,2270.2,395,7.46,1,9,15,7390,5,2,3,0
5925,20.67,74.0,7149,4716,6376,1909035,0,128,1,-175.5,80.0,994.7,2611961734,4,16108,816,2544.7,2270.2,395,0.36,1,10,16,6,279,2,1,0
5926,13.14,74.0,7149,4738,6433,1912041,0,128,1,-175.5,80.0,994.7,2611958974,4,16108,816,2544.7,2270.2,395,7.48,1,9,16,7352,6,56,2,0
5927,20.11,74.0,7149,4746,6471,1913938,0,128,1,-175.5,80.0,994.7,2611959270,4,16108,816,2544.7,2270.2,395,0.37,1,15,19,6,283,2,2,0
5928,12.92,74.0,7149,4810,6542,1922846,0,128,1,-175.5,80.0,994.7,2611959550,4,16108,816,2544.7,2270.2,395,7.69,1,9,16,7606,8,3,3,0
5929,20.33,74.0,7149,4789,6528,1925484,0,128,1,-175.5,80.0,994.7,2611959870,4,16108,816,2544.7,2270.2,395,0.33,1,10,17,5,257,3,1,0
5930,13.00,74.0,7149,4839,6587,1927446,0,128,1,-175.5,80.0,994.7,2611961154,4,16108,816,2544.7,2270.2,395,7.53,1,9,16,7382,7,75,2,0
5931,20.64,74.0,7149,4869,6631,1930962,0,128,1,-175.5,80.0,994.7,2611964490,4,16108,816,2544.7,2270.2,395,0.33,1,10,17,5,256,3,1,0
5932,12.98,74.0,7149,4898,6672,1935853,0,128,1,-175.5,80.0,994.7,2611962094,4,16108,816,2544.7,2270.2,395,7.24,1,20,17,7154,5,2,2,0
5933,20.16,74.0,7149,5004,6783,1960299,0,128,1,-175.5,80.0,994.7,2611962062,4,16108,816,2544.7,2270.2,395,0.33,1,10,16,5,254,3,2,0
5934,13.34,74.0,7149,5079,6886,1970775,0,128,1,-175.5,80.0,994.7,2611962358,4,16108,816,2544.7,2270.2,395,7.18,1,9,17,7049,6,55,2,0
5935,20.06,74.0,7149,5103,6922,1975901,0,128,1,-175.5,80.0,994.7,2611962654,4,16108,816,2544.7,2270.2,395,0.34,1,10,16,5,267,3,1,0
5936,13.13,74.0,7149,5272,7114,1991522,0,128,1,-175.5,80.0,994.7,2611962934,4,16108,816,2544.7,2270.2,395,7.15,1,9,17,7075,5,3,2,0
5937,21.22,74.0,7149,5346,7199,1996583,0,128,1,-175.5,80.0,994.7,2611963230,4,16108,816,2544.7,2270.2,395,0.33,1,9,17,5,264,2,2,0
5938,14.06,62.0,7149,5396,7257,2006379,0,128,1,-175.5,80.0,994.7,2611963510,4,16108,816,2544.7,2270.2,395,7.61,1,9,17,7488,4,54,2,0
5939,20.71,62.0,7149,5474,7337,2011847,0,128,1,-175.5,80.0,994.7,2611963806,4,16108,816,2544.7,2270.2,395,0.41,1,29,20,7,303,2,1,0
5940,15.60,62.0,7149,5539,7408,2016409,0,128,1,-175.5,80.0,994.7,2611964518,4,16108,816,2544.7,2270.2,395,7.27,1,9,30,7189,5,2,2,0
5941,21.89,62.0,7149,5615,7525,2031310,0,128,1,-175.5,80.0,994.7,2611964382,4,16108,816,2544.7,2270.2,395,0.32,1,9,16,6,249,2,2,0
5942,13.66,62.0,7149,5691,7599,2039293,0,128,1,-175.5,80.0,994.7,2611964662,4,16108,816,2544.7,2270.2,395,6.69,1,9,17,6567,5,55,2,0
5943,20.14,62.0,7149,5728,7646,2046367,0,128,1,-175.5,80.0,994.7,2611964958,4,16108,816,2544.7,2270.2,395,0.33,0,9,16,6,253,2,1,0
5944,14.26,62.0,7149,6190,8136,2136809,0,128,1,-175.5,80.0,994.7,2611965238,4,16108,816,2544.7,2270.2,395,7.01,1,10,17,6936,7,2,2,0
5945,21.86,62.0,7149,6224,8189,2140201,0,128,1,-175.5,80.0,994.7,2611965534,4,16108,816,2544.7,2270.2,395,0.36,1,11,18,5,289,2,1,0
5946,14.21,62.0,7149,6309,8286,2154521,0,128,1,-175.5,80.0,994.7,2611965830,4,16108,816,2544.7,2270.2,395,7.29,1,9,17,7165,6,57,2,0
5947,21.37,62.0,7149,6321,8299,2155861,0,128,1,-175.5,80.0,994.7,2611966110,4,16108,816,2544.7,2270.2,395,0.38,1,10,57,10,266,2,2,0
5948,14.34,62.0,7149,6321,8299,2155861,0,128,1,-175.5,80.0,994.7,2611966390,4,16108,816,2544.7,2270.2,395,7.30,1,9,18,7221,4,2,3,0
5949,21.34,62.0,7149,6398,8395,2166701,0,128,1,-175.5,80.0,994.7,2611966686,4,16108,816,2544.7,2270.2,395,0.33,1,17,18,5,255,2,1,0
5950,14.83,62.0,7149,6413,8414,2170308,0,128,1,-175.5,80.0,994.7,2611966982,4,16108,816,2544.7,2270.2,395,6.92,1,10,17,6810,4,46,2,0
5951,22.02,62.0,7149,6471,8483,2179982,0,128,1,-175.5,80.0,994.7,2611967262,4,16108,816,2544.7,2270.2,395,0.34,1,9,20,10,259,6,1,0
5952,15.43,62.0,7149,6524,8538,2189516,0,128,1,-175.5,80.0,994.7,2611967542,4,16108,816,2544.7,2270.2,395,6.96,1,8,16,6889,5,3,3,0
5953,21.57,62.0,7149,6542,8561,2192255,0,128,1,-175.5,80.0,994.7,2611970798,4,16108,816,2544.7,2270.2,395,0.36,2,20,16,6,273,2,2,0
5954,15.60,62.0,7149,6551,8580,2194782,0,128,1,-175.5,80.0,994.7,2611968134,4,16108,816,2544.7,2270.2,395,7.30,1,10,17,7173,5,58,2,0
5955,22.52,62.0,7149,6550,8576,2183306,0,128,1,-175.5,80.0,994.7,2611968414,4,16108,816,2544.7,2270.2,395,0.31,1,9,15,6,247,1,2,0
5956,14.94,62.0,7149,6654,8689,2199036,0,128,1,-175.5,80.0,994.7,2611968694,4,16108,816,2544.7,2270.2,395,7.33,2,13,20,7245,6,2,2,0
5957,23.05,62.0,7149,6651,8690,2201171,0,128,1,-175.5,80.0,994.7,2611971934,4,16108,816,2544.7,2270.2,395,0.35,1,10,17,5,267,2,2,0
5958,17.33,62.0,7149,6643,8691,2206059,0,128,1,-175.5,80.0,994.7,2611969286,4,16108,816,2544.7,2270.2,395,7.13,1,10,17,7000,6,55,2,0
5959,23.23,62.0,7149,6653,8719,2207699,0,128,1,-175.5,80.0,994.7,2611969566,4,16108,816,2544.7,2270.2,395,0.32,0,11,16,5,248,3,1,0
5960,16.58,62.0,7149,6717,8792,2234763,0,128,1,-175.5,80.0,994.7,2611969846,4,16108,816,2544.7,2270.2,395,7.28,2,10,16,7204,6,2,2,0
5961,23.75,62.0,7149,6703,8801,2244263,0,128,1,-175.5,80.0,994.7,2611979734,4,16108,816,2544.7,2270.2,395,0.33,1,10,16,5,256,3,1,0
5962,16.51,62.0,7149,6694,8791,2243893,0,128,1,-175.5,80.0,994.7,2611980014,4,16108,816,2544.7,2270.2,395,7.24,1,9,16,7109,6,59,3,0
5963,23.37,62.0,7149,6725,8815,2245284,0,128,1,-175.5,80.0,994.7,2611981314,4,16108,816,2544.7,2270.2,395,0.38,1,10,21,7,287,4,2,0
5964,16.10,62.0,7149,6761,8841,2273370,0,128,1,-175.5,80.0,994.7,2611981594,4,16108,816,2544.7,2270.2,395,7.45,1,11,18,7374,7,2,2,0
5965,23.75,62.0,7149,6750,8826,2274260,0,128,1,-175.5,80.0,994.7,2611981874,4,16108,816,2544.7,2270.2,395,0.34,1,10,17,6,265,2,1,0
5966,17.03,62.0,7149,6787,8817,2310768,0,128,1,-175.5,80.0,994.7,2611983158,4,16108,816,2544.7,2270.2,395,7.45,1,10,18,7309,7,57,2,0
5967,23.11,62.0,7149,6783,8817,2310768,0,128,1,-175.5,80.0,994.7,2611984770,4,16108,816,2544.7,2270.2,395,0.32,1,10,16,5,250,2,2,0
5968,15.73,62.0,7149,6789,8812,2310539,0,128,1,-175.5,80.0,994.7,2611984738,4,16108,816,2544.7,2270.2,395,7.01,1,9,17,6930,6,2,2,0
5969,22.58,62.0,7149,6859,8882,2382162,0,128,1,-175.5,80.0,994.7,2611985034,4,16108,816,2544.7,2270.2,395,0.54,1,18,25,11,396,5,2,0
5970,23.49,62.0,7149,6865,8865,2381668,0,128,1,-175.5,80.0,994.7,2611985674,4,16108,816,2544.7,2270.2,395,7.10,1,10,16,6973,6,57,2,0
5971,24.59,62.0,7149,6856,8846,2400412,0,128,1,-175.5,80.0,994.7,2611986598,4,16108,816,2544.7,2270.2,395,0.38,1,9,18,6,305,3,2,0
5972,16.43,62.0,7149,6851,8836,2400123,0,128,1,-175.5,80.0,994.7,2611987882,4,16108,816,2544.7,2270.2,395,7.81,1,10,17,7731,6,2,2,0
5973,22.94,62.0,7149,6904,8867,2437790,0,128,1,-175.5,80.0,994.7,2611989182,4,16108,816,2544.7,2270.2,395,0.31,1,9,16,5,245,2,2,0
5974,16.47,62.0,7149,6901,8839,2442576,0,128,1,-175.5,80.0,994.7,2611989462,4,16108,816,2544.7,2270.2,395,7.00,2,10,18,6878,4,51,2,0
5975,22.06,62.0,7149,6897,8823,2440053,0,128,1,-175.5,80.0,994.7,2611990762,4,16108,816,2544.7,2270.2,395,0.38,1,13,24,10,270,2,2,0
5976,16.81,62.0,7149,6901,8824,2444661,0,128,1,-175.5,80.0,994.7,2611992046,4,16108,816,2544.7,2270.2,395,7.30,1,9,16,7227,7,3,2,0
5977,22.33,62.0,7149,6904,8809,2445293,0,128,1,-175.5,80.0,994.7,2611992342,4,16108,816,2544.7,2270.2,395,0.43,1,9,17,5,344,6,3,0
5978,16.57,62.0,7149,6904,8791,2445937,0,128,1,-175.5,80.0,994.7,2611993626,4,16108,816,2544.7,2270.2,395,6.91,1,10,17,6791,4,51,2,0
5979,22.72,62.0,7149,7069,8934,2497851,0,128,1,-175.5,80.0,994.7,2611996606,4,16108,816,2544.7,2270.2,395,0.33,2,10,17,6,255,2,1,0
5980,16.52,62.0,7149,7071,8922,2503998,0,128,1,-175.5,80.0,994.7,2611996886,4,16108,816,2544.7,2270.2,395,6.93,1,10,17,6856,5,2,2,0
5981,22.38,62.0,7149,7072,8913,2503601,0,128,1,-175.5,80.0,994.7,2611998170,4,16108,816,2544.7,2270.2,395,0.32,1,9,16,5,256,2,1,0
5982,16.48,62.0,7149,7068,8914,2508209,0,128,1,-175.5,80.0,994.7,2611999454,4,16108,816,2544.7,2270.2,395,7.17,1,9,17,7040,5,55,2,0
5983,21.64,62.0,7149,7072,8922,2519061,0,128,1,-175.5,80.0,994.7,2611999750,4,16108,816,2544.7,2270.2,395,0.35,1,9,18,6,270,2,2,0
5984,16.60,62.0,7149,7092,8943,2531097,0,128,1,-175.5,80.0,994.7,2612000030,4,16108,816,2544.7,2270.2,395,7.00,1,9,17,6930,4,2,3,0
5985,23.52,62.0,7149,7103,8944,2537259,0,128,1,-175.5,80.0,994.7,2612000326,4,16108,816,2544.7,2270.2,395,0.32,1,10,16,5,250,3,1,0
5986,15.91,62.0,7149,7104,8947,2541648,0,128,1,-175.5,80.0,994.7,2612000606,4,16108,816,2544.7,2270.2,395,7.55,1,9,17,7404,6,73,3,0
5987,22.38,62.0,7149,7105,8942,2544676,0,128,1,-175.5,80.0,994.7,2612000902,4,16108,816,2544.7,2270.2,395,0.32,1,8,16,5,257,2,1,0
5988,15.85,62.0,7149,7100,8943,2545060,0,128,1,-175.5,80.0,994.7,2612001198,4,16108,816,2544.7,2270.2,395,7.43,1,9,15,7362,5,3,2,0
5989,23.86,62.0,7149,7257,9100,2595988,0,128,1,-175.5,80.0,994.7,2612001478,4,16108,816,2544.7,2270.2,395,0.35,1,10,17,6,271,2,2,0
5990,16.66,52.0,7149,7425,9271,2646980,0,128,1,-175.5,80.0,994.7,2612011346,4,16108,816,2544.7,2270.2,395,7.35,1,9,16,7206,6,73,2,0
5991,25.08,52.0,7149,7429,9265,2652040,0,128,1,-175.5,80.0,994.7,2612011642,4,16108,816,2544.7,2270.2,395,0.34,2,10,16,5,267,2,2,0
5992,17.03,52.0,7149,7427,9265,2652040,0,128,1,-175.5,80.0,994.7,2612012926,4,16108,816,2544.7,2270.2,395,8.79,1,9,16,8724,0,0,0,0
5993,26.90,52.0,7149,6975,8822,2636924,0,128,1,-175.5,80.0,994.7,2612013222,4,16108,816,2544.7,2270.2,395,0.32,1,9,15,5,254,2,1,0
5994,16.08,52.0,7149,6961,8826,2654730,0,128,1,-175.5,80.0,994.7,2612014506,4,16108,816,2544.7,2270.2,395,8.29,1,10,17,8221,0,0,0,0
5995,26.76,52.0,7149,6956,8825,2668216,0,128,1,-175.5,80.0,994.7,2612014786,4,16108,816,2544.7,2270.2,395,0.33,1,10,15,5,261,3,1,0
5996,16.25,52.0,7149,6872,8743,2651662,0,128,1,-175.5,80.0,994.7,2612015066,4,16108,816,2544.7,2270.2,395,7.21,1,10,17,7122,5,3,2,0
5997,24.11,52.0,7149,6913,8823,2664017,0,128,1,-175.5,80.0,994.7,2612016366,4,16108,816,2544.7,2270.2,395,0.32,1,10,16,5,248,3,1,0
5998,16.40,52.0,7149,7054,9135,2674537,0,128,1,-175.5,80.0,994.7,2612016958,4,16108,816,2544.7,2270.2,395,7.31,1,9,15,7176,8,64,2,0
5999,25.11,52.0,7149,7070,9180,2680265,0,128,1,-175.5,80.0,994.7,2612016942,4,16108,816,2544.7,2270.2,395,0.33,2,11,18,6,254,3,1,0
6000,19.30,52.0,7149,7073,9184,2680277,0,128,1,-175.5,80.0,994.7,2612017582,4,16108,816,2544.7,2270.2,395,7.12,1,9,18,7048,6,2,2,0
6001,25.24,52.0,7149,7058,9166,2688059,0,128,1,-175.5,80.0,994.7,2612017502,4,16108,816,2544.7,2270.2,395,0.33,1,10,17,6,246,2,2,0
6002,16.98,52.0,7149,6980,9089,2684337,0,128,1,-175.5,80.0,994.7,2612018786,4,16108,816,2544.7,2270.2,395,7.40,1,9,16,7274,8,57,2,0
6003,24.33,52.0,7149,6976,9064,2692625,0,128,1,-175.5,80.0,994.7,2612020086,4,16108,816,2544.7,2270.2,395,0.36,1,10,16,5,286,3,2,0
6004,17.77,52.0,7149,6978,9059,2691659,0,128,1,-175.5,80.0,994.7,2612021370,4,16108,816,2544.7,2270.2,395,6.78,1,10,17,6706,4,2,2,0
6005,22.45,52.0,7149,6977,9042,2695775,0,128,1,-175.5,80.0,994.7,2612021666,4,16108,816,2544.7,2270.2,395,0.34,1,8,16,5,273,3,1,0
6006,17.34,52.0,7149,7027,9061,2725953,0,128,1,-175.5,80.0,994.7,2612088510,4,16108,816,2544.7,2270.2,395,7.37,1,9,17,7236,6,58,3,0
6007,23.80,52.0,7149,7019,9028,2724359,0,128,1,-175.5,80.0,994.7,2612088790,4,16108,816,2544.7,2270.2,395,0.31,1,9,16,5,245,2,1,0
6008,17.34,52.0,7149,7013,9014,2723201,0,128,1,-175.5,80.0,994.7,2612090074,4,16108,816,2544.7,2270.2,395,7.01,1,10,16,6937,4,2,2,0
6009,23.27,52.0,7149,7006,8954,2739049,0,128,1,-175.5,80.0,994.7,2612091374,4,16108,816,2544.7,2270.2,395,0.35,1,9,26,9,264,2,1,0
6010,19.94,52.0,7149,12296,16597,3033505,0,128,1,-175.5,80.0,994.7,2612073594,4,16108,816,2550.2,2270.2,395,6.98,1,10,19,6849,5,55,1,0
6011,25.93,52.0,7149,8567,11883,3026761,0,128,1,-175.5,80.0,994.7,2612052186,4,16108,816,2533.7,2270.2,395,0.34,1,12,23,6,265,1,1,0
6012,17.86,52.0,7149,8561,11847,3031035,0,128,1,-175.5,80.0,994.7,2612053334,4,16108,816,2533.7,2270.2,395,7.14,1,9,16,7063,6,2,2,0
6013,25.78,52.0,7149,8520,11775,3023874,0,128,1,-175.5,80.0,994.7,2612054618,4,16108,816,2533.7,2270.2,395,0.33,1,10,17,5,256,2,1,0
6014,17.95,52.0,7149,8487,11744,3017563,0,128,1,-175.5,80.0,994.7,2612055902,4,16108,816,2533.7,2270.2,395,6.87,1,9,16,6736,6,61,3,0
6015,24.68,52.0,7149,8477,11686,3014138,0,128,1,-175.5,80.0,994.7,2612057186,4,16108,816,2533.7,2270.2,395,0.31,1,9,17,6,243,1,1,0
6016,18.21,52.0,7149,8365,11490,3012916,0,128,1,-175.5,80.0,994.7,2612058470,4,16108,816,2533.7,2270.2,395,7.18,2,10,18,7099,6,2,3,0
6017,24.46,52.0,7149,8351,11433,3024238,0,128,1,-175.5,80.0,994.7,2612059770,4,16108,816,2533.7,2270.2,395,0.36,1,9,16,5,286,2,2,0
6018,19.52,52.0,7149,8351,11418,3032576,0,128,1,-175.5,80.0,994.7,2612061054,4,16108,816,2533.7,2270.2,395,7.41,1,10,16,7265,7,74,3,0
6019,25.57,52.0,7149,8334,11353,3017312,0,128,1,-175.5,80.0,994.7,2612062354,4,16108,816,2533.7,2270.2,395,0.32,1,9,16,5,249,2,1,0
6020,19.22,52.0,7149,8328,11318,3017245,0,128,1,-175.5,80.0,994.7,2612063622,4,16108,816,2533.7,2270.2,395,7.00,1,10,16,6924,5,2,2,0
6021,24.85,52.0,7149,8364,11348,3175039,0,128,1,-175.5,80.0,994.7,2612064922,4,16108,816,2533.7,2270.2,395,0.40,1,10,17,5,308,3,3,0
6022,22.27,52.0,7149,8411,11380,3201291,0,128,1,-175.5,80.0,994.7,2612065202,4,16108,816,2533.7,2270.2,395,7.46,1,11,17,7333,6,58,2,0
6023,25.87,52.0,7149,8396,11328,3192560,0,128,1,-175.5,80.0,994.7,2612065482,4,16108,816,2533.7,2270.2,395,0.32,0,9,16,5,248,2,1,0
6024,18.23,52.0,7149,8409,11303,3190242,0,128,1,-175.5,80.0,994.7,2612066766,4,16108,816,2533.7,2270.2,395,7.14,1,11,16,7061,5,2,2,0
6025,26.45,52.0,7149,8376,11263,3195948,0,128,1,-175.5,80.0,994.7,2612068050,4,16108,816,2533.7,2270.2,395,0.34,1,9,16,6,275,2,2,0
6026,18.76,52.0,7149,8378,11220,3188387,0,128,1,-175.5,80.0,994.7,2612069334,4,16108,816,2533.7,2270.2,395,7.27,1,9,16,7136,5,68,2,0
6027,25.39,52.0,7149,8342,11064,3188493,0,128,1,-175.5,80.0,994.7,2612070634,4,16108,816,2533.7,2270.2,395,0.32,1,13,16,5,243,2,2,0
6028,19.51,52.0,7149,8345,11050,3209432,0,128,1,-175.5,80.0,994.7,2612072230,4,16108,816,2533.7,2270.2,395,7.00,0,9,17,6928,3,2,2,0
6029,24.73,52.0,7149,8334,10993,3203615,0,128,1,-175.5,80.0,994.7,2612073202,4,16108,816,2533.7,2270.2,395,0.37,2,15,21,7,279,3,1,0
6030,20.23,52.0,7149,8306,10955,3196474,0,128,1,-175.5,80.0,994.7,2612074918,4,16108,816,2533.7,2270.2,395,7.53,1,10,17,7394,7,61,2,0
6031,26.94,52.0,7149,8263,10886,3197353,0,128,1,-175.5,80.0,994.7,2612075786,4,16108,816,2533.7,2270.2,395,0.32,1,10,17,6,247,2,2,0
6032,18.59,52.0,7149,8268,10867,3196338,0,128,1,-175.5,80.0,994.7,2612077070,4,16108,816,2533.7,2270.2,395,7.24,1,10,17,7157,6,2,2,0
6033,24.90,52.0,7149,8244,10824,3184789,0,128,1,-175.5,80.0,994.7,2612078354,4,16108,816,2533.7,2270.2,395,0.34,1,10,16,5,267,1,1,0
6034,18.61,52.0,7149,8119,10661,3178053,0,128,1,-175.5,80.0,994.7,2612079638,4,16108,816,2533.7,2270.2,395,7.30,1,9,17,7164,6,57,2,0
6035,23.14,52.0,7149,7925,10383,3136959,0,128,1,-175.5,80.0,994.7,2612080938,4,16108,816,2533.7,2270.2,395,0.35,1,12,18,5,268,2,2,0
6036,19.10,46.0,7149,7919,10359,3135481,0,128,1,-175.5,80.0,994.7,2612082206,4,16108,816,2533.7,2270.2,395,7.07,1,8,16,6993,5,3,2,0
6037,25.18,46.0,7149,7918,10332,3288466,0,128,1,-175.5,80.0,994.7,2612083506,4,16108,816,2533.7,2270.2,395,0.34,1,9,17,6,270,2,2,0
6038,18.81,46.0,7149,7804,10137,3267220,0,128,1,-175.5,80.0,994.7,2612084790,4,16108,816,2533.7,2270.2,395,7.46,1,9,20,7329,5,56,3,0
6039,25.54,46.0,7149,7800,10124,3266830,0,128,1,-175.5,80.0,994.7,2612086090,4,16108,816,2533.7,2270.2,395,0.31,1,9,17,5,241,2,1,0
6040,18.66,46.0,7149,7742,10018,3249367,0,128,1,-175.5,80.0,994.7,2612087374,4,16108,816,2533.7,2270.2,395,6.96,1,10,16,6886,6,2,3,0
6041,23.68,46.0,7149,7694,9931,3243165,0,128,1,-175.5,80.0,994.7,2612088658,4,16108,816,2533.7,2270.2,395,0.36,1,9,33,6,277,2,2,0
6042,19.47,46.0,7149,7662,9882,3236894,0,128,1,-175.5,80.0,994.7,2612089942,4,16108,816,2533.7,2270.2,395,7.15,1,9,16,7026,7,56,2,0
6043,24.47,46.0,7149,7587,9747,3220509,0,128,1,-175.5,80.0,994.7,2612091242,4,16108,816,2533.7,2270.2,395,0.32,1,10,17,6,254,3,1,0
6044,18.00,46.0,7149,7521,9577,3201673,0,128,1,-175.5,80.0,994.7,2612092526,4,16108,816,2533.7,2270.2,395,7.50,1,9,15,7429,5,3,2,0
6045,25.18,46.0,7149,7438,9389,3187337,0,128,1,-175.5,80.0,994.7,2612093826,4,16108,816,2533.7,2270.2,395,0.33,1,9,17,5,268,2,2,0
6046,18.26,46.0,7149,7307,9198,3167848,0,128,1,-175.5,80.0,994.7,2612095110,4,16108,816,2533.7,2270.2,395,7.68,1,10,17,7542,8,63,2,0
6047,26.40,46.0,7149,7063,8825,3129155,0,128,1,-175.5,80.0,994.7,2612096394,4,16108,816,2533.7,2270.2,395,0.35,1,12,18,6,268,2,1,0
6048,18.36,46.0,7149,7044,8767,3124403,0,128,1,-175.5,80.0,994.7,2612097678,4,16108,816,2533.7,2270.2,395,7.07,1,9,16,6998,5,2,2,0
6049,25.24,46.0,7149,7083,8907,3137220,0,128,1,-175.5,80.0,994.7,2612098962,4,16108,816,2533.7,2270.2,395,0.32,1,10,16,5,249,2,2,0
6050,18.13,46.0,7149,7361,9344,3180080,0,128,1,-175.5,80.0,994.7,2612099242,4,16108,816,2533.7,2270.2,395,7.79,1,10,17,7649,8,61,2,0
6051,24.70,46.0,7149,7453,9541,3192769,0,128,1,-175.5,80.0,994.7,2612099538,4,16108,816,2533.7,2270.2,395,0.37,1,9,17,6,285,2,1,0
6052,18.13,46.0,7149,7461,9581,3205239,0,128,1,-175.5,80.0,994.7,2612099818,4,16108,816,2533.7,2270.2,395,6.85,1,9,17,6782,3,2,2,0
6053,24.43,46.0,7149,7457,9587,3219263,0,128,1,-175.5,80.0,994.7,2612100114,4,16108,816,2533.7,2270.2,395,0.41,1,12,33,7,318,2,2,0
6054,18.29,46.0,7149,7442,9594,3208325,0,128,1,-175.5,80.0,994.7,2612100394,4,16108,816,2533.7,2270.2,395,7.45,1,10,17,7318,4,56,2,0
6055,24.82,46.0,7149,7486,9684,3233006,0,128,1,-175.5,80.0,994.7,2612100674,4,16108,816,2533.7,2270.2,395,0.33,2,10,16,5,256,2,2,0
6056,18.02,46.0,7149,7490,9701,3234366,0,128,1,-175.5,80.0,994.7,2612100954,4,16108,816,2533.7,2270.2,395,9.09,1,11,17,9014,0,0,0,0
6057,27.50,46.0,7149,7517,9765,3241548,0,128,1,-175.5,80.0,994.7,2612101546,4,16108,816,2533.7,2270.2,395,0.32,1,9,15,5,251,2,1,0
6058,17.49,46.0,7149,7544,9800,3243166,0,128,1,-175.5,80.0,994.7,2612101514,4,16108,816,2533.7,2270.2,395,7.03,1,8,15,6901,5,57,2,0
6059,25.74,46.0,7149,7659,9961,3271597,0,128,1,-175.5,80.0,994.7,2612101794,4,16108,816,2533.7,2270.2,395,0.48,2,18,25,9,364,4,2,0
6060,23.18,46.0,7149,7714,10068,3279269,0,128,1,-175.5,80.0,994.7,2612102434,4,16108,816,2533.7,2270.2,395,7.57,1,9,16,7479,9,5,3,0
6061,25.76,46.0,7149,7756,10147,3283702,0,128,1,-175.5,80.0,994.7,2612102370,4,16108,816,2533.7,2270.2,395,0.32,2,9,15,5,247,3,1,0
6062,18.14,46.0,7149,8014,10475,3331982,0,128,1,-175.5,80.0,994.7,2612102650,4,16108,816,2533.7,2270.2,395,7.58,2,14,23,7425,7,58,2,0
6063,25.14,46.0,7149,8048,10524,3363248,0,128,1,-175.5,80.0,994.7,2612102930,4,16108,816,2533.7,2270.2,395,0.32,1,10,16,5,251,2,2,0
6064,19.06,46.0,7149,8016,10491,3320692,0,128,1,-175.5,80.0,994.7,2612103210,4,16108,816,2533.7,2270.2,395,7.46,1,10,16,7389,6,2,2,0
6065,24.64,46.0,7149,7983,10465,3300136,0,128,1,-175.5,80.0,994.7,2612104510,4,16108,816,2533.7,2270.2,395,0.34,1,10,17,5,266,1,1,0
6066,18.62,46.0,7149,8019,10519,3309308,0,128,1,-175.5,80.0,994.7,2612105794,4,16108,816,2533.7,2270.2,395,6.92,1,9,16,6804,4,50,2,0
6067,23.61,46.0,7149,8027,10526,3309610,0,128,1,-175.5,80.0,994.7,2612106074,4,16108,816,2533.7,2270.2,395,0.34,1,9,16,6,264,2,1,0
6068,18.68,46.0,7149,8042,10570,3313567,0,128,1,-175.5,80.0,994.7,2612106354,4,16108,816,2533.7,2270.2,395,7.54,2,10,17,7457,6,2,2,0
6069,23.93,46.0,7149,8080,10618,3320389,0,128,1,-175.5,80.0,994.7,2612106650,4,16108,816,2533.7,2270.2,395,0.33,2,10,16,6,261,2,1,0
6070,17.95,46.0,7149,8009,10563,3300358,0,128,1,-175.5,80.0,994.7,2612106930,4,16108,816,2533.7,2270.2,395,7.09,1,9,25,6974,3,47,2,0
6071,24.20,46.0,7149,8012,10564,3300442,0,128,1,-175.5,80.0,994.7,2612108214,4,16108,816,2533.7,2270.2,395,0.36,2,10,20,13,277,2,2,0
6072,17.99,46.0,7149,7999,10568,3299249,0,128,1,-175.5,80.0,994.7,2612108494,4,16108,816,2533.7,2270.2,395,7.18,1,11,18,7101,5,3,2,0
6073,24.29,46.0,7149,8017,10555,3304598,0,128,1,-175.5,80.0,994.7,2612108790,4,16108,816,2533.7,2270.2,395,0.34,1,9,16,5,275,2,1,0
6074,17.66,46.0,7149,8025,10551,3304980,0,128,1,-175.5,80.0,994.7,2612110074,4,16108,816,2533.7,2270.2,395,7.72,1,10,17,7558,9,81,3,0
6075,24.81,46.0,7149,8026,10533,3303087,0,128,1,-175.5,80.0,994.7,2612110354,4,16108,816,2533.7,2270.2,395,0.34,1,10,18,5,268,2,2,0
6076,17.56,46.0,7149,8044,10548,3308241,0,128,1,-175.5,80.0,994.7,2612111638,4,16108,816,2533.7,2270.2,395,7.49,1,10,17,7411,5,2,3,0
6077,25.40,46.0,7149,8040,10556,3308515,0,128,1,-175.5,80.0,994.7,2612111934,4,16108,816,2533.7,2270.2,395,0.35,1,9,15,5,269,2,1,0
6078,17.70,46.0,7149,7950,10475,3295412,0,128,1,-175.5,80.0,994.7,2612112214,4,16108,816,2533.7,2270.2,395,7.38,1,9,28,7241,5,58,2,0
6079,23.79,46.0,7149,7968,10529,3293222,0,128,1,-175.5,80.0,994.7,2612113514,4,16108,816,2533.7,2270.2,395,0.32,1,10,16,5,252,2,1,0
6080,17.68,46.0,7149,8084,10717,3305451,0,128,1,-175.5,80.0,994.7,2612113794,4,16108,816,2533.7,2270.2,395,7.19,1,9,16,7115,4,2,2,0
6081,24.23,46.0,7149,8104,10756,3303756,0,128,1,-175.5,80.0,994.7,2612114074,4,16108,816,2533.7,2270.2,395,0.36,1,9,16,5,292,2,2,0
6082,17.68,46.0,7149,8113,10768,3305910,0,128,1,-175.5,80.0,994.7,2612114354,4,16108,816,2533.7,2270.2,395,7.77,1,9,16,7630,7,66,2,0
6083,24.33,46.0,7149,8023,10701,3293584,0,128,1,-175.5,80.0,994.7,2612114650,4,16108,816,2533.7,2270.2,395,0.32,1,9,17,6,255,2,2,0
6084,18.00,46.0,7149,8052,10743,3309599,0,128,1,-175.5,80.0,994.7,2612115934,4,16108,816,2533.7,2270.2,395,7.13,1,10,16,7066,4,2,2,0
6085,21.85,46.0,7149,6437,7747,3026968,0,128,1,-175.5,80.0,994.7,2612116230,4,16108,816,2533.7,2270.2,395,0.37,2,10,23,5,279,2,1,0
6086,17.01,46.0,7149,6437,7747,3026968,0,128,1,-175.5,80.0,994.7,2612117826,4,16108,816,2533.7,2270.2,395,7.21,1,9,17,7079,6,59,2,0
6087,23.84,46.0,7149,6442,7754,3042682,0,128,1,-175.5,80.0,994.7,2612117794,4,16108,816,2533.7,2270.2,395,0.34,2,11,17,6,258,3,1,0
6088,17.27,46.0,7149,6318,7635,3030379,0,128,1,-175.5,80.0,994.7,2612118074,4,16108,816,2533.7,2270.2,395,7.85,1,10,17,7768,7,2,2,0
6089,22.89,46.0,7149,6314,7629,3030207,0,128,1,-175.5,80.0,994.7,2612119374,4,16108,816,2533.7,2270.2,395,0.32,1,10,17,5,252,2,1,0
6090,17.42,46.0,7149,6317,7627,3030666,0,128,1,-175.5,80.0,994.7,2612121018,4,16108,816,2533.7,2270.2,395,7.29,0,9,16,7172,4,55,2,0
6091,22.09,46.0,7149,6318,7614,3039083,0,128,1,-175.5,80.0,994.7,2612120954,4,16108,816,2533.7,2270.2,395,0.32,1,10,17,5,250,2,1,0
6092,17.23,46.0,7149,6318,7608,3038741,0,128,1,-175.5,80.0,994.7,2612122238,4,16108,816,2533.7,2270.2,395,7.18,1,15,16,7093,5,2,3,0
6093,22.32,46.0,7149,6320,7587,3037650,0,128,1,-175.5,80.0,994.7,2612123538,4,16108,816,2533.7,2270.2,395,0.36,2,10,17,6,261,2,2,0
6094,16.49,46.0,7149,6194,7444,2992083,0,128,1,-175.5,80.0,994.7,2612124822,4,16108,816,2533.7,2270.2,395,6.79,1,9,16,6675,5,52,2,0
6095,21.27,46.0,7149,6192,7447,2987643,0,128,1,-175.5,80.0,994.7,2612126122,4,16108,816,2533.7,2270.2,395,0.32,1,9,15,5,251,3,1,0
6096,16.70,46.0,7149,6197,7447,2988193,0,128,1,-175.5,80.0,994.7,2612126402,4,16108,816,2533.7,2270.2,395,7.42,1,25,27,7326,7,2,1,0
6097,21.94,46.0,7149,6198,7438,2988119,0,128,1,-175.5,80.0,994.7,2612126698,4,16108,816,2533.7,2270.2,395,0.33,1,9,16,5,258,2,1,0
6098,16.20,46.0,7149,6197,7433,2987670,0,128,1,-175.5,80.0,994.7,2612127982,4,16108,816,2533.7,2270.2,395,7.18,1,10,21,7036,5,60,2,0
6099,28.75,46.0,7149,6162,7398,2968811,0,128,1,-175.5,80.0,994.7,2612128278,4,16108,816,2533.7,2270.2,395,0.33,1,9,17,5,261,3,1,0
6100,16.25,46.0,7149,6157,7394,2973020,0,128,1,-175.5,80.0,994.7,2612195122,4,16108,816,2533.7,2270.2,395,7.58,2,10,16,7491,7,2,3,0
6101,23.07,46.0,7149,6149,7383,2973186,0,128,1,-175.5,80.0,994.7,2612195418,4,16108,816,2533.7,2270.2,395,0.33,1,10,16,5,263,2,1,0
6102,16.24,46.0,7149,6149,7382,2972386,0,128,1,-175.5,80.0,994.7,2612196702,4,16108,816,2533.7,2270.2,395,7.40,1,9,15,7269,7,62,2,0
6103,22.20,46.0,7149,6075,7308,2880470,0,128,1,-175.5,80.0,994.7,2612196998,4,16108,816,2533.7,2270.2,395,0.32,1,10,17,6,251,2,1,0
6104,15.62,46.0,7149,6074,7297,2865497,0,128,1,-175.5,80.0,994.7,2612198298,4,16108,816,2533.7,2270.2,395,7.23,1,9,15,7155,5,2,2,0
6105,21.41,46.0,7149,6074,7282,2864812,0,128,1,-175.5,80.0,994.7,2612199598,4,16108,816,2533.7,2270.2,395,0.32,1,9,17,6,250,2,2,0
6106,15.59,46.0,7149,5971,7174,2846371,0,128,1,-175.5,80.0,994.7,2612200882,4,16108,816,2533.7,2270.2,395,7.60,1,9,16,7471,6,58,2,0
6107,21.85,46.0,7149,5965,7168,2846199,0,128,1,-175.5,80.0,994.7,2612202182,4,16108,816,2533.7,2270.2,395,0.35,1,14,15,5,273,3,1,0
6108,15.67,46.0,7149,5976,7178,2854468,0,128,1,-175.5,80.0,994.7,2612205986,4,16108,816,2533.7,2270.2,395,6.78,1,10,17,6702,5,3,2,0
6109,20.91,46.0,7149,5979,7172,2848511,0,128,1,-175.5,80.0,994.7,2612206282,4,16108,816,2533.7,2270.2,395,0.31,2,10,16,5,243,2,1,0
6110,15.78,46.0,7149,6011,7203,2890891,0,128,1,-175.5,80.0,994.7,2612207582,4,16108,816,2533.7,2270.2,395,7.19,1,9,17,7067,5,51,2,0
6111,21.40,46.0,7149,6010,7202,2890091,0,128,1,-175.5,80.0,994.7,2612207878,4,16108,816,2533.7,2270.2,395,0.32,1,9,16,5,251,2,1,0
6112,15.80,46.0,7149,6007,7201,2885483,0,128,1,-175.5,80.0,994.7,2612208158,4,16108,816,2533.7,2270.2,395,7.36,1,9,17,7284,6,3,2,0
6113,21.14,46.0,7149,6015,7201,2881659,0,128,1,-175.5,80.0,994.7,2612208454,4,16108,816,2533.7,2270.2,395,0.45,2,14,21,7,355,4,2,0
6114,15.41,46.0,7149,6011,7198,2885712,0,128,1,-175.5,80.0,994.7,2612208750,4,16108,816,2533.7,2270.2,395,7.15,1,10,16,7023,5,55,2,0
6115,21.68,46.0,7149,6014,7188,2880761,0,128,1,-175.5,80.0,994.7,2612209030,4,16108,816,2533.7,2270.2,395,0.33,1,13,20,5,258,2,1,0
6116,15.81,46.0,7149,6006,7177,2884918,0,128,1,-175.5,80.0,994.7,2612218630,4,16108,816,2533.7,2270.2,395,6.83,1,10,17,6752,4,2,2,0
6117,21.65,46.0,7149,6006,7173,2884689,0,128,1,-175.5,80.0,994.7,2612219930,4,16108,816,2533.7,2270.2,395,0.31,1,9,16,5,245,2,1,0
6118,15.45,46.0,7149,6006,7173,2884689,0,128,1,-175.5,80.0,994.7,2612220210,4,16108,816,2533.7,2270.2,395,7.14,1,9,16,7009,4,66,2,0
6119,22.22,46.0,7149,6005,7164,2878897,0,128,1,-175.5,80.0,994.7,2612220818,4,16108,816,2533.7,2270.2,395,0.35,2,10,15,5,256,2,1,0
6120,16.57,46.0,7149,6000,7156,2878439,0,128,1,-175.5,80.0,994.7,2612222222,4,16108,816,2533.7,2270.2,395,7.67,1,9,16,7597,6,2,2,0
6121,23.44,46.0,7149,6000,7156,2878439,0,128,1,-175.5,80.0,994.7,2612223090,4,16108,816,2533.7,2270.2,395,0.33,1,9,16,5,262,2,1,0
6122,15.08,46.0,7149,6005,7161,2884081,0,128,1,-175.5,80.0,994.7,2612223386,4,16108,816,2533.7,2270.2,395,6.96,1,11,18,6827,4,53,2,0
6123,20.86,46.0,7149,6015,7170,2885747,0,128,1,-175.5,80.0,994.7,2612223682,4,16108,816,2533.7,2270.2,395,0.33,1,10,16,6,255,2,2,0
6124,15.04,46.0,7149,6020,7175,2886167,0,128,1,-175.5,80.0,994.7,2612223962,4,16108,816,2533.7,2270.2,395,6.87,1,10,16,6800,4,3,2,0
6125,20.44,46.0,7149,5772,6923,2825876,0,128,1,-175.5,80.0,994.7,2612224258,4,16108,816,2533.7,2270.2,395,0.31,1,10,16,5,240,2,1,0
6126,14.98,46.0,7149,5772,6923,2825876,0,128,1,-175.5,80.0,994.7,2612225558,4,16108,816,2533.7,2270.2,395,7.41,1,9,17,7271,7,62,2,0
6127,20.62,46.0,7149,5772,6923,2825876,0,128,1,-175.5,80.0,994.7,2612225838,4,16108,816,2533.7,2270.2,395,0.34,1,10,17,6,267,2,1,0
6128,14.93,46.0,7149,5774,6921,2816660,0,128,1,-175.5,80.0,994.7,2612226134,4,16108,816,2533.7,2270.2,395,7.32,1,14,19,7240,5,3,2,0
6129,20.05,46.0,7149,5778,6925,2812472,0,128,1,-175.5,80.0,994.7,2612226430,4,16108,816,2533.7,2270.2,395,0.36,1,11,16,6,279,3,1,0
6130,14.98,46.0,7149,5540,6688,2770575,0,128,1,-175.5,80.0,994.7,2612226710,4,16108,816,2533.7,2270.2,395,7.40,1,9,17,7273,7,59,2,0
6131,20.59,46.0,7149,5300,6452,2729062,0,128,1,-175.5,80.0,994.7,2612230090,4,16108,816,2533.7,2270.2,395,0.39,1,10,22,9,286,3,2,0
6132,15.02,46.0,7149,5296,6443,2713436,0,128,1,-175.5,80.0,994.7,2612229310,4,16108,816,2533.7,2270.2,395,7.45,1,10,19,7353,5,2,2,0
6133,20.37,46.0,7149,5052,6198,2657365,0,128,1,-175.5,80.0,994.7,2612230610,4,16108,816,2533.7,2270.2,395,0.50,3,17,22,9,362,3,3,0
6134,23.31,52.0,7149,5050,6197,2656981,0,128,1,-175.5,80.0,994.7,2612231910,4,16108,816,2533.7,2270.2,395,7.20,1,9,16,7086,3,50,2,0
6135,19.99,52.0,7149,5051,6196,2652373,0,128,1,-175.5,80.0,994.7,2612232206,4,16108,816,2533.7,2270.2,395,0.34,1,9,16,5,276,2,1,0
6136,14.17,52.0,7149,5049,6190,2631657,0,128,1,-175.5,80.0,994.7,2612232486,4,16108,816,2533.7,2270.2,395,7.60,1,9,16,7525,8,2,3,0
6137,20.04,52.0,7149,5048,6190,2631657,0,128,1,-175.5,80.0,994.7,2612235850,4,16108,816,2533.7,2270.2,395,0.33,1,10,16,6,260,3,1,0
6138,14.06,52.0,7149,5046,6185,2620369,0,128,1,-175.5,80.0,994.7,2612234082,4,16108,816,2533.7,2270.2,395,7.41,2,9,17,7281,7,59,3,0
6139,20.36,52.0,7149,5047,6185,2620369,0,128,1,-175.5,80.0,994.7,2612234378,4,16108,816,2533.7,2270.2,395,0.32,1,10,17,6,251,2,2,0
6140,14.03,52.0,7149,4857,5996,2601934,0,128,1,-175.5,80.0,994.7,2612234674,4,16108,816,2533.7,2270.2,395,7.23,1,10,16,7160,5,2,2,0
6141,19.91,52.0,7149,4855,5992,2595950,0,128,1,-175.5,80.0,994.7,2612235974,4,16108,816,2533.7,2270.2,395,0.33,1,11,18,5,256,2,2,0
6142,14.26,52.0,7149,4854,5987,2581672,0,128,1,-175.5,80.0,994.7,2612236270,4,16108,816,2533.7,2270.2,395,7.43,3,17,16,7278,4,63,6,0
6143,20.13,52.0,7149,4825,5957,2556022,0,128,1,-175.5,80.0,994.7,2612236566,4,16108,816,2533.7,2270.2,395,0.33,1,13,20,5,255,2,2,0
6144,14.31,52.0,7149,4827,5952,2532982,0,128,1,-175.5,80.0,994.7,2612237850,4,16108,816,2533.7,2270.2,395,7.24,1,9,16,7164,5,3,2,0
6145,19.45,52.0,7149,4829,5948,2523598,0,128,1,-175.5,80.0,994.7,2612240210,4,16108,816,2533.7,2270.2,395,0.31,1,9,16,5,244,2,1,0
6146,14.49,52.0,7149,4824,5944,2513614,0,128,1,-175.5,80.0,994.7,2612238442,4,16108,816,2533.7,2270.2,395,7.04,1,9,17,6904,5,68,2,0
6147,19.90,52.0,7149,4824,5945,2514398,0,128,1,-175.5,80.0,994.7,2612238738,4,16108,816,2533.7,2270.2,395,0.33,2,9,18,6,262,2,1,0
6148,14.00,52.0,7149,4823,5943,2505182,0,128,1,-175.5,80.0,994.7,2612239034,4,16108,816,2533.7,2270.2,395,7.07,2,9,16,7000,10,2,2,0
6149,18.87,52.0,7149,4788,5903,2462274,0,128,1,-175.5,80.0,994.7,2612239330,4,16108,816,2533.7,2270.2,395,0.35,1,10,23,6,274,3,1,0
6150,13.94,52.0,7149,4796,5902,2447876,0,128,1,-175.5,80.0,994.7,2612240990,4,16108,816,2533.7,2270.2,395,7.89,1,8,15,7757,5,67,2,0
6151,21.73,52.0,7149,4780,5890,2441060,0,128,1,-175.5,80.0,994.7,2612240926,4,16108,816,2533.7,2270.2,395,0.31,1,9,17,6,245,2,1,0
6152,13.80,52.0,7149,4773,5887,2431774,0,128,1,-175.5,80.0,994.7,2612242226,4,16108,816,2533.7,2270.2,395,6.74,1,9,15,6668,4,1,2,0
6153,17.22,52.0,7149,3323,4436,2281881,0,128,1,-175.5,80.0,994.7,2612242522,4,16108,816,2533.7,2270.2,395,0.33,1,8,16,5,251,2,2,0
6154,13.51,52.0,7149,3236,4343,2254285,0,128,1,-175.5,80.0,994.7,2612243822,4,16108,816,2533.7,2270.2,395,6.92,1,9,16,6801,4,51,2,0
6155,18.42,52.0,7149,3165,4265,2219819,0,128,1,-175.5,80.0,994.7,2612245434,4,16108,816,2533.7,2270.2,395,0.32,1,9,16,5,248,3,1,0
6156,13.49,52.0,7149,3147,4247,2218358,0,128,1,-175.5,80.0,994.7,2612246422,4,16108,816,2533.7,2270.2,395,7.08,1,9,17,7002,6,3,3,0
6157,17.24,52.0,7149,3094,4193,2195578,0,128,1,-175.5,80.0,994.7,2612247722,4,16108,816,2533.7,2270.2,395,0.34,0,9,16,6,274,1,1,0
6158,13.49,52.0,7149,3078,4141,2198383,0,128,1,-175.5,80.0,994.7,2612249022,4,16108,816,2533.7,2270.2,395,7.47,1,15,30,7313,7,60,2,0
6159,17.64,52.0,7149,3019,4054,2187274,0,128,1,-175.5,80.0,994.7,2612250322,4,16108,816,2533.7,2270.2,395,0.35,2,10,16,6,282,2,1,0
6160,13.09,52.0,7149,2870,3901,2150610,0,128,1,-175.5,80.0,994.7,2612251622,4,16108,816,2533.7,2270.2,395,7.17,1,12,20,7083,6,3,2,0
6161,16.43,52.0,7149,2669,3696,2047024,0,128,1,-175.5,80.0,994.7,2612252922,4,16108,816,2533.7,2270.2,395,0.34,1,8,16,6,270,3,1,0
6162,13.03,52.0,7149,2519,3369,2018405,0,128,1,-175.5,80.0,994.7,2612254222,4,16108,816,2533.7,2270.2,395,7.56,1,9,15,7424,6,64,1,0
6163,16.39,52.0,7149,2464,3284,1994307,0,128,1,-175.5,80.0,994.7,2612255522,4,16108,816,2533.7,2270.2,395,0.34,1,10,15,5,277,2,1,0
6164,12.96,52.0,7149,2423,3245,1961911,0,128,1,-175.5,80.0,994.7,2612256822,4,16108,816,2533.7,2270.2,395,6.99,1,9,17,6920,3,2,2,0
6165,15.58,52.0,7149,2375,3195,1924527,0,128,1,-175.5,80.0,994.7,2612260186,4,16108,816,2533.7,2270.2,395,0.32,1,10,16,5,255,2,1,0
6166,13.12,52.0,7149,2310,3129,1883419,0,128,1,-175.5,80.0,994.7,2612259422,4,16108,816,2533.7,2270.2,395,7.04,2,9,24,6914,3,49,2,0
6167,15.74,52.0,7149,2291,3110,1881287,0,128,1,-175.5,80.0,994.7,2612262786,4,16108,816,2533.7,2270.2,395,0.41,1,9,15,5,334,4,2,0
6168,11.32,52.0,7149,2197,3015,1860491,0,128,1,-175.5,80.0,994.7,2612262038,4,16108,816,2533.7,2270.2,395,7.68,0,8,15,7605,7,3,3,0
6169,15.99,52.0,7149,2201,3013,1851327,0,128,1,-175.5,80.0,994.7,2612263338,4,16108,816,2533.7,2270.2,395,0.32,1,9,16,5,252,2,2,0
6170,11.49,52.0,7149,2195,3005,1841561,0,128,1,-175.5,80.0,994.7,2612263634,4,16108,816,2533.7,2270.2,395,7.26,1,9,16,7131,6,56,1,0
6171,16.16,52.0,7149,2190,3000,1840453,0,128,1,-175.5,80.0,994.7,2612264934,4,16108,816,2533.7,2270.2,395,0.34,0,10,16,5,273,2,2,0
6172,11.45,52.0,7149,2190,3000,1840453,0,128,1,-175.5,80.0,994.7,2612267294,4,16108,816,2533.7,2270.2,395,7.24,1,10,16,7155,6,2,2,0
6173,15.13,52.0,7149,2191,2999,1835845,0,128,1,-175.5,80.0,994.7,2612265542,4,16108,816,2533.7,2270.2,395,0.33,1,10,16,5,259,2,2,0
6174,10.84,52.0,7149,2185,2982,1780469,0,128,1,-175.5,80.0,994.7,2612265838,4,16108,816,2533.7,2270.2,395,7.48,1,9,15,7345,7,61,5,0
6175,15.35,52.0,7149,2174,2971,1765997,0,128,1,-175.5,80.0,994.7,2612269218,4,16108,816,2533.7,2270.2,395,0.33,1,9,16,5,263,2,1,0
6176,10.93,52.0,7149,2172,2970,1766013,0,128,1,-175.5,80.0,994.7,2612268438,4,16108,816,2533.7,2270.2,395,7.19,1,10,16,7116,5,3,2,0
6177,15.90,52.0,7149,2135,2927,1765861,0,128,1,-175.5,80.0,994.7,2612270814,4,16108,816,2533.7,2270.2,395,0.42,2,13,22,7,327,3,1,0
6178,10.95,52.0,7149,2135,2927,1765861,0,128,1,-175.5,80.0,994.7,2612270050,4,16108,816,2533.7,2270.2,395,7.68,1,10,16,7554,7,57,2,0
6179,15.95,52.0,7149,2130,2921,1758557,0,128,1,-175.5,80.0,994.7,2612270346,4,16108,816,2533.7,2270.2,395,0.36,1,11,18,6,273,2,2,0
6180,11.69,52.0,7149,2129,2920,1758473,0,128,1,-175.5,80.0,994.7,2612272078,4,16108,816,2533.7,2270.2,395,7.50,1,9,17,7430,6,3,2,0
6181,16.24,52.0,7149,2129,2920,1758473,0,128,1,-175.5,80.0,994.7,2612271942,4,16108,816,2533.7,2270.2,395,0.32,1,9,16,5,254,2,1,0
6182,10.12,52.0,7149,2129,2919,1754181,0,128,1,-175.5,80.0,994.7,2612274318,4,16108,816,2533.7,2270.2,395,7.00,1,9,17,6879,4,50,2,0
6183,14.97,52.0,7149,2129,2918,1753397,0,128,1,-175.5,80.0,994.7,2612272550,4,16108,816,2533.7,2270.2,395,0.33,1,9,17,5,259,3,1,0
6184,9.76,52.0,7149,2132,2917,1753313,0,128,1,-175.5,80.0,994.7,2612272846,4,16108,816,2533.7,2270.2,395,7.71,1,9,26,7629,8,2,2,0
6185,16.19,52.0,7149,2133,2917,1757919,0,128,1,-175.5,80.0,994.7,2612275138,4,16108,816,2533.7,2270.2,395,0.34,1,9,16,6,271,3,1,0
6186,9.74,52.0,7149,2125,2906,1753793,0,128,1,-175.5,80.0,994.7,2612273438,4,16108,816,2533.7,2270.2,395,6.98,1,10,17,6851,4,58,2,0
6187,15.98,52.0,7149,2125,2905,1753791,0,128,1,-175.5,80.0,994.7,2612276734,4,16108,816,2533.7,2270.2,395,0.33,1,9,15,5,259,2,1,0
6188,9.79,52.0,7149,2126,2907,1753877,0,128,1,-175.5,80.0,994.7,2612275050,4,16108,816,2533.7,2270.2,395,7.39,0,10,16,7316,5,2,2,0
6189,15.75,52.0,7149,2206,2989,1773446,0,128,1,-175.5,80.0,994.7,2612275246,4,16108,816,2533.7,2270.2,395,0.32,0,9,17,6,251,2,2,0
6190,9.80,52.0,7149,2210,2993,1766650,0,128,1,-175.5,80.0,994.7,2612275642,4,16108,816,2533.7,2270.2,395,7.23,1,10,15,7097,6,63,2,0
6191,15.05,52.0,7149,2211,2994,1771340,0,128,1,-175.5,80.0,994.7,2612277934,4,16108,816,2533.7,2270.2,395,0.31,2,10,16,6,246,3,1,0
6192,9.85,52.0,7149,2210,2992,1762158,0,128,1,-175.5,80.0,994.7,2612276250,4,16108,816,2533.7,2270.2,395,7.39,2,13,18,7298,7,2,3,0
6193,15.40,52.0,7149,2210,2984,1766432,0,128,1,-175.5,80.0,994.7,2612276446,4,16108,816,2533.7,2270.2,395,0.33,1,10,17,5,261,2,1,0
6194,10.10,52.0,7149,2213,2992,1771126,0,128,1,-175.5,80.0,994.7,2612277846,4,16108,816,2533.7,2270.2,395,7.77,1,10,18,7623,7,68,2,0
6195,16.01,52.0,7149,2218,2991,1772462,0,128,1,-175.5,80.0,994.7,2612280254,4,16108,816,2533.7,2270.2,395,0.34,1,10,16,5,271,2,2,0
6196,9.81,52.0,7149,2221,2994,1764206,0,128,1,-175.5,80.0,994.7,2612278454,4,16108,816,2533.7,2270.2,395,7.75,1,9,16,7661,7,3,5,0
6197,15.80,52.0,7149,2257,3027,1765060,0,128,1,-175.5,80.0,994.7,2612278650,4,16108,816,2533.7,2270.2,395,0.33,2,11,17,6,249,3,1,0
6198,9.51,52.0,7149,2257,3028,1765062,0,128,1,-175.5,80.0,994.7,2612279046,4,16108,816,2533.7,2270.2,395,8.17,1,8,17,8102,0,0,0,0
6199,16.28,52.0,7149,2256,3027,1765060,0,128,1,-175.5,80.0,994.7,2612281354,4,16108,816,2533.7,2270.2,395,0.32,1,9,16,5,250,2,1,0
6200,9.58,52.0,7149,2276,3048,1766002,0,128,1,-175.5,80.0,994.7,2612279654,4,16108,816,2533.7,2270.2,395,7.00,1,9,17,6930,4,2,2,0
6201,15.75,52.0,7149,2290,3060,1757912,0,128,1,-175.5,80.0,994.7,2612280162,4,16108,816,2533.7,2270.2,395,0.32,1,9,16,5,248,1,1,0
6202,9.53,68.0,7149,2289,3061,1761802,0,128,1,-175.5,80.0,994.7,2612280246,4,16108,816,2533.7,2270.2,395,7.80,1,10,15,7662,7,59,3,0
6203,16.79,68.0,7149,2293,3065,1766586,0,128,1,-175.5,80.0,994.7,2612282570,4,16108,816,2533.7,2270.2,395,0.37,1,14,17,5,284,3,1,0
6204,9.52,68.0,7149,2162,2936,1662302,0,128,1,-175.5,80.0,994.7,2612280854,4,16108,816,2533.7,2270.2,395,7.23,1,16,16,7146,8,3,2,0
6205,16.83,68.0,7149,2166,2939,1662529,0,128,1,-175.5,80.0,994.7,2612282054,4,16108,816,2533.7,2270.2,395,0.33,1,9,16,5,264,2,1,0
6206,9.56,68.0,7149,2171,2944,1662801,0,128,1,-175.5,80.0,994.7,2612282450,4,16108,816,2533.7,2270.2,395,7.15,1,10,17,7021,4,53,2,0
6207,15.24,68.0,7149,2171,2942,1662475,0,128,1,-175.5,80.0,994.7,2612284774,4,16108,816,2533.7,2270.2,395,0.37,1,11,19,6,290,3,2,0
6208,10.06,68.0,7149,2168,2940,1662213,0,128,1,-175.5,80.0,994.7,2612283058,4,16108,816,2533.7,2270.2,395,7.57,1,9,17,7479,11,4,3,0
6209,15.64,68.0,7149,2167,2941,1648557,0,128,1,-175.5,80.0,994.7,2612283354,4,16108,816,2533.7,2270.2,395,0.32,1,9,16,5,250,2,1,0
6210,10.55,68.0,7149,2158,2928,1639557,0,128,1,-175.5,80.0,994.7,2612284010,4,16108,816,2533.7,2270.2,395,7.08,0,9,16,6953,6,59,3,0
6211,16.41,68.0,7149,2152,2922,1639293,0,128,1,-175.5,80.0,994.7,2612287094,4,16108,816,2533.7,2270.2,395,0.34,1,8,28,6,261,2,2,0
6212,9.48,68.0,7149,2138,2909,1638105,0,128,1,-175.5,80.0,994.7,2612286266,4,16108,816,2533.7,2270.2,395,7.78,1,9,16,7702,7,2,2,0
6213,15.94,68.0,7149,2138,2908,1638103,0,128,1,-175.5,80.0,994.7,2612287466,4,16108,816,2533.7,2270.2,395,0.33,1,9,16,5,265,3,1,0
6214,9.98,68.0,7149,2126,2897,1635165,0,128,1,-175.5,80.0,994.7,2612290006,4,16108,816,2533.7,2270.2,395,7.19,1,9,17,7060,6,59,2,0
6215,15.64,68.0,7149,2121,2892,1634195,0,128,1,-175.5,80.0,994.7,2612289178,4,16108,816,2533.7,2270.2,395,0.37,3,23,17,5,282,2,2,0
6216,10.03,68.0,7149,2119,2890,1638551,0,128,1,-175.5,80.0,994.7,2612289474,4,16108,816,2533.7,2270.2,395,7.67,1,10,18,7590,8,2,2,0
6217,15.59,68.0,7149,2119,2890,1638551,0,128,1,-175.5,80.0,994.7,2612291930,4,16108,816,2533.7,2270.2,395,0.32,1,10,16,5,250,2,2,0
6218,9.97,68.0,7149,2115,2886,1638215,0,128,1,-175.5,80.0,994.7,2612290082,4,16108,816,2533.7,2270.2,395,7.06,1,10,16,6932,4,46,2,0
6219,15.44,68.0,7149,2151,2921,1637797,0,128,1,-175.5,80.0,994.7,2612290378,4,16108,816,2533.7,2270.2,395,0.34,1,9,16,5,270,3,1,0
6220,9.98,68.0,7149,2196,2965,1639711,0,128,1,-175.5,80.0,994.7,2612290674,4,16108,816,2533.7,2270.2,395,7.37,2,15,25,7258,6,2,3,0
6221,15.36,68.0,7149,2200,2969,1639941,0,128,1,-175.5,80.0,994.7,2612293130,4,16108,816,2533.7,2270.2,395,0.33,2,9,16,6,266,2,2,0
6222,9.67,68.0,7149,2201,2979,1640019,0,128,1,-175.5,80.0,994.7,2612291282,4,16108,816,2533.7,2270.2,395,7.13,1,9,18,6995,3,48,5,0
6223,15.72,68.0,7149,2243,3028,1644663,0,128,1,-175.5,80.0,994.7,2612293654,4,16108,816,2533.7,2270.2,395,0.33,1,9,16,5,252,2,2,0
6224,9.70,68.0,7149,2234,3029,1644257,0,128,1,-175.5,80.0,994.7,2612291874,4,16108,816,2533.7,2270.2,395,7.33,0,11,24,7248,6,2,3,0
6225,15.35,68.0,7149,2238,3028,1644255,0,128,1,-175.5,80.0,994.7,2612294246,4,16108,816,2533.7,2270.2,395,0.34,1,11,16,5,262,3,1,0
6226,9.62,68.0,7149,2269,3066,1645591,0,128,1,-175.5,80.0,994.7,2612292482,4,16108,816,2533.7,2270.2,395,7.07,1,9,16,6932,7,65,3,0
6227,15.42,68.0,7149,2296,3092,1647561,0,128,1,-175.5,80.0,994.7,2612294854,4,16108,816,2533.7,2270.2,395,0.35,1,9,16,5,274,2,2,0
6228,9.79,68.0,7149,2153,2950,1644488,0,128,1,-175.5,80.0,994.7,2612293090,4,16108,816,2533.7,2270.2,395,7.11,1,10,17,7030,5,3,3,0
6229,15.63,68.0,7149,2119,2914,1640366,0,128,1,-175.5,80.0,994.7,2612296482,4,16108,816,2533.7,2270.2,395,0.61,1,10,15,6,524,3,2,0
6230,9.39,68.0,7149,2115,2911,1640320,0,128,1,-175.5,80.0,994.7,2612295706,4,16108,816,2533.7,2270.2,395,7.27,1,9,16,7121,6,72,2,0
6231,16.45,68.0,7149,2114,2908,1634926,0,128,1,-175.5,80.0,994.7,2612295902,4,16108,816,2533.7,2270.2,395,0.34,1,11,17,5,268,2,1,0
6232,9.60,68.0,7149,2120,2913,1635952,0,128,1,-175.5,80.0,994.7,2612296298,4,16108,816,2533.7,2270.2,395,7.02,1,9,15,6950,4,2,2,0
6233,15.01,68.0,7149,2120,2912,1635950,0,128,1,-175.5,80.0,994.7,2612298686,4,16108,816,2533.7,2270.2,395,0.33,1,9,16,5,253,2,1,0
6234,9.48,68.0,7149,2101,2893,1656858,0,128,1,-175.5,80.0,994.7,2612296906,4,16108,816,2533.7,2270.2,395,7.21,2,9,16,7078,5,58,2,0
6235,15.15,68.0,7149,2060,2850,1644210,0,128,1,-175.5,80.0,994.7,2612300314,4,16108,816,2533.7,2270.2,395,0.36,1,10,17,6,292,2,2,0
6236,9.49,68.0,7149,2055,2851,1643384,0,128,1,-175.5,80.0,994.7,2612299522,4,16108,816,2533.7,2270.2,395,7.68,1,10,16,7602,7,2,2,0
6237,15.33,68.0,7149,1970,2765,1623027,0,128,1,-175.5,80.0,994.7,2612299718,4,16108,816,2533.7,2270.2,395,0.36,1,9,16,5,282,3,2,0
6238,9.48,68.0,7149,1970,2766,1623029,0,128,1,-175.5,80.0,994.7,2612303326,4,16108,816,2533.7,2270.2,395,7.64,2,14,23,7486,6,59,2,0
6239,15.80,68.0,7149,1957,2752,1618155,0,128,1,-175.5,80.0,994.7,2612301330,4,16108,816,2533.7,2270.2,395,0.37,1,10,18,15,286,2,2,0
6240,11.30,68.0,7149,1962,2768,1618499,0,128,1,-175.5,80.0,994.7,2612303090,4,16108,816,2533.7,2270.2,395,7.00,1,9,16,6937,3,3,2,0
6241,16.61,68.0,7149,1970,2772,1618817,0,128,1,-175.5,80.0,994.7,2612305250,4,16108,816,2533.7,2270.2,395,0.34,2,9,17,5,272,3,1,0
6242,9.77,68.0,7149,1485,2288,1479665,0,128,1,-175.5,80.0,994.7,2612303338,4,16108,816,2533.7,2270.2,395,7.33,1,10,18,7185,20,61,2,0
6243,14.31,68.0,7149,1480,2277,1456623,0,128,1,-175.5,80.0,994.7,2612304538,4,16108,816,2533.7,2270.2,395,0.31,1,9,17,5,243,2,2,0
6244,9.46,68.0,7149,1482,2280,1456869,0,128,1,-175.5,80.0,994.7,2612308162,4,16108,816,2533.7,2270.2,395,7.31,1,10,16,7239,6,2,2,0
6245,14.43,68.0,7149,1482,2279,1456867,0,128,1,-175.5,80.0,994.7,2612308358,4,16108,816,2533.7,2270.2,395,0.33,1,9,16,5,263,2,2,0
6246,9.81,68.0,7149,1477,2275,1452089,0,128,1,-175.5,80.0,994.7,2612306546,4,16108,816,2533.7,2270.2,395,7.78,1,10,18,7639,8,59,2,0
6247,14.32,68.0,7149,1477,2272,1446695,0,128,1,-175.5,80.0,994.7,2612308982,4,16108,816,2533.7,2270.2,395,0.32,1,10,17,6,247,2,2,0
6248,9.63,68.0,7149,1476,2249,1445701,0,128,1,-175.5,80.0,994.7,2612307154,4,16108,816,2533.7,2270.2,395,6.99,1,9,17,6915,5,3,2,0
6249,14.69,68.0,7149,1476,2248,1445699,0,128,1,-175.5,80.0,994.7,2612310594,4,16108,816,2533.7,2270.2,395,0.32,1,9,17,8,246,2,2,0
6250,9.80,68.0,7149,1486,2258,1451775,0,128,1,-175.5,80.0,994.7,2612308766,4,16108,816,2533.7,2270.2,395,7.58,1,9,17,7427,7,73,3,0
6251,14.60,68.0,7149,1479,2243,1445923,0,128,1,-175.5,80.0,994.7,2612311530,4,16108,816,2533.7,2270.2,395,0.34,1,9,16,5,263,3,1,0
6252,9.70,68.0,7149,1475,2224,1445869,0,128,1,-175.5,80.0,994.7,2612310378,4,16108,816,2533.7,2270.2,395,7.17,2,9,17,7099,6,3,2,0
6253,14.38,68.0,7149,1477,2224,1445051,0,128,1,-175.5,80.0,994.7,2612313834,4,16108,816,2533.7,2270.2,395,0.33,1,9,24,6,253,2,2,0
6254,8.94,68.0,7149,1469,2216,1444337,0,128,1,-175.5,80.0,994.7,2612311990,4,16108,816,2533.7,2270.2,395,7.42,2,10,17,7277,10,61,3,0
6255,14.79,68.0,7149,1468,2215,1444335,0,128,1,-175.5,80.0,994.7,2612315462,4,16108,816,2533.7,2270.2,395,0.34,2,9,16,6,272,2,2,0
6256,9.01,68.0,7149,1468,2216,1444337,0,128,1,-175.5,80.0,994.7,2612313602,4,16108,816,2533.7,2270.2,395,7.48,2,12,18,7386,7,3,2,0
6257,15.23,68.0,7149,1471,2215,1444335,0,128,1,-175.5,80.0,994.7,2612313798,4,16108,816,2533.7,2270.2,395,0.33,1,10,17,5,262,2,1,0
6258,9.08,68.0,7149,1471,2216,1444337,0,128,1,-175.5,80.0,994.7,2612316466,4,16108,816,2533.7,2270.2,395,7.55,1,9,15,7425,6,59,2,0
6259,14.74,68.0,7149,1468,2213,1438943,0,128,1,-175.5,80.0,994.7,2612314406,4,16108,816,2533.7,2270.2,395,0.32,1,10,16,5,247,2,1,0
6260,9.04,68.0,7149,1470,2214,1438945,0,128,1,-175.5,80.0,994.7,2612314802,4,16108,816,2533.7,2270.2,395,6.97,1,9,17,6894,4,3,2,0
6261,14.48,68.0,7149,1470,2213,1438943,0,128,1,-175.5,80.0,994.7,2612317286,4,16108,816,2533.7,2270.2,395,0.37,1,36,18,6,265,2,1,0
6262,8.50,68.0,7149,1477,2219,1439855,0,128,1,-175.5,80.0,994.7,2612315410,4,16108,816,2533.7,2270.2,395,7.25,1,10,16,7101,7,73,2,0
6263,14.20,68.0,7149,1474,2218,1439853,0,128,1,-175.5,80.0,994.7,2612317894,4,16108,816,2533.7,2270.2,395,0.37,1,9,16,6,295,8,5,0
6264,8.54,68.0,7149,1462,2210,1430959,0,128,1,-175.5,80.0,994.7,2612316018,4,16108,816,2533.7,2270.2,395,7.80,1,11,18,7714,7,2,2,0
6265,15.10,68.0,7149,1459,2208,1430173,0,128,1,-175.5,80.0,994.7,2612319522,4,16108,816,2533.7,2270.2,395,0.35,3,14,17,5,263,2,2,0
6266,8.52,68.0,7149,1440,2189,1425111,0,128,1,-175.5,80.0,994.7,2612317630,4,16108,816,2533.7,2270.2,395,6.78,1,10,16,6662,5,52,2,0
6267,14.32,68.0,7149,1440,2188,1425109,0,128,1,-175.5,80.0,994.7,2612318830,4,16108,816,2533.7,2270.2,395,0.32,1,10,17,5,251,2,2,0
6268,8.57,68.0,7149,1436,2185,1424407,0,128,1,-175.5,80.0,994.7,2612321530,4,16108,816,2533.7,2270.2,395,7.29,1,8,16,7220,5,2,3,0
6269,14.58,68.0,7149,1413,2160,1420577,0,128,1,-175.5,80.0,994.7,2612319438,4,16108,816,2533.7,2270.2,395,0.31,1,9,15,5,244,2,1,0
6270,8.83,68.0,7149,1412,2161,1420579,0,128,1,-175.5,80.0,994.7,2612321198,4,16108,816,2533.7,2270.2,395,7.06,1,9,16,6928,5,55,6,0
6271,14.95,68.0,7149,1411,2160,1420577,0,128,1,-175.5,80.0,994.7,2612323354,4,16108,816,2533.7,2270.2,395,0.32,1,9,17,5,252,2,1,0
6272,8.74,68.0,7149,1411,2161,1420579,0,128,1,-175.5,80.0,994.7,2612321446,4,16108,816,2533.7,2270.2,395,7.14,1,15,21,6998,5,2,3,0
6273,14.32,68.0,7149,1411,2160,1420577,0,128,1,-175.5,80.0,994.7,2612323962,4,16108,816,2533.7,2270.2,395,0.34,1,10,17,5,266,2,1,0
6274,8.77,68.0,7149,1399,2149,1415499,0,128,1,-175.5,80.0,994.7,2612322054,4,16108,816,2533.7,2270.2,395,7.10,1,11,18,6967,4,53,2,0
6275,13.82,68.0,7149,1399,2148,1415497,0,128,1,-175.5,80.0,994.7,2612325590,4,16108,816,2533.7,2270.2,395,0.35,1,10,17,12,277,3,2,0
6276,8.88,68.0,7149,1385,2137,1410099,0,128,1,-175.5,80.0,994.7,2612323666,4,16108,816,2533.7,2270.2,395,7.05,1,9,20,6979,4,3,2,0
6277,14.59,68.0,7149,1385,2136,1410097,0,128,1,-175.5,80.0,994.7,2612324866,4,16108,816,2533.7,2270.2,395,0.33,1,9,17,6,263,2,1,0
6278,8.77,68.0,7149,1379,2129,1409191,0,128,1,-175.5,80.0,994.7,2612327598,4,16108,816,2533.7,2270.2,395,7.65,1,10,16,7515,7,60,2,0
6279,14.19,68.0,7149,1365,2106,1402473,0,128,1,-175.5,80.0,994.7,2612326478,4,16108,816,2533.7,2270.2,395,0.33,0,9,19,9,253,2,1,0
6280,8.78,68.0,7149,1363,2103,1399595,0,128,1,-175.5,80.0,994.7,2612327878,4,16108,816,2533.7,2270.2,395,7.00,1,11,17,6930,4,2,2,0
6281,14.13,68.0,7149,1362,2101,1399209,0,128,1,-175.5,80.0,994.7,2612330426,4,16108,816,2533.7,2270.2,395,0.32,1,10,16,5,251,2,2,0
6282,8.76,68.0,7149,1225,1968,1300761,0,128,1,-175.5,80.0,994.7,2612328486,4,16108,816,2533.7,2270.2,395,7.23,1,10,17,7086,5,59,2,0
6283,14.12,68.0,7149,1225,1967,1300759,0,128,1,-175.5,80.0,994.7,2612332038,4,16108,816,2533.7,2270.2,395,0.33,1,9,16,5,262,2,1,0
6284,8.85,82.0,7149,1225,1968,1300761,0,128,1,-175.5,80.0,994.7,2612330098,4,16108,816,2533.7,2270.2,395,7.08,2,11,17,6978,14,5,3,0
6285,13.49,82.0,7149,1216,1959,1304909,0,128,1,-175.5,80.0,994.7,2612332662,4,16108,816,2533.7,2270.2,395,0.31,1,9,16,5,241,2,2,0
6286,8.77,82.0,7149,1216,1960,1304911,0,128,1,-175.5,80.0,994.7,2612331710,4,16108,816,2533.7,2270.2,395,7.21,1,9,17,7078,4,64,2,0
6287,14.04,82.0,7149,1216,1959,1304909,0,128,1,-175.5,80.0,994.7,2612334274,4,16108,816,2533.7,2270.2,395,0.33,1,9,17,5,262,3,1,0
6288,8.36,82.0,7149,1209,1951,1304199,0,128,1,-175.5,80.0,994.7,2612332318,4,16108,816,2533.7,2270.2,395,7.59,1,10,17,7519,7,2,2,0
6289,14.42,82.0,7149,1205,1946,1303941,0,128,1,-175.5,80.0,994.7,2612335902,4,16108,816,2533.7,2270.2,395,0.35,1,9,17,5,288,2,1,0
6290,8.53,82.0,7149,1205,1947,1303943,0,128,1,-175.5,80.0,994.7,2612333930,4,16108,816,2533.7,2270.2,395,7.18,1,9,17,7041,4,68,2,0
6291,15.01,82.0,7149,1192,1933,1297493,0,128,1,-175.5,80.0,994.7,2612336510,4,16108,816,2533.7,2270.2,395,0.33,1,9,18,6,257,1,1,0
6292,8.23,82.0,7149,1192,1934,1297495,0,128,1,-175.5,80.0,994.7,2612335542,4,16108,816,2533.7,2270.2,395,7.30,1,9,31,7182,13,3,2,0
6293,13.88,82.0,7149,1192,1933,1297493,0,128,1,-175.5,80.0,994.7,2612338138,4,16108,816,2533.7,2270.2,395,0.31,1,10,15,5,239,2,1,0
6294,8.51,82.0,7149,1192,1934,1297495,0,128,1,-175.5,80.0,994.7,2612336150,4,16108,816,2533.7,2270.2,395,7.23,1,10,17,7106,6,53,2,0
6295,13.86,82.0,7149,1190,1932,1292885,0,128,1,-175.5,80.0,994.7,2612338746,4,16108,816,2533.7,2270.2,395,0.32,1,9,15,5,256,2,1,0
6296,8.46,82.0,7149,1195,1937,1295687,0,128,1,-175.5,80.0,994.7,2612336758,4,16108,816,2533.7,2270.2,395,7.32,2,12,21,7225,6,2,2,0
6297,14.06,82.0,7149,1195,1936,1295685,0,128,1,-175.5,80.0,994.7,2612339370,4,16108,816,2533.7,2270.2,395,0.40,1,11,19,6,321,3,2,0
6298,7.84,82.0,7149,1198,1937,1295687,0,128,1,-175.5,80.0,994.7,2612337366,4,16108,816,2533.7,2270.2,395,7.38,1,9,16,7243,5,61,2,0
6299,14.33,82.0,7149,1198,1936,1295685,0,128,1,-175.5,80.0,994.7,2612337562,4,16108,816,2533.7,2270.2,395,0.31,1,9,16,6,240,2,1,0
6300,8.42,82.0,7149,1201,1940,1295999,0,128,1,-175.5,80.0,994.7,2612340734,4,16108,816,2533.7,2270.2,395,7.04,1,9,16,6964,5,2,2,0
6301,14.37,82.0,7149,1071,1810,985601,0,128,1,-175.5,80.0,994.7,2612338170,4,16108,816,2533.7,2270.2,395,0.36,1,12,20,6,278,2,2,0
6302,8.10,82.0,7149,1073,1811,985603,0,128,1,-175.5,80.0,994.7,2612342002,4,16108,816,2533.7,2270.2,395,7.51,1,9,18,7376,6,58,3,0
6303,13.85,82.0,7149,1073,1810,985601,0,128,1,-175.5,80.0,994.7,2612339782,4,16108,816,2533.7,2270.2,395,0.32,1,9,16,6,253,2,1,0
6304,7.88,82.0,7149,1068,1805,982578,0,128,1,-175.5,80.0,994.7,2612342610,4,16108,816,2533.7,2270.2,395,7.29,1,10,17,7209,7,3,2,0
6305,13.66,82.0,7149,1068,1803,977968,0,128,1,-175.5,80.0,994.7,2612340390,4,16108,816,2533.7,2270.2,395,0.31,1,9,16,5,245,2,1,0
6306,8.98,82.0,7149,1068,1804,977970,0,128,1,-175.5,80.0,994.7,2612341098,4,16108,816,2533.7,2270.2,395,7.68,1,9,17,7558,6,54,3,0
6307,14.12,82.0,7149,1068,1803,977968,0,128,1,-175.5,80.0,994.7,2612343430,4,16108,816,2533.7,2270.2,395,0.42,1,12,21,8,332,3,2,0
6308,8.54,82.0,7149,1068,1804,977970,0,128,1,-175.5,80.0,994.7,2612343826,4,16108,816,2533.7,2270.2,395,7.15,0,9,30,7052,4,3,2,0
6309,13.41,82.0,7149,1068,1803,977968,0,128,1,-175.5,80.0,994.7,2612341606,4,16108,816,2533.7,2270.2,395,0.33,1,9,17,5,266,3,1,0
6310,8.64,82.0,7149,1060,1795,977042,0,128,1,-175.5,80.0,994.7,2612342002,4,16108,816,2533.7,2270.2,395,7.34,2,17,16,7198,7,61,2,0
6311,13.56,82.0,7149,1060,1794,977040,0,128,1,-175.5,80.0,994.7,2612345666,4,16108,816,2533.7,2270.2,395,0.33,1,9,17,5,263,2,1,0
6312,8.69,82.0,7149,1056,1791,976986,0,128,1,-175.5,80.0,994.7,2612343614,4,16108,816,2533.7,2270.2,395,7.89,1,10,17,7815,5,3,3,0
6313,14.21,82.0,7149,1056,1790,976984,0,128,1,-175.5,80.0,994.7,2612346274,4,16108,816,2533.7,2270.2,395,0.35,1,9,16,5,281,2,2,0
6314,8.60,82.0,7149,1056,1791,976986,0,128,1,-175.5,80.0,994.7,2612344222,4,16108,816,2533.7,2270.2,395,7.10,0,9,16,6968,7,62,2,0
6315,13.70,82.0,7149,1059,1794,977320,0,128,1,-175.5,80.0,994.7,2612346898,4,16108,816,2533.7,2270.2,395,0.32,1,9,17,5,250,2,1,0
6316,8.10,82.0,7149,1074,1810,982678,0,128,1,-175.5,80.0,994.7,2612344830,4,16108,816,2533.7,2270.2,395,7.33,1,9,16,7261,8,2,2,0
6317,13.92,82.0,7149,1073,1808,982606,0,128,1,-175.5,80.0,994.7,2612347506,4,16108,816,2533.7,2270.2,395,0.34,1,17,23,6,254,2,1,0
6318,8.17,82.0,7149,1005,1739,911142,0,128,1,-175.5,80.0,994.7,2612345438,4,16108,816,2533.7,2270.2,395,7.59,1,9,17,7445,6,70,2,0
6319,14.51,82.0,7149,1005,1738,911140,0,128,1,-175.5,80.0,994.7,2612349134,4,16108,816,2533.7,2270.2,395,0.36,1,17,22,6,268,2,1,0
6320,8.01,82.0,7149,995,1732,897038,0,128,1,-175.5,80.0,994.7,2612347050,4,16108,816,2533.7,2270.2,395,7.77,2,10,16,7687,8,3,3,0
6321,13.73,82.0,7149,1001,1735,901814,0,128,1,-175.5,80.0,994.7,2612350646,4,16108,816,2533.7,2270.2,395,0.32,1,9,17,5,253,2,2,0
6322,8.08,82.0,7149,1086,1822,922173,0,128,1,-175.5,80.0,994.7,2612348662,4,16108,816,2533.7,2270.2,395,7.36,2,11,18,7214,7,59,3,0
6323,13.48,82.0,7149,1083,1821,922171,0,128,1,-175.5,80.0,994.7,2612351370,4,16108,816,2533.7,2270.2,395,0.35,1,10,16,5,282,2,2,0
6324,7.72,82.0,7149,1081,1815,916653,0,128,1,-175.5,80.0,994.7,2612349270,4,16108,816,2533.7,2270.2,395,6.85,1,10,16,6781,4,2,2,0
6325,13.76,82.0,7149,1081,1814,916651,0,128,1,-175.5,80.0,994.7,2612352982,4,16108,816,2533.7,2270.2,395,0.36,2,13,19,6,272,2,1,0
6326,7.69,82.0,7149,1084,1819,916989,0,128,1,-175.5,80.0,994.7,2612350882,4,16108,816,2533.7,2270.2,395,7.21,1,8,16,7070,6,55,4,0
6327,13.59,82.0,7149,1088,1822,917419,0,128,1,-175.5,80.0,994.7,2612353606,4,16108,816,2533.7,2270.2,395,0.34,1,9,29,6,250,2,2,0
6328,7.69,82.0,7149,1088,1823,917421,0,128,1,-175.5,80.0,994.7,2612351490,4,16108,816,2533.7,2270.2,395,7.18,1,8,15,7115,5,2,3,0
6329,14.03,82.0,7149,1088,1822,917419,0,128,1,-175.5,80.0,994.7,2612354214,4,16108,816,2533.7,2270.2,395,0.35,0,10,16,6,265,5,3,0
6330,8.25,82.0,7149,1101,1835,919933,0,128,1,-175.5,80.0,994.7,2612352458,4,16108,816,2533.7,2270.2,395,6.99,1,8,16,6881,3,46,2,0
6331,14.49,82.0,7149,1101,1833,919929,0,128,1,-175.5,80.0,994.7,2612354738,4,16108,816,2533.7,2270.2,395,0.32,1,10,17,5,253,2,2,0
6332,7.58,82.0,7149,1106,1839,920891,0,128,1,-175.5,80.0,994.7,2612352606,4,16108,816,2533.7,2270.2,395,7.83,1,8,32,7733,7,3,2,0
6333,14.13,82.0,7149,1116,1848,921079,0,128,1,-175.5,80.0,994.7,2612355346,4,16108,816,2533.7,2270.2,395,0.32,1,9,16,5,257,3,1,0
6334,7.56,82.0,7149,1131,1864,923061,0,128,1,-175.5,80.0,994.7,2612353214,4,16108,816,2533.7,2270.2,395,8.16,0,14,29,8075,0,0,0,0
6335,14.14,82.0,7149,1145,1877,924125,0,128,1,-175.5,80.0,994.7,2612355970,4,16108,816,2533.7,2270.2,395,0.40,2,12,20,19,296,3,2,0
6336,7.60,82.0,7149,1092,1825,907587,0,128,1,-175.5,80.0,994.7,2612353822,4,16108,816,2533.7,2270.2,395,7.74,2,9,16,7663,4,2,3,0
6337,14.72,82.0,7149,1071,1800,892002,0,128,1,-175.5,80.0,994.7,2612355022,4,16108,816,2533.7,2270.2,395,0.35,1,11,18,7,273,3,2,0
6338,7.44,82.0,7149,1071,1801,892004,0,128,1,-175.5,80.0,994.7,2612358982,4,16108,816,2533.7,2270.2,395,7.31,0,8,15,7162,7,73,2,0
6339,13.18,82.0,7149,989,1719,871983,0,128,1,-175.5,80.0,994.7,2612359178,4,16108,816,2533.7,2270.2,395,0.32,1,9,16,5,249,3,1,0
6340,7.54,82.0,7149,988,1718,871183,0,128,1,-175.5,80.0,994.7,2612357950,4,16108,816,2533.7,2270.2,395,7.31,1,9,16,7214,6,4,4,0
6341,14.01,82.0,7149,988,1717,871181,0,128,1,-175.5,80.0,994.7,2612360722,4,16108,816,2533.7,2270.2,395,0.35,1,10,16,5,277,1,1,0
6342,7.66,82.0,7149,999,1726,874571,0,128,1,-175.5,80.0,994.7,2612358558,4,16108,816,2533.7,2270.2,395,6.93,1,10,16,6806,6,54,2,0
6343,13.25,82.0,7149,999,1725,874569,0,128,1,-175.5,80.0,994.7,2612361346,4,16108,816,2533.7,2270.2,395,0.36,2,16,26,14,270,2,1,0
6344,7.66,82.0,7149,1001,1726,874571,0,128,1,-175.5,80.0,994.7,2612359166,4,16108,816,2533.7,2270.2,395,7.20,1,10,18,7131,4,2,2,0
6345,13.47,82.0,7149,1001,1726,874571,0,128,1,-175.5,80.0,994.7,2612362054,4,16108,816,2533.7,2270.2,395,0.33,1,8,16,5,264,3,1,0
6346,7.75,82.0,7149,1001,1727,874573,0,128,1,-175.5,80.0,994.7,2612359874,4,16108,816,2533.7,2270.2,395,7.17,0,9,17,7039,4,60,2,0
6347,13.40,82.0,7149,1001,1726,874571,0,128,1,-175.5,80.0,994.7,2612362678,4,16108,816,2533.7,2270.2,395,0.32,1,10,17,6,251,2,1,0
6348,7.69,82.0,7149,1001,1727,874573,0,128,1,-175.5,80.0,994.7,2612360482,4,16108,816,2533.7,2270.2,395,7.36,2,10,24,7278,7,3,2,0
6349,13.33,82.0,7149,1002,1731,879515,0,128,1,-175.5,80.0,994.7,2612363286,4,16108,816,2533.7,2270.2,395,0.36,1,9,29,5,283,2,1,0
6350,7.67,82.0,7149,1036,1768,896169,0,128,1,-175.5,80.0,994.7,2612361090,4,16108,816,2533.7,2270.2,395,7.61,1,9,16,7482,6,56,3,0
6351,13.87,82.0,7149,1036,1767,896167,0,128,1,-175.5,80.0,994.7,2612363910,4,16108,816,2533.7,2270.2,395,0.38,1,9,18,6,304,4,2,0
6352,7.59,82.0,7149,1037,1769,900777,0,128,1,-175.5,80.0,994.7,2612364306,4,16108,816,2533.7,2270.2,395,6.83,1,9,16,6761,4,3,2,0
6353,13.39,82.0,7149,1037,1768,900775,0,128,1,-175.5,80.0,994.7,2612361910,4,16108,816,2533.7,2270.2,395,0.33,1,10,16,6,263,3,1,0
6354,7.67,82.0,7149,1037,1769,900777,0,128,1,-175.5,80.0,994.7,2612362306,4,16108,816,2533.7,2270.2,395,7.35,1,8,16,7221,11,56,2,0
6355,13.27,82.0,7149,1028,1758,894713,0,128,1,-175.5,80.0,994.7,2612365142,4,16108,816,2533.7,2270.2,395,0.32,1,10,16,6,249,2,2,0
6356,8.07,82.0,7149,1023,1754,892735,0,128,1,-175.5,80.0,994.7,2612366542,4,16108,816,2533.7,2270.2,395,7.56,1,9,17,7486,5,2,3,0
6357,13.61,82.0,7149,1023,1753,892733,0,128,1,-175.5,80.0,994.7,2612364130,4,16108,816,2533.7,2270.2,395,0.35,2,9,17,6,268,2,2,0
6358,7.67,82.0,7149,1022,1752,883519,0,128,1,-175.5,80.0,994.7,2612364526,4,16108,816,2533.7,2270.2,395,7.30,1,9,16,7178,5,54,2,0
6359,14.01,82.0,7149,1022,1751,883517,0,128,1,-175.5,80.0,994.7,2612367378,4,16108,816,2533.7,2270.2,395,0.32,1,10,15,5,255,2,1,0
6360,8.00,82.0,7149,1022,1752,883519,0,128,1,-175.5,80.0,994.7,2612368206,4,16108,816,2533.7,2270.2,395,7.84,1,9,17,7765,7,2,2,0
6361,15.04,82.0,7149,1025,1755,894421,0,128,1,-175.5,80.0,994.7,2612365346,4,16108,816,2533.7,2270.2,395,0.41,1,12,24,17,310,3,2,0
6362,7.42,82.0,7149,1025,1756,894423,0,128,1,-175.5,80.0,994.7,2612368414,4,16108,816,2533.7,2270.2,395,7.32,1,17,16,7169,7,68,3,0
6363,13.48,82.0,7149,1024,1754,889813,0,128,1,-175.5,80.0,994.7,2612365954,4,16108,816,2533.7,2270.2,395,0.34,1,11,18,6,264,2,2,0
6364,7.39,82.0,7149,1107,1840,910170,0,128,1,-175.5,80.0,994.7,2612369334,4,16108,816,2533.7,2270.2,395,7.28,1,9,24,7187,5,2,2,0
6365,13.65,82.0,7149,1107,1839,910168,0,128,1,-175.5,80.0,994.7,2612369218,4,16108,816,2533.7,2270.2,395,0.33,1,9,24,5,255,2,2,0
6366,7.65,82.0,7149,1107,1840,910170,0,128,1,-175.5,80.0,994.7,2612366974,4,16108,816,2533.7,2270.2,395,7.58,0,9,34,7436,6,60,3,0
6367,13.91,82.0,7149,1112,1843,910504,0,128,1,-175.5,80.0,994.7,2612367170,4,16108,816,2533.7,2270.2,395,0.30,1,10,16,5,237,2,1,0
6368,7.49,82.0,7149,1112,1844,910506,0,128,1,-175.5,80.0,994.7,2612370254,4,16108,816,2533.7,2270.2,395,7.34,2,18,20,7240,6,2,2,0
6369,13.68,82.0,7149,1112,1843,910504,0,128,1,-175.5,80.0,994.7,2612370450,4,16108,816,2533.7,2270.2,395,0.32,0,8,16,5,246,2,1,0
6370,7.50,82.0,7149,1116,1848,910522,0,128,1,-175.5,80.0,994.7,2612368190,4,16108,816,2533.7,2270.2,395,7.11,1,11,29,6924,9,67,6,0
6371,14.25,82.0,7149,1119,1851,910952,0,128,1,-175.5,80.0,994.7,2612368386,4,16108,816,2533.7,2270.2,395,0.32,1,9,16,5,251,2,2,0
6372,7.74,82.0,7149,1123,1857,912594,0,128,1,-175.5,80.0,994.7,2612371486,4,16108,816,2533.7,2270.2,395,7.59,1,10,16,7514,7,3,3,0
6373,13.82,82.0,7149,1123,1856,912592,0,128,1,-175.5,80.0,994.7,2612371682,4,16108,816,2533.7,2270.2,395,0.33,1,9,17,6,259,2,1,0
6374,7.87,82.0,7149,1130,1862,913554,0,128,1,-175.5,80.0,994.7,2612369406,4,16108,816,2533.7,2270.2,395,7.45,1,23,17,7303,6,58,2,0
6375,13.60,91.0,7149,1164,1895,914482,0,128,1,-175.5,80.0,994.7,2612369602,4,16108,816,2533.7,2270.2,395,0.32,1,10,17,5,248,2,1,0
6376,7.79,91.0,7149,1119,1850,834014,0,128,1,-175.5,80.0,994.7,2612372718,4,16108,816,2533.7,2270.2,395,7.14,1,9,16,7072,4,1,2,0
6377,14.13,91.0,7149,1121,1850,828052,0,128,1,-175.5,80.0,994.7,2612373918,4,16108,816,2533.7,2270.2,395,0.35,1,9,23,6,274,3,1,0
6378,7.72,91.0,7149,1155,1887,831742,0,128,1,-175.5,80.0,994.7,2612371626,4,16108,816,2533.7,2270.2,395,7.92,1,14,16,7775,8,63,2,0
6379,14.83,91.0,7149,1165,1896,831990,0,128,1,-175.5,80.0,994.7,2612371822,4,16108,816,2533.7,2270.2,395,0.33,1,9,16,6,256,2,2,0
6380,7.82,91.0,7149,1169,1901,832328,0,128,1,-175.5,80.0,994.7,2612374954,4,16108,816,2533.7,2270.2,395,7.11,1,9,17,7033,7,2,2,0
6381,13.47,91.0,7149,1169,1900,832326,0,128,1,-175.5,80.0,994.7,2612375150,4,16108,816,2533.7,2270.2,395,0.32,1,9,16,5,255,2,1,0
6382,7.84,91.0,7149,1166,1898,832242,0,128,1,-175.5,80.0,994.7,2612372842,4,16108,816,2533.7,2270.2,395,7.20,1,9,21,7076,4,47,2,0
6383,14.11,91.0,7149,1182,1924,830864,0,128,1,-175.5,80.0,994.7,2612373038,4,16108,816,2533.7,2270.2,395,0.35,1,10,19,6,276,3,2,0
6384,7.64,91.0,7149,1181,1924,830722,0,128,1,-175.5,80.0,994.7,2612376186,4,16108,816,2533.7,2270.2,395,7.43,1,9,16,7359,8,2,2,0
6385,13.69,91.0,7149,1181,1923,830720,0,128,1,-175.5,80.0,994.7,2612376382,4,16108,816,2533.7,2270.2,395,0.32,1,9,15,5,255,2,2,0
6386,7.85,91.0,7149,1181,1924,830722,0,128,1,-175.5,80.0,994.7,2612374058,4,16108,816,2533.7,2270.2,395,7.24,1,9,15,7107,5,55,2,0
6387,14.01,91.0,7149,1192,1936,831784,0,128,1,-175.5,80.0,994.7,2612374254,4,16108,816,2533.7,2270.2,395,0.34,1,9,17,5,265,2,1,0
6388,7.83,91.0,7149,1202,1946,836368,0,128,1,-175.5,80.0,994.7,2612377418,4,16108,816,2533.7,2270.2,395,6.96,1,9,16,6886,7,2,3,0
6389,13.62,91.0,7149,1225,1965,837686,0,128,1,-175.5,80.0,994.7,2612377614,4,16108,816,2533.7,2270.2,395,0.37,1,10,17,5,299,4,2,0
6390,8.15,91.0,7149,1229,1970,838024,0,128,1,-175.5,80.0,994.7,2612375634,4,16108,816,2533.7,2270.2,395,7.57,2,9,16,7427,6,72,2,0
6391,15.01,91.0,7149,1229,1969,838022,0,128,1,-175.5,80.0,994.7,2612375470,4,16108,816,2533.7,2270.2,395,0.33,1,9,17,6,263,2,2,0
6392,7.57,91.0,7149,1233,1974,838360,0,128,1,-175.5,80.0,994.7,2612378650,4,16108,816,2533.7,2270.2,395,7.36,1,9,16,7282,8,2,2,0
6393,13.73,91.0,7149,1233,1973,838358,0,128,1,-175.5,80.0,994.7,2612378846,4,16108,816,2533.7,2270.2,395,0.31,1,9,16,5,242,2,1,0
6394,7.51,91.0,7149,1234,1975,838378,0,128,1,-175.5,80.0,994.7,2612376490,4,16108,816,2533.7,2270.2,395,7.00,1,10,16,6868,6,60,2,0
6395,13.10,91.0,7149,1247,1980,838169,0,128,1,-175.5,80.0,994.7,2612376686,4,16108,816,2533.7,2270.2,395,0.34,1,10,17,6,273,3,1,0
6396,7.49,91.0,7149,1243,1975,837973,0,128,1,-175.5,80.0,994.7,2612379882,4,16108,816,2533.7,2270.2,395,7.16,2,9,16,7086,4,3,2,0
6397,14.44,91.0,7149,1242,1970,837245,0,128,1,-175.5,80.0,994.7,2612380078,4,16108,816,2533.7,2270.2,395,0.32,1,9,16,5,250,3,1,0
6398,7.52,91.0,7149,1238,1971,837431,0,128,1,-175.5,80.0,994.7,2612377706,4,16108,816,2533.7,2270.2,395,7.72,1,10,29,7578,7,61,2,0
6399,13.80,91.0,7149,1238,1970,837429,0,128,1,-175.5,80.0,994.7,2612377902,4,16108,816,2533.7,2270.2,395,0.33,1,18,17,6,257,2,1,0
6400,7.70,91.0,7149,1238,1971,837431,0,128,1,-175.5,80.0,994.7,2612381114,4,16108,816,2533.7,2270.2,395,7.85,1,9,16,7767,5,3,5,0
6401,14.55,91.0,7149,1242,1974,838993,0,128,1,-175.5,80.0,994.7,2612381310,4,16108,816,2533.7,2270.2,395,0.37,2,13,20,6,272,2,2,0
6402,7.55,91.0,7149,1296,2029,843519,0,128,1,-175.5,80.0,994.7,2612378922,4,16108,816,2533.7,2270.2,395,8.05,1,9,18,7963,0,0,0,0
6403,15.13,91.0,7149,1372,2106,894587,0,128,1,-175.5,80.0,994.7,2612379118,4,16108,816,2533.7,2270.2,395,0.33,1,10,17,5,258,2,1,0
6404,7.62,91.0,7149,1374,2109,894729,0,128,1,-175.5,80.0,994.7,2612382346,4,16108,816,2533.7,2270.2,395,7.74,1,10,33,7642,7,3,3,0
6405,14.22,91.0,7149,1389,2124,895549,0,128,1,-175.5,80.0,994.7,2612382542,4,16108,816,2533.7,2270.2,395,0.31,1,9,16,5,247,2,1,0
6406,7.58,91.0,7149,1427,2161,898635,0,128,1,-175.5,80.0,994.7,2612380138,4,16108,816,2533.7,2270.2,395,7.12,2,9,16,6990,3,60,2,0
6407,13.77,91.0,7149,1427,2160,898633,0,128,1,-175.5,80.0,994.7,2612380334,4,16108,816,2533.7,2270.2,395,0.32,1,10,15,6,252,2,1,0
6408,7.54,91.0,7149,1428,2162,898705,0,128,1,-175.5,80.0,994.7,2612383578,4,16108,816,2533.7,2270.2,395,7.74,1,10,16,7666,8,3,2,0
6409,14.81,91.0,7149,1464,2197,900137,0,128,1,-175.5,80.0,994.7,2612380942,4,16108,816,2533.7,2270.2,395,0.32,1,10,18,5,245,3,1,0
6410,7.67,91.0,7149,1534,2273,904302,0,128,1,-175.5,80.0,994.7,2612384202,4,16108,816,2533.7,2270.2,395,7.42,1,9,17,7293,6,59,1,0
6411,14.23,91.0,7149,1539,2279,904808,0,128,1,-175.5,80.0,994.7,2612381550,4,16108,816,2533.7,2270.2,395,0.34,1,10,18,6,263,3,1,0
6412,8.08,91.0,7149,1546,2287,905485,0,128,1,-175.5,80.0,994.7,2612384810,4,16108,816,2533.7,2270.2,395,7.11,1,9,17,7030,6,2,2,0
6413,14.30,91.0,7149,1604,2347,908274,0,128,1,-175.5,80.0,994.7,2612382158,4,16108,816,2533.7,2270.2,395,0.33,1,9,15,5,260,3,1,0
6414,7.51,91.0,7149,1605,2351,908538,0,128,1,-175.5,80.0,994.7,2612385434,4,16108,816,2533.7,2270.2,395,7.15,1,13,20,7011,5,52,2,0
6415,14.06,91.0,7149,1629,2375,912866,0,128,1,-175.5,80.0,994.7,2612382766,4,16108,816,2533.7,2270.2,395,0.43,1,12,19,6,348,3,1,0
6416,8.46,91.0,7149,1802,2548,937444,0,128,1,-175.5,80.0,994.7,2612386042,4,16108,816,2533.7,2270.2,395,7.27,2,10,18,7192,5,2,2,0
6417,14.20,91.0,7149,1810,2557,937572,0,128,1,-175.5,80.0,994.7,2612383374,4,16108,816,2533.7,2270.2,395,0.34,1,10,16,5,274,3,1,0
6418,7.90,91.0,7149,1822,2568,938324,0,128,1,-175.5,80.0,994.7,2612386666,4,16108,816,2533.7,2270.2,395,6.84,1,9,27,6706,4,50,2,0
6419,14.72,91.0,7149,1837,2583,939626,0,128,1,-175.5,80.0,994.7,2612383982,4,16108,816,2533.7,2270.2,395,0.35,1,12,18,7,263,3,2,0
6420,10.46,91.0,7149,1834,2581,943286,0,128,1,-175.5,80.0,994.7,2612387634,4,16108,816,2533.7,2270.2,395,7.45,1,9,16,7373,6,2,2,0
6421,16.04,91.0,7149,1834,2581,943286,0,128,1,-175.5,80.0,994.7,2612384690,4,16108,816,2533.7,2270.2,395,0.32,1,9,15,5,260,2,1,0
6422,7.91,91.0,7149,1834,2581,943286,0,128,1,-175.5,80.0,994.7,2612388210,4,16108,816,2533.7,2270.2,395,7.19,2,9,17,7071,4,50,2,0
6423,14.60,91.0,7149,1840,2585,943748,0,128,1,-175.5,80.0,994.7,2612385198,4,16108,816,2533.7,2270.2,395,0.33,1,10,16,6,263,2,1,0
6424,7.94,91.0,7149,1841,2586,943750,0,128,1,-175.5,80.0,994.7,2612388506,4,16108,816,2533.7,2270.2,395,7.34,1,14,24,7256,6,2,2,0
6425,14.13,91.0,7149,1855,2619,957780,0,128,1,-175.5,80.0,994.7,2612385806,4,16108,816,2533.7,2270.2,395,0.33,1,15,17,5,248,2,2,0
6426,7.96,91.0,7149,1871,2648,959664,0,128,1,-175.5,80.0,994.7,2612389130,4,16108,816,2533.7,2270.2,395,7.21,1,10,18,7085,6,57,2,0
6427,14.33,91.0,7149,1871,2647,959662,0,128,1,-175.5,80.0,994.7,2612386414,4,16108,816,2533.7,2270.2,395,0.32,1,9,16,5,254,2,1,0
6428,8.59,91.0,7149,1871,2648,959664,0,128,1,-175.5,80.0,994.7,2612389738,4,16108,816,2533.7,2270.2,395,7.10,1,9,17,7022,6,2,2,0
6429,15.51,91.0,7149,1881,2661,965160,0,128,1,-175.5,80.0,994.7,2612387022,4,16108,816,2533.7,2270.2,395,0.32,1,9,15,5,252,3,1,0
6430,8.60,91.0,7149,1882,2694,968180,0,128,1,-175.5,80.0,994.7,2612387418,4,16108,816,2533.7,2270.2,395,7.50,1,9,17,7369,5,58,2,0
6431,14.85,91.0,7149,1883,2731,969702,0,128,1,-175.5,80.0,994.7,2612390558,4,16108,816,2533.7,2270.2,395,0.33,1,9,16,5,262,2,2,0
6432,8.65,91.0,7149,1885,2799,974474,0,128,1,-175.5,80.0,994.7,2612390954,4,16108,816,2533.7,2270.2,395,7.07,1,9,16,6998,5,2,2,0
6433,14.46,91.0,7149,1892,2820,975724,0,128,1,-175.5,80.0,994.7,2612388238,4,16108,816,2533.7,2270.2,395,0.32,1,9,16,5,247,2,2,0
6434,9.25,91.0,7149,1975,2915,999024,0,128,1,-175.5,80.0,994.7,2612388634,4,16108,816,2533.7,2270.2,395,7.44,1,9,16,7310,6,59,2,0
6435,14.97,91.0,7149,1995,2943,1005082,0,128,1,-175.5,80.0,994.7,2612391790,4,16108,816,2533.7,2270.2,395,0.33,1,15,17,5,257,2,2,0
6436,9.30,91.0,7149,1994,2971,1006458,0,128,1,-175.5,80.0,994.7,2612389242,4,16108,816,2533.7,2270.2,395,7.18,1,10,18,7105,6,3,2,0
6437,15.68,91.0,7149,2000,2976,1007006,0,128,1,-175.5,80.0,994.7,2612392398,4,16108,816,2533.7,2270.2,395,0.34,1,9,19,8,259,2,2,0
6438,9.23,91.0,7149,2000,3004,1008382,0,128,1,-175.5,80.0,994.7,2612389850,4,16108,816,2533.7,2270.2,395,7.35,1,12,22,7198,4,64,1,0
6439,14.73,91.0,7149,1997,3011,1004230,0,128,1,-175.5,80.0,994.7,2612393022,4,16108,816,2533.7,2270.2,395,0.32,0,9,16,6,251,2,2,0
6440,9.45,91.0,7149,1993,3015,1003270,0,128,1,-175.5,80.0,994.7,2612390458,4,16108,816,2533.7,2270.2,395,7.36,1,10,18,7278,7,3,2,0
6441,15.26,91.0,7149,1993,3032,1004184,0,128,1,-175.5,80.0,994.7,2612390654,4,16108,816,2533.7,2270.2,395,0.34,2,10,16,7,267,2,1,0
6442,9.14,91.0,7149,2010,3061,1006260,0,128,1,-175.5,80.0,994.7,2612394026,4,16108,816,2533.7,2270.2,395,7.24,1,16,22,7091,7,65,2,0
6443,14.84,91.0,7149,2010,3069,1006716,0,128,1,-175.5,80.0,994.7,2612391262,4,16108,816,2533.7,2270.2,395,0.33,1,9,17,6,263,2,1,0
6444,8.94,91.0,7149,2011,3117,1008676,0,128,1,-175.5,80.0,994.7,2612394650,4,16108,816,2533.7,2270.2,395,7.22,1,9,17,7145,5,2,2,0
6445,15.24,91.0,7149,2007,3134,1009590,0,128,1,-175.5,80.0,994.7,2612391870,4,16108,816,2533.7,2270.2,395,0.34,0,10,17,5,264,2,2,0
6446,8.75,91.0,7149,2170,3306,1193882,0,128,1,-175.5,80.0,994.7,2612395258,4,16108,816,2533.7,2270.2,395,7.46,2,9,16,7312,15,64,2,0
6447,14.85,91.0,7149,2169,3306,1198488,0,128,1,-175.5,80.0,994.7,2612392478,4,16108,816,2533.7,2270.2,395,0.31,1,10,15,5,248,2,1,0
6448,8.85,91.0,7149,2176,3331,1198137,0,128,1,-175.5,80.0,994.7,2612392874,4,16108,816,2533.7,2270.2,395,7.00,1,9,18,6925,4,2,2,0
6449,14.81,91.0,7149,2165,3354,1199623,0,128,1,-175.5,80.0,994.7,2612396078,4,16108,816,2533.7,2270.2,395,0.34,1,12,18,6,256,3,1,0
6450,10.19,91.0,7149,2161,3360,1199507,0,128,1,-175.5,80.0,994.7,2612393842,4,16108,816,2533.7,2270.2,395,7.93,1,13,26,7782,8,61,2,0
6451,16.75,91.0,7149,2161,3388,1200883,0,128,1,-175.5,80.0,994.7,2612396886,4,16108,816,2533.7,2270.2,395,0.36,1,9,16,5,291,2,2,0
6452,9.02,91.0,7149,2165,3394,1201583,0,128,1,-175.5,80.0,994.7,2612394190,4,16108,816,2533.7,2270.2,395,7.35,1,10,16,7266,7,3,2,0
6453,15.75,91.0,7149,2165,3393,1201581,0,128,1,-175.5,80.0,994.7,2612397410,4,16108,816,2533.7,2270.2,395,0.32,0,10,15,5,252,2,1,0
6454,8.87,91.0,7149,2159,3431,1201977,0,128,1,-175.5,80.0,994.7,2612394798,4,16108,816,2533.7,2270.2,395,7.36,1,10,16,7212,6,60,3,0
6455,15.99,91.0,7149,2159,3430,1201975,0,128,1,-175.5,80.0,994.7,2612394994,4,16108,816,2533.7,2270.2,395,0.32,1,9,15,5,251,2,1,0
6456,9.05,91.0,7149,2159,3431,1201977,0,128,1,-175.5,80.0,994.7,2612398414,4,16108,816,2533.7,2270.2,395,7.12,1,10,16,7051,6,3,2,0
6457,15.15,91.0,7149,2159,3430,1201975,0,128,1,-175.5,80.0,994.7,2612395602,4,16108,816,2533.7,2270.2,395,0.50,3,17,22,7,283,2,1,0
6458,8.77,91.0,7149,2158,3446,1200605,0,128,1,-175.5,80.0,994.7,2612395998,4,16108,816,2533.7,2270.2,395,7.89,1,9,17,7751,8,68,2,0
6459,16.00,91.0,7149,2158,3445,1200603,0,128,1,-175.5,80.0,994.7,2612399234,4,16108,816,2533.7,2270.2,395,0.34,1,9,16,5,269,2,2,0
6460,9.75,91.0,7149,2158,3446,1200605,0,128,1,-175.5,80.0,994.7,2612396606,4,16108,816,2533.7,2270.2,395,6.97,1,12,19,6879,10,5,3,0
6461,15.41,91.0,7149,2162,3446,1201403,0,128,1,-175.5,80.0,994.7,2612399842,4,16108,816,2533.7,2270.2,395,0.38,1,10,19,7,298,4,2,0
6462,9.57,87.0,7149,2162,3447,1201405,0,128,1,-175.5,80.0,994.7,2612397214,4,16108,816,2533.7,2270.2,395,7.86,1,14,24,7702,7,61,2,0
6463,16.25,87.0,7149,2148,3431,1198013,0,128,1,-175.5,80.0,994.7,2612400466,4,16108,816,2533.7,2270.2,395,0.44,1,9,17,7,358,4,2,0
6464,10.12,87.0,7149,2147,3452,1198623,0,128,1,-175.5,80.0,994.7,2612398826,4,16108,816,2533.7,2270.2,395,6.67,1,10,15,6597,4,2,2,0
6465,14.92,87.0,7149,2147,3452,1198623,0,128,1,-175.5,80.0,994.7,2612399122,4,16108,816,2533.7,2270.2,395,0.32,1,10,16,5,249,3,1,0
6466,9.77,87.0,7149,2137,3432,1181347,0,128,1,-175.5,80.0,994.7,2612402474,4,16108,816,2533.7,2270.2,395,7.57,1,9,18,7428,5,70,2,0
6467,16.02,87.0,7149,2136,3430,1180961,0,128,1,-175.5,80.0,994.7,2612400634,4,16108,816,2533.7,2270.2,395,0.32,1,9,17,6,253,2,1,0
6468,9.54,87.0,7149,2130,3411,1181307,0,128,1,-175.5,80.0,994.7,2612401030,4,16108,816,2533.7,2270.2,395,7.18,1,9,16,7109,6,2,2,0
6469,15.44,87.0,7149,2132,3411,1180933,0,128,1,-175.5,80.0,994.7,2612405302,4,16108,816,2533.7,2270.2,395,0.35,1,10,17,6,281,1,1,0
6470,9.61,87.0,7149,2128,3409,1181039,0,128,1,-175.5,80.0,994.7,2612402642,4,16108,816,2533.7,2270.2,395,7.70,1,15,31,7549,6,59,3,0
6471,15.52,87.0,7149,2134,3413,1181097,0,128,1,-175.5,80.0,994.7,2612405910,4,16108,816,2533.7,2270.2,395,0.33,1,9,15,5,257,2,2,0
6472,9.58,87.0,7149,2141,3408,1176219,0,128,1,-175.5,80.0,994.7,2612403250,4,16108,816,2533.7,2270.2,395,7.12,1,12,21,7033,7,3,2,0
6473,15.87,87.0,7149,2141,3406,1175417,0,128,1,-175.5,80.0,994.7,2612403446,4,16108,816,2533.7,2270.2,395,0.35,1,9,17,5,279,2,2,0
6474,9.59,87.0,7149,2128,3394,1175315,0,128,1,-175.5,80.0,994.7,2612407242,5,16108,816,2533.7,2270.2,395,7.45,0,10,16,7311,6,68,2,0
6475,21.52,87.0,7149,3309,5083,1316452,0,128,1,-175.5,5.0,994.7,2612435254,5,16108,816,2555.7,2270.2,395,0.34,1,12,17,5,259,2,1,0
6476,19.91,87.0,7149,3617,6039,1382543,0,128,1,-175.5,5.0,995.1,2612436290,5,16108,816,2555.7,2270.2,395,7.48,1,12,19,7379,10,3,2,0
6477,19.57,87.0,7149,3611,6024,1381353,0,128,1,-175.5,5.0,995.4,2612439674,5,16108,816,2555.7,2270.2,395,0.34,0,11,19,5,256,2,2,0
6478,11.16,87.0,7149,3602,5993,1379468,0,128,1,-175.5,5.0,995.7,2612437902,5,16108,816,2555.7,2270.2,395,8.00,1,11,18,7867,4,50,2,0
6479,19.16,87.0,7149,3603,5989,1379326,0,128,1,-175.5,5.0,995.8,2612439202,5,16108,816,2555.7,2270.2,395,0.43,1,10,17,6,312,2,2,0
6480,14.60,87.0,7149,3603,5989,1379326,0,128,1,-175.5,5.0,996.1,2612439858,5,16108,816,2555.7,2270.2,395,7.38,1,9,17,7298,7,2,2,0
6481,19.68,87.0,7149,3576,5894,1370731,0,128,1,-175.5,5.0,996.3,2612453362,5,16108,816,2555.7,2270.2,395,0.41,1,13,20,6,317,2,2,0
6482,11.60,87.0,7149,3576,5894,1370731,0,128,1,-175.5,5.0,996.6,2612457750,5,16108,816,2555.7,2270.2,395,7.72,1,13,19,7568,6,59,2,0
6483,18.09,87.0,7149,3571,5879,1370381,0,128,1,-175.5,5.0,996.8,2612750290,5,16108,816,2555.7,2270.2,395,0.36,1,11,16,5,285,3,1,0
6484,17.36,87.0,7149,3534,5978,1367055,0,128,1,-175.5,5.0,997.1,2612758078,5,16108,816,2555.9,2270.5,395,7.30,1,14,20,7176,7,2,2,0
6485,18.31,87.0,7149,3523,5942,1364770,0,128,1,-175.5,5.0,997.3,2612768870,5,16108,816,2555.9,2270.5,395,0.32,1,9,16,5,247,2,1,0
6486,12.01,87.0,7149,3523,5942,1364770,0,128,1,-175.5,5.0,997.6,2612770170,5,16108,816,2555.9,2270.5,395,7.57,1,12,20,7419,7,61,2,0
6487,18.13,87.0,7149,3517,5905,1363334,0,128,1,-175.5,5.0,997.8,2612773570,5,16108,816,2555.9,2270.5,395,0.34,1,11,16,5,261,3,1,0
6488,12.54,87.0,7149,3513,5900,1363274,0,128,1,-175.5,5.0,998.1,2612771782,5,16108,816,2555.9,2270.5,395,7.46,1,10,16,7378,6,2,2,0
6489,20.01,87.0,7149,3508,5890,1362910,0,128,1,-175.5,5.0,998.2,2612772078,5,16108,816,2555.9,2270.5,395,0.34,1,10,17,6,259,2,1,0
6490,12.64,87.0,7149,3505,5879,1361765,0,128,1,-175.5,5.0,998.5,2612773378,5,16108,816,2555.9,2270.5,395,7.33,1,10,16,7154,9,90,4,0
6491,18.26,87.0,7149,3505,5879,1361765,0,128,1,-175.5,5.0,998.7,2612774678,5,16108,816,2555.9,2270.5,395,0.39,1,11,17,5,315,2,2,0
6492,12.75,87.0,7149,3496,5868,1360577,0,128,1,-175.5,5.0,999.0,2612778078,5,16108,816,2555.9,2270.5,395,7.47,1,11,16,7386,7,3,2,0
6493,18.83,87.0,7149,3494,5863,1360517,0,128,1,-175.5,5.0,999.2,2612776290,5,16108,816,2555.9,2270.5,395,0.34,1,10,16,5,263,2,1,0
6494,12.21,87.0,7149,3482,5830,1359140,0,128,1,-175.5,5.0,999.5,2612776586,5,16108,816,2555.9,2270.5,395,7.53,2,16,22,7368,6,55,2,0
6495,20.15,87.0,7149,3483,5807,1358928,0,128,1,-175.5,5.0,999.7,2612777298,5,16108,816,2555.9,2270.5,395,0.34,1,10,17,5,260,2,1,0
6496,12.18,87.0,7149,3469,5659,1356296,0,128,1,-175.5,5.0,1000.0,2612778598,5,16108,816,2555.9,2270.5,395,7.49,1,10,17,7408,6,2,2,0
6497,17.79,87.0,7149,3433,5624,1351996,0,128,1,-175.5,5.0,1000.2,2612783018,5,16108,816,2555.9,2270.5,395,0.35,2,11,16,6,263,4,2,0
6498,12.07,87.0,7149,3428,5589,1350587,0,128,1,-175.5,5.0,1000.4,2612781198,5,16108,816,2555.9,2270.5,395,8.00,2,16,20,7800,9,61,2,0
6499,19.86,87.0,7149,3413,5581,1350219,0,128,1,-175.5,5.0,1000.6,2612785618,5,16108,816,2555.9,2270.5,395,0.33,3,16,16,6,248,2,1,0
6500,11.77,87.0,7149,3406,5561,1349414,0,128,1,-175.5,5.0,1000.9,2612783814,5,16108,816,2555.9,2270.5,395,7.60,2,12,18,7507,7,2,3,0
6501,18.95,87.0,7149,3385,5528,1347802,0,128,1,-175.5,5.0,1001.1,2612784634,5,16108,816,2555.9,2270.5,395,0.47,2,12,35,6,363,2,2,0
6502,11.81,87.0,7149,3385,5528,1347802,0,128,1,-175.5,5.0,1001.4,2612785934,5,16108,816,2555.9,2270.5,395,7.64,1,13,19,7477,8,68,2,0
6503,17.68,87.0,7149,3372,5500,1347090,0,128,1,-175.5,5.0,1001.5,2612786230,5,16108,816,2555.9,2270.5,395,0.35,1,9,17,5,278,2,2,0
6504,11.74,87.0,7149,3359,5472,1346058,0,128,1,-175.5,5.0,1001.8,2612790650,5,16108,816,2555.9,2270.5,395,6.94,1,11,17,6858,6,2,2,0
6505,18.15,87.0,7149,3360,5468,1345916,0,128,1,-175.5,5.0,1002.0,2612788846,5,16108,816,2555.9,2270.5,395,0.37,2,10,17,5,295,2,1,0
6506,12.32,87.0,7149,3350,5453,1345796,0,128,1,-175.5,5.0,1002.3,2612789142,5,16108,816,2555.9,2270.5,395,7.10,1,11,17,6972,4,54,2,0
6507,18.64,87.0,7149,3342,5448,1345736,0,128,1,-175.5,5.0,1002.4,2612790442,5,16108,816,2555.9,2270.5,395,0.34,1,11,16,5,263,2,1,0
6508,12.38,87.0,7149,3337,5432,1345168,0,128,1,-175.5,5.0,1002.7,2612790738,5,16108,816,2555.9,2270.5,395,7.46,1,11,16,7376,9,2,2,0
6509,18.30,87.0,7149,3347,5432,1345168,0,128,1,-175.5,5.0,1002.9,2612795174,5,16108,816,2555.9,2270.5,395,0.32,1,9,17,5,244,2,1,0
6510,12.37,87.0,7149,3336,5406,1343918,0,128,1,-175.5,5.0,1003.2,2612792766,5,16108,816,2555.9,2270.5,395,7.39,1,10,18,7235,6,72,2,0
6511,20.72,87.0,7149,3338,5406,1343918,0,128,1,-175.5,5.0,1003.4,2612796770,5,16108,816,2555.9,2270.5,395,0.35,1,11,18,6,264,2,1,0
6512,12.38,87.0,7149,3338,5406,1343918,0,128,1,-175.5,5.0,1003.7,2612793946,5,16108,816,2555.9,2270.5,395,7.45,1,11,18,7354,5,2,3,0
6513,18.31,87.0,7149,3341,5391,1343568,0,128,1,-175.5,5.0,1003.9,2612793922,5,16108,816,2555.9,2270.5,395,0.38,1,11,17,5,297,2,2,0
6514,11.89,87.0,7149,3324,5361,1342778,0,128,1,-175.5,5.0,1004.1,2612795222,5,16108,816,2555.9,2270.5,395,7.79,1,10,23,7651,6,58,2,0
6515,17.93,87.0,7149,3310,5336,1341908,0,128,1,-175.5,5.0,1004.3,2612799658,5,16108,816,2555.9,2270.5,395,0.38,2,13,24,6,263,2,1,0
6516,11.87,87.0,7149,3286,5331,1341668,0,128,1,-175.5,5.0,1004.6,2612801630,5,16108,816,2555.9,2270.5,395,7.30,1,9,17,7204,7,3,3,0
6517,16.88,87.0,7149,3286,5331,1341668,0,128,1,-175.5,5.0,1004.8,2614524454,5,16108,816,2555.9,2270.5,395,129.46,1,11,16,5,246,2,2,0
6518,132.32,87.0,7149,3293,5294,1405788,0,128,1,-175.5,5.0,1005.0,2614538518,5,16108,816,2555.9,2270.5,395,7.32,1,13,19,7144,8,77,3,0
6519,18.80,57.0,7149,3218,5140,1396835,0,128,1,-175.5,5.0,1007.0,2614536862,5,16108,816,2555.9,2270.5,395,0.84,1,11,18,6,752,3,2,0
6520,12.22,57.0,7149,3146,4953,1379093,0,128,1,-175.5,5.0,1007.3,2614538046,5,16108,816,2555.9,2270.5,395,7.57,1,13,22,7467,7,3,3,0
6521,16.92,57.0,7149,3144,4938,1378623,0,128,1,-175.5,5.0,1007.5,2614539346,5,16108,816,2555.9,2270.5,395,0.33,1,9,17,5,248,2,1,0
6522,12.19,57.0,7149,3104,4884,1376571,0,128,1,-175.5,5.0,1007.7,2614540646,5,16108,816,2555.9,2270.5,395,7.18,1,11,19,7024,7,61,2,0
6523,17.00,57.0,7149,3085,4843,1374276,0,128,1,-175.5,5.0,1007.9,2614545034,5,16108,816,2555.9,2270.5,395,0.33,1,10,17,5,253,1,1,0
6524,12.48,57.0,7149,3090,4843,1374276,0,128,1,-175.5,5.0,1008.2,2614543262,5,16108,816,2555.9,2270.5,395,7.16,1,11,19,7063,6,2,3,0
6525,17.59,57.0,7149,3090,4843,1374276,0,128,1,-175.5,5.0,1008.3,2614543558,5,16108,816,2555.9,2270.5,395,0.32,1,9,17,5,241,2,1,0
6526,12.51,57.0,7149,3083,4833,1374156,0,128,1,-175.5,5.0,1008.6,2614543854,5,16108,816,2555.9,2270.5,395,7.92,1,16,22,7743,8,60,3,0
6527,17.93,57.0,7149,3083,4818,1373806,0,128,1,-175.5,5.0,1008.8,2614545154,5,16108,816,2555.9,2270.5,395,0.34,1,9,17,5,264,2,1,0
6528,12.41,57.0,7149,3090,4818,1373806,0,128,1,-175.5,5.0,1009.1,2614546454,5,16108,816,2555.9,2270.5,395,7.27,1,11,17,7177,8,4,2,0
6529,16.60,57.0,7149,3086,4814,1373542,0,128,1,-175.5,5.0,1009.2,2614549854,5,16108,816,2555.9,2270.5,395,0.35,1,10,16,6,255,3,2,0
6530,12.55,57.0,7149,3077,4809,1373382,0,128,1,-175.5,5.0,1009.5,2614547046,5,16108,816,2555.9,2270.5,395,7.87,1,10,17,7705,8,72,2,0
6531,17.40,57.0,7149,3069,4799,1373882,0,128,1,-175.5,5.0,1009.7,2614550446,5,16108,816,2555.9,2270.5,395,0.33,1,9,18,6,249,2,1,0
6532,11.80,57.0,7149,3056,4793,1373710,0,128,1,-175.5,5.0,1009.9,2614548642,5,16108,816,2555.9,2270.5,395,7.32,1,10,16,7231,7,2,2,0
6533,18.29,57.0,7149,3057,4783,1372625,0,128,1,-175.5,5.0,1010.1,2614553046,5,16108,816,2555.9,2270.5,395,0.45,1,12,20,6,355,7,2,0
6534,11.76,57.0,7149,3035,4763,1372755,0,128,1,-175.5,5.0,1010.4,2614551226,5,16108,816,2555.9,2270.5,395,8.26,2,17,25,8145,0,0,0,0
6535,41.40,57.0,7149,3050,4748,1372405,0,128,1,-175.5,5.0,1010.6,2614555614,5,16108,816,2555.9,2270.5,395,0.38,1,13,17,6,280,3,2,0
6536,12.75,57.0,7149,3036,4717,1370880,0,128,1,-175.5,5.0,1011.2,2614553842,5,16108,816,2555.9,2270.5,395,7.84,1,10,17,7751,6,2,3,0
6537,18.38,57.0,7149,3029,4691,1369295,0,128,1,-175.5,5.0,1011.4,2614555142,5,16108,816,2555.9,2270.5,395,0.32,1,9,16,5,244,3,1,0
6538,11.81,57.0,7149,3005,4638,1364525,0,128,1,-175.5,5.0,1011.7,2614556442,5,16108,816,2555.9,2270.5,395,7.92,1,11,20,7745,13,70,2,0
6539,17.70,57.0,7149,3005,4613,1362495,0,128,1,-175.5,5.0,1011.8,2614557742,5,16108,816,2555.9,2270.5,395,0.36,1,26,16,6,269,2,1,0
6540,13.64,57.0,7149,2965,4577,1358165,0,128,1,-175.5,5.0,1012.1,2614559474,5,16108,816,2555.9,2270.5,395,7.79,2,13,16,7696,6,3,2,0
6541,20.66,57.0,7149,2958,4562,1357170,0,128,1,-175.5,5.0,1012.3,2614560342,5,16108,816,2555.9,2270.5,395,0.38,1,11,19,6,294,3,2,0
6542,12.30,57.0,7149,2935,4542,1356650,0,128,1,-175.5,5.0,1012.6,2614561642,5,16108,816,2555.9,2270.5,395,7.23,1,11,19,7040,6,82,3,0
6543,17.54,57.0,7149,2906,4466,1349815,0,128,1,-175.5,5.0,1012.8,2614562942,5,16108,816,2555.9,2270.5,395,0.47,1,12,19,6,383,2,2,0
6544,12.52,57.0,7149,2905,4456,1348730,0,128,1,-175.5,5.0,1013.1,2614564242,5,16108,816,2555.9,2270.5,395,8.10,1,11,28,8010,0,0,0,0
6545,18.59,57.0,7149,2905,4456,1348730,0,128,1,-175.5,5.0,1013.3,2614565542,5,16108,816,2555.9,2270.5,395,0.38,1,9,17,5,281,2,1,0
6546,12.47,57.0,7149,2881,4436,1347010,0,128,1,-175.5,5.0,1013.5,2614565838,5,16108,816,2555.9,2270.5,395,7.77,1,11,17,7604,7,74,2,0
6547,18.03,57.0,7149,2860,4366,1344210,0,128,1,-175.5,5.0,1013.7,2614567138,5,16108,816,2555.9,2270.5,395,0.37,1,10,39,12,261,3,1,0
6548,12.47,57.0,7149,2804,4286,1340730,0,128,1,-175.5,5.0,1014.0,2614568438,5,16108,816,2555.9,2270.5,395,8.18,1,14,21,8077,0,0,0,0
6549,17.60,57.0,7149,2805,4276,1340265,0,128,1,-175.5,5.0,1014.2,2614569738,5,16108,816,2555.9,2270.5,395,0.35,1,10,17,5,263,2,1,0
6550,12.08,57.0,7149,2741,4211,1334355,0,128,1,-175.5,5.0,1014.4,2614571038,5,16108,816,2555.9,2270.5,395,8.24,1,10,16,8164,0,0,0,0
6551,18.16,57.0,7149,2725,4203,1334023,0,128,1,-175.5,5.0,1014.6,2614572338,5,16108,816,2555.9,2270.5,395,0.36,1,10,17,5,275,2,1,0
6552,12.17,57.0,7149,2730,4203,1334023,0,128,1,-175.5,5.0,1014.9,2612055846,5,16108,816,2555.9,2270.5,395,56.11,1,11,19,7458,7,3,3,0
6553,68.80,57.0,7149,2722,4183,1337743,0,128,1,-175.5,5.0,1015.1,2612056126,5,16108,816,2555.9,2270.5,395,0.33,1,12,17,5,250,2,1,0
6554,16.37,57.0,7149,2725,4183,1337743,0,128,1,-175.5,5.0,1016.1,2612057426,5,16108,816,2555.9,2270.5,395,8.05,2,17,40,7852,8,59,0,0
6555,18.56,57.0,7149,2644,4043,1329793,0,128,1,-175.5,5.0,1016.4,2612057402,5,16108,816,2555.9,2270.5,395,0.42,1,12,19,6,334,2,1,0
6556,11.80,57.0,7149,2616,4013,1326102,0,128,1,-175.5,5.0,1016.6,2612058702,5,16108,816,2555.9,2270.5,395,7.89,1,11,20,7793,6,2,2,0
6557,17.69,57.0,7149,2609,4008,1326472,0,128,1,-175.5,5.0,1016.8,2612060002,5,16108,816,2555.9,2270.5,395,0.33,1,9,17,5,256,2,2,0
6558,12.89,57.0,7149,2596,3988,1325667,0,128,1,-175.5,5.0,1017.1,2612060298,5,16108,816,2555.9,2270.5,395,7.38,1,9,17,7242,7,58,3,0
6559,17.05,57.0,7149,2596,3988,1325667,0,128,1,-175.5,5.0,1017.3,2612061598,5,16108,816,2555.9,2270.5,395,0.37,1,11,19,6,288,1,1,0
6560,12.92,57.0,7149,2594,3988,1325667,0,128,1,-175.5,5.0,1017.5,2612061878,5,16108,816,2555.9,2270.5,395,7.52,1,10,17,7433,7,3,3,0
6561,18.30,57.0,7149,2584,3978,1324972,0,128,1,-175.5,5.0,1017.7,2612065230,5,16108,816,2555.9,2270.5,395,0.37,1,10,19,6,289,2,2,0
6562,12.74,57.0,7149,2584,3978,1324972,0,128,1,-175.5,5.0,1018.0,2612063474,5,16108,816,2555.9,2270.5,395,7.79,1,8,18,7661,5,52,2,0
6563,17.68,57.0,7149,2579,3973,1324912,0,128,1,-175.5,5.0,1018.2,2612066826,5,16108,816,2555.9,2270.5,395,0.33,1,10,18,5,251,2,2,0
6564,13.16,57.0,7149,2579,3973,1324912,0,128,1,-175.5,5.0,1018.4,2612064066,5,16108,816,2555.9,2270.5,395,7.11,1,21,18,7006,7,2,2,0
6565,17.13,57.0,7149,2579,3963,1324447,0,128,1,-175.5,5.0,1018.6,2612064362,5,16108,816,2555.9,2270.5,395,0.34,1,10,16,5,266,2,2,0
6566,11.95,57.0,7149,2543,3928,1321187,0,128,1,-175.5,5.0,1018.9,2612065662,5,16108,816,2555.9,2270.5,395,7.99,1,9,18,7844,7,60,2,0
6567,17.10,57.0,7149,2533,3918,1320777,0,128,1,-175.5,5.0,1019.1,2612066962,5,16108,816,2555.9,2270.5,395,0.38,1,11,18,6,290,2,1,0
6568,12.07,57.0,7149,2533,3918,1320777,0,128,1,-175.5,5.0,1019.3,2612068246,5,16108,816,2555.9,2270.5,395,7.59,1,10,16,7507,7,2,3,0
6569,17.17,57.0,7149,2526,3918,1320777,0,128,1,-175.5,5.0,1019.5,2612068542,5,16108,816,2555.9,2270.5,395,0.34,0,9,24,6,242,5,3,0
6570,11.95,57.0,7149,2530,3918,1320777,0,128,1,-175.5,5.0,1019.8,2612069270,5,16108,816,2555.9,2270.5,395,8.04,1,8,16,7900,7,60,0,0
6571,18.72,57.0,7149,2530,3918,1320777,0,128,1,-175.5,5.0,1020.0,2612069134,5,16108,816,2555.9,2270.5,395,0.34,1,10,17,6,267,2,2,0
6572,11.24,57.0,7149,2530,3918,1320777,0,128,1,-175.5,5.0,1020.2,2612069414,5,16108,816,2555.9,2270.5,395,7.89,1,10,18,7802,5,3,2,0
6573,17.94,57.0,7149,2530,3918,1320777,0,128,1,-175.5,5.0,1020.4,2612072750,5,16108,816,2555.9,2270.5,395,0.34,1,13,19,7,255,3,1,0
6574,11.34,57.0,7149,2489,3877,1314592,0,128,1,-175.5,5.0,1020.7,2612070006,5,16108,816,2555.9,2270.5,395,7.49,1,10,18,7322,7,62,2,0
6575,15.63,57.0,7149,2489,3877,1314592,0,128,1,-175.5,5.0,1020.8,2612074346,5,16108,816,2555.9,2270.5,395,0.35,1,10,18,6,255,2,2,0
6576,11.21,57.0,7149,2481,3872,1314532,0,128,1,-175.5,5.0,1021.1,2612071602,5,16108,816,2555.9,2270.5,395,7.45,1,9,16,7358,7,2,2,0
6577,15.35,57.0,7149,2460,3852,1312742,0,128,1,-175.5,5.0,1021.2,2612074938,5,16108,816,2555.9,2270.5,395,0.42,1,20,19,5,316,2,2,0
6578,11.24,57.0,7149,2468,3852,1312742,0,128,1,-175.5,5.0,1021.5,2612073198,5,16108,816,2555.9,2270.5,395,7.15,1,8,17,7026,3,56,1,0
6579,16.48,57.0,7149,2455,3842,1310492,0,128,1,-175.5,5.0,1021.6,2612076534,5,16108,816,2555.9,2270.5,395,0.32,1,9,16,5,248,3,1,0
6580,11.05,57.0,7149,2455,3842,1310492,0,128,1,-175.5,5.0,1021.9,2612074794,5,16108,816,2555.9,2270.5,395,7.24,1,8,16,7160,5,3,2,0
6581,16.67,62.0,7149,2454,3822,1308827,0,128,1,-175.5,5.0,1022.1,2612075090,5,16108,816,2555.9,2270.5,395,0.38,1,9,17,5,294,3,1,0
6582,10.93,62.0,7149,2454,3822,1308827,0,128,1,-175.5,5.0,1022.3,2612076390,5,16108,816,2555.9,2270.5,395,7.55,1,8,18,7401,5,57,2,0
6583,15.95,62.0,7149,2450,3817,1308767,0,128,1,-175.5,5.0,1022.5,2612076686,5,16108,816,2555.9,2270.5,395,0.32,1,8,17,6,247,3,1,0
6584,10.90,62.0,7149,2445,3807,1307997,0,128,1,-175.5,5.0,1022.7,2612076918,5,16108,816,2555.9,2270.5,395,7.67,1,10,16,7574,4,2,2,0
6585,16.65,62.0,7149,2445,3807,1307997,0,128,1,-175.5,5.0,1022.9,2612078218,5,16108,816,2555.9,2270.5,395,0.32,1,9,15,5,249,2,1,0
6586,11.07,62.0,7149,2445,3807,1307997,0,128,1,-175.5,5.0,1023.1,2612078514,5,16108,816,2555.9,2270.5,395,7.23,1,8,17,7080,5,71,2,0
6587,14.87,62.0,7149,2434,3797,1306797,0,128,1,-175.5,5.0,1023.3,2612078810,5,16108,816,2555.9,2270.5,395,0.34,1,8,16,5,263,2,1,0
6588,11.05,62.0,7149,2425,3787,1305712,0,128,1,-175.5,5.0,1023.5,2612080110,5,16108,816,2555.9,2270.5,395,7.25,1,8,16,7167,4,2,3,0
6589,15.79,62.0,7149,2421,3787,1305712,0,128,1,-175.5,5.0,1023.7,2612081410,5,16108,816,2555.9,2270.5,395,0.33,1,9,16,5,256,2,1,0
6590,10.99,62.0,7149,2421,3787,1305712,0,128,1,-175.5,5.0,1023.9,2612081706,5,16108,816,2555.9,2270.5,395,7.13,1,9,16,7002,5,59,2,0
6591,15.79,62.0,7149,2419,3787,1305712,0,128,1,-175.5,5.0,1024.1,2612082002,5,16108,816,2555.9,2270.5,395,0.33,1,14,15,5,247,2,1,0
6592,10.92,62.0,7149,2419,3787,1305712,0,128,1,-175.5,5.0,1024.3,2612082298,5,16108,816,2555.9,2270.5,395,8.09,2,9,18,8007,0,0,0,0
6593,16.49,62.0,7149,2419,3787,1305712,0,128,1,-175.5,5.0,1024.5,2612082594,5,16108,816,2555.9,2270.5,395,0.32,1,8,15,5,246,2,1,0
6594,10.77,62.0,7149,2412,3782,1304272,0,128,1,-175.5,5.0,1024.7,2612082890,5,16108,816,2555.9,2270.5,395,7.00,1,9,17,6861,4,58,2,0
6595,15.11,62.0,7149,2414,3782,1304272,0,128,1,-175.5,5.0,1024.9,2612083186,5,16108,816,2555.9,2270.5,395,0.34,1,8,15,5,261,2,1,0
6596,10.88,62.0,7149,2412,3777,1304097,0,128,1,-175.5,5.0,1025.1,2613872314,5,16108,816,2555.9,2270.5,395,55.90,1,9,17,7095,5,2,2,0
6597,75.83,62.0,7149,2398,3759,1294022,0,128,1,-175.5,5.0,1025.3,2613890290,5,16108,816,2555.9,2270.5,395,0.33,1,8,17,5,259,2,2,0
6598,12.64,62.0,7149,2390,3749,1293902,0,128,1,-175.5,5.0,1026.4,2613891574,5,16108,816,2555.9,2270.5,395,7.26,1,9,20,7133,4,52,2,0
6599,16.38,62.0,7149,2388,3727,1283466,0,128,1,-175.5,5.0,1026.6,2613895866,5,16108,816,2555.9,2270.5,395,0.35,1,8,16,5,255,2,2,0
6600,11.59,62.0,7149,2388,3727,1283466,0,128,1,-175.5,5.0,1026.9,2613894606,5,16108,816,2555.9,2270.5,395,7.21,1,8,16,7135,4,2,2,0
6601,16.30,62.0,7149,2387,3717,1283001,0,128,1,-175.5,5.0,1027.0,2613897462,5,16108,816,2555.9,2270.5,395,0.32,1,9,16,5,247,3,1,0
6602,10.14,62.0,7149,2383,3717,1283001,0,128,1,-175.5,5.0,1027.3,2613895770,5,16108,816,2555.9,2270.5,395,8.00,1,11,19,7844,7,60,2,0
6603,16.04,62.0,7149,2379,3717,1283001,0,128,1,-175.5,5.0,1027.4,2613896066,5,16108,816,2555.9,2270.5,395,0.32,1,8,17,5,246,2,2,0
6604,10.11,62.0,7149,2362,3703,1285379,0,128,1,-175.5,5.0,1027.7,2613896362,5,16108,816,2555.9,2270.5,395,7.01,1,9,16,6935,4,3,2,0
6605,15.51,62.0,7149,2362,3703,1285379,0,128,1,-175.5,5.0,1027.8,2613897662,5,16108,816,2555.9,2270.5,395,0.32,1,9,17,5,248,3,1,0
6606,10.20,62.0,7149,2354,3693,1284914,0,128,1,-175.5,5.0,1028.0,2613897958,5,16108,816,2555.9,2270.5,395,7.32,1,9,18,7166,6,68,2,0
6607,15.18,62.0,7149,2354,3693,1284914,0,128,1,-175.5,5.0,1028.2,2613899258,5,16108,816,2555.9,2270.5,395,0.33,1,8,16,5,259,2,2,0
6608,10.31,62.0,7149,2348,3688,1284564,0,128,1,-175.5,5.0,1028.4,2613899554,5,16108,816,2555.9,2270.5,395,7.04,1,8,17,6955,4,3,2,0
6609,15.40,62.0,7149,2341,3675,1277769,0,128,1,-175.5,5.0,1028.6,2613899850,5,16108,816,2555.9,2270.5,395,0.33,1,9,16,5,254,2,1,0
6610,10.25,62.0,7149,2331,3665,1277014,0,128,1,-175.5,5.0,1028.8,2613901150,5,16108,816,2555.9,2270.5,395,7.10,1,11,19,6943,6,61,2,0
6611,15.76,62.0,7149,2331,3665,1277014,0,128,1,-175.5,5.0,1029.0,2613902450,5,16108,816,2555.9,2270.5,395,0.37,1,10,18,6,290,2,2,0
6612,10.50,62.0,7149,2326,3660,1276474,0,128,1,-175.5,5.0,1029.2,2613902746,5,16108,816,2555.9,2270.5,395,7.72,1,10,16,7633,10,3,3,0
6613,16.88,62.0,7149,2326,3660,1276474,0,128,1,-175.5,5.0,1029.4,2613903042,5,16108,816,2555.9,2270.5,395,0.34,1,9,23,6,252,2,1,0
6614,10.57,62.0,7149,2326,3660,1276474,0,128,1,-175.5,5.0,1029.6,2613903338,5,16108,816,2555.9,2270.5,395,7.22,1,9,17,7090,4,52,2,0
6615,14.96,62.0,7149,2327,3660,1276474,0,128,1,-175.5,5.0,1029.8,2613903634,5,16108,816,2555.9,2270.5,395,0.33,1,8,17,5,252,2,1,0
6616,10.61,62.0,7149,2328,3660,1276474,0,128,1,-175.5,5.0,1030.0,2613903930,5,16108,816,2555.9,2270.5,395,7.36,1,9,16,7278,5,3,2,0
6617,15.49,62.0,7149,2328,3660,1276474,0,128,1,-175.5,5.0,1030.2,2613904226,5,16108,816,2555.9,2270.5,395,0.32,1,9,16,5,245,2,2,0
6618,10.70,62.0,7149,2328,3660,1276474,0,128,1,-175.5,5.0,1030.4,2613904522,5,16108,816,2555.9,2270.5,395,7.37,1,9,17,7240,4,56,2,0
6619,15.20,62.0,7149,2322,3655,1276124,0,128,1,-175.5,5.0,1030.6,2613904818,5,16108,816,2555.9,2270.5,395,0.37,2,10,18,6,289,2,1,0
6620,10.35,62.0,7149,2322,3655,1276124,0,128,1,-175.5,5.0,1030.8,2613905114,5,16108,816,2555.9,2270.5,395,7.25,1,9,21,7161,4,3,2,0
6621,15.61,62.0,7149,2282,3615,1270139,0,128,1,-175.5,5.0,1030.9,2613905394,5,16108,816,2555.9,2270.5,395,0.34,12,10,16,6,258,2,2,0
6622,10.44,62.0,7149,2277,3610,1269789,0,128,1,-175.5,5.0,1031.2,2613906694,5,16108,816,2555.9,2270.5,395,7.33,1,9,16,7203,5,54,3,0
6623,15.93,62.0,7149,2277,3610,1269789,0,128,1,-175.5,5.0,1031.3,2613906990,5,16108,816,2555.9,2270.5,395,0.34,1,12,21,5,263,2,1,0
6624,10.40,62.0,7149,2277,3610,1269789,0,128,1,-175.5,5.0,1031.6,2613907286,5,16108,816,2555.9,2270.5,395,7.14,1,21,17,7043,3,2,3,0
6625,15.48,62.0,7149,2277,3610,1269789,0,128,1,-175.5,5.0,1031.7,2613907582,5,16108,816,2555.9,2270.5,395,0.34,1,9,24,5,253,2,1,0
6626,10.30,62.0,7149,2277,3610,1269789,0,128,1,-175.5,5.0,1032.0,2613907878,5,16108,816,2555.9,2270.5,395,7.89,1,8,15,7749,8,64,2,0
6627,16.14,62.0,7149,2277,3610,1269789,0,128,1,-175.5,5.0,1032.1,2613908174,5,16108,816,2555.9,2270.5,395,0.34,0,9,18,6,268,2,2,0
6628,9.80,62.0,7149,2177,3509,1240249,0,128,1,-175.5,5.0,1032.3,2613908470,5,16108,816,2555.9,2270.5,395,6.69,2,9,17,6615,4,3,2,0
6629,14.75,62.0,7149,2177,3508,1240247,0,128,1,-175.5,5.0,1032.5,2613909670,5,16108,816,2555.9,2270.5,395,0.35,1,9,16,6,271,3,1,0
6630,10.36,62.0,7149,2177,3509,1240249,0,128,1,-175.5,5.0,1032.7,2613910410,5,16108,816,2555.9,2270.5,395,7.49,1,9,17,7351,8,58,2,0
6631,16.06,62.0,7149,2171,3504,1239829,0,128,1,-175.5,5.0,1032.9,2613913322,5,16108,816,2555.9,2270.5,395,0.35,13,10,19,6,257,2,1,0
6632,9.78,62.0,7149,2166,3504,1239829,0,128,1,-175.5,5.0,1033.1,2613910642,5,16108,816,2555.9,2270.5,395,6.98,1,9,16,6907,4,3,2,0
6633,15.01,62.0,7149,2164,3503,1239827,0,128,1,-175.5,5.0,1033.3,2613913814,5,16108,816,2555.9,2270.5,395,0.34,1,9,16,5,262,2,2,0
6634,9.85,62.0,7149,2164,3504,1239829,0,128,1,-175.5,5.0,1033.5,2613911234,5,16108,816,2555.9,2270.5,395,7.33,1,9,17,7193,6,57,2,0
6635,15.30,62.0,7149,2164,3503,1239827,0,128,1,-175.5,5.0,1033.6,2613914406,5,16108,816,2555.9,2270.5,395,0.35,1,9,16,5,271,2,2,0
6636,10.05,62.0,7149,2148,3489,1236439,0,128,1,-175.5,5.0,1033.9,2613911826,5,16108,816,2555.9,2270.5,395,7.12,1,8,16,7018,7,3,2,0
6637,15.47,62.0,7149,2147,3489,1236439,0,128,1,-175.5,5.0,1034.0,2613913126,5,16108,816,2555.9,2270.5,395,0.35,1,8,17,6,276,2,2,0
6638,10.06,62.0,7149,2133,3474,1235099,0,128,1,-175.5,5.0,1034.2,2613913422,5,16108,816,2555.9,2270.5,395,7.01,1,9,18,6867,5,53,2,0
6639,15.48,62.0,7149,2133,3474,1235099,0,128,1,-175.5,5.0,1034.4,2613914722,5,16108,816,2555.9,2270.5,395,0.36,1,10,19,6,278,3,2,0
6640,9.97,62.0,7149,2133,3474,1235099,0,128,1,-175.5,5.0,1034.6,2613915018,5,16108,816,2555.9,2270.5,395,7.17,1,8,19,7088,5,2,2,0
6641,15.56,62.0,7149,2133,3474,1235099,0,128,1,-175.5,5.0,1034.8,2613915314,5,16108,816,2555.9,2270.5,395,0.33,1,10,17,5,250,2,1,0
6642,10.06,62.0,7149,2133,3474,1235099,0,128,1,-175.5,5.0,1035.0,2613915610,5,16108,816,2555.9,2270.5,395,7.23,1,9,16,7102,4,55,2,0
6643,15.62,62.0,7149,2138,3474,1235099,0,128,1,-175.5,5.0,1035.2,2611464354,5,16108,816,2555.9,2270.5,395,49.43,1,9,16,5,263,2,2,0
6644,59.48,62.0,7149,2133,3474,1238089,0,128,1,-175.5,5.0,1035.4,2611480330,5,16108,816,2555.9,2270.5,395,7.38,0,9,16,7301,7,2,3,0
6645,15.95,62.0,7149,2133,3469,1237669,0,128,1,-175.5,5.0,1036.3,2611480626,5,16108,816,2555.9,2270.5,395,0.33,1,8,16,5,256,2,2,0
6646,9.54,62.0,7149,2123,3464,1237249,0,128,1,-175.5,5.0,1036.5,2611480922,5,16108,816,2555.9,2270.5,395,7.02,1,9,17,6897,4,50,1,0
6647,15.27,62.0,7149,2123,3463,1237247,0,128,1,-175.5,5.0,1036.7,2611481118,5,16108,816,2555.9,2270.5,395,0.33,1,9,16,5,255,2,1,0
6648,10.34,62.0,7149,2127,3464,1237249,0,128,1,-175.5,5.0,1036.9,2611481498,5,16108,816,2555.9,2270.5,395,7.67,1,8,16,7592,7,2,2,0
6649,16.02,68.0,7149,2132,3464,1237249,0,128,1,-175.5,5.0,1037.1,2611484722,5,16108,816,2555.9,2270.5,395,0.32,1,9,16,6,245,2,1,0
6650,10.28,68.0,7149,2132,3464,1237249,0,128,1,-175.5,5.0,1037.3,2611482090,5,16108,816,2555.9,2270.5,395,6.98,1,9,16,6852,4,49,2,0
6651,14.68,68.0,7149,2132,3464,1237249,0,128,1,-175.5,5.0,1037.4,2611485314,5,16108,816,2555.9,2270.5,395,0.43,1,8,22,7,350,2,2,0
6652,10.30,68.0,7149,2130,3464,1237249,0,128,1,-175.5,5.0,1037.7,2611482682,5,16108,816,2555.9,2270.5,395,7.27,2,11,22,7170,6,3,2,0
6653,15.53,68.0,7149,2130,3464,1237249,0,128,1,-175.5,5.0,1037.8,2611482978,5,16108,816,2555.9,2270.5,395,0.34,1,10,16,5,255,2,2,0
6654,10.29,68.0,7149,2126,3464,1237249,0,128,1,-175.5,5.0,1038.1,2611483274,5,16108,816,2555.9,2270.5,395,7.19,0,9,17,7038,8,65,3,0
6655,15.23,68.0,7149,2126,3464,1237249,0,128,1,-175.5,5.0,1038.2,2611483570,5,16108,816,2555.9,2270.5,395,0.39,1,11,15,5,309,3,1,0
6656,9.69,68.0,7149,2117,3464,1237249,0,128,1,-175.5,5.0,1038.4,2611483866,5,16108,816,2555.9,2270.5,395,7.14,1,8,15,7062,4,2,2,0
6657,15.20,68.0,7149,2117,3463,1237247,0,128,1,-175.5,5.0,1038.6,2611484062,5,16108,816,2555.9,2270.5,395,0.34,2,10,17,5,260,2,1,0
6658,9.43,68.0,7149,2117,3464,1237249,0,128,1,-175.5,5.0,1038.8,2611484458,5,16108,816,2555.9,2270.5,395,7.22,3,18,16,7069,5,57,3,0
6659,15.39,68.0,7149,2117,3463,1237247,0,128,1,-175.5,5.0,1039.0,2611484638,5,16108,816,2555.9,2270.5,395,0.35,1,9,16,5,266,2,2,0
6660,11.44,68.0,7149,2117,3464,1237249,0,128,1,-175.5,5.0,1039.2,2611485466,5,16108,816,2555.9,2270.5,395,6.96,0,10,16,6870,3,2,2,0
6661,15.81,68.0,7149,2117,3464,1237249,0,128,1,-175.5,5.0,1039.4,2611485330,5,16108,816,2555.9,2270.5,395,0.35,1,9,18,6,272,2,2,0
6662,9.46,68.0,7149,2116,3464,1237249,0,128,1,-175.5,5.0,1039.6,2611485626,5,16108,816,2555.9,2270.5,395,7.23,1,8,17,7097,6,60,2,0
6663,15.29,68.0,7149,2116,3463,1237247,0,128,1,-175.5,5.0,1039.7,2611485822,5,16108,816,2555.9,2270.5,395,0.32,1,8,17,5,245,2,2,0
6664,9.75,68.0,7149,2116,3464,1237249,0,128,1,-175.5,5.0,1040.0,2611486202,5,16108,816,2555.9,2270.5,395,7.01,1,9,16,6935,3,2,2,0
6665,14.90,68.0,7149,2116,3463,1237247,0,128,1,-175.5,5.0,1040.1,2611489310,5,16108,816,2555.9,2270.5,395,0.36,1,9,17,6,283,2,1,0
6666,9.59,68.0,7149,2116,3464,1237249,0,128,1,-175.5,5.0,1040.3,2611486794,5,16108,816,2555.9,2270.5,395,7.45,1,9,16,7309,6,64,1,0
6667,15.11,68.0,7149,2116,3463,1237247,0,128,1,-175.5,5.0,1040.5,2611489902,5,16108,816,2555.9,2270.5,395,0.35,1,9,16,5,276,3,1,0
6668,9.66,68.0,7149,2120,3464,1237249,0,128,1,-175.5,5.0,1040.7,2611487386,5,16108,816,2555.9,2270.5,395,7.15,2,9,16,7072,4,3,2,0
6669,15.56,68.0,7149,2121,3463,1237247,0,128,1,-175.5,5.0,1040.9,2611490494,5,16108,816,2555.9,2270.5,395,0.33,1,8,17,5,247,2,1,0
6670,9.71,68.0,7149,2121,3464,1237249,0,128,1,-175.5,5.0,1041.1,2611487978,5,16108,816,2555.9,2270.5,395,7.58,1,9,24,7422,7,65,2,0
6671,15.32,68.0,7149,2121,3463,1237247,0,128,1,-175.5,5.0,1041.2,2611488174,5,16108,816,2555.9,2270.5,395,0.32,1,9,16,5,244,2,1,0
6672,9.44,68.0,7149,2121,3464,1237249,0,128,1,-175.5,5.0,1041.5,2611488570,5,16108,816,2555.9,2270.5,395,7.11,1,8,16,7030,4,2,2,0
6673,15.24,68.0,7149,2121,3463,1237247,0,128,1,-175.5,5.0,1041.6,2611488766,5,16108,816,2555.9,2270.5,395,0.34,1,8,17,6,260,2,1,0
6674,9.42,68.0,7149,2106,3451,1229704,0,128,1,-175.5,5.0,1041.8,2611489162,5,16108,816,2555.9,2270.5,395,7.37,1,10,17,7226,6,61,3,0
6675,15.55,68.0,7149,2106,3450,1229702,0,128,1,-175.5,5.0,1042.0,2611490346,5,16108,816,2555.9,2270.5,395,0.35,1,10,19,6,266,2,1,0
6676,9.46,68.0,7149,2106,3446,1228834,0,128,1,-175.5,5.0,1042.2,2611490742,5,16108,816,2555.9,2270.5,395,7.22,1,9,30,7126,6,2,2,0
6677,15.02,68.0,7149,2106,3445,1228832,0,128,1,-175.5,5.0,1042.3,2611490938,5,16108,816,2555.9,2270.5,395,0.34,1,9,17,6,260,2,1,0
6678,9.44,68.0,7149,2106,3446,1228834,0,128,1,-175.5,5.0,1042.6,2611491334,5,16108,816,2555.9,2270.5,395,7.47,1,9,39,7309,7,59,2,0
6679,15.62,68.0,7149,2106,3445,1228832,0,128,1,-175.5,5.0,1042.7,2611491530,5,16108,816,2555.9,2270.5,395,0.33,1,9,17,5,248,2,1,0
6680,9.29,68.0,7149,2106,3446,1228834,0,128,1,-175.5,5.0,1042.9,2611491926,5,16108,816,2555.9,2270.5,395,6.97,1,8,18,6890,5,3,2,0
6681,15.08,68.0,7149,2106,3445,1228832,0,128,1,-175.5,5.0,1043.1,2611492122,5,16108,816,2555.9,2270.5,395,0.33,0,9,17,6,247,3,1,0
6682,9.29,68.0,7149,2106,3446,1228834,0,128,1,-175.5,5.0,1043.3,2611492502,5,16108,816,2555.9,2270.5,395,7.24,1,9,16,7103,7,58,2,0
6683,14.46,68.0,7149,2106,3445,1228832,0,128,1,-175.5,5.0,1043.5,2611495594,5,16108,816,2555.9,2270.5,395,0.35,1,9,16,5,273,3,1,0
6684,9.29,68.0,7149,2106,3446,1228834,0,128,1,-175.5,5.0,1043.7,2611493094,5,16108,816,2555.9,2270.5,395,7.11,1,13,19,7009,6,2,5,0
6685,15.14,68.0,7149,2106,3445,1228832,0,128,1,-175.5,5.0,1043.8,2611496186,5,16108,816,2555.9,2270.5,395,0.32,1,9,17,5,243,2,1,0
6686,9.25,68.0,7149,2106,3433,1220394,0,128,1,-175.5,5.0,1044.0,2611493686,5,16108,816,2555.9,2270.5,395,7.61,1,8,15,7469,7,60,2,0
6687,15.51,68.0,7149,2106,3432,1220392,0,128,1,-175.5,5.0,1044.2,2611494886,5,16108,816,2555.9,2270.5,395,0.32,1,9,17,6,241,3,1,0
6688,9.85,68.0,7149,2106,3433,1220394,0,128,1,-175.5,5.0,1044.4,2611495282,5,16108,816,2555.9,2270.5,395,7.20,2,12,15,7106,4,2,2,0
6689,15.35,68.0,7149,2106,3432,1220392,0,128,1,-175.5,5.0,1044.6,2611495478,5,16108,816,2555.9,2270.5,395,0.35,1,10,24,11,266,2,1,0
6690,9.12,68.0,7149,2106,3433,1220394,0,128,1,-175.5,5.0,1044.8,2611496234,5,16108,816,2555.9,2270.5,395,7.30,0,9,21,7158,5,62,3,0
6691,16.22,68.0,7149,2102,3432,1220392,0,128,1,-175.5,5.0,1044.9,2611496054,5,16108,816,2555.9,2270.5,395,0.33,0,9,16,5,254,1,1,0
6692,9.17,68.0,7149,2102,3433,1220394,0,128,1,-175.5,5.0,1045.2,2613285282,5,16108,816,2555.9,2270.5,395,55.56,0,9,17,6985,4,2,2,0
6693,74.26,68.0,7149,2098,3432,1222762,0,128,1,-175.5,5.0,1045.3,2613289398,5,16108,816,2555.9,2270.5,395,0.36,2,9,18,6,272,3,1,0
6694,12.98,68.0,7149,2093,3423,1222144,0,128,1,-175.5,5.0,1046.4,2613289778,5,16108,816,2555.9,2270.5,395,7.50,1,8,16,7363,5,56,3,0
6695,15.78,68.0,7149,2088,3413,1220854,0,128,1,-175.5,5.0,1046.6,2613291078,5,16108,816,2555.9,2270.5,395,0.33,1,9,17,5,253,2,2,0
6696,9.32,68.0,7149,2088,3413,1220854,0,128,1,-175.5,5.0,1046.8,2613292362,5,16108,816,2555.9,2270.5,395,7.03,1,9,17,6947,4,1,2,0
6697,15.42,68.0,7149,2088,3412,1220852,0,128,1,-175.5,5.0,1047.0,2613295390,5,16108,816,2555.9,2270.5,395,0.34,1,9,16,6,264,2,2,0
6698,9.41,68.0,7149,2088,3413,1220854,0,128,1,-175.5,5.0,1047.2,2613292954,5,16108,816,2555.9,2270.5,395,7.70,2,9,16,7553,7,65,2,0
6699,15.78,68.0,7149,2088,3412,1220852,0,128,1,-175.5,5.0,1047.4,2613295982,5,16108,816,2555.9,2270.5,395,0.34,3,23,16,5,252,3,1,0
6700,9.56,68.0,7149,2088,3413,1220854,0,128,1,-175.5,5.0,1047.6,2613293546,5,16108,816,2555.9,2270.5,395,7.09,1,8,17,7010,3,3,2,0
6701,16.45,68.0,7149,2088,3412,1220852,0,128,1,-175.5,5.0,1047.7,2613293742,5,16108,816,2555.9,2270.5,395,0.33,2,9,16,5,252,2,2,0
6702,9.54,68.0,7149,2088,3413,1220854,0,128,1,-175.5,5.0,1048.0,2613294138,5,16108,816,2555.9,2270.5,395,7.41,1,9,21,7270,6,57,2,0
6703,15.11,68.0,7149,2088,3409,1220490,0,128,1,-175.5,5.0,1048.1,2613294318,5,16108,816,2555.9,2270.5,395,0.35,1,8,16,5,267,2,1,0
6704,9.49,68.0,7149,2087,3409,1220488,0,128,1,-175.5,5.0,1048.4,2613294714,5,16108,816,2555.9,2270.5,395,7.14,1,9,16,7067,4,2,1,0
6705,14.43,68.0,7149,1922,3243,1036292,0,128,1,-175.5,5.0,1048.5,2613294910,5,16108,816,2555.9,2270.5,395,0.34,1,9,17,6,258,2,1,0
6706,9.54,68.0,7149,1917,3219,1035534,0,128,1,-175.5,5.0,1048.7,2613296310,5,16108,816,2555.9,2270.5,395,7.45,0,20,16,7291,5,72,2,0
6707,15.16,68.0,7149,1919,3215,1035502,0,128,1,-175.5,5.0,1048.9,2613297510,5,16108,816,2555.9,2270.5,395,0.33,1,8,17,6,248,2,1,0
6708,9.33,68.0,7149,1919,3216,1035504,0,128,1,-175.5,5.0,1049.1,2613297890,5,16108,816,2555.9,2270.5,395,7.07,1,8,17,6978,5,3,2,0
6709,14.78,68.0,7149,1919,3215,1035502,0,128,1,-175.5,5.0,1049.2,2613300902,5,16108,816,2555.9,2270.5,395,0.32,1,8,16,5,245,2,1,0
6710,9.30,68.0,7149,1919,3216,1035504,0,128,1,-175.5,5.0,1049.4,2613298482,5,16108,816,2555.9,2270.5,395,7.40,1,8,17,7275,6,56,2,0
6711,14.58,68.0,7149,1919,3215,1035502,0,128,1,-175.5,5.0,1049.6,2613301494,5,16108,816,2555.9,2270.5,395,0.32,1,8,15,5,243,2,1,0
6712,9.39,68.0,7149,1916,3213,1034991,0,128,1,-175.5,5.0,1049.8,2613299074,5,16108,816,2555.9,2270.5,395,7.78,1,9,15,7698,7,2,2,0
6713,15.81,68.0,7149,1916,3212,1034989,0,128,1,-175.5,5.0,1049.9,2613302086,5,16108,816,2555.9,2270.5,395,0.33,1,9,16,5,255,3,1,0
6714,9.33,68.0,7149,1915,3212,1034855,0,128,1,-175.5,5.0,1050.2,2613299666,5,16108,816,2555.9,2270.5,395,7.54,1,13,17,7391,6,62,2,0
6715,14.94,68.0,7149,1914,3206,1034624,0,128,1,-175.5,5.0,1050.3,2613299862,5,16108,816,2555.9,2270.5,395,0.33,1,9,15,5,256,3,1,0
6716,8.96,68.0,7149,1904,3177,1033546,0,128,1,-175.5,5.0,1050.5,2613301262,5,16108,816,2555.9,2270.5,395,7.12,2,12,16,7033,5,2,2,0
6717,14.80,68.0,7149,1904,3176,1033544,0,128,1,-175.5,5.0,1050.7,2613302462,5,16108,816,2555.9,2270.5,395,0.33,1,9,17,5,252,2,2,0
6718,8.87,68.0,7149,1904,3177,1033546,0,128,1,-175.5,5.0,1050.9,2613302858,5,16108,816,2555.9,2270.5,395,7.41,1,8,16,7274,6,58,2,0
6719,15.11,68.0,7149,1904,3176,1033544,0,128,1,-175.5,5.0,1051.0,2613303038,5,16108,816,2555.9,2270.5,395,0.31,1,9,16,5,240,2,2,0
6720,9.90,68.0,7149,1904,3177,1033546,0,128,1,-175.5,5.0,1051.3,2613303722,5,16108,816,2555.9,2270.5,395,7.11,1,9,16,7024,7,3,2,0
6721,15.63,68.0,7149,1904,3176,1033544,0,128,1,-175.5,5.0,1051.4,2613303630,5,16108,816,2555.9,2270.5,395,0.33,1,9,17,6,247,2,1,0
6722,8.95,68.0,7149,1899,3172,1033306,0,128,1,-175.5,5.0,1051.6,2613304026,5,16108,816,2555.9,2270.5,395,7.67,1,9,16,7523,6,60,2,0
6723,15.10,68.0,7149,1894,3166,1031349,0,128,1,-175.5,5.0,1051.8,2613304222,5,16108,816,2555.9,2270.5,395,0.33,1,9,17,5,253,2,1,0
6724,9.04,75.0,7149,1889,3158,1030769,0,128,1,-175.5,5.0,1052.0,2613305606,5,16108,816,2555.9,2270.5,395,7.33,1,10,16,7227,13,7,6,0
6725,15.94,75.0,7149,1889,3157,1030767,0,128,1,-175.5,5.0,1052.1,2613309606,5,16108,816,2555.9,2270.5,395,0.33,1,9,16,5,252,2,2,0
6726,9.29,75.0,7149,1889,3133,1030009,0,128,1,-175.5,5.0,1052.4,2613307202,5,16108,816,2555.9,2270.5,395,7.94,1,10,18,7792,7,60,2,0
6727,16.41,75.0,7149,1884,3127,1029097,0,128,1,-175.5,5.0,1052.5,2613311202,5,16108,816,2555.9,2270.5,395,0.34,1,9,17,5,257,2,2,0
6728,9.20,75.0,7149,1884,3128,1029099,0,128,1,-175.5,5.0,1052.8,2613309802,5,16108,816,2555.9,2270.5,395,6.93,1,8,16,6855,6,2,2,0
6729,15.02,75.0,7149,1884,3127,1029097,0,128,1,-175.5,5.0,1052.9,2613309998,5,16108,816,2555.9,2270.5,395,0.33,0,9,16,5,260,2,2,0
6730,9.20,75.0,7149,1885,3116,1027651,0,128,1,-175.5,5.0,1053.1,2613310394,5,16108,816,2555.9,2270.5,395,7.34,1,9,16,7212,5,56,2,0
6731,14.74,75.0,7125,1885,3115,1027633,0,122,1,-175.5,5.0,1053.3,2615126346,5,16108,816,2555.9,2270.5,395,80.54,1001,8,22,0,0,0,0,29086
6732,98.50,75.0,7119,2137,3323,1115167,0,122,1,-175.5,5.0,1053.5,2611915710,5,16007,816,2555.9,2270.5,395,60.76,2279,9,18,7640,0,0,0,0
6733,71.58,75.0,7121,2127,3292,1112067,0,122,3,-175.5,5.0,1055.0,2613569454,5,16007,816,2555.9,2270.5,395,51.51,861,9,972,7,255,2,133,0
6734,105.53,75.0,7121,2104,3239,1108607,5,124,2,-175.5,5.0,1056.0,2614324974,5,15722,816,2557.8,2272.2,395,64.63,3479,8637,4031,0,0,0,0,0
6735,77.52,75.0,7121,2101,3237,1110593,7,124,1,-175.5,5.0,1057.6,2611453510,5,15722,816,2558.1,2272.6,395,61.56,822,7684,4613,0,0,0,0,0
6736,73.83,75.0,7121,2083,3225,1109074,13,124,1,-175.5,5.0,1058.8,2613704578,5,15234,816,2559.5,2273.9,395,64.70,4621,12,14396,0,0,0,0,0
6737,76.28,75.0,7121,2077,3221,1110261,15,124,1,-175.5,5.0,1059.9,2611795434,5,15087,816,2559.6,2274.0,395,59.78,1508,8,11565,0,0,0,0,0
6738,70.88,75.0,7121,2074,3196,1110406,21,124,1,-175.5,5.0,1061.0,2611905070,5,15087,816,2559.9,2274.3,395,17.74,1,7,17695,0,0,0,0,0
6739,28.00,75.0,7123,2075,3196,1110406,68,124,3,-175.5,5.0,1062.1,2612394646,5,15087,816,2560.9,2275.3,395,10.98,2,7,5522,6,265,3,5126,0
6740,20.35,75.0,7123,2034,3156,1107376,68,124,3,-175.5,5.0,1062.5,2612849710,5,15087,816,2561.8,2276.2,395,11.07,1,20,4090,6902,0,0,0,0
6741,19.23,75.0,7125,2028,3151,1107026,98,124,5,-175.5,5.0,1062.8,2613155470,5,15087,816,2561.8,2276.2,395,7.14,1,10,4256,7,280,2,2544,0
6742,15.11,75.0,7125,2028,3151,1107026,138,128,4,-175.5,5.0,1063.1,2613965198,5,15087,816,2562.2,2276.6,395,11.91,1,7535,4331,0,0,0,0,0
6743,21.03,75.0,7125,2024,3155,1104674,159,128,4,-175.5,5.0,1063.3,2615161994,5,15087,816,2562.4,2276.8,395,25.64,1,12,25585,0,0,0,0,0
6744,34.16,75.0,7125,2020,3155,1104674,162,128,4,-175.5,5.0,1063.7,2615291270,5,15087,816,2569.4,2283.8,395,8.46,1,12,8395,0,0,0,0,0
6745,16.27,75.0,7126,1984,3095,1102064,256,128,5,-175.5,5.0,1064.2,2614977786,5,15123,816,2570.4,2284.8,395,53.35,1,13,4015,7,269,3,3553,0
6746,63.01,75.0,7126,1956,3059,1104219,269,128,5,-175.5,5.0,1064.4,2618461990,5,15152,816,2571.1,2285.5,395,55.86,1,14,4033,7100,0,0,0,0
6747,67.11,75.0,7126,1951,3054,1103799,293,128,5,-175.5,5.0,1065.4,2619071698,5,15152,816,2571.4,2285.8,395,12.47,2,15,12409,0,0,0,0,0
6748,22.37,75.0,7126,1936,3039,1100884,295,128,5,-175.5,5.0,1066.4,2619137074,5,15152,816,2571.5,2285.9,395,14.05,1,15,7170,6822,0,0,0,0
6749,23.04,75.0,7126,1930,3034,1100464,307,128,5,-175.5,5.0,1066.7,2619530382,5,15152,816,2571.7,2286.1,395,15.78,1,16,15725,0,0,0,0,0
6750,26.53,26.0,7126,1920,3024,1099624,319,128,5,-175.5,5.0,1067.0,2619770906,5,15152,816,2575.7,2290.1,395,8.44,1,14,8387,0,0,0,0,0
6751,17.89,26.0,7126,1906,3011,1092829,310,128,5,-175.5,5.0,1067.4,2618933418,5,15194,816,2577.0,2291.4,395,49.39,1,14,4011,5,256,2,2,0
6752,58.95,26.0,7126,1852,2956,1082094,322,128,5,-175.5,5.0,1067.7,2619155562,5,15194,816,2577.0,2291.4,395,10.71,1,16,10652,0,0,0,0,0
6753,20.17,26.0,7126,1852,2956,1082094,326,128,5,-175.5,5.0,1068.6,2619254198,5,15194,816,2577.2,2291.6,395,9.20,1,15,9148,0,0,0,0,0
6754,19.50,26.0,7126,1826,2930,1079319,333,128,5,-175.5,5.0,1068.9,2618709466,5,15194,816,2577.9,2292.3,395,11.24,1,38,4483,6681,0,0,0,0
6755,19.71,26.0,7126,1818,2923,1078201,337,128,5,-175.5,5.0,1069.2,2617419626,5,15196,816,2577.9,2292.3,395,55.18,1,14,4065,10,281,3,2,0
6756,74.00,26.0,7126,1818,2923,1077871,338,128,5,-175.5,5.0,1069.5,2617433358,5,15196,816,2567.8,2282.2,395,10.08,1,16,10021,0,0,0,0,0
6757,19.66,26.0,7126,1793,2898,1077111,346,128,5,-175.5,5.0,1070.6,2617581138,5,15196,816,2568.1,2282.5,395,5.55,2,15,5019,8,463,4,2,0
6758,18.14,26.0,7126,1789,2893,1076241,353,128,5,-175.5,5.0,1070.9,2617722402,5,15196,816,2568.3,2282.7,395,11.20,1,14,11147,0,0,0,0,0
6759,19.54,26.0,7126,1779,2883,1073936,360,128,5,-175.5,5.0,1071.2,2621516266,5,15214,816,2568.5,2282.9,395,49.29,1,34,4023,6,265,3,1,0
6760,59.34,26.0,7126,1774,2878,1073066,362,128,5,-175.5,5.0,1071.5,2621575106,5,15214,816,2568.5,2282.9,395,12.26,1,14,12183,0,0,0,0,0
6761,22.18,26.0,7126,1774,2878,1073066,377,128,5,-175.5,5.0,1072.3,2621991562,5,15214,816,2569.2,2283.5,395,10.39,1,15,10328,0,0,0,0,0
6762,25.91,26.0,7126,1757,2863,1071806,327,128,5,-175.5,5.0,1072.7,2620705606,5,15264,816,2570.2,2284.6,395,54.13,1,16,2306,6468,0,0,0,0
6763,65.24,26.0,7128,1752,2858,1070311,306,128,5,-175.5,5.0,1073.1,2619353774,5,15284,816,2570.2,2284.6,395,49.47,1,16,4074,7,258,2,2,0
6764,58.38,26.0,7132,1747,2853,1069931,256,128,5,-175.5,5.0,1074.0,2622227098,5,15332,816,2570.2,2284.6,395,53.69,1,15,2077,6616,0,0,0,0
6765,63.06,26.0,7142,1747,2853,1071476,206,128,5,-175.5,5.0,1074.9,2620870002,5,15377,816,2570.2,2284.6,395,48.23,1,14,2234,5,237,2,2,0
6766,57.33,26.0,7148,1747,2853,1071476,156,128,5,-175.5,5.0,1075.9,2619573022,5,15424,816,2570.2,2284.6,395,54.87,1,20,2859,6285,0,0,0,0
6767,65.38,26.0,7148,1737,2843,1070636,131,129,4,-175.5,5.0,1076.7,2622465838,5,15449,816,2570.2,2284.6,395,61.12,1,10880,4736,0,0,0,0,0
6768,73.23,26.0,7148,1739,2850,1071390,127,129,3,-175.5,5.0,1077.7,2621122550,5,15453,816,2570.2,2284.6,395,59.98,1,7556,7128,0,0,0,0,0
6769,70.41,26.0,7148,1734,2853,1070986,125,129,3,-175.5,5.0,1078.8,2619704562,5,15455,816,2570.3,2284.6,395,60.53,0,11,14165,0,0,0,0,0
6770,69.97,26.0,7148,1734,2853,1070946,124,129,3,-175.5,5.0,1079.9,2622514966,5,15456,816,2570.3,2284.6,395,56.58,1,12,10739,0,0,0,0,0
6771,68.10,26.0,7150,1729,2848,1070526,113,129,3,-175.5,5.0,1080.9,2621182070,5,15466,816,2570.3,2284.6,395,65.44,1,11,18372,0,0,0,0,0
6772,75.91,26.0,7154,1729,2848,1070526,88,129,3,-175.5,5.0,1081.9,2619930670,5,15489,816,2570.3,2284.7,395,61.45,1,22,12123,0,0,0,0,0
6773,79.55,23.0,7154,1724,2842,1069654,85,129,3,-175.5,5.0,1083.1,2622744322,5,15492,816,2570.3,2284.7,395,62.12,1,13,15881,0,0,0,0,0
6774,75.59,23.0,7160,1714,2832,1064549,35,129,3,-175.5,5.0,1084.3,2621392286,5,15539,816,2570.3,2284.7,395,54.84,1,12,2148,6359,0,0,0,0
6775,64.55,23.0,7162,1799,2917,1076879,26,129,2,-175.5,5.0,1085.4,2620041130,5,15546,816,2570.3,2284.7,395,61.34,1,7965,7739,0,0,0,0,0
6776,70.99,23.0,7162,1770,2894,1066958,19,129,1,-175.5,5.0,1086.4,2620190986,5,15546,816,2570.5,2284.9,395,15.62,0,10608,4968,0,0,0,0,0
6777,32.34,23.0,7162,1753,2884,1054719,14,129,1,-175.5,5.0,1087.4,2620324054,5,15546,816,2570.8,2285.1,395,7.04,1,7,6714,7,270,3,2,0
6778,32.30,23.0,7162,1753,2884,1054719,10,129,1,-175.5,5.0,1087.9,2620448010,5,15546,816,2571.1,2285.5,395,10.44,1,8,10392,0,0,0,0,0
6779,34.13,23.0,7162,1754,2884,1054719,4,129,1,-175.5,5.0,1088.4,2620673482,5,15546,816,2571.5,2285.8,395,4.98,1,16,4605,8,286,3,3,0
6780,45.33,23.0,7162,1753,2883,1054717,1,129,1,-175.5,5.0,1088.9,2620736514,5,15546,816,2572.3,2286.7,395,11.03,1,7,4316,6662,0,0,0,0
6781,31.38,23.0,7162,1755,2883,1054717,0,129,1,-175.5,5.0,1089.6,2620754598,5,15546,816,2572.7,2287.0,395,0.64,1,7,326,6,259,3,1,0
6782,31.11,23.0,7428,1756,2883,1054717,0,129,1,-175.5,5.0,1090.1,2623571466,5,15545,816,2572.7,2287.0,395,52.45,1,11,15,6780,6,1061,3,0
6783,73.05,23.0,7428,1764,2891,1056976,0,129,1,-175.5,5.0,1090.5,2623602326,5,15545,816,2572.7,2287.0,395,0.33,1,9,16,5,255,2,1,0
6784,32.62,23.0,7428,1762,2891,1056976,0,129,1,-175.5,5.0,1091.6,2623602590,5,15545,816,2572.7,2287.0,395,7.14,1,10,16,7053,6,6,5,0
6785,32.55,23.0,7428,1469,2599,967430,0,129,1,-175.5,5.0,1092.1,2623602870,5,15545,816,2572.7,2287.0,395,0.32,0,9,15,5,254,2,1,0
6786,28.50,23.0,7432,1464,2594,967010,0,129,1,-175.5,5.0,1092.6,2622235934,5,15544,816,2572.7,2287.0,395,52.94,1,10,17,6551,7,1121,3,0
6787,63.09,23.0,7432,1469,2598,968607,0,129,1,-175.5,5.0,1093.0,2622239018,5,15544,816,2572.7,2287.0,395,0.32,1,9,18,5,251,2,1,0
6788,28.60,23.0,7432,1468,2598,968607,0,129,1,-175.5,5.0,1094.0,2622239298,5,15544,816,2572.7,2287.0,395,7.06,2,10,17,6973,7,3,3,0
6789,25.05,23.0,7432,1468,2598,968607,0,129,1,-175.5,5.0,1094.4,2622239594,5,15544,816,2572.7,2287.0,395,0.38,1,9,16,5,311,2,1,0
6790,25.25,23.0,7432,1462,2593,968257,0,129,1,-175.5,5.0,1094.8,2622239858,5,15544,816,2572.7,2287.0,395,7.33,1,9,17,7190,7,37,2,0
6791,25.08,23.0,7432,1462,2593,968257,0,129,1,-175.5,5.0,1095.2,2622240154,5,15544,816,2572.7,2287.0,395,0.36,1,9,16,5,286,2,1,0
6792,25.05,23.0,7432,1463,2593,968257,0,129,1,-175.5,5.0,1095.5,2622240434,5,15544,816,2572.7,2287.0,395,7.31,1,12,19,7211,7,3,3,0
6793,21.35,23.0,7432,1463,2593,968257,0,129,1,-175.5,5.0,1095.9,2622240730,5,15544,816,2572.7,2287.0,395,0.42,1,15,21,7,294,3,2,0
6794,21.57,23.0,7432,1463,2593,968257,0,129,1,-175.5,5.0,1096.2,2622241010,5,15544,816,2572.7,2287.0,395,7.60,32,32,44,7403,7,34,2,0
6795,21.17,23.0,7432,1462,2593,968257,0,129,1,-175.5,5.0,1096.6,2622241306,5,15544,816,2572.7,2287.0,395,0.35,1,9,16,5,267,3,4,0
6796,21.41,23.0,7432,1462,2593,968257,0,129,1,-175.5,5.0,1096.9,2622241586,5,15544,816,2572.7,2287.0,395,7.02,1,10,16,6947,6,2,2,0
6797,19.80,24.0,7432,1462,2593,968257,0,129,1,-175.5,5.0,1097.2,2622241882,5,15544,816,2572.7,2287.0,395,0.32,2,9,16,6,245,2,2,0
6798,19.47,24.0,7436,1462,2593,968257,0,129,1,-175.5,5.0,1097.5,2620799782,5,15543,816,2572.7,2287.0,395,52.16,1,14,25,7237,5,578,2,0
6799,61.54,24.0,7436,1467,2597,968049,0,129,1,-175.5,5.0,1097.8,2620805022,5,15543,816,2572.7,2287.0,395,0.33,1,9,16,5,252,2,2,0
6800,19.12,24.0,7436,1466,2597,968049,0,129,1,-175.5,5.0,1098.7,2620803622,5,15543,816,2572.7,2287.0,395,6.48,1,9,16,6412,3,2,2,0
6801,19.04,24.0,7436,1467,2597,968049,0,129,1,-175.5,5.0,1099.0,2620803918,5,15543,816,2572.7,2287.0,395,0.33,1,10,16,5,254,2,1,0
6802,19.08,24.0,7436,1466,2597,968049,0,129,1,-175.5,5.0,1099.3,2620804198,5,15543,816,2572.7,2287.0,395,7.41,1,9,17,7297,7,38,2,0
6803,19.04,24.0,7436,1465,2597,968049,0,129,1,-175.5,5.0,1099.6,2620804494,5,15543,816,2572.7,2287.0,395,0.45,1,29,20,7,339,3,1,0
6804,19.33,24.0,7436,1465,2597,968049,0,129,1,-175.5,5.0,1099.9,2620804774,5,15543,816,2572.7,2287.0,395,6.99,1,9,34,6885,8,4,3,0
6805,18.76,24.0,7436,1464,2597,968049,0,129,1,-175.5,5.0,1100.1,2620806750,5,15543,816,2572.7,2287.0,395,0.31,1,10,15,5,242,2,2,0
6806,16.07,24.0,7436,1463,2597,968049,0,129,1,-175.5,5.0,1100.4,2620807046,5,15543,816,2572.7,2287.0,395,6.94,1,9,16,6836,6,31,2,0
6807,16.08,24.0,7436,1463,2597,968049,0,129,1,-175.5,5.0,1100.7,2620807342,5,15543,816,2572.7,2287.0,395,0.32,1,10,16,5,251,2,2,0
6808,16.14,24.0,7436,1463,2597,968049,0,129,1,-175.5,5.0,1100.9,2620806006,5,15543,816,2572.7,2287.0,395,6.99,1,10,16,6908,7,2,2,0
6809,16.00,24.0,7436,1463,2597,968049,0,129,1,-175.5,5.0,1101.2,2620807998,5,15543,816,2572.7,2287.0,395,0.32,1,10,17,5,246,2,1,0
6810,16.20,24.0,7436,1463,2597,968049,0,129,1,-175.5,5.0,1101.4,2620807030,5,15543,816,2572.7,2287.0,395,6.73,1,9,17,6615,8,38,2,0
6811,15.45,24.0,7436,1465,2596,968047,0,129,1,-175.5,5.0,1101.6,2620808490,5,15543,816,2572.7,2287.0,395,0.33,0,9,16,5,257,2,2,0
6812,13.71,24.0,7436,1465,2596,968047,0,129,1,-175.5,5.0,1101.9,2620807090,5,15543,816,2572.7,2287.0,395,6.88,2,10,16,6796,5,3,2,0
6813,13.71,24.0,7436,1467,2596,968047,0,129,1,-175.5,5.0,1102.1,2620809082,5,15543,816,2572.7,2287.0,395,0.31,1,10,16,5,242,1,1,0
6814,13.74,24.0,7436,1467,2596,968047,0,129,1,-175.5,5.0,1102.3,2620807682,5,15543,816,2572.7,2287.0,395,6.39,1,9,16,6286,5,34,2,0
6815,13.77,24.0,7436,1467,2596,968047,0,129,1,-175.5,5.0,1102.5,2620807978,5,15543,816,2572.7,2287.0,395,0.32,1,10,16,5,251,2,2,0
6816,13.76,24.0,7436,1468,2596,968047,0,129,1,-175.5,5.0,1102.7,2620808274,5,15543,816,2572.7,2287.0,395,6.57,1,9,17,6484,7,3,2,0
6817,14.02,24.0,7436,1467,2596,968047,0,129,1,-175.5,5.0,1102.9,2620808570,5,15543,816,2572.7,2287.0,395,0.33,1,10,17,5,252,3,1,0
6818,13.72,24.0,7436,1466,2596,968047,0,129,1,-175.5,5.0,1103.1,2620808866,5,15543,816,2572.7,2287.0,395,6.84,1,10,17,6719,7,36,2,0
6819,13.32,24.0,7436,1466,2596,968047,0,129,1,-175.5,5.0,1103.3,2620809162,5,15543,816,2572.7,2287.0,395,0.31,1,9,16,5,240,2,1,0
6820,10.69,24.0,7436,1466,2596,968047,0,129,1,-175.5,5.0,1103.5,2620809458,5,15543,816,2572.7,2287.0,395,6.73,2,10,16,6647,3,2,2,0
6821,13.51,24.0,7436,1455,2586,967457,0,129,1,-175.5,5.0,1103.7,2620809754,5,15543,816,2572.7,2287.0,395,0.31,1,10,16,5,239,2,1,0
6822,10.68,24.0,7436,1455,2586,967457,0,129,1,-175.5,5.0,1103.9,2620811054,5,15543,816,2572.7,2287.0,395,6.91,1,9,17,6798,7,36,2,0
6823,13.18,24.0,7436,1457,2586,967457,0,129,1,-175.5,5.0,1104.0,2620811350,5,15543,816,2572.7,2287.0,395,0.32,1,9,16,6,247,2,1,0
6824,10.85,24.0,7436,1457,2586,967457,0,129,1,-175.5,5.0,1104.2,2620811646,5,15543,816,2572.7,2287.0,395,6.56,1,10,16,6482,4,3,2,0
6825,13.91,24.0,7436,1457,2586,967457,0,129,1,-175.5,5.0,1104.4,2620813638,5,15543,816,2572.7,2287.0,395,0.33,1,9,17,6,248,3,1,0
6826,10.85,24.0,7436,1457,2586,967457,0,129,1,-175.5,5.0,1104.6,2620812254,5,15543,816,2572.7,2287.0,395,6.81,1,9,16,6700,5,32,2,0
6827,13.78,24.0,7436,1455,2586,967457,0,129,1,-175.5,5.0,1104.8,2620812550,5,15543,816,2572.7,2287.0,395,0.34,1,9,16,6,269,3,1,0
6828,9.50,24.0,7436,1451,2581,967117,0,129,1,-175.5,5.0,1105.0,2620812846,5,15543,816,2572.7,2287.0,395,6.38,1,9,17,6296,6,2,2,0
6829,13.67,24.0,7436,1451,2580,967115,0,129,1,-175.5,5.0,1105.1,2620813042,5,15543,816,2572.7,2287.0,395,0.35,2,12,26,9,257,2,2,0
6830,9.38,24.0,7436,1441,2571,966367,0,129,1,-175.5,5.0,1105.3,2620813438,5,15543,816,2572.7,2287.0,395,6.80,1,9,16,6697,5,33,2,0
6831,13.88,24.0,7436,1441,2570,966365,0,129,1,-175.5,5.0,1105.5,2620814638,5,15543,816,2572.7,2287.0,395,0.31,1,9,17,6,240,3,1,0
6832,9.54,24.0,7436,1441,2571,966367,0,129,1,-175.5,5.0,1105.7,2620815034,5,15543,816,2572.7,2287.0,395,6.55,1,11,19,6461,5,2,2,0
6833,13.09,24.0,7436,1441,2570,966365,0,129,1,-175.5,5.0,1105.8,2620816942,5,15543,816,2572.7,2287.0,395,0.34,1,9,31,5,249,2,1,0
6834,9.38,24.0,7436,1442,2571,966367,0,129,1,-175.5,5.0,1106.0,2620815626,5,15543,816,2572.7,2287.0,395,6.15,1,9,17,6048,4,27,2,0
6835,13.45,24.0,7436,1441,2570,966365,0,129,1,-175.5,5.0,1106.2,2620817534,5,15543,816,2572.7,2287.0,395,0.35,1,10,17,5,276,2,1,0
6836,8.88,24.0,7436,1441,2571,966367,0,129,1,-175.5,5.0,1106.4,2620816218,5,15543,816,2572.7,2287.0,395,6.93,10,9,16,6838,7,3,2,0
6837,14.38,24.0,7436,1441,2570,966365,0,129,1,-175.5,5.0,1106.5,2620818126,5,15543,816,2572.7,2287.0,395,0.33,1,12,23,5,246,2,1,0
6838,8.85,24.0,7436,1442,2571,966367,0,129,1,-175.5,5.0,1106.7,2620816826,5,15543,816,2572.7,2287.0,395,6.84,1,10,16,6728,5,30,2,0
6839,14.65,24.0,7436,1442,2570,966365,0,129,1,-175.5,5.0,1106.8,2620816990,5,15543,816,2572.7,2287.0,395,0.40,1,14,17,6,298,4,2,0
6840,38.90,24.0,7436,1441,2571,966367,0,129,1,-175.5,5.0,1107.1,2620817730,5,15543,816,2572.7,2287.0,395,7.38,0,9,16,7298,8,2,2,0
6841,15.27,24.0,7436,1441,2571,966367,0,129,1,-175.5,5.0,1107.6,2623600370,5,15543,816,2572.7,2287.0,395,46.11,2,23,17,6,239,2,2,0
6842,57.15,24.0,7436,1439,2571,965347,0,129,1,-175.5,5.0,1107.9,2623600666,5,15543,816,2572.7,2287.0,395,6.78,1,9,17,6664,7,35,2,0
6843,14.19,24.0,7436,1439,2571,965347,0,129,1,-175.5,5.0,1108.7,2623600962,5,15543,816,2572.7,2287.0,395,0.34,1,9,16,5,262,3,1,0
6844,8.27,24.0,7436,1423,2556,963927,0,129,1,-175.5,5.0,1108.9,2623601258,5,15543,816,2572.7,2287.0,395,6.54,1,9,17,6458,5,2,2,0
6845,13.50,24.0,7436,1423,2555,963925,0,129,1,-175.5,5.0,1109.1,2623602458,5,15543,816,2572.7,2287.0,395,0.32,1,10,17,5,249,3,1,0
6846,10.18,24.0,7436,1423,2556,963927,0,129,1,-175.5,5.0,1109.3,2623602854,5,15543,816,2572.7,2287.0,395,6.95,1,9,15,6833,7,37,3,0
6847,14.26,24.0,7436,1423,2556,963927,0,129,1,-175.5,5.0,1109.4,2623604814,5,15543,816,2572.7,2287.0,395,0.32,1,10,16,5,243,2,1,0
6848,10.33,24.0,7436,1423,2547,963469,0,129,1,-175.5,5.0,1109.6,2623603462,5,15543,816,2572.7,2287.0,395,6.60,1,10,16,6515,7,3,3,0
6849,13.51,24.0,7436,1414,2537,963339,0,129,1,-175.5,5.0,1109.8,2623604762,5,15543,816,2572.7,2287.0,395,0.33,1,8,16,5,257,3,2,0
6850,10.20,24.0,7436,1414,2537,963339,0,129,1,-175.5,5.0,1110.0,2623606062,5,15543,816,2572.7,2287.0,395,6.57,1,9,16,6465,5,33,2,0
6851,12.83,24.0,7436,1414,2537,963339,0,129,1,-175.5,5.0,1110.1,2623606358,5,15543,816,2572.7,2287.0,395,0.32,1,8,16,5,246,2,1,0
6852,10.35,24.0,7436,1414,2537,963339,0,129,1,-175.5,5.0,1110.3,2623608334,5,15543,816,2572.7,2287.0,395,6.45,1,9,18,6360,6,2,3,0
6853,12.90,24.0,7436,1414,2537,963339,0,129,1,-175.5,5.0,1110.5,2623608630,5,15543,816,2572.7,2287.0,395,0.32,0,9,16,5,255,2,1,0
6854,10.42,24.0,7436,1379,2502,961199,0,129,1,-175.5,5.0,1110.7,2623608926,5,15543,816,2572.7,2287.0,395,6.53,1,10,17,6423,5,31,2,0
6855,13.47,24.0,7436,1379,2502,961199,0,129,1,-175.5,5.0,1110.8,2623610226,5,15543,816,2572.7,2287.0,395,0.36,1,10,16,6,285,2,1,0
6856,8.60,24.0,7436,1380,2502,961199,0,129,1,-175.5,5.0,1111.0,2623608906,5,15543,816,2572.7,2287.0,395,8.38,0,9,16,8313,0,0,0,0
6857,15.11,24.0,7436,1376,2497,961005,0,129,1,-175.5,5.0,1111.2,2623610814,5,15543,816,2572.7,2287.0,395,0.34,1,9,17,5,274,2,1,0
6858,8.60,24.0,7436,1376,2498,961007,0,129,1,-175.5,5.0,1111.4,2623609498,5,15543,816,2572.7,2287.0,395,6.45,2,9,17,6352,3,23,2,0
6859,13.71,24.0,7436,1376,2488,960547,0,129,1,-175.5,5.0,1111.5,2623611406,5,15543,816,2572.7,2287.0,395,0.32,1,9,16,6,248,2,1,0
6860,8.56,24.0,7436,1376,2489,960549,0,129,1,-175.5,5.0,1111.7,2623611094,5,15543,816,2572.7,2287.0,395,7.12,1,10,16,7044,7,2,2,0
6861,14.28,24.0,7436,1376,2488,960547,0,129,1,-175.5,5.0,1111.9,2623613002,5,15543,816,2572.7,2287.0,395,0.37,1,9,16,5,288,9,4,0
6862,9.20,65.0,7436,1352,2464,954769,0,129,1,-175.5,5.0,1112.1,2623611686,5,15543,816,2572.7,2287.0,395,6.85,1,9,15,6738,6,32,2,0
6863,14.54,65.0,7436,1352,2463,954767,0,129,1,-175.5,5.0,1112.2,2623614598,5,15543,816,2572.7,2287.0,395,0.36,1,10,17,5,265,3,2,0
6864,8.17,65.0,7436,1352,2464,954769,0,129,1,-175.5,5.0,1112.4,2623613298,5,15543,816,2572.7,2287.0,395,6.41,1,9,17,6331,5,2,2,0
6865,13.22,65.0,7436,1352,2463,954767,0,129,1,-175.5,5.0,1112.6,2623613494,5,15543,816,2572.7,2287.0,395,0.34,1,9,17,6,265,2,1,0
6866,8.14,65.0,7436,1351,2455,954311,0,129,1,-175.5,5.0,1112.8,2623613890,5,15543,816,2572.7,2287.0,395,6.98,1,9,15,6869,8,37,2,0
6867,13.45,65.0,7436,1351,2454,954309,0,129,1,-175.5,5.0,1112.9,2623615090,5,15543,816,2572.7,2287.0,395,0.36,1,8,20,7,278,10,3,0
6868,8.59,65.0,7436,1351,2455,954311,0,129,1,-175.5,5.0,1113.1,2623617198,5,15543,816,2572.7,2287.0,395,6.60,0,9,17,6507,8,3,4,0
6869,13.80,65.0,7436,1351,2454,954309,0,129,1,-175.5,5.0,1113.2,2623615698,5,15543,816,2572.7,2287.0,395,0.33,1,11,17,6,247,2,1,0
6870,8.07,65.0,7436,1353,2455,954311,0,129,1,-175.5,5.0,1113.4,2623616526,5,15543,816,2572.7,2287.0,395,6.41,0,10,17,6303,4,29,1,0
6871,13.68,65.0,7436,1353,2454,954309,0,129,1,-175.5,5.0,1113.5,2623616290,5,15543,816,2572.7,2287.0,395,0.32,1,10,16,6,251,2,1,0
6872,8.22,65.0,7436,1353,2455,954311,0,129,1,-175.5,5.0,1113.7,2623616686,5,15543,816,2572.7,2287.0,395,6.68,1,8,15,6593,5,3,2,0
6873,12.87,65.0,7436,1353,2454,954309,0,129,1,-175.5,5.0,1113.9,2623618610,5,15543,816,2572.7,2287.0,395,0.34,2,14,16,6,251,3,1,0
6874,8.16,65.0,7436,1352,2456,958919,0,129,1,-175.5,5.0,1114.1,2623617278,5,15543,816,2572.7,2287.0,395,6.61,1,9,17,6502,6,33,3,0
6875,13.74,65.0,7436,1352,2455,958917,0,129,1,-175.5,5.0,1114.2,2623619202,5,15543,816,2572.7,2287.0,395,0.34,3,21,16,5,249,3,1,0
6876,8.08,65.0,7436,1352,2456,958919,0,129,1,-175.5,5.0,1114.4,2623661038,5,15543,816,2572.7,2287.0,395,6.39,0,10,17,6314,4,2,2,0
6877,13.86,65.0,7436,1352,2455,958917,0,129,1,-175.5,5.0,1114.5,2623661234,5,15543,816,2572.7,2287.0,395,0.35,1,10,16,36,249,2,1,0
6878,8.07,65.0,7436,1353,2447,958461,0,129,1,-175.5,5.0,1114.7,2623661630,5,15543,816,2572.7,2287.0,395,7.04,1,9,16,6932,6,36,2,0
6879,13.56,65.0,7436,1317,2411,957379,0,129,1,-175.5,5.0,1114.8,2623662830,5,15543,816,2572.7,2287.0,395,0.32,1,10,17,5,241,2,2,0
6880,8.19,65.0,7436,1317,2412,957381,0,129,1,-175.5,5.0,1115.0,2623664230,5,15543,816,2572.7,2287.0,395,6.92,1,13,20,6824,6,2,3,0
6881,13.53,65.0,7436,1317,2411,957379,0,129,1,-175.5,5.0,1115.2,2623664426,5,15543,816,2572.7,2287.0,395,0.33,1,10,17,9,247,2,3,0
6882,8.27,65.0,7436,1317,2412,957381,0,129,1,-175.5,5.0,1115.4,2623666550,5,15543,816,2572.7,2287.0,395,6.93,1,10,16,6815,8,33,2,0
6883,13.84,65.0,7436,1318,2411,957379,0,129,1,-175.5,5.0,1115.5,2623665034,5,15543,816,2572.7,2287.0,395,0.33,1,10,17,5,254,2,1,0
6884,8.28,65.0,7436,1319,2412,957381,0,129,1,-175.5,5.0,1115.7,2623665430,5,15543,816,2572.7,2287.0,395,6.65,2,21,16,6562,6,2,2,0
6885,13.92,65.0,7436,1308,2401,956759,0,129,1,-175.5,5.0,1115.8,2623665626,5,15543,816,2572.7,2287.0,395,0.34,0,9,28,5,256,3,1,0
6886,8.33,65.0,7436,1312,2406,956990,0,129,1,-175.5,5.0,1116.0,2623667026,5,15543,816,2572.7,2287.0,395,6.46,1,9,16,6363,3,23,2,0
6887,13.92,65.0,7436,1312,2405,956988,0,129,1,-175.5,5.0,1116.1,2623667222,5,15543,816,2572.7,2287.0,395,0.35,1,10,17,6,270,3,1,0
6888,8.39,65.0,7436,1312,2406,956990,0,129,1,-175.5,5.0,1116.4,2623667618,5,15543,816,2572.7,2287.0,395,6.28,1,10,17,6191,5,2,2,0
6889,12.86,65.0,7436,1312,2405,956988,0,129,1,-175.5,5.0,1116.5,2623669558,5,15543,816,2572.7,2287.0,395,0.35,1,10,16,5,273,2,1,0
6890,8.22,65.0,7436,1312,2406,956990,0,129,1,-175.5,5.0,1116.7,2623668210,5,15543,816,2572.7,2287.0,395,6.81,0,8,15,6712,6,34,3,0
6891,12.92,65.0,7436,1311,2405,956988,0,129,1,-175.5,5.0,1116.8,2623670150,5,15543,816,2572.7,2287.0,395,0.40,1,12,19,14,307,2,1,0
6892,8.15,65.0,7436,1311,2406,956990,0,129,1,-175.5,5.0,1117.0,2623668802,5,15543,816,2572.7,2287.0,395,6.47,1,11,16,6387,4,2,3,0
6893,13.47,65.0,7436,1311,2405,956988,0,129,1,-175.5,5.0,1117.1,2623670742,5,15543,816,2572.7,2287.0,395,0.32,1,9,16,5,254,2,2,0
6894,8.17,65.0,7436,1310,2406,956990,0,129,1,-175.5,5.0,1117.3,2623669410,5,15543,816,2572.7,2287.0,395,6.52,1,9,17,6410,6,33,2,0
6895,13.15,65.0,7436,1310,2405,956988,0,129,1,-175.5,5.0,1117.4,2623669606,5,15543,816,2572.7,2287.0,395,0.34,1,9,16,6,264,2,2,0
6896,8.13,65.0,7436,1310,2406,956990,0,129,1,-175.5,5.0,1117.6,2622278578,5,15543,816,2572.7,2287.0,395,52.26,1,8,16,6588,5,3,2,0
6897,61.17,65.0,7436,1310,2405,949643,0,129,1,-175.5,5.0,1117.8,2622278758,5,15543,816,2572.7,2287.0,395,0.32,1,9,15,5,238,2,2,0
6898,12.10,65.0,7436,1053,2149,912655,0,129,1,-175.5,5.0,1118.7,2622279154,5,15543,816,2572.7,2287.0,395,6.45,1,9,15,6355,3,25,1,0
6899,13.41,65.0,7436,1055,2153,912884,0,129,1,-175.5,5.0,1118.9,2622280454,5,15543,816,2572.7,2287.0,395,0.49,1,19,24,10,364,4,2,0
6900,10.44,65.0,7436,1055,2153,912884,0,129,1,-175.5,5.0,1119.1,2622281182,5,15543,816,2572.7,2287.0,395,6.49,1,9,16,6416,6,2,2,0
6901,13.99,65.0,7436,1056,2153,912884,0,129,1,-175.5,5.0,1119.2,2622281046,5,15543,816,2572.7,2287.0,395,0.33,1,10,17,6,257,2,1,0
6902,7.72,65.0,7436,1056,2153,912884,0,129,1,-175.5,5.0,1119.4,2622283054,5,15543,816,2572.7,2287.0,395,6.66,1,9,16,6552,4,32,2,0
6903,13.39,65.0,7436,1056,2144,912546,0,129,1,-175.5,5.0,1119.5,2622281554,5,15543,816,2572.7,2287.0,395,0.33,1,9,17,5,255,3,1,0
6904,7.70,65.0,7436,1055,2145,912548,0,129,1,-175.5,5.0,1119.7,2622282954,5,15543,816,2572.7,2287.0,395,6.62,1,10,18,6543,5,2,2,0
6905,13.44,65.0,7436,1055,2144,912546,0,129,1,-175.5,5.0,1119.9,2622283150,5,15543,816,2572.7,2287.0,395,0.36,1,10,18,7,280,3,1,0
6906,7.90,65.0,7440,1055,2149,912777,0,129,1,-175.5,5.0,1120.1,2620907486,5,15542,816,2572.7,2287.0,395,53.57,2,10,17,6322,10,567,3,0
6907,69.35,65.0,7440,1050,2143,908555,0,129,1,-175.5,5.0,1120.2,2620912198,5,15542,816,2572.7,2287.0,395,0.31,1,10,16,5,236,2,1,0
6908,9.60,65.0,7440,1050,2148,908786,0,129,1,-175.5,5.0,1121.2,2620911870,5,15542,816,2572.7,2287.0,395,7.16,2,430,21,6652,6,2,3,0
6909,14.68,65.0,7440,1019,2117,905984,0,129,1,-175.5,5.0,1121.4,2620913794,5,15542,816,2572.7,2287.0,395,0.33,0,9,16,6,258,2,1,0
6910,8.38,65.0,7440,1018,2118,905986,0,129,1,-175.5,5.0,1121.6,2620913482,5,15542,816,2572.7,2287.0,395,6.41,1,10,16,6305,4,32,2,0
6911,13.24,65.0,7440,1019,2117,905984,0,129,1,-175.5,5.0,1121.7,2620913678,5,15542,816,2572.7,2287.0,395,0.33,1,9,16,13,256,1,2,0
6912,8.52,65.0,7440,1011,2110,905650,0,129,1,-175.5,5.0,1121.9,2620914074,5,15542,816,2572.7,2287.0,395,6.50,1,11,19,6409,6,2,3,0
6913,13.09,65.0,7440,1010,2109,905648,0,129,1,-175.5,5.0,1122.0,2620917002,5,15542,816,2572.7,2287.0,395,0.32,1,9,16,5,246,2,1,0
6914,8.41,65.0,7440,1011,2110,905650,0,129,1,-175.5,5.0,1122.2,2620915686,5,15542,816,2572.7,2287.0,395,6.42,1,10,16,6317,4,28,2,0
6915,14.13,65.0,7440,1011,2109,905648,0,129,1,-175.5,5.0,1122.4,2620915882,5,15542,816,2572.7,2287.0,395,0.32,1,9,16,5,249,2,1,0
6916,8.55,65.0,7440,981,2080,904650,0,129,1,-175.5,5.0,1122.6,2620916278,5,15542,816,2572.7,2287.0,395,8.00,1,9,26,7906,8,3,2,0
6917,14.88,65.0,7440,981,2078,904646,0,129,1,-175.5,5.0,1122.7,2620917378,5,15542,816,2572.7,2287.0,395,0.38,1,13,23,6,290,2,2,0
6918,8.24,65.0,7440,980,2079,904648,0,129,1,-175.5,5.0,1122.9,2620917774,5,15542,816,2572.7,2287.0,395,6.69,1,12,18,6561,6,36,2,0
6919,12.79,65.0,7440,980,2078,904646,0,129,1,-175.5,5.0,1123.0,2620917970,5,15542,816,2572.7,2287.0,395,0.39,1,12,19,6,304,2,1,0
6920,8.39,65.0,7440,980,2079,904648,0,129,1,-175.5,5.0,1123.2,2620918366,5,15542,816,2572.7,2287.0,395,6.95,2,11,16,6869,7,2,3,0
6921,14.41,65.0,7440,980,2078,904646,0,129,1,-175.5,5.0,1123.4,2620920306,5,15542,816,2572.7,2287.0,395,0.33,1,9,16,5,258,2,1,0
6922,8.26,65.0,7440,980,2079,904648,0,129,1,-175.5,5.0,1123.6,2620918958,5,15542,816,2572.7,2287.0,395,7.35,1,9,16,7234,7,35,2,0
6923,14.06,65.0,7440,980,2078,904646,0,129,1,-175.5,5.0,1123.7,2620920898,5,15542,816,2572.7,2287.0,395,0.33,1,8,16,6,249,2,2,0
6924,8.35,65.0,7440,979,2079,904648,0,129,1,-175.5,5.0,1123.9,2620919550,5,15542,816,2572.7,2287.0,395,6.41,1,9,16,6325,9,2,2,0
6925,12.18,65.0,7440,979,2078,904646,0,129,1,-175.5,5.0,1124.0,2620921490,5,15542,816,2572.7,2287.0,395,0.32,1,8,16,6,245,2,2,0
6926,8.27,65.0,7440,980,2079,904648,0,129,1,-175.5,5.0,1124.2,2620920158,5,15542,816,2572.7,2287.0,395,6.81,2,13,19,6684,7,37,3,0
6927,13.58,65.0,7440,980,2078,904646,0,129,1,-175.5,5.0,1124.3,2620920354,5,15542,816,2572.7,2287.0,395,0.33,1,8,17,5,250,3,1,0
6928,7.52,65.0,7440,980,2079,904648,0,129,1,-175.5,5.0,1124.5,2620920750,5,15542,816,2572.7,2287.0,395,6.74,1,9,17,6646,9,3,3,0
6929,12.54,65.0,7440,980,2078,904646,0,129,1,-175.5,5.0,1124.7,2620920946,5,15542,816,2572.7,2287.0,395,0.42,1,12,21,7,308,5,2,0
6930,7.90,65.0,7440,980,2079,904648,0,129,1,-175.5,5.0,1124.9,2620921690,5,15542,816,2572.7,2287.0,395,7.03,1,9,28,6901,7,34,3,0
6931,14.26,65.0,7440,980,2077,904644,0,129,1,-175.5,5.0,1125.0,2620922162,5,15542,816,2572.7,2287.0,395,0.34,1,20,18,5,249,3,2,0
6932,8.31,65.0,7440,980,2078,904646,0,129,1,-175.5,5.0,1125.2,2620920830,5,15542,816,2572.7,2287.0,395,6.75,1,13,20,6646,7,3,3,0
6933,13.67,65.0,7440,980,2077,904644,0,129,1,-175.5,5.0,1125.3,2620921026,5,15542,816,2572.7,2287.0,395,0.37,1,11,19,7,275,2,2,0
6934,7.45,65.0,7440,981,2078,904646,0,129,1,-175.5,5.0,1125.5,2620921422,5,15542,816,2572.7,2287.0,395,6.76,1,8,16,6633,8,47,3,0
6935,14.73,65.0,7440,981,2077,904644,0,129,1,-175.5,5.0,1125.6,2620921618,5,15542,816,2572.7,2287.0,395,0.35,1,9,17,6,276,2,1,0
6936,7.46,65.0,7440,981,2078,904646,0,129,1,-175.5,5.0,1125.8,2620922014,5,15542,816,2572.7,2287.0,395,7.27,1,12,22,7167,7,3,2,0
6937,13.18,65.0,7440,980,2077,904644,0,129,1,-175.5,5.0,1126.0,2620922210,5,15542,816,2572.7,2287.0,395,0.31,1,9,16,6,235,3,1,0
6938,7.54,65.0,7440,980,2078,904646,0,129,1,-175.5,5.0,1126.2,2620922606,5,15542,816,2572.7,2287.0,395,6.79,1,9,17,6677,6,30,2,0
6939,12.84,65.0,7440,981,2077,904644,0,129,1,-175.5,5.0,1126.3,2620924562,5,15542,816,2572.7,2287.0,395,1.28,2,18,26,9,381,4,2,0
6940,7.76,65.0,7440,981,2078,904646,0,129,1,-175.5,5.0,1126.5,2620923198,5,15542,816,2572.7,2287.0,395,6.03,1,8,15,5951,3,3,2,0
6941,12.47,65.0,7440,982,2077,904644,0,129,1,-175.5,5.0,1126.6,2620925154,5,15542,816,2572.7,2287.0,395,0.35,1,9,17,5,278,2,1,0
6942,7.51,65.0,7440,982,2078,904646,0,129,1,-175.5,5.0,1126.8,2620923806,5,15542,816,2572.7,2287.0,395,6.76,1,8,16,6650,8,36,2,0
6943,12.56,65.0,7440,982,2077,904644,0,129,1,-175.5,5.0,1126.9,2620924002,5,15542,816,2572.7,2287.0,395,0.35,1,8,16,5,276,2,1,0
6944,8.30,82.0,7440,982,2078,904646,0,129,1,-175.5,5.0,1127.1,2620924398,5,15542,816,2572.7,2287.0,395,7.82,1,12,20,7715,7,3,2,0
6945,14.08,82.0,7440,982,2077,904644,0,129,1,-175.5,5.0,1127.2,2620924594,5,15542,816,2572.7,2287.0,395,0.34,1,9,17,6,256,1,1,0
6946,8.09,82.0,7440,982,2078,904646,0,129,1,-175.5,5.0,1127.4,2620926750,5,15542,816,2572.7,2287.0,395,7.35,1,8,17,7229,9,40,2,0
6947,16.85,82.0,7440,981,2077,904644,0,129,1,-175.5,5.0,1127.5,2620925202,5,15542,816,2572.7,2287.0,395,0.38,1,13,22,8,277,2,1,0
6948,7.79,82.0,7440,981,2078,904646,0,129,1,-175.5,5.0,1127.8,2620925598,5,15542,816,2572.7,2287.0,395,7.71,1,10,19,7620,8,3,2,0
6949,13.92,82.0,7440,981,2077,904644,0,129,1,-175.5,5.0,1127.9,2620925794,5,15542,816,2572.7,2287.0,395,0.36,1,9,17,6,283,2,2,0
6950,8.01,82.0,7440,980,2078,904646,0,129,1,-175.5,5.0,1128.1,2620926190,5,15542,816,2572.7,2287.0,395,7.04,1,9,17,6893,10,50,3,0
6951,15.36,82.0,7440,975,2072,904524,0,129,1,-175.5,5.0,1128.2,2620926386,5,15542,816,2572.7,2287.0,395,0.44,2,13,24,9,334,3,2,0
6952,7.79,82.0,7440,975,2073,904526,0,129,1,-175.5,5.0,1128.5,2620929562,5,15542,816,2572.7,2287.0,395,6.82,1,9,17,6732,8,4,3,0
6953,15.33,82.0,7440,975,2072,904524,0,129,1,-175.5,5.0,1128.6,2620929758,5,15542,816,2572.7,2287.0,395,0.33,1,10,16,6,248,2,2,0
6954,7.80,82.0,7440,974,2064,904068,0,129,1,-175.5,5.0,1128.8,2620930154,5,15542,816,2572.7,2287.0,395,8.21,1,9,17,8137,0,0,0,0
6955,15.18,82.0,7440,974,2067,904295,0,129,1,-175.5,5.0,1128.9,2620931354,5,15542,816,2572.7,2287.0,395,0.33,1,9,17,5,249,3,2,0
6956,7.56,82.0,7440,975,2059,903839,0,129,1,-175.5,5.0,1129.1,2620931750,5,15542,816,2572.7,2287.0,395,7.07,1,9,17,6985,7,2,3,0
6957,14.72,82.0,7440,975,2058,903837,0,129,1,-175.5,5.0,1129.3,2620932950,5,15542,816,2572.7,2287.0,395,0.34,1,10,16,5,263,3,2,0
6958,7.58,82.0,7440,976,2060,903887,0,129,1,-175.5,5.0,1129.5,2620931666,5,15542,816,2572.7,2287.0,395,7.80,1,9,16,7678,7,40,2,0
6959,14.36,82.0,7440,976,2059,903885,0,129,1,-175.5,5.0,1129.6,2620933686,5,15542,816,2572.7,2287.0,395,0.35,1,12,18,6,257,3,2,0
6960,10.63,82.0,7440,977,2060,903887,0,129,1,-175.5,5.0,1129.8,2620934442,5,15542,816,2572.7,2287.0,395,7.87,1,10,18,7771,8,2,2,0
6961,17.17,82.0,7440,977,2060,903887,0,129,1,-175.5,5.0,1130.0,2620934378,5,15542,816,2572.7,2287.0,395,0.33,1,9,17,5,251,2,1,0
6962,7.58,82.0,7440,976,2051,903429,0,129,1,-175.5,5.0,1130.2,2623715650,5,15542,816,2572.7,2287.0,395,59.27,0,9,16,8385,0,0,0,0
6963,68.38,82.0,7440,977,2050,904787,0,129,1,-175.5,5.0,1130.3,2623720610,5,15542,816,2572.7,2287.0,395,0.38,1,9,23,5,289,2,1,0
6964,9.79,82.0,7440,977,2042,904331,0,129,1,-175.5,5.0,1131.4,2623721006,5,15542,816,2572.7,2287.0,395,7.24,2,13,25,7107,7,3,2,0
6965,14.26,82.0,7440,961,2026,903579,0,129,1,-175.5,5.0,1131.5,2623722206,5,15542,816,2572.7,2287.0,395,0.34,0,9,16,5,263,2,1,0
6966,7.87,82.0,7440,972,2043,912590,0,129,1,-175.5,5.0,1131.7,2623723606,5,15542,816,2572.7,2287.0,395,6.86,2,9,15,6728,5,32,1,0
6967,13.54,82.0,7440,973,2042,912588,0,129,1,-175.5,5.0,1131.8,2623723802,5,15542,816,2572.7,2287.0,395,0.35,1,8,17,6,269,2,2,0
6968,8.30,82.0,7440,973,2047,912819,0,129,1,-175.5,5.0,1132.0,2623724198,5,15542,816,2572.7,2287.0,395,6.39,1,10,16,6314,6,3,2,0
6969,12.45,82.0,7440,973,2046,912817,0,129,1,-175.5,5.0,1132.2,2623724394,5,15542,816,2572.7,2287.0,395,0.32,1,8,16,6,248,2,2,0
6970,8.25,82.0,7440,973,2047,912819,0,129,1,-175.5,5.0,1132.4,2623723062,5,15542,816,2572.7,2287.0,395,6.45,1,9,16,6353,4,25,2,0
6971,12.95,82.0,7440,973,2046,912817,0,129,1,-175.5,5.0,1132.5,2623725162,5,15542,816,2572.7,2287.0,395,0.34,1,9,16,5,265,2,1,0
6972,8.25,82.0,7440,972,2047,912819,0,129,1,-175.5,5.0,1132.7,2623725558,5,15542,816,2572.7,2287.0,395,6.91,2,9,18,6818,7,2,3,0
6973,12.66,82.0,7440,966,2041,912737,0,129,1,-175.5,5.0,1132.8,2623725754,5,15542,816,2572.7,2287.0,395,0.42,2,9,17,5,334,3,2,0
6974,8.37,82.0,7440,966,2042,912739,0,129,1,-175.5,5.0,1133.0,2623727154,5,15542,816,2572.7,2287.0,395,6.61,1,9,17,6500,5,32,2,0
6975,12.54,82.0,7440,966,2041,912737,0,129,1,-175.5,5.0,1133.1,2623727350,5,15542,816,2572.7,2287.0,395,0.33,2,8,15,5,253,2,2,0
6976,8.33,82.0,7440,931,2007,909859,0,129,1,-175.5,5.0,1133.3,2623727746,5,15542,816,2572.7,2287.0,395,6.80,1,14,21,6690,7,3,3,0
6977,14.43,82.0,7440,931,2006,909857,0,129,1,-175.5,5.0,1133.4,2623727138,5,15542,816,2572.7,2287.0,395,0.34,1,9,17,5,257,3,1,0
6978,7.36,82.0,7440,931,2007,909859,0,129,1,-175.5,5.0,1133.6,2623729486,5,15542,816,2572.7,2287.0,395,6.87,1,8,16,6740,6,43,2,0
6979,12.67,82.0,7440,931,2006,909857,0,129,1,-175.5,5.0,1133.8,2623729682,5,15542,816,2572.7,2287.0,395,0.37,1,8,17,12,289,2,1,0
6980,7.52,82.0,7440,916,1992,908269,0,129,1,-175.5,5.0,1133.9,2623730078,5,15542,816,2572.7,2287.0,395,6.99,1,8,16,6912,7,2,3,0
6981,13.46,82.0,7440,916,1991,908267,0,129,1,-175.5,5.0,1134.1,2623731278,5,15542,816,2572.7,2287.0,395,0.32,1,9,16,5,243,2,1,0
6982,7.58,82.0,7440,916,1992,908269,0,129,1,-175.5,5.0,1134.3,2623731674,5,15542,816,2572.7,2287.0,395,6.77,1,8,16,6659,5,33,3,0
6983,12.66,82.0,7440,916,1991,908267,0,129,1,-175.5,5.0,1134.4,2623731870,5,15542,816,2572.7,2287.0,395,0.34,1,8,17,6,265,2,2,0
6984,7.50,82.0,7440,916,1992,908269,0,129,1,-175.5,5.0,1134.6,2623730410,5,15542,816,2572.7,2287.0,395,6.50,1,9,16,6426,4,2,2,0
6985,13.25,82.0,7440,916,1991,908267,0,129,1,-175.5,5.0,1134.7,2623732606,5,15542,816,2572.7,2287.0,395,0.33,1,8,15,5,257,2,1,0
6986,7.42,82.0,7440,915,1992,908269,0,129,1,-175.5,5.0,1134.9,2623733002,5,15542,816,2572.7,2287.0,395,6.94,2,10,18,6815,8,38,2,0
6987,13.78,82.0,7440,916,1991,908267,0,129,1,-175.5,5.0,1135.0,2623733198,5,15542,816,2572.7,2287.0,395,0.33,1,8,16,5,254,2,1,0
6988,7.13,82.0,7440,906,1982,907279,0,129,1,-175.5,5.0,1135.2,2623733594,5,15542,816,2572.7,2287.0,395,6.67,1,8,15,6595,6,2,2,0
6989,12.68,82.0,7440,906,1985,907506,0,129,1,-175.5,5.0,1135.3,2623732858,5,15542,816,2572.7,2287.0,395,0.41,1,14,18,7,273,2,2,0
6990,37.57,82.0,7440,906,1986,907508,0,129,1,-175.5,5.0,1135.5,2623735718,5,15542,816,2572.7,2287.0,395,6.68,2,9,17,6566,7,35,2,0
6991,13.80,82.0,7440,906,1986,907508,0,129,1,-175.5,5.0,1136.1,2623735582,5,15542,816,2572.7,2287.0,395,0.33,1,9,26,5,254,2,2,0
6992,7.08,82.0,7440,906,1990,907737,0,129,1,-175.5,5.0,1136.3,2623735878,5,15542,816,2572.7,2287.0,395,6.42,1,8,16,6339,7,2,2,0
6993,13.20,82.0,7440,906,1989,907735,0,129,1,-175.5,5.0,1136.4,2623736074,5,15542,816,2572.7,2287.0,395,0.34,1,9,17,5,264,2,2,0
6994,8.11,82.0,7440,906,1990,907737,0,129,1,-175.5,5.0,1136.6,2623736470,5,15542,816,2572.7,2287.0,395,6.28,1,9,16,6179,3,24,2,0
6995,12.19,82.0,7440,906,1989,907735,0,129,1,-175.5,5.0,1136.7,2623736666,5,15542,816,2572.7,2287.0,395,0.34,1,9,16,5,266,2,2,0
6996,8.17,82.0,7440,906,1990,907737,0,129,1,-175.5,5.0,1136.9,2623735126,5,15542,816,2572.7,2287.0,395,6.46,1,8,16,6381,5,2,2,0
6997,12.58,82.0,7440,906,1989,907735,0,129,1,-175.5,5.0,1137.0,2623737402,5,15542,816,2572.7,2287.0,395,0.32,1,8,15,5,246,2,1,0
6998,8.28,82.0,7440,906,1994,907966,0,129,1,-175.5,5.0,1137.2,2623735734,5,15542,816,2572.7,2287.0,395,6.70,1,14,29,6556,5,30,2,0
6999,12.52,82.0,7440,895,1982,905494,0,129,1,-175.5,5.0,1137.3,2623738010,5,15542,816,2572.7,2287.0,395,0.32,1,9,16,5,247,2,1,0
7000,8.22,82.0,7440,894,1983,905496,0,129,1,-175.5,5.0,1137.5,2623737346,5,15542,816,2572.7,2287.0,395,6.29,1,9,16,6210,4,2,3,0
7001,12.15,82.0,7440,894,1982,905494,0,129,1,-175.5,5.0,1137.6,2623739638,5,15542,816,2572.7,2287.0,395,0.34,1,9,16,6,266,2,2,0
7002,8.15,82.0,7440,894,1983,905496,0,129,1,-175.5,5.0,1137.8,2623737954,5,15542,816,2572.7,2287.0,395,6.47,1,9,17,6352,6,35,2,0
7003,12.97,82.0,7440,893,1982,905494,0,129,1,-175.5,5.0,1137.9,2623740246,5,15542,816,2572.7,2287.0,395,0.33,1,8,16,5,259,2,1,0
7004,7.72,82.0,7440,893,1983,905496,0,129,1,-175.5,5.0,1138.1,2623738562,5,15542,816,2572.7,2287.0,395,6.72,1,8,17,6640,7,3,2,0
7005,12.88,82.0,7440,858,1947,903274,0,129,1,-175.5,5.0,1138.2,2623740870,5,15542,816,2572.7,2287.0,395,0.33,1,9,16,5,256,5,1,0
7006,7.89,82.0,7440,858,1948,903276,0,129,1,-175.5,5.0,1138.4,2623740174,5,15542,816,2572.7,2287.0,395,6.42,1,9,16,6309,4,29,3,0
7007,12.07,82.0,7440,859,1947,903274,0,129,1,-175.5,5.0,1138.5,2623742482,5,15542,816,2572.7,2287.0,395,0.30,1,8,15,5,234,2,1,0
7008,7.76,82.0,7440,859,1948,903276,0,129,1,-175.5,5.0,1138.7,2623742878,5,15542,816,2572.7,2287.0,395,6.31,1,8,16,6235,4,2,2,0
7009,12.73,82.0,7440,859,1947,903274,0,129,1,-175.5,5.0,1138.8,2623743074,5,15542,816,2572.7,2287.0,395,0.37,1,10,17,6,289,3,1,0
7010,7.79,82.0,7440,859,1948,903276,0,129,1,-175.5,5.0,1139.0,2623741406,5,15542,816,2572.7,2287.0,395,6.68,1,11,20,6560,6,29,3,0
7011,12.65,82.0,7440,859,1947,903274,0,129,1,-175.5,5.0,1139.1,2623741602,5,15542,816,2572.7,2287.0,395,0.33,1,9,31,5,239,2,1,0
7012,7.73,82.0,7440,858,1948,903276,0,129,1,-175.5,5.0,1139.3,2623744142,5,15542,816,2572.7,2287.0,395,6.49,1,9,16,6414,6,2,2,0
7013,12.31,82.0,7440,847,1936,884134,0,129,1,-175.5,5.0,1139.4,2623744338,5,15542,816,2572.7,2287.0,395,0.49,2,14,24,7,372,3,3,0
7014,7.85,82.0,7440,847,1941,884365,0,129,1,-175.5,5.0,1139.6,2623745738,5,15542,816,2572.7,2287.0,395,6.69,1,9,16,6576,6,33,2,0
7015,12.80,82.0,7440,847,1940,884363,0,129,1,-175.5,5.0,1139.8,2623745934,5,15542,816,2572.7,2287.0,395,0.32,1,7,16,4,253,2,1,0
7016,7.36,82.0,7440,847,1941,884365,0,129,1,-175.5,5.0,1139.9,2623746330,5,15542,816,2572.7,2287.0,395,6.46,1,9,16,6376,6,2,2,0
7017,12.04,82.0,7440,847,1940,884363,0,129,1,-175.5,5.0,1140.1,2623744462,5,15542,816,2572.7,2287.0,395,0.32,1,8,16,5,249,3,1,0
7018,7.35,82.0,7440,812,1906,879505,0,129,1,-175.5,5.0,1140.2,2622287226,5,15542,816,2572.7,2287.0,395,52.71,1,8,15,7152,5,28,1,0
7019,69.88,82.0,7440,817,1910,872388,0,129,1,-175.5,5.0,1140.3,2622291082,5,15542,816,2572.7,2287.0,395,0.33,1,9,16,5,254,2,2,0
7020,11.71,82.0,7440,818,1915,872619,0,129,1,-175.5,5.0,1141.4,2622289686,5,15542,816,2572.7,2287.0,395,7.37,1,10,19,7274,7,3,3,0
7021,14.96,82.0,7440,817,1915,872619,0,129,1,-175.5,5.0,1141.6,2622291742,5,15542,816,2572.7,2287.0,395,0.32,1,8,17,6,249,2,1,0
7022,6.87,82.0,7440,817,1915,872619,0,129,1,-175.5,5.0,1141.8,2622289862,5,15542,816,2572.7,2287.0,395,6.64,1,8,15,6534,6,33,2,0
7023,12.83,82.0,7440,817,1914,872617,0,129,1,-175.5,5.0,1141.9,2622292250,5,15542,816,2572.7,2287.0,395,0.36,0,8,16,5,263,3,1,0
7024,6.83,80.0,7440,817,1915,872619,0,129,1,-175.5,5.0,1142.1,2622292646,5,15542,816,2572.7,2287.0,395,6.68,2,16,16,6593,5,3,3,0
7025,12.34,80.0,7440,817,1914,872617,0,129,1,-175.5,5.0,1142.2,2622290682,5,15542,816,2572.7,2287.0,395,0.36,1,7,15,14,281,3,2,0
7026,7.26,80.0,7440,817,1915,872619,0,129,1,-175.5,5.0,1142.4,2622293286,5,15542,816,2572.7,2287.0,395,7.00,1,9,17,6881,7,31,2,0
7027,13.17,80.0,7440,817,1914,872617,0,129,1,-175.5,5.0,1142.5,2622291290,5,15542,816,2572.7,2287.0,395,0.35,1,9,17,6,269,2,1,0
7028,7.12,80.0,7440,817,1915,872619,0,129,1,-175.5,5.0,1142.7,2622293910,5,15542,816,2572.7,2287.0,395,6.63,1,8,16,6548,5,2,3,0
7029,13.34,80.0,7440,817,1914,872617,0,129,1,-175.5,5.0,1142.8,2622294106,5,15542,816,2572.7,2287.0,395,0.39,1,10,17,6,297,4,2,0
7030,7.20,80.0,7440,817,1915,872619,0,129,1,-175.5,5.0,1143.0,2622294502,5,15542,816,2572.7,2287.0,395,6.92,1,10,17,6809,7,34,2,0
7031,12.84,80.0,7440,817,1914,872617,0,129,1,-175.5,5.0,1143.1,2622294698,5,15542,816,2572.7,2287.0,395,0.31,0,8,16,5,241,2,1,0
7032,7.10,80.0,7440,816,1915,872619,0,129,1,-175.5,5.0,1143.3,2622292934,5,15542,816,2572.7,2287.0,395,6.63,1,9,16,6554,5,2,3,0
7033,12.20,80.0,7440,816,1914,872617,0,129,1,-175.5,5.0,1143.4,2622295386,5,15542,816,2572.7,2287.0,395,0.33,1,8,16,5,253,1,1,0
7034,7.18,80.0,7440,816,1915,872619,0,129,1,-175.5,5.0,1143.6,2622293542,5,15542,816,2572.7,2287.0,395,6.54,2,9,16,6425,4,33,2,0
7035,13.00,80.0,7440,816,1914,872617,0,129,1,-175.5,5.0,1143.7,2622295994,5,15542,816,2572.7,2287.0,395,0.36,1,8,16,5,285,2,2,0
7036,7.14,80.0,7440,816,1915,872619,0,129,1,-175.5,5.0,1143.9,2622294150,5,15542,816,2572.7,2287.0,395,6.72,2,12,19,6624,7,2,3,0
7037,13.64,80.0,7440,817,1914,872617,0,129,1,-175.5,5.0,1144.0,2622296618,5,15542,816,2572.7,2287.0,395,0.38,1,9,18,5,300,3,1,0
7038,6.88,80.0,7440,817,1915,872619,0,129,1,-175.5,5.0,1144.2,2622294758,5,15542,816,2572.7,2287.0,395,7.13,1,8,17,7030,4,25,2,0
7039,13.54,80.0,7440,817,1914,872617,0,129,1,-175.5,5.0,1144.3,2622297226,5,15542,816,2572.7,2287.0,395,0.32,1,9,16,5,248,2,1,0
7040,7.07,80.0,7440,817,1915,872619,0,129,1,-175.5,5.0,1144.5,2622297622,5,15542,816,2572.7,2287.0,395,6.80,2,9,15,6709,7,2,3,0
7041,12.14,80.0,7440,817,1914,872617,0,129,1,-175.5,5.0,1144.6,2622297818,5,15542,816,2572.7,2287.0,395,0.33,1,9,15,5,255,2,1,0
7042,6.93,80.0,7440,817,1915,872619,0,129,1,-175.5,5.0,1144.8,2622298214,5,15542,816,2572.7,2287.0,395,7.05,1,9,17,6930,7,35,2,0
7043,13.34,80.0,7440,817,1914,872617,0,129,1,-175.5,5.0,1144.9,2622298410,5,15542,816,2572.7,2287.0,395,0.35,1,8,28,5,266,2,2,0
7044,7.04,80.0,7440,817,1915,872619,0,129,1,-175.5,5.0,1145.1,2622298806,5,15542,816,2572.7,2287.0,395,6.60,1,9,16,6513,6,3,2,0
7045,12.43,80.0,7440,817,1914,872617,0,129,1,-175.5,5.0,1145.2,2622299002,5,15542,816,2572.7,2287.0,395,0.34,1,35,17,5,239,1,1,0
7046,6.87,80.0,7440,817,1915,872619,0,129,1,-175.5,5.0,1145.4,2622297238,5,15542,816,2572.7,2287.0,395,7.15,1,9,16,7035,5,37,4,0
7047,13.12,80.0,7440,817,1914,872617,0,129,1,-175.5,5.0,1145.5,2622299770,5,15542,816,2572.7,2287.0,395,0.45,1,12,20,7,343,4,3,0
7048,6.81,80.0,7440,817,1915,872619,0,129,1,-175.5,5.0,1145.7,2622297846,5,15542,816,2572.7,2287.0,395,6.36,1,9,17,6283,7,2,2,0
7049,11.98,80.0,7440,817,1914,872617,0,129,1,-175.5,5.0,1145.8,2622298042,5,15542,816,2572.7,2287.0,395,0.31,0,9,16,5,238,2,2,0
7050,7.66,80.0,7440,817,1915,872619,0,129,1,-175.5,5.0,1146.0,2622301134,5,15542,816,2572.7,2287.0,395,6.67,0,13,18,6558,5,35,3,0
7051,13.87,80.0,7440,817,1914,872617,0,129,1,-175.5,5.0,1146.1,2622300970,5,15542,816,2572.7,2287.0,395,0.31,0,9,16,5,244,1,1,0
7052,6.90,80.0,7440,817,1915,872619,0,129,1,-175.5,5.0,1146.3,2622299062,5,15542,816,2572.7,2287.0,395,6.62,1,8,16,6549,5,2,3,0
7053,12.59,80.0,7440,817,1914,872617,0,129,1,-175.5,5.0,1146.4,2622301610,5,15542,816,2572.7,2287.0,395,0.33,1,8,15,5,243,2,1,0
7054,7.52,80.0,7440,816,1915,872619,0,129,1,-175.5,5.0,1146.6,2622302006,5,15542,816,2572.7,2287.0,395,7.02,1,9,17,6902,5,28,4,0
7055,13.74,80.0,7440,816,1914,872617,0,129,1,-175.5,5.0,1146.7,2622302202,5,15542,816,2572.7,2287.0,395,0.34,1,9,16,5,270,2,2,0
7056,6.92,80.0,7440,816,1915,872619,0,129,1,-175.5,5.0,1146.9,2622302598,5,15542,816,2572.7,2287.0,395,6.19,1,8,17,6111,4,2,2,0
7057,11.66,80.0,7440,816,1914,872617,0,129,1,-175.5,5.0,1147.0,2622302794,5,15542,816,2572.7,2287.0,395,0.33,1,9,17,5,255,2,1,0
7058,7.51,80.0,7440,816,1915,872619,0,129,1,-175.5,5.0,1147.2,2622300918,5,15542,816,2572.7,2287.0,395,6.55,1,9,15,6427,3,42,2,0
7059,12.77,80.0,7440,816,1905,872159,0,129,1,-175.5,5.0,1147.3,2622303514,5,15542,816,2572.7,2287.0,395,0.33,1,9,16,5,251,2,1,0
7060,7.59,80.0,7440,816,1906,872161,0,129,1,-175.5,5.0,1147.5,2622302530,5,15542,816,2572.7,2287.0,395,7.27,1,8,15,7191,7,2,3,0
7061,14.54,80.0,7440,816,1905,872159,0,129,1,-175.5,5.0,1147.6,2622305126,5,15542,816,2572.7,2287.0,395,0.33,1,9,17,6,247,2,1,0
7062,13.20,80.0,7440,816,1897,871703,0,129,1,-175.5,5.0,1147.8,2622303138,5,15542,816,2572.7,2287.0,395,6.44,1,13,23,6306,7,35,2,0
7063,12.93,80.0,7440,816,1897,871703,0,129,1,-175.5,5.0,1148.0,2622306854,5,15542,816,2572.7,2287.0,395,0.37,1,10,17,6,288,3,3,0
7064,7.55,80.0,7440,816,1897,871703,0,129,1,-175.5,5.0,1148.2,2622307150,5,15542,816,2572.7,2287.0,395,7.57,1,9,17,7490,7,3,3,0
7065,14.70,80.0,7440,816,1896,871701,0,129,1,-175.5,5.0,1148.3,2622307346,5,15542,816,2572.7,2287.0,395,0.32,1,8,15,4,249,2,1,0
7066,7.69,80.0,7440,816,1897,871703,0,129,1,-175.5,5.0,1148.5,2622307742,5,15542,816,2572.7,2287.0,395,6.77,1,10,18,6653,5,29,2,0
7067,12.87,80.0,7440,816,1896,871701,0,129,1,-175.5,5.0,1148.7,2622307938,5,15542,816,2572.7,2287.0,395,0.34,1,9,34,5,254,2,1,0
7068,7.76,80.0,7440,816,1897,871703,0,129,1,-175.5,5.0,1148.9,2622305998,5,15542,816,2572.7,2287.0,395,6.37,1,9,16,6281,10,3,2,0
7069,12.07,80.0,7440,816,1896,871701,0,129,1,-175.5,5.0,1149.0,2622308642,5,15542,816,2572.7,2287.0,395,0.34,1,9,17,6,258,2,1,0
7070,7.77,80.0,7440,816,1897,871703,0,129,1,-175.5,5.0,1149.1,2622309038,5,15542,816,2572.7,2287.0,395,6.63,1,17,16,6514,4,31,2,0
7071,12.48,80.0,7440,815,1878,870785,0,129,1,-175.5,5.0,1149.3,2622309234,5,15542,816,2572.7,2287.0,395,0.37,1,19,18,5,279,2,1,0
7072,7.69,80.0,7440,815,1879,870787,0,129,1,-175.5,5.0,1149.5,2622310634,5,15542,816,2572.7,2287.0,395,6.79,0,8,16,6711,4,3,3,0
7073,13.31,80.0,7440,815,1878,870785,0,129,1,-175.5,5.0,1149.6,2622310830,5,15542,816,2572.7,2287.0,395,0.31,1,9,15,5,240,2,1,0
7074,7.91,80.0,7440,802,1866,841387,0,129,1,-175.5,5.0,1149.8,2622308858,5,15542,816,2572.7,2287.0,395,6.64,1,9,17,6532,9,30,2,0
7075,12.88,80.0,7440,802,1865,841385,0,129,1,-175.5,5.0,1149.9,2622312554,5,15542,816,2572.7,2287.0,395,0.37,2,9,16,5,288,3,1,0
7076,7.84,80.0,7440,802,1866,841387,0,129,1,-175.5,5.0,1150.1,2622312950,5,15542,816,2572.7,2287.0,395,7.00,1,8,16,6901,8,6,5,0
7077,12.91,80.0,7440,796,1859,833715,0,129,1,-175.5,5.0,1150.2,2622313146,5,15542,816,2572.7,2287.0,395,0.33,0,9,16,5,250,2,1,0
7078,7.36,80.0,7440,796,1860,833717,0,129,1,-175.5,5.0,1150.4,2620920722,5,15542,816,2572.7,2287.0,395,52.07,1,7,15,6459,4,34,2,0
7079,60.59,80.0,7440,811,1865,843067,0,129,1,-175.5,5.0,1150.5,2620926390,5,15542,816,2572.7,2287.0,395,0.37,1,9,16,5,278,9,4,0
7080,8.77,80.0,7440,811,1866,843069,0,129,1,-175.5,5.0,1151.4,2620924722,5,15542,816,2572.7,2287.0,395,6.95,2,11,20,6854,8,2,2,0
7081,14.33,80.0,7440,811,1865,843067,0,129,1,-175.5,5.0,1151.5,2620927014,5,15542,816,2572.7,2287.0,395,0.31,0,9,16,5,237,2,1,0
7082,8.08,80.0,7440,809,1864,831143,0,129,1,-175.5,5.0,1151.8,2620927410,5,15542,816,2572.7,2287.0,395,6.69,1,9,17,6586,6,28,2,0
7083,12.81,80.0,7440,809,1863,831141,0,129,1,-175.5,5.0,1151.9,2620927606,5,15542,816,2572.7,2287.0,395,0.46,1,12,22,9,339,3,2,0
7084,7.74,80.0,7440,809,1864,831143,0,129,1,-175.5,5.0,1152.1,2620928002,5,15542,816,2572.7,2287.0,395,6.44,1,9,18,6365,3,2,2,0
7085,12.37,80.0,7440,809,1863,831141,0,129,1,-175.5,5.0,1152.2,2620928198,5,15542,816,2572.7,2287.0,395,0.33,1,9,17,5,251,2,2,0
7086,7.74,80.0,7440,809,1864,831143,0,129,1,-175.5,5.0,1152.4,2620926146,5,15542,816,2572.7,2287.0,395,6.61,1,8,16,6494,7,35,2,0
7087,11.78,80.0,7440,808,1854,830683,0,129,1,-175.5,5.0,1152.5,2620928902,5,15542,816,2572.7,2287.0,395,0.32,0,9,18,6,245,2,1,0
7088,7.80,80.0,7440,808,1855,830685,0,129,1,-175.5,5.0,1152.7,2620930302,5,15542,816,2572.7,2287.0,395,6.63,1,9,16,6545,4,2,2,0
7089,12.57,80.0,7440,808,1854,830683,0,129,1,-175.5,5.0,1152.8,2620930498,5,15542,816,2572.7,2287.0,395,0.33,0,8,17,5,253,2,2,0
7090,7.86,80.0,7440,808,1855,830685,0,129,1,-175.5,5.0,1153.0,2620930894,5,15542,816,2572.7,2287.0,395,6.47,0,9,17,6363,5,29,2,0
7091,12.19,80.0,7440,808,1854,830683,0,129,1,-175.5,5.0,1153.1,2620931090,5,15542,816,2572.7,2287.0,395,0.35,1,8,16,5,279,2,1,0
7092,7.73,80.0,7440,808,1855,830685,0,129,1,-175.5,5.0,1153.3,2620931486,5,15542,816,2572.7,2287.0,395,6.40,1,8,15,6314,4,2,1,0
7093,12.70,80.0,7440,808,1854,830683,0,129,1,-175.5,5.0,1153.4,2620931682,5,15542,816,2572.7,2287.0,395,0.34,1,9,16,5,263,2,1,0
7094,7.76,80.0,7440,808,1855,830685,0,129,1,-175.5,5.0,1153.6,2620929630,5,15542,816,2572.7,2287.0,395,6.53,1,10,18,6414,4,25,2,0
7095,12.72,80.0,7440,808,1854,830683,0,129,1,-175.5,5.0,1153.7,2620932450,5,15542,816,2572.7,2287.0,395,0.35,1,9,23,9,263,3,1,0
7096,7.82,80.0,7440,808,1855,830685,0,129,1,-175.5,5.0,1153.9,2620932846,5,15542,816,2572.7,2287.0,395,7.21,1,9,18,7129,7,3,2,0
7097,13.07,80.0,7440,808,1854,830683,0,129,1,-175.5,5.0,1154.0,2620933042,5,15542,816,2572.7,2287.0,395,0.32,1,8,17,5,244,2,1,0
7098,7.88,80.0,7440,803,1850,830445,0,129,1,-175.5,5.0,1154.2,2620933438,5,15542,816,2572.7,2287.0,395,6.46,1,8,16,6355,4,26,2,0
7099,11.99,80.0,7440,803,1853,830672,0,129,1,-175.5,5.0,1154.3,2620933634,5,15542,816,2572.7,2287.0,395,0.32,1,8,17,5,252,2,1,0
7100,7.86,80.0,7440,803,1854,830674,0,129,1,-175.5,5.0,1154.5,2620934030,5,15542,816,2572.7,2287.0,395,6.42,1,9,16,6337,7,3,2,0
7101,12.30,80.0,7440,803,1853,830672,0,129,1,-175.5,5.0,1154.6,2620931698,5,15542,816,2572.7,2287.0,395,0.34,0,9,16,5,257,2,1,0
7102,6.96,80.0,7440,803,1854,830674,0,129,1,-175.5,5.0,1154.8,2620934766,5,15542,816,2572.7,2287.0,395,6.26,1,9,16,6150,5,32,2,0
7103,12.19,80.0,7440,803,1853,830672,0,129,1,-175.5,5.0,1154.9,2620934962,5,15542,816,2572.7,2287.0,395,0.43,2,10,19,6,340,3,2,0
7104,7.04,80.0,7440,803,1854,830674,0,129,1,-175.5,5.0,1155.1,2620935358,5,15542,816,2572.7,2287.0,395,6.92,1,8,17,6836,7,2,3,0
7105,12.77,80.0,7440,803,1853,830672,0,129,1,-175.5,5.0,1155.2,2620935554,5,15542,816,2572.7,2287.0,395,0.32,2,10,16,5,245,2,2,0
7106,7.05,80.0,7440,803,1854,830674,0,129,1,-175.5,5.0,1155.4,2620935950,5,15542,816,2572.7,2287.0,395,6.83,1,8,15,6719,7,35,2,0
7107,12.42,80.0,7440,803,1853,830672,0,129,1,-175.5,5.0,1155.5,2620936146,5,15542,816,2572.7,2287.0,395,0.34,1,9,16,5,256,5,3,0
7108,7.24,80.0,7440,803,1854,830674,0,129,1,-175.5,5.0,1155.7,2620933966,5,15542,816,2572.7,2287.0,395,6.71,1,11,19,6617,6,2,3,0
7109,12.65,80.0,7440,803,1853,830672,0,129,1,-175.5,5.0,1155.8,2620936882,5,15542,816,2572.7,2287.0,395,0.34,1,10,17,6,255,3,2,0
7110,7.53,80.0,7440,803,1854,830674,0,129,1,-175.5,5.0,1156.0,2620937638,5,15542,816,2572.7,2287.0,395,6.92,1,8,17,6819,5,28,2,0
7111,14.81,80.0,7440,793,1843,830322,0,129,1,-175.5,5.0,1156.1,2620937474,5,15542,816,2572.7,2287.0,395,0.34,1,9,16,5,262,2,2,0
7112,6.80,80.0,7440,793,1844,830324,0,129,1,-175.5,5.0,1156.3,2620938874,5,15542,816,2572.7,2287.0,395,6.50,1,8,17,6407,6,2,2,0
7113,12.26,80.0,7440,793,1843,830322,0,129,1,-175.5,5.0,1156.4,2620939070,5,15542,816,2572.7,2287.0,395,0.32,1,9,16,5,248,2,2,0
7114,6.82,80.0,7440,793,1844,830324,0,129,1,-175.5,5.0,1156.6,2620936826,5,15542,816,2572.7,2287.0,395,7.84,1,10,18,7708,6,35,2,0
7115,13.33,80.0,7440,793,1843,830322,0,129,1,-175.5,5.0,1156.7,2620939774,5,15542,816,2572.7,2287.0,395,0.35,1,22,23,5,246,3,1,0
7116,6.89,80.0,7440,792,1844,830324,0,129,1,-175.5,5.0,1156.9,2620940170,5,15542,816,2572.7,2287.0,395,7.68,2,21,74,7461,5,2,2,0
7117,21.39,93.0,7440,792,1843,830322,0,129,1,-175.5,5.0,1157.0,2620940366,5,15542,816,2572.7,2287.0,395,0.35,1,8,17,6,274,3,1,0
7118,6.88,93.0,7444,787,1839,830084,0,129,1,-175.5,5.0,1157.3,2623669590,5,15541,816,2572.7,2287.0,395,53.10,1,10,16,6776,7,577,2,0
7119,69.38,93.0,7444,787,1838,829677,0,129,1,-175.5,5.0,1157.4,2623675838,5,15541,816,2572.7,2287.0,395,0.42,1,10,23,7,313,2,2,0
7120,9.86,93.0,7444,787,1839,829679,0,129,1,-175.5,5.0,1158.5,2623676234,5,15541,816,2572.7,2287.0,395,6.96,1,9,16,6878,8,3,2,0
7121,14.38,93.0,7444,787,1838,829677,0,129,1,-175.5,5.0,1158.6,2623676430,5,15541,816,2572.7,2287.0,395,0.33,1,8,16,5,252,2,1,0
7122,7.04,93.0,7444,787,1843,829908,0,129,1,-175.5,5.0,1158.8,2623676826,5,15541,816,2572.7,2287.0,395,6.88,0,7,19,6751,6,24,3,0
7123,13.12,93.0,7444,787,1842,829906,0,129,1,-175.5,5.0,1158.9,2623674302,5,15541,816,2572.7,2287.0,395,0.32,1,8,16,5,253,2,1,0
7124,7.27,93.0,7444,787,1843,829908,0,129,1,-175.5,5.0,1159.1,2623677514,5,15541,816,2572.7,2287.0,395,6.82,2,10,16,6723,7,3,2,0
7125,12.90,93.0,7444,787,1842,829906,0,129,1,-175.5,5.0,1159.2,2623677710,5,15541,816,2572.7,2287.0,395,0.33,1,8,16,7,255,2,2,0
7126,7.42,93.0,7444,787,1843,829908,0,129,1,-175.5,5.0,1159.4,2623678106,5,15541,816,2572.7,2287.0,395,6.66,1,9,16,6551,7,25,2,0
7127,13.53,93.0,7444,787,1842,829906,0,129,1,-175.5,5.0,1159.5,2623678302,5,15541,816,2572.7,2287.0,395,0.32,0,10,16,6,243,2,2,0
7128,7.32,93.0,7444,787,1843,829908,0,129,1,-175.5,5.0,1159.7,2623678698,5,15541,816,2572.7,2287.0,395,6.29,1,8,17,6207,6,2,3,0
7129,12.76,93.0,7444,787,1842,829906,0,129,1,-175.5,5.0,1159.9,2623678894,5,15541,816,2572.7,2287.0,395,0.32,1,8,16,5,247,2,1,0
7130,7.44,93.0,7444,787,1834,829450,0,129,1,-175.5,5.0,1160.0,2623676570,5,15541,816,2572.7,2287.0,395,6.88,1,8,16,6770,7,25,3,0
7131,13.27,93.0,7444,787,1833,829448,0,129,1,-175.5,5.0,1160.2,2623680634,5,15541,816,2572.7,2287.0,395,0.33,1,9,17,6,254,3,1,0
7132,7.43,93.0,7444,787,1834,829450,0,129,1,-175.5,5.0,1160.4,2623681030,5,15541,816,2572.7,2287.0,395,6.70,1,10,16,6602,7,2,2,0
7133,12.09,93.0,7444,787,1833,829448,0,129,1,-175.5,5.0,1160.5,2623681226,5,15541,816,2572.7,2287.0,395,0.32,1,9,16,5,249,2,2,0
7134,7.57,93.0,7444,787,1834,829450,0,129,1,-175.5,5.0,1160.6,2623681622,5,15541,816,2572.7,2287.0,395,6.32,2,8,15,6225,5,24,2,0
7135,11.78,93.0,7444,787,1833,829448,0,129,1,-175.5,5.0,1160.8,2623681818,5,15541,816,2572.7,2287.0,395,0.35,1,11,19,6,253,2,1,0
7136,7.03,93.0,7444,787,1834,829450,0,129,1,-175.5,5.0,1160.9,2623682214,5,15541,816,2572.7,2287.0,395,6.34,1,8,18,6255,5,3,3,0
7137,12.28,93.0,7444,787,1833,829448,0,129,1,-175.5,5.0,1161.0,2623682410,5,15541,816,2572.7,2287.0,395,0.33,1,9,17,5,254,2,1,0
7138,7.05,93.0,7444,787,1834,829450,0,129,1,-175.5,5.0,1161.2,2623680054,5,15541,816,2572.7,2287.0,395,6.47,1,8,17,6360,5,24,2,0
7139,12.08,93.0,7444,789,1835,829624,0,129,1,-175.5,5.0,1161.3,2623683162,5,15541,816,2572.7,2287.0,395,0.44,1,12,20,8,337,3,2,0
7140,8.27,93.0,7444,789,1836,829626,0,129,1,-175.5,5.0,1161.5,2623683990,5,15541,816,2572.7,2287.0,395,6.80,1,8,15,6719,7,2,2,0
7141,13.36,93.0,7444,789,1826,829166,0,129,1,-175.5,5.0,1161.6,2623683754,5,15541,816,2572.7,2287.0,395,0.31,1,8,15,5,241,2,2,0
7142,7.38,93.0,7444,789,1827,829168,0,129,1,-175.5,5.0,1161.8,2623685154,5,15541,816,2572.7,2287.0,395,7.36,1,8,18,7258,5,20,2,0
7143,13.01,93.0,7444,789,1826,829166,0,129,1,-175.5,5.0,1162.0,2623685350,5,15541,816,2572.7,2287.0,395,0.32,1,9,17,6,248,2,2,0
7144,7.09,93.0,7444,789,1831,829397,0,129,1,-175.5,5.0,1162.1,2623682914,5,15541,816,2572.7,2287.0,395,6.38,1,9,16,6303,4,2,2,0
7145,12.49,93.0,7444,789,1830,829395,0,129,1,-175.5,5.0,1162.3,2623686070,5,15541,816,2572.7,2287.0,395,0.39,1,31,18,6,286,2,2,0
7146,7.08,93.0,7444,789,1822,828939,0,129,1,-175.5,5.0,1162.4,2623686466,5,15541,816,2572.7,2287.0,395,6.84,2,11,19,6734,6,17,2,0
7147,13.12,93.0,7444,789,1821,828937,0,129,1,-175.5,5.0,1162.5,2623684738,5,15541,816,2572.7,2287.0,395,0.33,1,8,15,5,259,2,1,0
7148,7.25,93.0,7444,789,1813,828481,0,129,1,-175.5,5.0,1162.7,2623688110,5,15541,816,2572.7,2287.0,395,6.69,1,9,17,6611,7,3,2,0
7149,12.79,93.0,7444,789,1812,828479,0,129,1,-175.5,5.0,1162.9,2623686350,5,15541,816,2572.7,2287.0,395,0.32,1,8,15,5,244,2,1,0
7150,7.18,93.0,7444,789,1813,828481,0,129,1,-175.5,5.0,1163.0,2623689722,5,15541,816,2572.7,2287.0,395,6.79,1,9,23,6681,6,26,5,0
7151,12.67,93.0,7444,789,1812,828479,0,129,1,-175.5,5.0,1163.2,2623689918,5,15541,816,2572.7,2287.0,395,0.33,1,7,15,5,259,2,1,0
7152,7.24,93.0,7444,789,1813,828481,0,129,1,-175.5,5.0,1163.3,2623690314,5,15541,816,2572.7,2287.0,395,6.35,1,9,17,6270,3,3,2,0
7153,12.06,93.0,7444,789,1812,828479,0,129,1,-175.5,5.0,1163.5,2623687582,5,15541,816,2572.7,2287.0,395,0.38,1,10,17,5,284,2,1,0
7154,7.41,93.0,7444,785,1804,828023,0,129,1,-175.5,5.0,1163.6,2623690986,5,15541,816,2572.7,2287.0,395,6.80,1,8,30,6665,4,48,2,0
7155,13.74,93.0,7444,785,1803,828021,0,129,1,-175.5,5.0,1163.7,2623692186,5,15541,816,2572.7,2287.0,395,0.34,1,12,16,5,258,1,1,0
7156,7.44,93.0,7444,780,1799,827723,0,129,1,-175.5,5.0,1163.9,2623692582,5,15541,816,2572.7,2287.0,395,6.41,0,8,15,6331,4,2,2,0
7157,11.95,93.0,7444,780,1798,827721,0,129,1,-175.5,5.0,1164.1,2623692778,5,15541,816,2572.7,2287.0,395,0.31,0,9,16,5,242,3,1,0
7158,7.47,93.0,7444,781,1791,827649,0,129,1,-175.5,5.0,1164.2,2623693174,5,15541,816,2572.7,2287.0,395,7.05,1,8,34,6928,7,24,2,0
7159,13.15,93.0,7444,781,1790,827647,0,129,1,-175.5,5.0,1164.4,2623691446,5,15541,816,2572.7,2287.0,395,0.34,1,8,17,5,238,2,2,0
7160,7.47,93.0,7444,781,1791,827649,0,129,1,-175.5,5.0,1164.5,2623694882,5,15541,816,2572.7,2287.0,395,6.17,1,9,17,6086,5,2,3,0
7161,11.86,93.0,7444,781,1790,827647,0,129,1,-175.5,5.0,1164.7,2623692054,5,15541,816,2572.7,2287.0,395,0.33,1,9,16,5,253,2,1,0
7162,7.39,93.0,7444,781,1791,827649,0,129,1,-175.5,5.0,1164.8,2623695506,5,15541,816,2572.7,2287.0,395,6.51,1,11,27,6400,4,19,2,0
7163,12.18,93.0,7444,781,1790,827647,0,129,1,-175.5,5.0,1164.9,2623692662,5,15541,816,2572.7,2287.0,395,0.34,1,9,20,6,252,3,1,0
7164,7.38,93.0,7444,781,1782,827191,0,129,1,-175.5,5.0,1165.1,2623696114,5,15541,816,2572.7,2287.0,395,6.63,0,16,16,6536,5,3,2,0
7165,13.50,93.0,7444,781,1781,827189,0,129,1,-175.5,5.0,1165.2,2623697314,5,15541,816,2572.7,2287.0,395,0.33,1,9,16,5,257,2,2,0
7166,7.12,93.0,7444,781,1782,827191,0,129,1,-175.5,5.0,1165.4,2623697710,5,15541,816,2572.7,2287.0,395,6.67,1,7,16,6576,5,23,2,0
7167,12.38,93.0,7444,781,1781,827189,0,129,1,-175.5,5.0,1165.6,2623697906,5,15541,816,2572.7,2287.0,395,0.33,0,8,16,5,262,2,1,0
7168,7.28,93.0,7444,781,1782,827191,0,129,1,-175.5,5.0,1165.7,2623698302,5,15541,816,2572.7,2287.0,395,7.33,1,9,16,7236,7,2,2,0
7169,12.94,93.0,7444,781,1781,827189,0,129,1,-175.5,5.0,1165.8,2623698498,5,15541,816,2572.7,2287.0,395,0.31,0,8,15,5,237,2,2,0
7170,7.19,93.0,7444,781,1782,827191,0,129,1,-175.5,5.0,1166.0,2623699326,5,15541,816,2572.7,2287.0,395,6.67,3,9,28,6561,4,17,2,0
7171,13.59,93.0,7444,781,1781,827189,0,129,1,-175.5,5.0,1166.1,2623699090,5,15541,816,2572.7,2287.0,395,0.34,1,9,16,5,259,2,1,0
7172,7.09,93.0,7444,781,1782,827191,0,129,1,-175.5,5.0,1166.4,2623696558,5,15541,816,2572.7,2287.0,395,6.44,1,8,31,6356,3,2,2,0
7173,12.08,93.0,7444,781,1781,827189,0,129,1,-175.5,5.0,1166.5,2623699874,5,15541,816,2572.7,2287.0,395,0.35,1,15,20,5,250,2,2,0
7174,7.10,93.0,7444,781,1782,827191,0,129,1,-175.5,5.0,1166.6,2623697166,5,15541,816,2572.7,2287.0,395,6.84,0,8,17,6736,7,23,2,0
7175,12.68,93.0,7444,781,1781,827189,0,129,1,-175.5,5.0,1166.7,2623700498,5,15541,816,2572.7,2287.0,395,0.32,1,8,16,6,243,2,2,0
7176,7.18,93.0,7444,761,1762,826311,0,129,1,-175.5,5.0,1166.9,2623700894,5,15541,816,2572.7,2287.0,395,6.71,1,8,16,6626,7,2,3,0
7177,12.24,93.0,7444,761,1761,826309,0,129,1,-175.5,5.0,1167.0,2623702094,5,15541,816,2572.7,2287.0,395,0.33,2,9,15,5,256,2,1,0
7178,7.14,93.0,7444,751,1752,826251,0,129,1,-175.5,5.0,1167.2,2623699402,5,15541,816,2572.7,2287.0,395,6.58,1,9,18,6472,6,24,3,0
7179,12.44,93.0,7444,746,1746,826149,0,129,1,-175.5,5.0,1167.3,2622248658,5,15541,816,2572.7,2287.0,395,46.81,1,8,16,5,258,2,2,0
7180,62.88,93.0,7444,746,1747,827501,0,129,1,-175.5,5.0,1167.5,2622253690,5,15541,816,2572.7,2287.0,395,7.18,1,9,15,7099,7,2,3,0
7181,12.43,93.0,7444,731,1732,825491,0,129,1,-175.5,5.0,1168.5,2622253986,5,15541,816,2572.7,2287.0,395,0.33,1,18,16,5,246,2,1,0
7182,7.09,93.0,7444,731,1732,825491,0,129,1,-175.5,5.0,1168.7,2622252166,5,15541,816,2572.7,2287.0,395,6.65,1,8,16,6554,5,23,2,0
7183,12.57,93.0,7444,731,1731,825489,0,129,1,-175.5,5.0,1168.8,2622255530,5,15541,816,2572.7,2287.0,395,0.33,1,9,16,5,253,3,1,0
7184,6.95,93.0,7444,731,1732,825491,0,129,1,-175.5,5.0,1168.9,2622252774,5,15541,816,2572.7,2287.0,395,6.71,1,8,17,6636,4,2,2,0
7185,12.35,93.0,7444,731,1731,825489,0,129,1,-175.5,5.0,1169.1,2622256154,5,15541,816,2572.7,2287.0,395,0.32,1,8,17,5,247,2,1,0
7186,7.17,93.0,7444,731,1732,825491,0,129,1,-175.5,5.0,1169.2,2622256550,5,15541,816,2572.7,2287.0,395,7.52,1,9,16,7383,4,32,2,0
7187,12.97,93.0,7444,731,1731,825489,0,129,1,-175.5,5.0,1169.3,2622253594,5,15541,816,2572.7,2287.0,395,0.33,1,8,17,6,247,13,1,0
7188,7.10,93.0,7444,731,1732,825491,0,129,1,-175.5,5.0,1169.5,2622257190,5,15541,816,2572.7,2287.0,395,6.84,0,9,16,6752,7,2,3,0
7189,12.51,93.0,7444,731,1731,825489,0,129,1,-175.5,5.0,1169.6,2622254202,5,15541,816,2572.7,2287.0,395,0.32,1,9,16,5,242,2,1,0
7190,7.24,93.0,7444,731,1732,825491,0,129,1,-175.5,5.0,1169.8,2622257798,5,15541,816,2572.7,2287.0,395,6.80,1,10,18,6681,8,27,2,0
7191,12.71,93.0,7444,731,1731,825489,0,129,1,-175.5,5.0,1169.9,2622257994,5,15541,816,2572.7,2287.0,395,0.33,0,9,17,5,256,2,1,0
7192,7.07,93.0,7444,731,1723,825033,0,129,1,-175.5,5.0,1170.1,2622255222,5,15541,816,2572.7,2287.0,395,6.89,1,8,16,6812,5,3,2,0
7193,13.24,93.0,7444,731,1722,825031,0,129,1,-175.5,5.0,1170.2,2622259638,5,15541,816,2572.7,2287.0,395,0.31,1,9,15,6,236,1,1,0
7194,7.18,93.0,7313,731,1723,825033,0,118,1,-175.5,5.0,1170.4,2624891310,5,15541,816,2572.7,2287.0,395,86.41,1307,9,31,0,0,0,0,36372
7195,95.17,93.0,7302,713,1650,817653,0,118,1,-175.5,5.0,1170.5,2623023730,5,15398,816,2572.7,2287.0,395,62.80,2443,9,21,0,0,0,0,0
7196,79.16,93.0,7302,713,1651,817695,0,118,1,-175.5,5.0,1172.0,2623314186,5,15295,816,2572.7,2287.0,395,355.78,2079,10,23,0,0,0,0,0
7197,144.93,80.0,7302,703,1632,815797,0,118,1,-175.5,5.0,1173.2,2620625914,5,15128,816,2574.1,2287.0,395,370.63,2550,10,23,0,0,0,0,0
7198,128.70,80.0,7302,693,1605,813738,0,118,1,-175.5,5.0,1175.3,2621110490,5,15128,816,2574.9,2287.0,395,96.94,962,11,25,0,0,0,0,0
7199,106.97,80.0,7302,693,1605,815993,0,118,1,-175.5,5.0,1177.3,2623253210,5,15128,830,2575.7,2287.0,395,294.80,1402,10,22,0,0,0,0,0
7200,133.30,80.0,7304,693,1605,818393,0,118,3,-175.5,5.0,1178.9,2623631550,5,15128,830,2594.0,2305.2,395,125.13,865,9,22,5719,6,3,235,0
7201,131.95,4.0,7304,618,1531,801590,0,120,2,-175.5,5.0,1180.9,2624114954,5,15128,830,2594.0,2305.2,395,68.01,849,8302,24,0,0,0,0,0
7202,77.28,4.0,7304,633,1554,801004,0,120,1,-175.5,5.0,1182.8,2623571946,5,14647,830,2594.1,2305.2,395,52.22,5467,7305,23,0,0,0,0,0
7203,61.38,4.0,7306,633,1560,797781,0,120,3,-175.5,5.0,1184.0,2622776830,5,14110,830,2594.1,2305.2,395,44.52,5063,10,20,8,246,2,156,0
7204,51.88,4.0,7306,633,1560,797331,0,122,2,-175.5,5.0,1184.9,2618184850,5,13729,830,2594.0,2305.2,395,51.66,3642,7743,21,0,0,0,0,0
7205,59.18,4.0,7307,633,1567,795080,113,122,2,-175.5,5.0,1185.7,2618350958,5,13729,830,2594.1,2305.2,395,5.91,0,3654,27,7,244,3,1935,0
7206,13.39,4.0,7311,613,1556,794288,63,122,2,-175.5,5.0,1186.6,2619246274,5,13777,830,2594.1,2305.2,395,47.28,1,11,2644,5968,0,0,0,0
7207,55.71,4.0,7315,613,1555,789976,13,122,2,-175.5,5.0,1186.8,2620131322,5,13825,830,2594.0,2305.2,395,41.58,1,12,2125,6,262,2,2,0
7208,48.67,4.0,7317,613,1555,789976,0,122,2,-175.5,5.0,1187.6,2620950622,5,13837,830,2594.0,2305.2,395,44.70,1,12,733,5528,5,2,2,0
7209,52.61,4.0,7317,613,1554,786764,0,123,1,-175.5,5.0,1188.4,2620951622,5,13837,830,2594.0,2305.2,395,8.12,1,8056,25,0,0,0,0,0
7210,15.01,4.0,7317,613,1561,786778,0,123,1,-175.5,5.0,1189.1,2620961302,5,13837,830,2594.1,2305.2,395,5.90,1,9,17,5804,6,22,2,0
7211,12.34,4.0,7317,613,1561,786778,0,123,1,-175.5,5.0,1189.4,2620963542,5,13837,830,2594.0,2305.2,395,0.32,1,9,17,6,248,2,2,0
7212,12.48,4.0,7317,613,1561,786778,0,123,1,-175.5,5.0,1189.6,2620961582,5,13837,830,2594.0,2305.2,395,5.85,1,9,16,5766,8,2,3,0
7213,12.32,4.0,7317,613,1561,786778,0,123,1,-175.5,5.0,1189.7,2620961878,5,13837,830,2594.0,2305.2,395,0.33,1,9,16,5,261,2,2,0
7214,12.44,4.0,7317,613,1561,786778,0,123,1,-175.5,5.0,1189.9,2620962174,5,13837,830,2594.0,2305.2,395,5.78,1,9,17,5684,5,19,2,0
7215,12.35,4.0,7317,613,1561,786778,0,123,1,-175.5,5.0,1190.1,2620962470,5,13837,830,2594.0,2305.2,395,0.34,0,9,17,5,260,3,1,0
7216,12.46,4.0,7317,613,1561,786778,0,123,1,-175.5,5.0,1190.3,2620962750,5,13837,830,2594.0,2305.2,395,6.28,1,9,16,6194,10,5,3,0
7217,12.36,4.0,7317,613,1561,786778,0,123,1,-175.5,5.0,1190.5,2620963046,5,13837,830,2594.0,2305.2,395,0.34,1,9,16,5,261,2,1,0
7218,12.48,4.0,7317,613,1561,786778,0,123,1,-175.5,5.0,1190.7,2620963342,5,13837,830,2594.0,2305.2,395,6.03,1,10,22,5907,6,39,2,0
7219,12.30,4.0,7317,613,1561,786778,0,123,1,-175.5,5.0,1190.9,2620963638,5,13837,830,2594.0,2305.2,395,0.33,1,9,16,5,262,2,2,0
7220,12.47,4.0,7317,613,1561,786778,0,123,1,-175.5,5.0,1191.0,2620963918,5,13837,830,2594.0,2305.2,395,6.57,1,10,16,6481,8,2,3,0
7221,12.28,4.0,7317,613,1561,786778,0,123,1,-175.5,5.0,1191.2,2620966454,5,13837,830,2594.0,2305.2,395,0.33,1,10,16,5,248,4,3,0
7222,9.60,4.0,7317,613,1561,786778,0,123,1,-175.5,5.0,1191.4,2620964510,5,13837,830,2594.0,2305.2,395,5.92,1,12,18,5801,6,27,3,0
7223,11.62,22.0,7317,613,1560,786776,0,123,1,-175.5,5.0,1191.6,2620966946,5,13837,830,2594.0,2305.2,395,0.31,0,9,17,5,237,2,1,0
7224,9.76,22.0,7317,613,1562,786780,0,123,1,-175.5,5.0,1191.7,2620965218,5,13837,830,2594.0,2305.2,395,6.27,2,13,18,6161,13,5,4,0
7225,12.99,22.0,7317,613,1561,786778,0,123,1,-175.5,5.0,1191.9,2620967654,5,13837,830,2594.0,2305.2,395,0.33,1,9,22,6,255,3,1,0
7226,9.46,22.0,7317,613,1553,786322,0,123,1,-175.5,5.0,1192.1,2620965810,5,13837,830,2594.0,2305.2,395,6.34,1,27,19,6198,8,25,1,0
7227,11.93,22.0,7317,613,1552,786320,0,123,1,-175.5,5.0,1192.2,2620969250,5,13837,830,2594.0,2305.2,395,0.32,1,9,16,5,249,2,2,0
7228,9.63,22.0,7317,613,1553,786322,0,123,1,-175.5,5.0,1192.4,2620967406,5,13837,830,2594.0,2305.2,395,6.27,1,9,16,6187,5,3,2,0
7229,12.54,22.0,7317,613,1552,786320,0,123,1,-175.5,5.0,1192.5,2620969842,5,13837,830,2594.0,2305.2,395,0.39,1,9,16,5,319,3,2,0
7230,8.37,22.0,7317,613,1553,786322,0,123,1,-175.5,5.0,1192.7,2620968446,5,13837,830,2594.0,2305.2,395,5.68,1,9,15,5601,3,17,2,0
7231,13.36,22.0,7317,613,1552,786320,0,123,1,-175.5,5.0,1192.9,2620968210,5,13837,830,2594.0,2305.2,395,0.34,1,9,15,5,262,2,1,0
7232,8.07,22.0,7317,613,1553,786322,0,123,1,-175.5,5.0,1193.1,2620968606,5,13837,830,2594.0,2305.2,395,6.26,0,8,15,6184,8,3,2,0
7233,11.94,22.0,7317,613,1552,786320,0,123,1,-175.5,5.0,1193.2,2620968802,5,13837,830,2594.0,2305.2,395,0.32,1,9,16,5,247,3,1,0
7234,8.05,22.0,7317,613,1553,786322,0,123,1,-175.5,5.0,1193.4,2620969198,5,13837,830,2594.0,2305.2,395,6.14,1,9,17,6036,7,25,3,0
7235,12.35,22.0,7317,613,1552,786320,0,123,1,-175.5,5.0,1193.5,2620969394,5,13837,830,2594.0,2305.2,395,0.33,0,9,16,6,261,2,1,0
7236,8.23,22.0,7317,613,1553,786322,0,123,1,-175.5,5.0,1193.7,2620969790,5,13837,830,2594.0,2305.2,395,5.71,1,9,18,5629,5,3,2,0
7237,11.09,22.0,7317,613,1552,786320,0,123,1,-175.5,5.0,1193.8,2620972226,5,13837,830,2594.0,2305.2,395,0.33,1,10,16,6,247,2,2,0
7238,8.07,22.0,7317,613,1553,786322,0,123,1,-175.5,5.0,1194.0,2620970398,5,13837,830,2594.0,2305.2,395,6.10,1,17,25,5975,6,28,2,0
7239,11.71,22.0,7317,613,1543,785862,0,123,1,-175.5,5.0,1194.1,2620970594,5,13837,830,2594.0,2305.2,395,0.38,1,10,18,6,305,2,1,0
7240,7.11,22.0,7317,613,1544,785864,0,123,1,-175.5,5.0,1194.2,2620971994,5,13837,830,2594.0,2305.2,395,5.49,1,10,17,5407,6,3,2,0
7241,11.08,22.0,7317,613,1543,785862,0,123,1,-175.5,5.0,1194.4,2620974446,5,13837,830,2594.0,2305.2,395,0.32,1,9,17,5,248,2,1,0
7242,7.11,22.0,7317,613,1544,785864,0,123,1,-175.5,5.0,1194.5,2620972602,5,13837,830,2594.0,2305.2,395,5.91,1,11,18,5805,5,22,2,0
7243,11.86,22.0,7317,613,1543,785862,0,123,1,-175.5,5.0,1194.6,2620972798,5,13837,830,2594.0,2305.2,395,0.32,1,9,17,6,246,2,2,0
7244,7.21,22.0,7317,613,1544,785864,0,123,1,-175.5,5.0,1194.8,2620975450,5,13837,830,2594.0,2305.2,395,5.63,2,9,16,5556,4,2,2,0
7245,11.30,22.0,7317,613,1543,785862,0,123,1,-175.5,5.0,1194.9,2620975646,5,13837,830,2594.0,2305.2,395,0.34,1,9,19,6,262,2,2,0
7246,7.26,22.0,7317,613,1544,785864,0,123,1,-175.5,5.0,1195.1,2620976042,5,13837,830,2594.0,2305.2,395,6.38,1,9,17,6264,6,24,1,0
7247,11.84,22.0,7317,613,1543,785862,0,123,1,-175.5,5.0,1195.2,2620976238,5,13837,830,2594.0,2305.2,395,0.33,1,9,16,8,251,2,1,0
7248,7.27,22.0,7317,613,1535,785406,0,123,1,-175.5,5.0,1195.4,2620976634,5,13837,830,2594.0,2305.2,395,6.56,1,21,28,6447,7,2,2,0
7249,12.19,22.0,7317,613,1534,785404,0,123,1,-175.5,5.0,1195.5,2620977834,5,13837,830,2594.0,2305.2,395,0.32,1,8,16,5,244,2,1,0
7250,6.94,22.0,7317,613,1535,785406,0,123,1,-175.5,5.0,1195.7,2620976070,5,13837,830,2594.0,2305.2,395,5.70,1,9,16,5610,3,20,1,0
7251,11.60,22.0,7317,613,1534,785404,0,123,1,-175.5,5.0,1195.8,2620976266,5,13837,830,2594.0,2305.2,395,0.32,1,8,15,5,242,4,3,0
7252,7.07,22.0,7317,613,1535,785406,0,123,1,-175.5,5.0,1195.9,2620976662,5,13837,830,2594.0,2305.2,395,5.67,1,8,17,5599,4,2,1,0
7253,11.45,22.0,7317,613,1534,785404,0,123,1,-175.5,5.0,1196.0,2620979162,5,13837,830,2594.0,2305.2,395,0.33,1,9,17,5,253,3,1,0
7254,6.97,22.0,7317,613,1535,785406,0,123,1,-175.5,5.0,1196.2,2620977270,5,13837,830,2594.0,2305.2,395,5.64,1,20,17,5539,3,17,2,0
7255,11.49,22.0,7317,613,1534,785404,0,123,1,-175.5,5.0,1196.3,2620977466,5,13837,830,2594.0,2305.2,395,0.31,1,9,15,5,242,2,1,0
7256,6.83,22.0,7317,608,1530,784006,0,123,1,-175.5,5.0,1196.5,2620977862,5,13837,830,2594.0,2305.2,395,6.06,0,9,17,5976,10,2,3,0
7257,11.63,22.0,7317,608,1529,784004,0,123,1,-175.5,5.0,1196.6,2620978058,5,13837,830,2594.0,2305.2,395,0.34,1,8,16,5,253,2,1,0
7258,6.90,22.0,7317,608,1530,784006,0,123,1,-175.5,5.0,1196.8,2620978454,5,13837,830,2594.0,2305.2,395,5.73,1,11,18,5630,5,20,2,0
7259,11.25,22.0,7317,608,1529,784004,0,123,1,-175.5,5.0,1196.9,2620980970,5,13837,830,2594.0,2305.2,395,0.32,1,24,18,5,236,2,2,0
7260,7.42,22.0,7317,608,1530,784006,0,123,1,-175.5,5.0,1197.0,2620979322,5,13837,830,2594.0,2305.2,395,5.94,1,10,16,5857,5,3,3,0
7261,12.99,22.0,7317,608,1528,784002,0,123,1,-175.5,5.0,1197.2,2620980370,5,13837,830,2594.0,2305.2,395,0.36,1,14,25,6,268,2,1,0
7262,6.59,22.0,7317,608,1520,783546,0,123,1,-175.5,5.0,1197.4,2620978446,5,13837,830,2594.0,2305.2,395,6.37,1,13,21,6248,7,24,3,0
7263,11.97,22.0,7317,608,1519,783544,0,123,1,-175.5,5.0,1197.5,2620981966,5,13837,830,2594.0,2305.2,395,0.32,1,9,16,5,246,2,1,0
7264,6.71,22.0,7317,608,1520,783546,0,123,1,-175.5,5.0,1197.6,2621775050,5,13837,830,2594.0,2305.2,395,45.14,1,10,18,5739,5,2,2,0
7265,59.99,22.0,7317,608,1519,786714,0,123,1,-175.5,5.0,1197.7,2621778014,5,13837,830,2594.0,2305.2,395,0.32,2,11,17,5,241,1,1,0
7266,8.39,22.0,7317,608,1520,786716,0,123,1,-175.5,5.0,1198.6,2621776122,5,13837,830,2594.0,2305.2,395,5.82,1,10,18,5708,5,27,3,0
7267,12.05,22.0,7317,608,1519,786714,0,123,1,-175.5,5.0,1198.8,2621778606,5,13837,830,2594.0,2305.2,395,0.38,3,13,23,6,276,2,1,0
7268,6.79,22.0,7317,608,1520,786716,0,123,1,-175.5,5.0,1198.9,2621776714,5,13837,830,2594.0,2305.2,395,5.97,1,10,17,5887,4,3,2,0
7269,12.56,22.0,7317,608,1519,786714,0,123,1,-175.5,5.0,1199.0,2621779198,5,13837,830,2594.0,2305.2,395,0.34,1,10,16,5,268,3,1,0
7270,6.69,22.0,7317,608,1520,786716,0,123,1,-175.5,5.0,1199.2,2621777306,5,13837,830,2594.0,2305.2,395,5.65,1,9,16,5548,7,24,2,0
7271,11.08,22.0,7317,608,1519,786714,0,123,1,-175.5,5.0,1199.3,2621779790,5,13837,830,2594.0,2305.2,395,0.34,1,9,16,5,267,2,1,0
7272,6.82,22.0,7317,608,1520,786716,0,123,1,-175.5,5.0,1199.5,2621777914,5,13837,830,2594.0,2305.2,395,6.32,1,9,17,6232,9,2,2,0
7273,12.29,22.0,7317,608,1519,786714,0,123,1,-175.5,5.0,1199.6,2621778110,5,13837,830,2594.0,2305.2,395,0.31,1,8,15,5,242,2,2,0
7274,6.89,22.0,7317,608,1520,786716,0,123,1,-175.5,5.0,1199.8,2621778506,5,13837,830,2594.0,2305.2,395,6.12,1,9,17,6009,19,25,2,0
7275,11.60,22.0,7317,608,1519,786714,0,123,1,-175.5,5.0,1199.9,2621780990,5,13837,830,2594.0,2305.2,395,0.33,1,9,15,5,255,2,2,0
7276,7.32,22.0,7317,608,1520,786716,0,123,1,-175.5,5.0,1200.1,2621781386,5,13837,830,2594.0,2305.2,395,6.02,1,10,16,5939,5,2,2,0
7277,12.05,22.0,7317,608,1519,786714,0,123,1,-175.5,5.0,1200.2,2621781582,5,13837,830,2594.0,2305.2,395,0.33,1,8,16,5,259,1,1,0
7278,7.30,22.0,7317,608,1520,786716,0,123,1,-175.5,5.0,1200.3,2621779738,5,13837,830,2594.0,2305.2,395,6.45,1,9,16,6355,5,22,2,0
7279,11.81,22.0,7317,608,1519,786714,0,123,1,-175.5,5.0,1200.5,2621782254,5,13837,830,2594.0,2305.2,395,0.33,1,9,17,5,257,2,1,0
7280,7.30,22.0,7317,608,1520,786716,0,123,1,-175.5,5.0,1200.6,2621780330,5,13837,830,2594.0,2305.2,395,6.39,1,9,16,6314,5,2,2,0
7281,12.11,22.0,7317,608,1519,786714,0,123,1,-175.5,5.0,1200.7,2621782846,5,13837,830,2594.0,2305.2,395,0.33,2,15,15,6,250,2,2,0
7282,7.22,22.0,7317,608,1520,786716,0,123,1,-175.5,5.0,1200.9,2621780922,5,13837,830,2594.0,2305.2,395,6.40,1,10,23,6295,6,22,2,0
7283,12.13,22.0,7317,608,1519,786714,0,123,1,-175.5,5.0,1201.0,2621783438,5,13837,830,2594.0,2305.2,395,0.35,1,10,17,6,268,2,2,0
7284,7.20,22.0,7317,608,1520,786716,0,123,1,-175.5,5.0,1201.2,2621781514,5,13837,830,2594.0,2305.2,395,5.86,1,9,16,5775,6,2,2,0
7285,11.56,22.0,7317,608,1506,786027,0,123,1,-175.5,5.0,1201.3,2621784030,5,13837,830,2594.0,2305.2,395,0.33,1,9,17,5,259,2,1,0
7286,7.09,22.0,7317,608,1507,786029,0,123,1,-175.5,5.0,1201.5,2621783126,5,13837,830,2594.0,2305.2,395,5.99,0,9,15,5893,6,23,2,0
7287,11.33,22.0,7317,608,1506,786027,0,123,1,-175.5,5.0,1201.6,2621783322,5,13837,830,2594.0,2305.2,395,0.34,1,9,16,6,275,1,1,0
7288,7.14,22.0,7317,608,1507,786029,0,123,1,-175.5,5.0,1201.8,2621783718,5,13837,830,2594.0,2305.2,395,5.89,1,10,17,5813,6,2,3,0
7289,11.30,22.0,7317,608,1506,786027,0,123,1,-175.5,5.0,1201.9,2621783914,5,13837,830,2594.0,2305.2,395,0.33,1,11,16,6,257,2,1,0
7290,7.39,22.0,7317,608,1507,786029,0,123,1,-175.5,5.0,1202.1,2621784742,5,13837,830,2594.0,2305.2,395,5.63,1,9,16,5539,5,21,2,0
7291,12.38,22.0,7317,608,1506,786027,0,123,1,-175.5,5.0,1202.2,2621784506,5,13837,830,2594.0,2305.2,395,0.33,1,18,21,4,251,2,2,0
7292,6.97,22.0,7317,608,1507,786029,0,123,1,-175.5,5.0,1202.3,2621784902,5,13837,830,2594.0,2305.2,395,5.54,1,8,16,5465,3,2,1,0
7293,10.70,22.0,7317,604,1506,786027,0,123,1,-175.5,5.0,1202.5,2621787418,5,13837,830,2594.0,2305.2,395,0.37,1,8,21,11,285,2,1,0
7294,7.22,22.0,7317,604,1507,786029,0,123,1,-175.5,5.0,1202.6,2621785510,5,13837,830,2594.0,2305.2,395,6.13,1,10,17,6038,4,18,2,0
7295,11.74,22.0,7317,604,1506,786027,0,123,1,-175.5,5.0,1202.7,2621785706,5,13837,830,2594.0,2305.2,395,0.33,1,9,23,5,250,2,1,0
7296,6.95,22.0,7317,604,1507,786029,0,123,1,-175.5,5.0,1202.9,2621786102,5,13837,830,2594.0,2305.2,395,6.70,1,9,17,6628,5,2,1,0
7297,12.11,22.0,7317,604,1506,786027,0,123,1,-175.5,5.0,1203.0,2621786298,5,13837,830,2594.0,2305.2,395,0.33,1,9,15,5,257,2,1,0
7298,6.73,22.0,7317,603,1507,786029,0,123,1,-175.5,5.0,1203.2,2621786694,5,13837,830,2594.0,2305.2,395,5.92,0,8,14,5834,7,25,2,0
7299,11.15,22.0,7317,603,1506,786027,0,123,1,-175.5,5.0,1203.3,2621786890,5,13837,830,2594.0,2305.2,395,0.33,1,9,16,5,257,2,1,0
7300,6.80,22.0,7317,603,1507,786029,0,123,1,-175.5,5.0,1203.5,2621787286,5,13837,830,2594.0,2305.2,395,6.14,1,15,16,6062,8,3,3,0
7301,11.51,22.0,7317,603,1506,786027,0,123,1,-175.5,5.0,1203.6,2621789818,5,13837,830,2594.0,2305.2,395,0.31,1,9,17,6,238,2,2,0
7302,6.78,22.0,7317,603,1494,785342,0,123,1,-175.5,5.0,1203.7,2621787878,5,13837,830,2594.0,2305.2,395,6.22,1,9,17,6120,7,23,2,0
7303,11.54,22.0,7317,603,1493,785340,0,123,1,-175.5,5.0,1203.8,2621791414,5,13837,830,2594.0,2305.2,395,0.32,1,9,15,5,246,3,1,0
7304,6.80,22.0,7317,603,1494,785342,0,123,1,-175.5,5.0,1204.0,2621789474,5,13837,830,2594.0,2305.2,395,5.79,0,9,26,5708,5,2,2,0
7305,11.40,22.0,7317,603,1493,785340,0,123,1,-175.5,5.0,1204.1,2621792006,5,13837,830,2594.0,2305.2,395,0.33,1,8,17,5,252,2,2,0
7306,7.13,22.0,7317,603,1494,785342,0,123,1,-175.5,5.0,1204.3,2621790066,5,13837,830,2594.0,2305.2,395,5.86,1,9,17,5749,7,28,3,0
7307,11.34,22.0,7317,603,1493,785340,0,123,1,-175.5,5.0,1204.4,2621792598,5,13837,830,2594.0,2305.2,395,0.33,0,9,17,6,251,2,2,0
7308,6.65,22.0,7317,603,1481,784655,0,123,1,-175.5,5.0,1204.6,2621790674,5,13837,830,2594.0,2305.2,395,6.38,1,9,18,6295,6,2,3,0
7309,11.94,22.0,7317,603,1480,784653,0,123,1,-175.5,5.0,1204.6,2621791874,5,13837,830,2594.0,2305.2,395,0.32,1,9,17,5,248,2,2,0
7310,6.71,22.0,7317,603,1481,784655,0,123,1,-175.5,5.0,1204.8,2621794606,5,13837,830,2594.0,2305.2,395,6.48,1,19,15,6383,4,19,2,0
7311,11.72,22.0,7317,603,1480,784653,0,123,1,-175.5,5.0,1204.9,2621794802,5,13837,830,2594.0,2305.2,395,0.46,2,13,22,7,359,2,1,0
7312,6.67,22.0,7317,603,1481,784655,0,123,1,-175.5,5.0,1205.1,2621795198,5,13837,830,2594.0,2305.2,395,6.11,1,9,16,6035,4,2,2,0
7313,11.89,22.0,7317,603,1480,784653,0,123,1,-175.5,5.0,1205.2,2621795394,5,13837,830,2594.0,2305.2,395,0.33,1,9,16,5,256,2,1,0
7314,6.63,22.0,7317,603,1481,784655,0,123,1,-175.5,5.0,1205.4,2621795790,5,13837,830,2594.0,2305.2,395,6.02,1,10,16,5917,6,29,2,0
7315,11.59,22.0,7317,603,1467,783966,0,123,1,-175.5,5.0,1205.5,2621795986,5,13837,830,2594.0,2305.2,395,0.32,1,9,17,6,248,2,1,0
7316,6.78,22.0,7317,603,1468,783968,0,123,1,-175.5,5.0,1205.7,2621795146,5,13837,830,2594.0,2305.2,395,5.74,1,10,18,5660,8,2,2,0
7317,11.50,22.0,7317,603,1467,783966,0,123,1,-175.5,5.0,1205.8,2621797726,5,13837,830,2594.0,2305.2,395,0.32,1,9,17,6,254,3,1,0
7318,6.50,22.0,7317,603,1468,783968,0,123,1,-175.5,5.0,1205.9,2621795754,5,13837,830,2594.0,2305.2,395,6.41,1,10,17,6299,7,35,3,0
7319,12.02,22.0,7317,603,1467,783966,0,123,1,-175.5,5.0,1206.0,2621795950,5,13837,830,2594.0,2305.2,395,0.33,1,10,16,5,262,2,2,0
7320,7.37,22.0,7317,603,1468,783968,0,123,1,-175.5,5.0,1206.2,2621796706,5,13837,830,2594.0,2305.2,395,5.65,1,9,17,5572,5,3,2,0
7321,12.02,22.0,7317,603,1467,783966,0,123,1,-175.5,5.0,1206.3,2621798942,5,13837,830,2594.0,2305.2,395,0.34,1,10,17,6,264,3,1,0
7322,6.65,99.0,7317,603,1455,783281,0,123,1,-175.5,5.0,1206.5,2621796938,5,13837,830,2594.0,2305.2,395,5.44,1,9,16,5355,4,18,2,0
7323,11.54,99.0,7317,603,1454,783279,0,123,1,-175.5,5.0,1206.6,2621800538,5,13837,830,2594.0,2305.2,395,0.33,2,9,16,6,257,1,1,0
7324,6.60,99.0,7317,603,1442,782594,0,123,1,-175.5,5.0,1206.8,2621798534,5,13837,830,2594.0,2305.2,395,5.65,1,9,16,5577,5,2,2,0
7325,11.33,99.0,7317,603,1441,782592,0,123,1,-175.5,5.0,1206.9,2621802134,5,13837,830,2594.0,2305.2,395,0.32,1,9,16,5,249,2,1,0
7326,6.60,99.0,7317,603,1442,782594,0,123,1,-175.5,5.0,1207.0,2621800130,5,13837,830,2594.0,2305.2,395,6.44,1,9,16,6340,4,27,3,0
7327,12.19,99.0,7317,603,1441,782592,0,123,1,-175.5,5.0,1207.1,2621802726,5,13837,830,2594.0,2305.2,395,0.34,2,11,17,7,252,3,2,0
7328,6.84,99.0,7317,603,1442,782594,0,123,1,-175.5,5.0,1207.3,2621800722,5,13837,830,2594.0,2305.2,395,5.79,1,10,16,5649,65,4,3,0
7329,11.63,99.0,7317,603,1441,782592,0,123,1,-175.5,5.0,1207.4,2621803318,5,13837,830,2594.0,2305.2,395,0.33,1,9,15,5,253,2,1,0
7330,7.01,99.0,7317,603,1442,782594,0,123,1,-175.5,5.0,1207.6,2621801330,5,13837,830,2594.0,2305.2,395,5.59,0,9,15,5499,4,19,2,0
7331,10.64,99.0,7317,603,1441,782592,0,123,1,-175.5,5.0,1207.7,2618488662,5,13837,830,2594.0,2305.2,395,39.73,1,10,17,6,247,2,1,0
7332,54.93,99.0,7317,603,1442,796059,0,123,1,-175.5,5.0,1207.9,2618490002,5,13837,830,2594.0,2305.2,395,6.47,1,9,16,6383,8,2,2,0
7333,12.01,99.0,7317,603,1433,795601,0,123,1,-175.5,5.0,1208.7,2618492666,5,13837,830,2594.0,2305.2,395,0.32,0,10,16,5,245,2,1,0
7334,7.04,99.0,7317,603,1433,795601,0,123,1,-175.5,5.0,1208.9,2618491598,5,13837,830,2594.0,2305.2,395,6.03,0,9,16,5933,6,24,2,0
7335,11.88,99.0,7317,603,1432,795599,0,123,1,-175.5,5.0,1209.0,2618494162,5,13837,830,2594.0,2305.2,395,0.32,1,8,16,4,254,2,2,0
7336,7.08,99.0,7317,603,1433,795601,0,123,1,-175.5,5.0,1209.2,2618492190,5,13837,830,2594.0,2305.2,395,5.73,1,10,19,5642,5,3,2,0
7337,11.79,99.0,7317,603,1423,795141,0,123,1,-175.5,5.0,1209.3,2618494754,5,13837,830,2594.0,2305.2,395,0.31,0,9,16,4,245,2,2,0
7338,7.71,99.0,7317,603,1424,795143,0,123,1,-175.5,5.0,1209.4,2618493786,5,13837,830,2594.0,2305.2,395,5.60,1,9,18,5491,4,27,2,0
7339,10.89,99.0,7317,603,1423,795141,0,123,1,-175.5,5.0,1209.6,2618496350,5,13837,830,2594.0,2305.2,395,0.33,2,10,16,5,253,3,1,0
7340,7.38,99.0,7317,603,1424,795143,0,123,1,-175.5,5.0,1209.7,2618494378,5,13837,830,2594.0,2305.2,395,6.17,1,10,16,6085,7,2,2,0
7341,11.87,99.0,7317,603,1423,795141,0,123,1,-175.5,5.0,1209.8,2618496942,5,13837,830,2594.0,2305.2,395,0.35,1,10,16,5,279,3,1,0
7342,7.29,99.0,7317,603,1411,794456,0,123,1,-175.5,5.0,1210.0,2618494970,5,13837,830,2594.0,2305.2,395,6.37,1,9,16,6277,7,22,2,0
7343,13.12,99.0,7317,603,1410,794454,0,123,1,-175.5,5.0,1210.1,2618498538,5,13837,830,2594.0,2305.2,395,0.44,2,9,17,5,360,5,3,0
7344,7.30,99.0,7317,603,1411,794456,0,123,1,-175.5,5.0,1210.3,2618496566,5,13837,830,2594.0,2305.2,395,5.74,1,8,15,5663,7,2,2,0
7345,11.62,99.0,7317,603,1410,794454,0,123,1,-175.5,5.0,1210.4,2618499130,5,13837,830,2594.0,2305.2,395,0.38,1,10,17,6,303,3,2,0
7346,7.41,99.0,7317,603,1402,793998,0,123,1,-175.5,5.0,1210.6,2618497174,5,13837,830,2594.0,2305.2,395,5.96,2,10,17,5853,5,23,2,0
7347,11.68,99.0,7317,603,1388,793309,0,123,1,-175.5,5.0,1210.7,2618498374,5,13837,830,2594.0,2305.2,395,0.36,1,10,16,5,282,3,3,0
7348,7.41,99.0,7317,603,1376,792624,0,123,1,-175.5,5.0,1210.9,2618499774,5,13837,830,2594.0,2305.2,395,5.78,1,10,17,5692,5,2,2,0
7349,18.77,99.0,7317,603,1375,792622,0,123,1,-175.5,5.0,1211.0,2618500974,5,13837,830,2594.0,2305.2,395,0.32,1,10,18,5,240,2,1,0
7350,7.36,99.0,7317,603,1367,792166,0,123,1,-175.5,5.0,1211.3,2618501786,5,13837,830,2594.0,2305.2,395,5.92,1,9,17,5812,7,25,2,0
7351,13.30,99.0,7317,603,1353,791477,0,123,1,-175.5,5.0,1211.4,2618504922,5,13837,830,2594.0,2305.2,395,0.31,2,10,17,6,240,2,1,0
7352,7.38,99.0,7317,603,1354,791479,0,123,1,-175.5,5.0,1211.6,2618503954,5,13837,830,2594.0,2305.2,395,5.92,1,9,16,5844,6,3,3,0
7353,11.99,99.0,7317,603,1353,791477,0,123,1,-175.5,5.0,1211.7,2618506518,5,13837,830,2594.0,2305.2,395,0.33,1,10,16,5,259,3,1,0
7354,7.51,99.0,7317,603,1354,791479,0,123,1,-175.5,5.0,1211.9,2618504546,5,13837,830,2594.0,2305.2,395,5.81,2,11,18,5684,6,21,4,0
7355,11.31,99.0,7317,603,1353,791477,0,123,1,-175.5,5.0,1212.0,2618507110,5,13837,830,2594.0,2305.2,395,0.32,1,9,17,5,250,2,1,0
7356,7.48,99.0,7317,603,1354,791479,0,123,1,-175.5,5.0,1212.2,2618505154,5,13837,830,2594.0,2305.2,395,5.58,1,9,16,5501,6,3,2,0
7357,11.89,99.0,7317,603,1340,790790,0,123,1,-175.5,5.0,1212.3,2618505350,5,13837,830,2594.0,2305.2,395,0.32,1,10,17,6,248,2,1,0
7358,7.45,99.0,7317,603,1341,790792,0,123,1,-175.5,5.0,1212.4,2618506750,5,13837,830,2594.0,2305.2,395,5.87,1,10,25,5767,6,21,2,0
7359,11.52,99.0,7317,603,1340,790790,0,123,1,-175.5,5.0,1212.6,2618506946,5,13837,830,2594.0,2305.2,395,0.33,0,10,17,6,253,3,1,0
7360,7.40,99.0,7317,603,1341,790792,0,123,1,-175.5,5.0,1212.7,2618509710,5,13837,830,2594.0,2305.2,395,5.77,1,9,16,5693,6,2,2,0
7361,11.40,99.0,7317,603,1340,790790,0,123,1,-175.5,5.0,1212.8,2618507554,5,13837,830,2594.0,2305.2,395,0.38,2,60,21,7,253,2,2,0
7362,7.36,99.0,7317,603,1328,790105,0,123,1,-175.5,5.0,1213.0,2618507950,5,13837,830,2594.0,2305.2,395,5.49,1,9,16,5401,5,22,2,0
7363,11.19,99.0,7317,603,1327,790103,0,123,1,-175.5,5.0,1213.1,2618509150,5,13837,830,2594.0,2305.2,395,0.33,1,9,16,5,257,2,2,0
7364,7.39,99.0,7317,603,1328,790105,0,123,1,-175.5,5.0,1213.3,2618509546,5,13837,830,2594.0,2305.2,395,5.75,1,9,15,5677,5,2,3,0
7365,11.36,99.0,7317,603,1327,790103,0,123,1,-175.5,5.0,1213.4,2618509742,5,13837,830,2594.0,2305.2,395,0.32,1,9,21,5,247,2,2,0
7366,7.43,99.0,7317,603,1328,790105,0,123,1,-175.5,5.0,1213.6,2618510138,5,13837,830,2594.0,2305.2,395,5.74,1,18,17,5634,5,21,1,0
7367,11.53,99.0,7317,603,1327,790103,0,123,1,-175.5,5.0,1213.7,2618512718,5,13837,830,2594.0,2305.2,395,0.34,1,9,16,5,266,2,1,0
7368,7.38,99.0,7317,603,1328,790105,0,123,1,-175.5,5.0,1213.9,2618510730,5,13837,830,2594.0,2305.2,395,5.61,1,9,17,5525,5,3,2,0
7369,11.47,99.0,7317,603,1327,790103,0,123,1,-175.5,5.0,1214.0,2618513310,5,13837,830,2594.0,2305.2,395,0.31,1,8,16,5,243,2,1,0
7370,7.36,99.0,7317,603,1328,790105,0,123,1,-175.5,5.0,1214.1,2618511322,5,13837,830,2594.0,2305.2,395,6.28,1,11,18,6166,5,33,2,0
7371,11.93,99.0,7317,603,1327,790103,0,123,1,-175.5,5.0,1214.2,2618513902,5,13837,830,2594.0,2305.2,395,0.33,0,10,16,6,261,3,1,0
7372,7.15,99.0,7317,603,1328,790105,0,123,1,-175.5,5.0,1214.4,2618511914,5,13837,830,2594.0,2305.2,395,5.75,1,9,16,5675,6,2,2,0
7373,11.67,99.0,7317,603,1327,790103,0,123,1,-175.5,5.0,1214.5,2618514494,5,13837,830,2594.0,2305.2,395,0.34,1,9,17,6,254,2,1,0
7374,7.26,99.0,7317,603,1328,790105,0,123,1,-175.5,5.0,1214.7,2618512522,5,13837,830,2594.0,2305.2,395,5.88,1,9,18,5779,6,20,2,0
7375,12.31,99.0,7317,603,1327,790103,0,123,1,-175.5,5.0,1214.8,2618512718,5,13837,830,2594.0,2305.2,395,0.34,1,11,18,5,264,2,2,0
7376,7.25,99.0,7317,603,1328,790105,0,123,1,-175.5,5.0,1215.0,2618515498,5,13837,830,2594.0,2305.2,395,6.45,0,10,16,6372,7,2,3,0
7377,11.82,99.0,7317,603,1327,790103,0,123,1,-175.5,5.0,1215.1,2618515694,5,13837,830,2594.0,2305.2,395,0.33,1,9,16,5,260,2,2,0
7378,7.23,99.0,7317,603,1328,790105,0,123,1,-175.5,5.0,1215.3,2618516090,5,13837,830,2594.0,2305.2,395,5.92,1,16,16,5825,6,23,2,0
7379,11.07,99.0,7317,603,1327,790103,0,123,1,-175.5,5.0,1215.4,2618516286,5,13837,830,2594.0,2305.2,395,0.35,1,10,16,5,253,3,1,0
7380,8.50,99.0,7317,603,1328,790105,0,123,1,-175.5,5.0,1215.6,2618514722,5,13837,830,2594.0,2305.2,395,5.57,1,8,16,5499,3,3,3,0
7381,12.86,99.0,7317,603,1327,790103,0,123,1,-175.5,5.0,1215.7,2618516974,5,13837,830,2594.0,2305.2,395,0.32,1,10,17,5,246,2,2,0
7382,7.16,99.0,7317,603,1328,790105,0,123,1,-175.5,5.0,1215.9,2618514970,5,13837,830,2594.0,2305.2,395,6.08,1,8,17,5983,6,24,2,0
7383,11.75,99.0,7317,603,1327,790103,0,123,1,-175.5,5.0,1216.0,2618515166,5,13837,830,2594.0,2305.2,395,0.35,1,10,17,6,274,3,2,0
7384,7.13,99.0,7317,603,1328,790105,0,123,1,-175.5,5.0,1216.2,2618515562,5,13837,830,2594.0,2305.2,395,5.88,1,9,16,5801,7,3,3,0
7385,11.87,99.0,7317,603,1327,790103,0,123,1,-175.5,5.0,1216.3,2618518190,5,13837,830,2594.0,2305.2,395,0.31,0,10,15,5,241,2,1,0
7386,7.09,99.0,7317,603,1328,790105,0,123,1,-175.5,5.0,1216.5,2618516154,5,13837,830,2594.0,2305.2,395,5.73,1,9,15,5637,6,22,2,0
7387,11.30,99.0,7317,603,1327,790103,0,123,1,-175.5,5.0,1216.6,2618518782,5,13837,830,2594.0,2305.2,395,0.33,1,9,17,5,258,2,1,0
7388,7.32,99.0,7317,603,1328,790105,0,123,1,-175.5,5.0,1216.7,2618516746,5,13837,830,2594.0,2305.2,395,5.78,2,13,17,5693,6,2,2,0
7389,11.29,99.0,7317,603,1327,790103,0,123,1,-175.5,5.0,1216.8,2618519374,5,13837,830,2594.0,2305.2,395,0.34,1,9,17,5,262,2,1,0
7390,7.38,99.0,7317,603,1328,790105,0,123,1,-175.5,5.0,1217.0,2618517338,5,13837,830,2594.0,2305.2,395,6.00,1,9,15,5903,7,24,2,0
7391,12.25,99.0,7317,603,1327,790103,0,123,1,-175.5,5.0,1217.1,2618519966,5,13837,830,2594.0,2305.2,395,0.32,1,9,16,6,243,2,1,0
7392,7.41,99.0,7317,603,1328,790105,0,123,1,-175.5,5.0,1217.3,2618517930,5,13837,830,2594.0,2305.2,395,5.52,1,11,20,5427,5,3,2,0
7393,11.45,99.0,7317,603,1327,790103,0,123,1,-175.5,5.0,1217.4,2618520558,5,13837,830,2594.0,2305.2,395,0.33,1,9,16,11,252,2,1,0
7394,7.46,99.0,7317,603,1328,790105,0,123,1,-175.5,5.0,1217.6,2619313522,5,13837,830,2594.0,2305.2,395,46.19,1,9,16,6278,5,20,2,0
7395,60.96,99.0,7313,570,1294,773663,0,123,1,-175.5,5.0,1217.7,2619290546,5,13837,830,2594.0,2305.2,395,0.33,1,9,17,7,256,3,1,0
7396,8.21,99.0,7313,570,1295,773665,0,123,1,-175.5,5.0,1218.6,2619290758,5,13837,830,2593.7,2304.9,395,5.97,1,9,17,5871,8,4,4,0
7397,12.93,99.0,7313,565,1289,773083,0,123,1,-175.5,5.0,1218.7,2619290954,5,13837,830,2593.7,2304.9,395,0.34,1,10,20,6,249,2,2,0
7398,7.12,99.0,7313,565,1290,773085,0,123,1,-175.5,5.0,1218.9,2620087354,5,13837,830,2593.7,2304.9,395,46.17,1,23,16,7024,6,24,2,0
7399,53.15,99.0,7309,565,1276,772396,0,123,1,-175.5,5.0,1219.0,2620064378,5,13837,830,2593.7,2304.9,395,0.35,1,8,16,5,279,3,2,0
