Godot Engine v4.6.stable.mono.official.89cea1439 - https://godotengine.org
Vulkan 1.4.329 - Forward+ - Using Device #0: NVIDIA - NVIDIA GeForce RTX 4060 Laptop GPU

WARNING: instance_reset_physics_interpolation() is deprecated.
   at: _instance_reset_physics_interpolation_bind_compat_104269 (servers/rendering/rendering_server.compat.inc:58)
[INFO] [water] OceanManager: System disabled via project settings
[INFO] [shaders] Loaded effect: color_grading
[INFO] [shaders] Loaded effect: godrays
[INFO] [shaders] Loaded effect: light_glow
[INFO] [shaders] Loaded effect: sky_transmittance
[INFO] [shaders] Loaded effect: underwater
[INFO] [shaders] Loaded effect: volumetric_fog
[INFO] [shaders] ShaderManager initialized with 6 effects
[INFO] [deformation] DeformationManager: System disabled via project settings - skipping initialization
[INFO] [weather] WeatherManager initialized — starting at hour 8.0, weather: Clear
WARNING: Terrain3D#7823:_notification:869: free_editor_textures requires `Assets` be saved to a file. Do so, or disable the former to turn off this warning
   at: push_warning (core/variant/variant_utility.cpp:1034)
[TIMING] managers + object pool: 0 ms
[INFO] [streaming] PerformanceProfiler: Session started
[INFO] [tools] Interaction framework wired (raycaster + carry controller)
[INFO] [tools] Camera systems initialized (P to toggle)
[TIMING] cameras: 2 ms
[INFO] [dialogue] DialogueUI: _root_control sized to (1920.0, 1061.0) (rect=[P: (0.0, 0.0), S: (1920.0, 1061.0)])
[INFO] [tools] Dialogue system initialized (dialogue + books + journal + quest adapter + BNAM handler)
[TIMING] dialogue: 19 ms
[INFO] [tools] Console initialized (~ to toggle)
[TIMING] console: 28 ms
[INFO] [tools] Test runner initialized (F6=start, F7=stop, F8=report)
[TIMING] test runner: 41 ms
[INFO] [tools] CrashReporter logging to: C:/Users/metzo/AppData/Roaming/Godot/app_userdata/Godotwind/logs/crash_report.txt
[INFO] [tools] Debug systems initialized (F4=profile, F9=overlay, F11=dump, F12=auto-test)
[TIMING] diagnostic systems: 153 ms
[TIMING] interior browser: 1 ms
[INFO] [weather] SunshineClouds2 driver initialized (disabled until weather/sky enabled)
[INFO] [debug] Initializing debug overlay...
[INFO] [dialogue] DialogueUI: _root_control sized to (1920.0, 1080.0) (rect=[P: (0.0, 0.0), S: (1920.0, 1080.0)])
[INFO] [tools] Resolution: 1920x1080
[TIMING] visibility toggles + panels: 277 ms
[TIMING] _ready() total: 525 ms
[INFO] [mod] Loaded 0 mods from manifest
[INFO] [tools] Mod registry initialized (0 mods)
[TIMING] mod registry: 8 ms
[INFO] [bsa] Loaded Bloodmoon.bsa (1545 files)
[INFO] [bsa] Loaded Morrowind.bsa (11090 files)
[INFO] [bsa] Loaded Tribunal.bsa (1174 files)
[INFO] [tools] Loaded 3 BSA archives (vanilla + mods)
[TIMING] BSA archives: 921 ms
[INFO] [threading] BackgroundProcessor initialized with 8 concurrent task limit
[INFO] [tools] Background processor initialized for async cell loading
[INFO] [bridge] Native C# code available (version 1.0.0)
NativeFactory: Loading ESM from cache: C:/Users/metzo/Documents/Godotwind/cache/Morrowind.esmcache
ESMCache: Loaded cache in 2116,9ms
NativeFactory: Cache loaded in 2116,9ms
NativeESMLoader: ExportAllCellsPacked built 2538 cells, 316116 refs in 521,0ms
[INFO] [esm] Batch populated 2538 cells with 316116 refs from packed arrays
[INFO] [esm] Cell+ref batch populate: 2385 ms (was ~7000ms)
[INFO] [esm] Supplemented 27454 records (Classes: 77, Factions: 22, Skills: 27, Birthsigns: 13, Books: 574, Dialogues: 2358, Lights: 574)
[INFO] [esm] Loaded Morrowind.esm in 6832 ms (C#: 2414 ms, populate: 2461 ms, actors: 1957 ms)
[TIMING] ESM load (primary): 6905 ms
[TIMING] ESP mods: 1 ms
[INFO] [tools] Game data loaded successfully
[INFO] [tools] LAND records: 1390, CELL records: 2538
[INFO] [textures] Loading 107 LTEX textures...
[INFO] [textures] Default texture added to slot 0
[INFO] [textures] Cells with VTEX data: 1292, without: 98
[INFO] [textures] Total unique texture indices: 100
WARNING: [WARN] [textures] 68 textures won't get slots. First overflow: idx20:1200, idx32:1188, idx35:1029, idx54:1012, idx42:997, idx62:990, idx91:903, idx39:872
   at: push_warning (core/variant/variant_utility.cpp:1034)
   GDScript backtrace (most recent call first):
       [0] _log (res://src/core/logging/logger.gd:80)
       [1] warn (res://src/core/logging/logger.gd:43)
       [2] _collect_used_texture_indices (res://src/core/world/terrain_texture_loader.gd:180)
       [3] load_terrain_textures (res://src/core/world/terrain_texture_loader.gd:83)
       [4] _init_terrain3d (res://src/tools/world_explorer.gd:537)
       [5] _init_async (res://src/tools/world_explorer.gd:405)
       [6] _update_loading (res://src/tools/world_explorer.gd:2149)
[INFO] [textures] Found 100 unique texture indices in use
WARNING: TerrainTextureLoader: Maximum texture slots reached (32)
   at: push_warning (core/variant/variant_utility.cpp:1034)
   GDScript backtrace (most recent call first):
       [0] load_terrain_textures (res://src/core/world/terrain_texture_loader.gd:94)
       [1] _init_terrain3d (res://src/tools/world_explorer.gd:537)
       [2] _init_async (res://src/tools/world_explorer.gd:405)
       [3] _update_loading (res://src/tools/world_explorer.gd:2149)
[INFO] [textures] Loaded 'Tx_sand_02.tga' and 30 more textures (0 failed)
[INFO] [tools] Loaded 31 terrain textures
[INFO] [tools] Terrain3D configured: region_size=256, vertex_spacing=1.829
[TIMING] Terrain3D init: 2396 ms
[INFO] [tools] Loaded preprocessed terrain: 289 regions from C:/Users/metzo/Documents/Godotwind/cache/terrain
[TIMING] terrain data load: 1067 ms
[INFO] [streaming] HorizonMapManager: Applied terrain shader override (wet map)
[TIMING] horizon maps: 142 ms
[INFO] [tools] Pre-loaded 0 common models into cache
[TIMING] preload common models: 124 ms
[INFO] [tools] Character animations already prebaked — skipping
[TIMING] animation prebake check: 22 ms
[INFO] [tools] [color=cyan]Using NATIVE streaming system (Godot visibility_range)
[INFO] [impostors] Initializing impostor renderer...
[INFO] [threading] BackgroundJobSystem started with 2 worker threads
[INFO] [impostors] Initialization complete. Debug enabled: false
[INFO] [threading] BackgroundProcessor initialized with 8 concurrent task limit
[INFO] [streaming] DistantLightManager: initialized (max 4096 instances)
[INFO] [impostors] visibility_range_begin set to 980m (fade margin 20m)
[INFO] [streaming] Runtime HLOD merger active — MID 0-300m, HLOD 300-1000m, impostors 1000m+
[INFO] [streaming] Initialized with native visibility_range streaming
[INFO] [streaming] No camera provided - streaming will start when set_camera() is called
[INFO] [tools] NativeStreamingManager created - using Godot's native visibility_range
[TIMING] streaming manager setup: 301 ms
[INFO] [streaming] InteriorPocketManager initialized: 2 slots
[INFO] [streaming] Interior pocket manager initialized
[TIMING] pocket manager: 11 ms
[INFO] [weather] Entered region: Ashlands Region
[INFO] [streaming] heartbeat sec=24 frame=7 fps=0.0 proc=32.3ms phys=0.2ms draws=242 objs=983 prims=780k loaded=0 loading=0 reg_batches=0 reg_slots=0
[INFO] [streaming] DistantLightManager: added 2962 distant lights (2962 total, 2962 instances)
[INFO] [streaming] _update_loaded_cells: 222.8ms [grid:0.8 reclaim:0.0 unload:0.0 queue:0.4]
[TIMING] _init_async() total: 12130 ms
[INFO] [tools] World streaming initialized!
[INFO] [tools] Loading time: 12130 ms
[INFO] [tools] Use ZQSD to move, Right-click to look
[INFO] [tools] Cells stream automatically based on camera position
[INFO] [tools] Teleported to cell (-2, -9)
[INFO] [streaming] _update_loaded_cells: 18.2ms [grid:0.8 reclaim:0.0 unload:0.0 queue:0.5]
[INFO] [debug] Camera set: FlyCamera
[INFO] [debug] DiagnosticOverlay connected to NativeStreamingManager
[INFO] [tools] CrashReporter connected to systems
[INFO] [debug] Initialized - F4: Profile, F9: Overlay, F11: Dump, F12: Auto-test
[INFO] [tools] Diagnostic systems connected to streaming
[INFO] [tools] Ocean: OFF
[INFO] [tools] [DIAG] Characters toggle: OFF
[INFO] [tools] [DIAG] Found 0 loaded cells to process for NPC toggle
[INFO] [tools] [DIAG] Toggled visibility for 0 characters
[INFO] [tools] NPCs/Creatures: OFF
[INFO] [tools] Subsystem toggles initialized (11 flags)
[INFO] [tools] [AUTOBENCH] configured — output dir: user://benchmark_results/autobench_2026-04-17_20-30-38
[INFO] [tools] [AUTOBENCH] started with stamp: 2026-04-17_20-30-38
[INFO] [weather] Entered region: Bitter Coast Region
[INFO] [interaction] [DOOR_ATTACH] ex_common_door_balcony (dest='Seyda Neen, Census and Excise Warehouse' teleport=true has_collision=true)
[INFO] [interaction] [DOOR_ATTACH] ex_nord_door_01 (dest='Seyda Neen, Census and Excise Office' teleport=true has_collision=true)
[INFO] [interaction] [DOOR_ATTACH] ex_nord_door_01 (dest='Seyda Neen, Terurise Girvayne's House' teleport=true has_collision=true)
[INFO] [interaction] [DOOR_ATTACH] chargen door captain (dest='Seyda Neen, Census and Excise Office' teleport=true has_collision=true)
[INFO] [interaction] [DOOR_ATTACH] Ex_De_Shack_Door (dest='Seyda Neen, Erene Llenim's Shack' teleport=true has_collision=true)
[INFO] [interaction] [DOOR_ATTACH] PrisonMarker (dest='Seyda Neen, Census and Excise Office' teleport=true has_collision=true)
[INFO] [interaction] [DOOR_ATTACH] chargen customs door (dest='Seyda Neen, Census and Excise Office' teleport=true has_collision=true)
[INFO] [interaction] [DOOR_ATTACH] chargendoorjournal (dest='Seyda Neen, Census and Excise Office' teleport=true has_collision=true)
[INFO] [interaction] [DOOR_ATTACH] Ex_De_Shack_Door (dest='Seyda Neen, Foryn Gilnith's Shack' teleport=true has_collision=true)
[INFO] [interaction] [DOOR_ATTACH] ex_common_door_01 (dest='Seyda Neen, Arrille's Tradehouse' teleport=true has_collision=true)
[INFO] [interaction] [DOOR_ATTACH] Ex_De_Shack_Door (dest='Seyda Neen, Fine-Mouth's Shack' teleport=true has_collision=true)
[INFO] [interaction] [DOOR_ATTACH] ex_nord_door_01 (dest='Seyda Neen, Vodunius Nuccius' House' teleport=true has_collision=true)
[INFO] [interaction] [DOOR_ATTACH] ex_nord_door_01 (dest='Seyda Neen, Eldafire's House' teleport=true has_collision=true)
[INFO] [interaction] [DOOR_ATTACH] ex_nord_door_01-back (dest='Seyda Neen, Arrille's Tradehouse' teleport=true has_collision=true)
[INFO] [interaction] [DOOR_ATTACH] Ex_De_Shack_Door (dest='Seyda Neen, Indrele Rathryon's Shack' teleport=true has_collision=true)
[INFO] [interaction] [DOOR_ATTACH] ex_nord_door_01 (dest='Seyda Neen, Census and Excise Warehouse' teleport=true has_collision=true)
[INFO] [interaction] [DOOR_ATTACH] CharGen_ship_trapdoor (dest='Imperial Prison Ship' teleport=true has_collision=true)
[INFO] [interaction] [DOOR_ATTACH] ex_nord_door_01 (dest='Seyda Neen, Fargoth's House' teleport=true has_collision=true)
[INFO] [interaction] [DOOR_ATTACH] ex_nord_door_01 (dest='Seyda Neen, Draren Thiralas' House' teleport=true has_collision=true)
[INFO] [tools] Cell loaded: (-2, -9) - 251 objects (native)
WARNING: [WARN] [streaming] Door 'CharGen_ship_trapdoor' -> NO building found (seamless=false, non_seamless_match=false)
   at: push_warning (core/variant/variant_utility.cpp:1034)
   GDScript backtrace (most recent call first):
       [0] _log (res://src/core/logging/logger.gd:80)
       [1] warn (res://src/core/logging/logger.gd:43)
       [2] _identify_building_for_door (res://src/core/world/interior_pocket_manager.gd:572)
       [3] register_exterior_cell_doors (res://src/core/world/interior_pocket_manager.gd:421)
       [4] _on_native_cell_loaded (res://src/tools/world_explorer.gd:1936)
       [5] _process_async_completions (res://src/core/world/native_streaming_manager.gd:1565)
       [6] _process (res://src/core/world/native_streaming_manager.gd:663)
[INFO] [streaming] Door 'PrisonMarker' -> building 'ex_nord_doorf_01' (ex_nord_doorf_01.nif, dist=2.2m, seamless=true)
[INFO] [streaming] Door 'chargen customs door' -> building 'ex_nord_doorf_01' (ex_nord_doorf_01.nif, dist=0.4m, seamless=true)
[INFO] [streaming] Door 'ex_nord_door_01' -> building 'ex_nord_doorf_01' (ex_nord_doorf_01.nif, dist=0.5m, seamless=true)
[INFO] [streaming] Door 'Ex_De_Shack_Door' -> building 'ex_de_shack_03' (ex_de_shack_03.nif, dist=2.8m, seamless=true)
[INFO] [streaming] Door 'ex_common_door_01' -> building 'ex_de_shack_plank_01' (ex_de_shack_plank_01.nif, dist=1.1m, seamless=true)
[INFO] [streaming] Door 'chargen door captain' -> building 'ex_nord_doorf_01' (ex_nord_doorf_01.nif, dist=0.5m, seamless=true)
[INFO] [streaming] Door 'chargendoorjournal' -> building 'ex_nord_doorf_01' (ex_nord_doorf_01.nif, dist=0.4m, seamless=true)
[INFO] [streaming] Door 'ex_nord_door_01-back' -> building 'ex_nord_doorf_01' (ex_nord_doorf_01.nif, dist=0.4m, seamless=true)
[INFO] [streaming] Door 'ex_common_door_balcony' -> building 'ex_common_balcony_01' (ex_common_balcony_01.nif, dist=0.8m, seamless=true)
[INFO] [tools] Cell loaded: (-2, -8) - 0 objects (native)
[INFO] [interaction] [DOOR_ATTACH] Ex_De_Shack_Door (dest='Seyda Neen, Lighthouse' teleport=true has_collision=true)
[INFO] [interaction] [DOOR_ATTACH] Ex_De_Shack_Door (dest='Seyda Neen, Lighthouse' teleport=true has_collision=true)
[INFO] [tools] Cell loaded: (-3, -9) - 1 objects (native)
WARNING: [WARN] [streaming] Door 'ex_cave_door_01' -> NO building found (seamless=false, non_seamless_match=true)
   at: push_warning (core/variant/variant_utility.cpp:1034)
   GDScript backtrace (most recent call first):
       [0] _log (res://src/core/logging/logger.gd:80)
       [1] warn (res://src/core/logging/logger.gd:43)
       [2] _identify_building_for_door (res://src/core/world/interior_pocket_manager.gd:572)
       [3] register_exterior_cell_doors (res://src/core/world/interior_pocket_manager.gd:421)
       [4] _on_native_cell_loaded (res://src/tools/world_explorer.gd:1936)
       [5] _process_async_completions (res://src/core/world/native_streaming_manager.gd:1565)
       [6] _process (res://src/core/world/native_streaming_manager.gd:663)
WARNING: [WARN] [streaming] Frame overrun: 32.5ms [cellupd:0.0 unload:0.0 async:10.3 inst:8.5 promo:0.0 coll:0.0 defer:0.0 queue:0.0] (budget:8.0ms, overruns:55)
   at: push_warning (core/variant/variant_utility.cpp:1034)
   GDScript backtrace (most recent call first):
       [0] _log (res://src/core/logging/logger.gd:80)
       [1] warn (res://src/core/logging/logger.gd:43)
       [2] _process (res://src/core/world/native_streaming_manager.gd:745)
[INFO] [tools] Cell loaded: (-1, -9) - 45 objects (native)
[INFO] [streaming] Door 'ex_velothi_loaddoor_01' -> building 'ex_velothi_entrance_02' (ex_velothi_entrance_02.nif, dist=2.7m, seamless=true)
WARNING: [WARN] [streaming] Door 'ex_cave_door_01' -> NO building found (seamless=false, non_seamless_match=true)
   at: push_warning (core/variant/variant_utility.cpp:1034)
   GDScript backtrace (most recent call first):
       [0] _log (res://src/core/logging/logger.gd:80)
       [1] warn (res://src/core/logging/logger.gd:43)
       [2] _identify_building_for_door (res://src/core/world/interior_pocket_manager.gd:572)
       [3] register_exterior_cell_doors (res://src/core/world/interior_pocket_manager.gd:421)
       [4] _on_native_cell_loaded (res://src/tools/world_explorer.gd:1936)
       [5] _process_async_completions (res://src/core/world/native_streaming_manager.gd:1565)
       [6] _process (res://src/core/world/native_streaming_manager.gd:663)
[INFO] [streaming] Startup phase complete after 57 frames, 8 cells loaded, 0 impostor cells remaining (inner ring: 0/153 processed)
[INFO] [impostors] Queued 11289 impostor cells for deferred loading (total pending: 11289)
[INFO] [streaming] Deferred impostor update: 162.1ms
[INFO] [streaming] HLOD update_for_camera: 20 desired chunks, 0 active, 0 pending, 0 queued (cell=(-2, -9))
[INFO] [tools] Cell loaded: (-2, -10) - 86 objects (native)
[INFO] [streaming] Door 'Ex_De_Shack_Door' -> building 'ex_common_lighthouse' (ex_common_lighthouse.nif, dist=3.9m, seamless=true)
[INFO] [streaming] Post-startup queue drained in 0.2s (63 frames since loading screen)
[INFO] [streaming] HLOD chunk (0, -8, 1): merging 154 inputs (skipped=0 type_rej=127 size_rej=493)
[INFO] [streaming] HLOD chunk (0, -12, 1): merging 40 inputs (skipped=0 type_rej=114 size_rej=481)
[INFO] [tools] Cell loaded: (-3, -10) - 42 objects (native)
[INFO] [streaming] HLOD chunk (-6, -10, 1): merging 64 inputs (skipped=0 type_rej=73 size_rej=163)
[INFO] [streaming] HLOD chunk (-2, -6, 1): merging 96 inputs (skipped=0 type_rej=92 size_rej=414)
[INFO] [streaming] heartbeat sec=29 frame=66 fps=11.8 proc=48.5ms phys=0.5ms draws=3587 objs=6219 prims=944k loaded=8 loading=2 reg_batches=178 reg_slots=1758
[INFO] [streaming] HLOD chunk (-6, -12, 1): no ESM refs (all cells empty or missing)
[INFO] [streaming] HLOD chunk (-2, -14, 1): no ESM refs (all cells empty or missing)
[INFO] [streaming] HLOD chunk (-4, -6, 1): merging 108 inputs (skipped=0 type_rej=55 size_rej=369)
[INFO] [streaming] HLOD chunk (-4, -14, 1): no ESM refs (all cells empty or missing)
[INFO] [streaming] HLOD chunk (2, -10, 1): merging 72 inputs (skipped=0 type_rej=107 size_rej=479)
[INFO] [streaming] HLOD chunk (0, -6, 1): merging 35 inputs (skipped=0 type_rej=148 size_rej=475)
[INFO] [streaming] HLOD chunk (2, -8, 1): merging 76 inputs (skipped=0 type_rej=116 size_rej=635)
[INFO] [streaming] HLOD chunk (2, -12, 1): merging 55 inputs (skipped=0 type_rej=111 size_rej=466)
[INFO] [streaming] HLOD chunk (-8, -8, 2): merging 235 inputs (skipped=0 type_rej=370 size_rej=1800)
[INFO] [streaming] HLOD chunk (0, -16, 2): merging 53 inputs (skipped=0 type_rej=293 size_rej=1553)
[INFO] [streaming] heartbeat sec=34 frame=71 fps=1.0 proc=1591.3ms phys=127.8ms draws=5145 objs=7773 prims=1353k loaded=8 loading=2 reg_batches=178 reg_slots=1758
[INFO] [streaming] HLOD chunk (-8, -16, 2): no ESM refs (all cells empty or missing)
[INFO] [streaming] HLOD chunk (-4, -4, 2): merging 257 inputs (skipped=0 type_rej=445 size_rej=1772)
[INFO] [streaming] HLOD chunk (4, -12, 2): merging 98 inputs (skipped=0 type_rej=380 size_rej=2406)
[INFO] [streaming] HLOD chunk (0, -4, 2): merging 191 inputs (skipped=0 type_rej=313 size_rej=1536)
[INFO] [streaming] HLOD chunk (4, -8, 2): merging 82 inputs (skipped=0 type_rej=501 size_rej=1861)
[INFO] [streaming] HLOD chunk (-8, -4, 2): merging 226 inputs (skipped=0 type_rej=590 size_rej=2841)
[INFO] [streaming] heartbeat sec=39 frame=74 fps=0.6 proc=1224.5ms phys=75.0ms draws=6207 objs=8838 prims=1789k loaded=8 loading=2 reg_batches=178 reg_slots=1758
[INFO] [impostors] Benchmark: 579 impostors, 83 tex layers, 11284 pending cells, mm_instances=0
[INFO] [streaming] heartbeat sec=44 frame=97 fps=4.6 proc=452.3ms phys=53.9ms draws=6363 objs=9025 prims=2066k loaded=12 loading=6 reg_batches=183 reg_slots=2047
[INFO] [streaming] [audit +17s] fps=16 proc=148.8ms frame=24.0ms queue=130 burst=N | unload=0.0 async=0.0 inst=5.5 promo=3.6 coll=0.0 defer=0.0 (ms)
[INFO] [tools] Cell loaded: (-4, -9) - 26 objects (native)
[INFO] [streaming] Door 'in_velothismall_ndoor_01' -> building 'ex_velothi_entrance_02' (ex_velothi_entrance_02.nif, dist=3.8m, seamless=false)
[INFO] [tools] Cell loaded: (-1, -10) - 1 objects (native)
[INFO] [tools] Cell loaded: (-2, -7) - 0 objects (native)
[INFO] [tools] Cell loaded: (0, -9) - 0 objects (native)
WARNING: [WARN] [streaming] Frame overrun: 17.1ms [cellupd:0.0 unload:0.0 async:0.0 inst:17.0 promo:0.0 coll:0.0 defer:0.0 queue:0.0] (budget:8.0ms, overruns:113)
   at: push_warning (core/variant/variant_utility.cpp:1034)
   GDScript backtrace (most recent call first):
       [0] _log (res://src/core/logging/logger.gd:80)
       [1] warn (res://src/core/logging/logger.gd:43)
       [2] _process (res://src/core/world/native_streaming_manager.gd:745)
[INFO] [impostors] Benchmark: 3257 impostors, 175 tex layers, 11232 pending cells, mm_instances=0
[INFO] [tools] Cell loaded: (-1, -7) - 0 objects (native)
[INFO] [streaming] Door 'ex_nord_door_01' -> building 'ex_nord_doorf_01' (ex_nord_doorf_01.nif, dist=0.5m, seamless=true)
[INFO] [tools] Cell loaded: (-4, -10) - 1 objects (native)
[INFO] [streaming] heartbeat sec=49 frame=158 fps=12.2 proc=152.2ms phys=0.2ms draws=6646 objs=9301 prims=2267k loaded=18 loading=6 reg_batches=201 reg_slots=2863
[INFO] [streaming] [audit +23s] fps=11 proc=146.7ms frame=26.8ms queue=224 burst=N | unload=0.0 async=0.0 inst=10.0 promo=0.0 coll=0.0 defer=0.0 (ms)
[INFO] [tools] Cell loaded: (-3, -7) - 0 objects (native)
[INFO] [streaming] Door 'ex_velothi_loaddoor_01' -> building 'ex_velothi_entrance_02' (ex_velothi_entrance_02.nif, dist=2.9m, seamless=false)
WARNING: [WARN] [streaming] Frame overrun: 27.9ms [cellupd:0.0 unload:0.0 async:9.1 inst:2.2 promo:0.0 coll:0.0 defer:0.0 queue:0.0] (budget:8.0ms, overruns:173)
   at: push_warning (core/variant/variant_utility.cpp:1034)
   GDScript backtrace (most recent call first):
       [0] _log (res://src/core/logging/logger.gd:80)
       [1] warn (res://src/core/logging/logger.gd:43)
       [2] _process (res://src/core/world/native_streaming_manager.gd:745)
[INFO] [tools] Cell loaded: (-1, -11) - 0 objects (native)
WARNING: [WARN] [streaming] Door 'ex_cave_door_01' -> NO building found (seamless=false, non_seamless_match=true)
   at: push_warning (core/variant/variant_utility.cpp:1034)
   GDScript backtrace (most recent call first):
       [0] _log (res://src/core/logging/logger.gd:80)
       [1] warn (res://src/core/logging/logger.gd:43)
       [2] _identify_building_for_door (res://src/core/world/interior_pocket_manager.gd:572)
       [3] register_exterior_cell_doors (res://src/core/world/interior_pocket_manager.gd:421)
       [4] _on_native_cell_loaded (res://src/tools/world_explorer.gd:1936)
       [5] _process_async_completions (res://src/core/world/native_streaming_manager.gd:1565)
       [6] _process (res://src/core/world/native_streaming_manager.gd:663)
[INFO] [streaming] Door 'Ex_DE_ship_cabindoor' -> building 'Ex_barnacles_02' (ex_barnacles_02.nif, dist=2.7m, seamless=true)
[INFO] [tools] Cell loaded: (-2, -11) - 0 objects (native)
WARNING: [WARN] [streaming] Door 'ex_de_ship_trapdoor' -> NO building found (seamless=false, non_seamless_match=false)
   at: push_warning (core/variant/variant_utility.cpp:1034)
   GDScript backtrace (most recent call first):
       [0] _log (res://src/core/logging/logger.gd:80)
       [1] warn (res://src/core/logging/logger.gd:43)
       [2] _identify_building_for_door (res://src/core/world/interior_pocket_manager.gd:572)
       [3] register_exterior_cell_doors (res://src/core/world/interior_pocket_manager.gd:421)
       [4] _on_native_cell_loaded (res://src/tools/world_explorer.gd:1936)
       [5] _process_async_completions (res://src/core/world/native_streaming_manager.gd:1565)
       [6] _process (res://src/core/world/native_streaming_manager.gd:663)
[INFO] [tools] Cell loaded: (-4, -8) - 0 objects (native)
[INFO] [streaming] Door 'in_velothismall_ndoor_01' -> building 'ex_velothi_entrance_02' (ex_velothi_entrance_02.nif, dist=3.8m, seamless=true)
[INFO] [tools] Cell loaded: (0, -8) - 0 objects (native)
[INFO] [streaming] Door 'ex_nord_door_01' -> building 'ex_nord_house_03' (ex_nord_house_03.nif, dist=3.0m, seamless=true)
WARNING: [WARN] [streaming] Door 'ex_cave_door_01' -> NO building found (seamless=false, non_seamless_match=true)
   at: push_warning (core/variant/variant_utility.cpp:1034)
   GDScript backtrace (most recent call first):
       [0] _log (res://src/core/logging/logger.gd:80)
       [1] warn (res://src/core/logging/logger.gd:43)
       [2] _identify_building_for_door (res://src/core/world/interior_pocket_manager.gd:572)
       [3] register_exterior_cell_doors (res://src/core/world/interior_pocket_manager.gd:421)
       [4] _on_native_cell_loaded (res://src/tools/world_explorer.gd:1936)
       [5] _process_async_completions (res://src/core/world/native_streaming_manager.gd:1565)
       [6] _process (res://src/core/world/native_streaming_manager.gd:663)
[INFO] [streaming] Door 'ex_common_door_01' -> building 'ex_common_window_01' (ex_common_window_01.nif, dist=2.8m, seamless=true)
[INFO] [streaming] Door 'ex_nord_door_02' -> building 'ex_nord_doorrocks_01' (ex_nord_doorrocks_01.nif, dist=1.7m, seamless=true)
[INFO] [tools] Cell loaded: (-3, -11) - 0 objects (native)
ERROR: Attempting to initialize the wrong RID
   at: get_or_null (./core/templates/rid_owner.h:250)
   GDScript backtrace (most recent call first):
       [0] _cull_native (res://src/core/world/prototype_batch.gd:398)
       [1] cull_and_upload (res://src/core/world/prototype_batch.gd:327)
       [2] tick_cull_if_needed (res://src/core/world/prototype_registry.gd:271)
       [3] tick_prototype_cull (res://src/core/world/static_object_renderer.gd:308)
       [4] _process (res://src/core/world/native_streaming_manager.gd:732)
ERROR: Parameter "mem" is null.
   at: initialize_rid (./core/templates/rid_owner.h:294)
   GDScript backtrace (most recent call first):
       [0] _cull_native (res://src/core/world/prototype_batch.gd:398)
       [1] cull_and_upload (res://src/core/world/prototype_batch.gd:327)
       [2] tick_cull_if_needed (res://src/core/world/prototype_registry.gd:271)
       [3] tick_prototype_cull (res://src/core/world/static_object_renderer.gd:308)
       [4] _process (res://src/core/world/native_streaming_manager.gd:732)
ERROR: Parameter "occluder" is null.
   at: occluder_set_mesh (modules/raycast/raycast_occlusion_cull.cpp:207)
   GDScript backtrace (most recent call first):
       [0] _cull_native (res://src/core/world/prototype_batch.gd:398)
       [1] cull_and_upload (res://src/core/world/prototype_batch.gd:327)
       [2] tick_cull_if_needed (res://src/core/world/prototype_registry.gd:271)
       [3] tick_prototype_cull (res://src/core/world/static_object_renderer.gd:308)
       [4] _process (res://src/core/world/native_streaming_manager.gd:732)
ERROR: Parameter "occluder" is null.
   at: occluder_set_mesh (modules/raycast/raycast_occlusion_cull.cpp:207)
   GDScript backtrace (most recent call first):
       [0] _cull_native (res://src/core/world/prototype_batch.gd:398)
       [1] cull_and_upload (res://src/core/world/prototype_batch.gd:327)
       [2] tick_cull_if_needed (res://src/core/world/prototype_registry.gd:271)
       [3] tick_prototype_cull (res://src/core/world/static_object_renderer.gd:308)
       [4] _process (res://src/core/world/native_streaming_manager.gd:732)
ERROR: Initializing already initialized RID
   at: get_or_null (./core/templates/rid_owner.h:246)
   GDScript backtrace (most recent call first):
       [0] _cull_native (res://src/core/world/prototype_batch.gd:398)
       [1] cull_and_upload (res://src/core/world/prototype_batch.gd:327)
       [2] tick_cull_if_needed (res://src/core/world/prototype_registry.gd:271)
       [3] tick_prototype_cull (res://src/core/world/static_object_renderer.gd:308)
       [4] _process (res://src/core/world/native_streaming_manager.gd:732)
ERROR: Parameter "mem" is null.
   at: initialize_rid (./core/templates/rid_owner.h:294)
   GDScript backtrace (most recent call first):
       [0] _cull_native (res://src/core/world/prototype_batch.gd:398)
       [1] cull_and_upload (res://src/core/world/prototype_batch.gd:327)
       [2] tick_cull_if_needed (res://src/core/world/prototype_registry.gd:271)
       [3] tick_prototype_cull (res://src/core/world/static_object_renderer.gd:308)
       [4] _process (res://src/core/world/native_streaming_manager.gd:732)
ERROR: Parameter "occluder" is null.
   at: occluder_set_mesh (modules/raycast/raycast_occlusion_cull.cpp:207)
   GDScript backtrace (most recent call first):
       [0] _cull_native (res://src/core/world/prototype_batch.gd:398)
       [1] cull_and_upload (res://src/core/world/prototype_batch.gd:327)
       [2] tick_cull_if_needed (res://src/core/world/prototype_registry.gd:271)
       [3] tick_prototype_cull (res://src/core/world/static_object_renderer.gd:308)
       [4] _process (res://src/core/world/native_streaming_manager.gd:732)
ERROR: Parameter "occluder" is null.
   at: occluder_set_mesh (modules/raycast/raycast_occlusion_cull.cpp:207)
   GDScript backtrace (most recent call first):
       [0] _cull_native (res://src/core/world/prototype_batch.gd:398)
       [1] cull_and_upload (res://src/core/world/prototype_batch.gd:327)
       [2] tick_cull_if_needed (res://src/core/world/prototype_registry.gd:271)
       [3] tick_prototype_cull (res://src/core/world/static_object_renderer.gd:308)
       [4] _process (res://src/core/world/native_streaming_manager.gd:732)
[INFO] [tools] Cell loaded: (0, -10) - 0 objects (native)
WARNING: [WARN] [streaming] Door 'door_cavern_doors10' -> NO building found (seamless=false, non_seamless_match=true)
   at: push_warning (core/variant/variant_utility.cpp:1034)
   GDScript backtrace (most recent call first):
       [0] _log (res://src/core/logging/logger.gd:80)
       [1] warn (res://src/core/logging/logger.gd:43)
       [2] _identify_building_for_door (res://src/core/world/interior_pocket_manager.gd:572)
       [3] register_exterior_cell_doors (res://src/core/world/interior_pocket_manager.gd:421)
       [4] _on_native_cell_loaded (res://src/tools/world_explorer.gd:1936)
       [5] _process_async_completions (res://src/core/world/native_streaming_manager.gd:1565)
       [6] _process (res://src/core/world/native_streaming_manager.gd:663)
[INFO] [tools] Cell loaded: (-4, -11) - 0 objects (native)
ERROR: unimplemented base type encountered in renderer scene cull
   at: instance_set_base (servers/rendering/renderer_scene_cull.cpp:696)
   GDScript backtrace (most recent call first):
       [0] _instantiate_from_scene (res://src/core/world/model_loader.gd:595)
       [1] _drain_pending_instantiate_queue (res://src/core/world/model_loader.gd:569)
       [2] process_async_loads (res://src/core/world/model_loader.gd:441)
       [3] process_async_disk_loads (res://src/core/world/cell_manager.gd:1269)
       [4] process_async_instantiation (res://src/core/world/cell_manager.gd:1305)
       [5] _process (res://src/core/world/native_streaming_manager.gd:679)
[INFO] [impostors] Benchmark: 6270 impostors, 255 tex layers, 11175 pending cells, mm_instances=0
WARNING: [NativeImpostorRenderer] Texture array limit reached (256 layers). New impostors will be skipped until cells unload.
   at: push_warning (core/variant/variant_utility.cpp:1034)
   GDScript backtrace (most recent call first):
       [0] _add_to_texture_array (res://src/core/world/native_impostor_renderer.gd:1660)
       [1] _on_texture_loaded (res://src/core/world/native_impostor_renderer.gd:1561)
       [2] _poll_job_results (res://src/core/world/native_impostor_renderer.gd:951)
       [3] _process (res://src/core/world/native_impostor_renderer.gd:803)
[INFO] [streaming] heartbeat sec=54 frame=225 fps=13.4 proc=115.1ms phys=2.0ms draws=7051 objs=9725 prims=2391k loaded=26 loading=6 reg_batches=266 reg_slots=3706
WARNING: [WARN] [streaming] Frame overrun: 31.0ms [cellupd:0.0 unload:0.0 async:0.0 inst:10.7 promo:0.0 coll:0.0 defer:0.0 queue:0.0] (budget:8.0ms, overruns:230)
   at: push_warning (core/variant/variant_utility.cpp:1034)
   GDScript backtrace (most recent call first):
       [0] _log (res://src/core/logging/logger.gd:80)
       [1] warn (res://src/core/logging/logger.gd:43)
       [2] _process (res://src/core/world/native_streaming_manager.gd:745)
[INFO] [streaming] [audit +28s] fps=11 proc=115.6ms frame=31.0ms queue=420 burst=N | unload=0.0 async=0.0 inst=10.7 promo=0.0 coll=0.0 defer=0.0 (ms)
[INFO] [tools] Cell loaded: (-4, -7) - 0 objects (native)
[INFO] [streaming] Door 'ex_cave_door_01' -> building 'ex_de_cave_entrance_01' (ex_de_cave_entrance_01.nif, dist=0.3m, seamless=true)
[INFO] [tools] Cell loaded: (0, -7) - 14 objects (native)
[INFO] [streaming] Door 'PrisonMarker' -> building 'DivineMarker' (marker_divine.nif, dist=1.6m, seamless=true)
[INFO] [streaming] Door 'ex_nord_door_01' -> building 'ex_nord_doorf_01' (ex_nord_doorf_01.nif, dist=0.5m, seamless=true)
[INFO] [streaming] Door 'ex_common_door_01' -> building 'ex_common_entrance_02' (ex_common_entrance_02.nif, dist=0.2m, seamless=true)
[INFO] [streaming] Door 'Ex_imp_loaddoor_02' -> building 'ex_imp_wallent_02' (ex_imp_wallent_02.nif, dist=1.1m, seamless=true)
[INFO] [streaming] Door 'ex_imp_loaddoor_03' -> building 'ex_imp_kdoorframe_01' (ex_imp_kdoorframe_01.nif, dist=1.1m, seamless=true)
[INFO] [streaming] Door 'in_com_traptop_01' -> building 'ex_imp_towers_top_01' (ex_imp_towers_top_01.nif, dist=2.4m, seamless=true)
[INFO] [tools] Cell loaded: (-2, -12) - 0 objects (native)
[INFO] [impostors] Benchmark: 8504 impostors, 256 tex layers, 11120 pending cells, mm_instances=0
[INFO] [streaming] heartbeat sec=59 frame=282 fps=11.4 proc=122.4ms phys=0.5ms draws=7055 objs=9752 prims=2417k loaded=29 loading=6 reg_batches=278 reg_slots=4324
[INFO] [tools] Cell loaded: (0, -11) - 0 objects (native)
WARNING: [WARN] [streaming] Door 'door_cavern_doors10' -> NO building found (seamless=false, non_seamless_match=true)
   at: push_warning (core/variant/variant_utility.cpp:1034)
   GDScript backtrace (most recent call first):
       [0] _log (res://src/core/logging/logger.gd:80)
       [1] warn (res://src/core/logging/logger.gd:43)
       [2] _identify_building_for_door (res://src/core/world/interior_pocket_manager.gd:572)
       [3] register_exterior_cell_doors (res://src/core/world/interior_pocket_manager.gd:421)
       [4] _on_native_cell_loaded (res://src/tools/world_explorer.gd:1936)
       [5] _process_async_completions (res://src/core/world/native_streaming_manager.gd:1565)
       [6] _process (res://src/core/world/native_streaming_manager.gd:663)
[INFO] [tools] Cell loaded: (-5, -9) - 0 objects (native)
WARNING: [WARN] [streaming] Door 'ex_cave_door_01' -> NO building found (seamless=false, non_seamless_match=true)
   at: push_warning (core/variant/variant_utility.cpp:1034)
   GDScript backtrace (most recent call first):
       [0] _log (res://src/core/logging/logger.gd:80)
       [1] warn (res://src/core/logging/logger.gd:43)
       [2] _identify_building_for_door (res://src/core/world/interior_pocket_manager.gd:572)
       [3] register_exterior_cell_doors (res://src/core/world/interior_pocket_manager.gd:421)
       [4] _on_native_cell_loaded (res://src/tools/world_explorer.gd:1936)
       [5] _process_async_completions (res://src/core/world/native_streaming_manager.gd:1565)
       [6] _process (res://src/core/world/native_streaming_manager.gd:663)
[INFO] [streaming] Door 'ex_velothi_loaddoor_01' -> building 'ex_velothi_entrance_02' (ex_velothi_entrance_02.nif, dist=2.8m, seamless=true)
[INFO] [tools] Cell loaded: (1, -9) - 0 objects (native)
[INFO] [streaming] [audit +33s] fps=10 proc=132.1ms frame=12.1ms queue=0 burst=N | unload=0.0 async=7.2 inst=0.0 promo=4.9 coll=0.0 defer=0.0 (ms)
[INFO] [tools] Cell loaded: (-2, -6) - 0 objects (native)
WARNING: [WARN] [streaming] Door 'ex_cave_door_01' -> NO building found (seamless=false, non_seamless_match=true)
   at: push_warning (core/variant/variant_utility.cpp:1034)
   GDScript backtrace (most recent call first):
       [0] _log (res://src/core/logging/logger.gd:80)
       [1] warn (res://src/core/logging/logger.gd:43)
       [2] _identify_building_for_door (res://src/core/world/interior_pocket_manager.gd:572)
       [3] register_exterior_cell_doors (res://src/core/world/interior_pocket_manager.gd:421)
       [4] _on_native_cell_loaded (res://src/tools/world_explorer.gd:1936)
       [5] _process_async_completions (res://src/core/world/native_streaming_manager.gd:1565)
       [6] _process (res://src/core/world/native_streaming_manager.gd:663)
WARNING: [WARN] [streaming] Frame overrun: 42.7ms [cellupd:0.0 unload:0.0 async:0.0 inst:21.6 promo:0.0 coll:0.0 defer:0.0 queue:0.0] (budget:8.0ms, overruns:289)
   at: push_warning (core/variant/variant_utility.cpp:1034)
   GDScript backtrace (most recent call first):
       [0] _log (res://src/core/logging/logger.gd:80)
       [1] warn (res://src/core/logging/logger.gd:43)
       [2] _process (res://src/core/world/native_streaming_manager.gd:745)
[INFO] [tools] Cell loaded: (-3, -12) - 0 objects (native)
[INFO] [tools] Cell loaded: (-1, -12) - 0 objects (native)
[INFO] [impostors] Benchmark: 10541 impostors, 256 tex layers, 11059 pending cells, mm_instances=0
[INFO] [streaming] heartbeat sec=64 frame=334 fps=10.4 proc=119.3ms phys=1.0ms draws=7067 objs=9764 prims=2417k loaded=35 loading=6 reg_batches=290 reg_slots=4789
[INFO] [streaming] [audit +38s] fps=9 proc=221.8ms frame=42.3ms queue=171 burst=N | unload=0.0 async=0.0 inst=21.2 promo=0.0 coll=0.0 defer=0.0 (ms)
[INFO] [tools] Cell loaded: (-5, -8) - 0 objects (native)
[INFO] [tools] Cell loaded: (-3, -6) - 0 objects (native)
[INFO] [tools] Cell loaded: (1, -8) - 3 objects (native)
[INFO] [streaming] Door 'hlaalu_loaddoor_ 02' -> building 'ex_hlaalu_buttress_05' (ex_hlaalu_buttress_05.nif, dist=3.8m, seamless=true)
WARNING: [WARN] [streaming] Frame overrun: 33.4ms [cellupd:0.0 unload:0.0 async:8.5 inst:3.3 promo:0.0 coll:0.0 defer:0.0 queue:0.0] (budget:8.0ms, overruns:346)
   at: push_warning (core/variant/variant_utility.cpp:1034)
   GDScript backtrace (most recent call first):
       [0] _log (res://src/core/logging/logger.gd:80)
       [1] warn (res://src/core/logging/logger.gd:43)
       [2] _process (res://src/core/world/native_streaming_manager.gd:745)
[INFO] [tools] Cell loaded: (1, -10) - 0 objects (native)
[INFO] [tools] Cell loaded: (-5, -11) - 0 objects (native)
[INFO] [tools] Cell loaded: (-1, -6) - 0 objects (native)
[INFO] [impostors] Benchmark: 12644 impostors, 256 tex layers, 10992 pending cells, mm_instances=0
[INFO] [tools] Cell loaded: (-4, -12) - 0 objects (native)
[INFO] [tools] Cell loaded: (-5, -10) - 0 objects (native)
[INFO] [tools] Cell loaded: (1, -11) - 0 objects (native)
[INFO] [tools] Cell loaded: (0, -12) - 0 objects (native)
[INFO] [streaming] heartbeat sec=69 frame=384 fps=10.0 proc=125.9ms phys=0.1ms draws=7067 objs=9765 prims=2417k loaded=43 loading=4 reg_batches=302 reg_slots=5602
[INFO] [tools] Cell loaded: (0, -6) - 0 objects (native)
WARNING: [WARN] [streaming] Door 'ex_cave_door_01' -> NO building found (seamless=false, non_seamless_match=true)
   at: push_warning (core/variant/variant_utility.cpp:1034)
   GDScript backtrace (most recent call first):
       [0] _log (res://src/core/logging/logger.gd:80)
       [1] warn (res://src/core/logging/logger.gd:43)
       [2] _identify_building_for_door (res://src/core/world/interior_pocket_manager.gd:572)
       [3] register_exterior_cell_doors (res://src/core/world/interior_pocket_manager.gd:421)
       [4] _on_native_cell_loaded (res://src/tools/world_explorer.gd:1936)
       [5] _process_async_completions (res://src/core/world/native_streaming_manager.gd:1565)
       [6] _process (res://src/core/world/native_streaming_manager.gd:663)
[INFO] [streaming] [audit +43s] fps=10 proc=164.9ms frame=49.5ms queue=239 burst=N | unload=0.0 async=0.0 inst=26.4 promo=0.0 coll=0.0 defer=0.0 (ms)
WARNING: [WARN] [streaming] Frame overrun: 43.8ms [cellupd:0.0 unload:0.0 async:0.0 inst:21.2 promo:0.0 coll:0.0 defer:0.0 queue:0.0] (budget:8.0ms, overruns:406)
   at: push_warning (core/variant/variant_utility.cpp:1034)
   GDScript backtrace (most recent call first):
       [0] _log (res://src/core/logging/logger.gd:80)
       [1] warn (res://src/core/logging/logger.gd:43)
       [2] _process (res://src/core/world/native_streaming_manager.gd:745)
[INFO] [impostors] Benchmark: 15075 impostors, 256 tex layers, 10922 pending cells, mm_instances=0
[INFO] [streaming] heartbeat sec=74 frame=433 fps=9.8 proc=141.8ms phys=0.2ms draws=7067 objs=9764 prims=2417k loaded=45 loading=5 reg_batches=309 reg_slots=6085
[INFO] [tools] Cell loaded: (-5, -7) - 0 objects (native)
WARNING: [WARN] [streaming] Door 'ex_de_ship_trapdoor' -> NO building found (seamless=false, non_seamless_match=false)
   at: push_warning (core/variant/variant_utility.cpp:1034)
   GDScript backtrace (most recent call first):
       [0] _log (res://src/core/logging/logger.gd:80)
       [1] warn (res://src/core/logging/logger.gd:43)
       [2] _identify_building_for_door (res://src/core/world/interior_pocket_manager.gd:572)
       [3] register_exterior_cell_doors (res://src/core/world/interior_pocket_manager.gd:421)
       [4] _on_native_cell_loaded (res://src/tools/world_explorer.gd:1936)
       [5] _process_async_completions (res://src/core/world/native_streaming_manager.gd:1565)
       [6] _process (res://src/core/world/native_streaming_manager.gd:663)
WARNING: [WARN] [streaming] Door 'Ex_DE_ship_cabindoor' -> NO building found (seamless=false, non_seamless_match=false)
   at: push_warning (core/variant/variant_utility.cpp:1034)
   GDScript backtrace (most recent call first):
       [0] _log (res://src/core/logging/logger.gd:80)
       [1] warn (res://src/core/logging/logger.gd:43)
       [2] _identify_building_for_door (res://src/core/world/interior_pocket_manager.gd:572)
       [3] register_exterior_cell_doors (res://src/core/world/interior_pocket_manager.gd:421)
       [4] _on_native_cell_loaded (res://src/tools/world_explorer.gd:1936)
       [5] _process_async_completions (res://src/core/world/native_streaming_manager.gd:1565)
       [6] _process (res://src/core/world/native_streaming_manager.gd:663)
[INFO] [tools] Cell loaded: (1, -7) - 0 objects (native)
WARNING: [WARN] [streaming] Door 'ex_cave_door_01' -> NO building found (seamless=false, non_seamless_match=true)
   at: push_warning (core/variant/variant_utility.cpp:1034)
   GDScript backtrace (most recent call first):
       [0] _log (res://src/core/logging/logger.gd:80)
       [1] warn (res://src/core/logging/logger.gd:43)
       [2] _identify_building_for_door (res://src/core/world/interior_pocket_manager.gd:572)
       [3] register_exterior_cell_doors (res://src/core/world/interior_pocket_manager.gd:421)
       [4] _on_native_cell_loaded (res://src/tools/world_explorer.gd:1936)
       [5] _process_async_completions (res://src/core/world/native_streaming_manager.gd:1565)
       [6] _process (res://src/core/world/native_streaming_manager.gd:663)
[INFO] [tools] Cell loaded: (-4, -6) - 0 objects (native)
[INFO] [streaming] [audit +48s] fps=10 proc=207.9ms frame=20.3ms queue=128 burst=N | unload=0.0 async=0.0 inst=20.2 promo=0.0 coll=0.0 defer=0.0 (ms)
[INFO] [tools] Cell loaded: (-2, -5) - 0 objects (native)
[INFO] [streaming] Door 'ex_cave_door_01' -> building 'ex_de_cave_entrance_01' (ex_de_cave_entrance_01.nif, dist=0.2m, seamless=true)
[INFO] [tools] Cell loaded: (-2, -13) - 0 objects (native)
[INFO] [tools] Cell loaded: (-6, -8) - 0 objects (native)
[INFO] [impostors] Benchmark: 17290 impostors, 256 tex layers, 10844 pending cells, mm_instances=0
[INFO] [streaming] heartbeat sec=79 frame=481 fps=9.6 proc=138.6ms phys=0.2ms draws=7073 objs=9770 prims=2418k loaded=52 loading=6 reg_batches=319 reg_slots=6574
WARNING: [WARN] [streaming] Frame overrun: 51.1ms [cellupd:0.0 unload:0.0 async:0.0 inst:26.7 promo:0.0 coll:0.0 defer:0.0 queue:0.0] (budget:8.0ms, overruns:467)
   at: push_warning (core/variant/variant_utility.cpp:1034)
   GDScript backtrace (most recent call first):
       [0] _log (res://src/core/logging/logger.gd:80)
       [1] warn (res://src/core/logging/logger.gd:43)
       [2] _process (res://src/core/world/native_streaming_manager.gd:745)
[INFO] [tools] Cell loaded: (-6, -9) - 0 objects (native)
[INFO] [tools] Cell loaded: (-1, -5) - 0 objects (native)
[INFO] [tools] Cell loaded: (2, -9) - 0 objects (native)
[INFO] [streaming] Door 'ex_velothi_loaddoor_01' -> building 'ex_velothi_entrance_02' (ex_velothi_entrance_02.nif, dist=2.9m, seamless=false)
[INFO] [streaming] [audit +53s] fps=9 proc=128.3ms frame=31.9ms queue=230 burst=N | unload=0.0 async=0.0 inst=0.6 promo=0.0 coll=0.3 defer=0.0 (ms)
[INFO] [tools] Cell loaded: (2, -8) - 3 objects (native)
[INFO] [tools] Cell loaded: (-1, -13) - 0 objects (native)
[INFO] [tools] Cell loaded: (-6, -10) - 0 objects (native)
[INFO] [tools] Cell loaded: (-3, -5) - 0 objects (native)
[INFO] [streaming] Door 'door_cavern_doors10' -> building 'ex_cave_entrance_ma_lava' (ex_ma_cave_entrance_lava.nif, dist=2.3m, seamless=true)
[INFO] [streaming] Door 'door_cavern_vassir_un' -> building 'ex_de_cave_entrance_01' (ex_de_cave_entrance_01.nif, dist=0.8m, seamless=true)
[INFO] [tools] Cell loaded: (-3, -13) - 0 objects (native)
[INFO] [tools] Cell loaded: (1, -6) - 0 objects (native)
WARNING: [WARN] [streaming] Door 'Ex_DE_ship_cabindoor' -> NO building found (seamless=false, non_seamless_match=false)
   at: push_warning (core/variant/variant_utility.cpp:1034)
   GDScript backtrace (most recent call first):
       [0] _log (res://src/core/logging/logger.gd:80)
       [1] warn (res://src/core/logging/logger.gd:43)
       [2] _identify_building_for_door (res://src/core/world/interior_pocket_manager.gd:572)
       [3] register_exterior_cell_doors (res://src/core/world/interior_pocket_manager.gd:421)
       [4] _on_native_cell_loaded (res://src/tools/world_explorer.gd:1936)
       [5] _process_async_completions (res://src/core/world/native_streaming_manager.gd:1565)
       [6] _process (res://src/core/world/native_streaming_manager.gd:663)
WARNING: [WARN] [streaming] Door 'ex_de_ship_trapdoor' -> NO building found (seamless=false, non_seamless_match=false)
   at: push_warning (core/variant/variant_utility.cpp:1034)
   GDScript backtrace (most recent call first):
       [0] _log (res://src/core/logging/logger.gd:80)
       [1] warn (res://src/core/logging/logger.gd:43)
       [2] _identify_building_for_door (res://src/core/world/interior_pocket_manager.gd:572)
       [3] register_exterior_cell_doors (res://src/core/world/interior_pocket_manager.gd:421)
       [4] _on_native_cell_loaded (res://src/tools/world_explorer.gd:1936)
       [5] _process_async_completions (res://src/core/world/native_streaming_manager.gd:1565)
       [6] _process (res://src/core/world/native_streaming_manager.gd:663)
[INFO] [streaming] heartbeat sec=84 frame=537 fps=11.2 proc=127.1ms phys=0.3ms draws=7068 objs=9787 prims=2419k loaded=58 loading=3 reg_batches=339 reg_slots=7238
[INFO] [impostors] Benchmark: 20142 impostors, 256 tex layers, 10749 pending cells, mm_instances=0
[INFO] [tools] Cell loaded: (-5, -12) - 0 objects (native)
WARNING: [WARN] [streaming] Frame overrun: 55.5ms [cellupd:0.0 unload:0.0 async:0.0 inst:28.3 promo:0.0 coll:0.0 defer:0.0 queue:0.0] (budget:8.0ms, overruns:527)
   at: push_warning (core/variant/variant_utility.cpp:1034)
   GDScript backtrace (most recent call first):
       [0] _log (res://src/core/logging/logger.gd:80)
       [1] warn (res://src/core/logging/logger.gd:43)
       [2] _process (res://src/core/world/native_streaming_manager.gd:745)
[INFO] [streaming] [audit +58s] fps=10 proc=141.9ms frame=57.8ms queue=32 burst=N | unload=0.0 async=0.0 inst=32.2 promo=0.0 coll=0.0 defer=0.0 (ms)
[INFO] [streaming] heartbeat sec=89 frame=583 fps=9.2 proc=130.5ms phys=0.3ms draws=7066 objs=9789 prims=2419k loaded=62 loading=6 reg_batches=341 reg_slots=7737
[INFO] [tools] Cell loaded: (-5, -6) - 0 objects (native)
[INFO] [tools] Cell loaded: (-6, -7) - 0 objects (native)
[INFO] [tools] Cell loaded: (-4, -13) - 0 objects (native)
[INFO] [tools] Cell loaded: (0, -13) - 0 objects (native)
[INFO] [impostors] Benchmark: 22395 impostors, 256 tex layers, 10660 pending cells, mm_instances=0
WARNING: [WARN] [streaming] Frame overrun: 55.1ms [cellupd:0.0 unload:0.0 async:0.0 inst:25.4 promo:0.0 coll:0.0 defer:0.0 queue:0.0] (budget:8.0ms, overruns:586)
   at: push_warning (core/variant/variant_utility.cpp:1034)
   GDScript backtrace (most recent call first):
       [0] _log (res://src/core/logging/logger.gd:80)
       [1] warn (res://src/core/logging/logger.gd:43)
       [2] _process (res://src/core/world/native_streaming_manager.gd:745)
[INFO] [tools] Cell loaded: (2, -7) - 16 objects (native)
[INFO] [streaming] Door 'hlaal_loaddoor_01' -> building 'ex_hlaalu_b_12' (ex_hlaalu_b_12.nif, dist=4.5m, seamless=true)
[INFO] [streaming] Door 'Ex_De_Shack_Door' -> building 'ex_de_shack_01' (ex_de_shack_01.nif, dist=4.1m, seamless=false)
[INFO] [tools] Cell loaded: (0, -5) - 0 objects (native)
[INFO] [tools] Cell loaded: (-6, -11) - 0 objects (native)
ERROR: Attempting to initialize the wrong RID
   at: get_or_null (./core/templates/rid_owner.h:250)
   GDScript backtrace (most recent call first):
       [0] _poll_job_results (res://src/core/world/native_impostor_renderer.gd:951)
       [1] _process (res://src/core/world/native_impostor_renderer.gd:803)
ERROR: Parameter "mem" is null.
   at: initialize_rid (./core/templates/rid_owner.h:294)
   GDScript backtrace (most recent call first):
       [0] _poll_job_results (res://src/core/world/native_impostor_renderer.gd:951)
       [1] _process (res://src/core/world/native_impostor_renderer.gd:803)
ERROR: Parameter "occluder" is null.
   at: occluder_set_mesh (modules/raycast/raycast_occlusion_cull.cpp:207)
   GDScript backtrace (most recent call first):
       [0] _poll_job_results (res://src/core/world/native_impostor_renderer.gd:951)
       [1] _process (res://src/core/world/native_impostor_renderer.gd:803)
ERROR: Parameter "occluder" is null.
   at: occluder_set_mesh (modules/raycast/raycast_occlusion_cull.cpp:207)
   GDScript backtrace (most recent call first):
       [0] _poll_job_results (res://src/core/world/native_impostor_renderer.gd:951)
       [1] _process (res://src/core/world/native_impostor_renderer.gd:803)
[INFO] [streaming] heartbeat sec=94 frame=639 fps=11.2 proc=208.9ms phys=2.4ms draws=7081 objs=9863 prims=2422k loaded=69 loading=6 reg_batches=389 reg_slots=8319
[INFO] [impostors] Benchmark: 25056 impostors, 256 tex layers, 10536 pending cells, mm_instances=0
WARNING: [WARN] [streaming] Frame overrun: 57.7ms [cellupd:0.0 unload:0.0 async:0.0 inst:29.4 promo:0.0 coll:0.0 defer:0.0 queue:0.0] (budget:8.0ms, overruns:645)
   at: push_warning (core/variant/variant_utility.cpp:1034)
   GDScript backtrace (most recent call first):
       [0] _log (res://src/core/logging/logger.gd:80)
       [1] warn (res://src/core/logging/logger.gd:43)
       [2] _process (res://src/core/world/native_streaming_manager.gd:745)
[INFO] [streaming] heartbeat sec=99 frame=685 fps=9.2 proc=139.9ms phys=0.2ms draws=7078 objs=9863 prims=2422k loaded=69 loading=6 reg_batches=389 reg_slots=8451
[INFO] [tools] Cell loaded: (-4, -5) - 0 objects (native)
[INFO] [streaming] Door 'door_cavern_doors10' -> building 'ex_de_cave_entrance_01' (ex_de_cave_entrance_01.nif, dist=1.0m, seamless=true)
[INFO] [impostors] Benchmark: 27023 impostors, 256 tex layers, 10452 pending cells, mm_instances=25373
[INFO] [tools] Cell loaded: (2, -11) - 10 objects (native)
[INFO] [streaming] Door 'ex_velothi_loaddoor_01' -> building 'ex_vivec_ent_t_01' (ex_vivec_ent_t_01.nif, dist=1.4m, seamless=true)
WARNING: [WARN] [streaming] Door 'Ex_V_cantondoor_01' -> NO building found (seamless=false, non_seamless_match=false)
   at: push_warning (core/variant/variant_utility.cpp:1034)
   GDScript backtrace (most recent call first):
       [0] _log (res://src/core/logging/logger.gd:80)
       [1] warn (res://src/core/logging/logger.gd:43)
       [2] _identify_building_for_door (res://src/core/world/interior_pocket_manager.gd:572)
       [3] register_exterior_cell_doors (res://src/core/world/interior_pocket_manager.gd:421)
       [4] _on_native_cell_loaded (res://src/tools/world_explorer.gd:1936)
       [5] _process_async_completions (res://src/core/world/native_streaming_manager.gd:1565)
       [6] _process (res://src/core/world/native_streaming_manager.gd:663)
[INFO] [tools] Cell loaded: (-7, -9) - 0 objects (native)
[INFO] [streaming] heartbeat sec=104 frame=730 fps=9.0 proc=137.5ms phys=0.2ms draws=7079 objs=9871 prims=2423k loaded=72 loading=6 reg_batches=401 reg_slots=8604
WARNING: [WARN] [streaming] Frame overrun: 62.7ms [cellupd:0.0 unload:0.0 async:0.0 inst:33.6 promo:0.0 coll:0.0 defer:0.0 queue:0.0] (budget:8.0ms, overruns:704)
   at: push_warning (core/variant/variant_utility.cpp:1034)
   GDScript backtrace (most recent call first):
       [0] _log (res://src/core/logging/logger.gd:80)
       [1] warn (res://src/core/logging/logger.gd:43)
       [2] _process (res://src/core/world/native_streaming_manager.gd:745)
[INFO] [impostors] Benchmark: 29065 impostors, 256 tex layers, 10345 pending cells, mm_instances=25373
[INFO] [tools] Cell loaded: (1, -5) - 0 objects (native)
[INFO] [tools] Cell loaded: (-6, -12) - 0 objects (native)
[INFO] [streaming] heartbeat sec=109 frame=765 fps=7.0 proc=158.4ms phys=0.2ms draws=7086 objs=9983 prims=2429k loaded=73 loading=5 reg_batches=410 reg_slots=8923
[INFO] [impostors] Benchmark: 30336 impostors, 256 tex layers, 10257 pending cells, mm_instances=29310
[INFO] [tools] Cell loaded: (1, -13) - 70 objects (native)
[INFO] [streaming] Door 'PrisonMarker' -> building 'furn_com_lantern_hook' (furn_com_lantern_hook.nif, dist=1.6m, seamless=true)
[INFO] [streaming] Door 'Ex_imp_loaddoor_02' -> building 'ex_imp_wallent_02' (ex_imp_wallent_02.nif, dist=1.1m, seamless=true)
WARNING: [WARN] [streaming] Door 'in_com_traptop_01' -> NO building found (seamless=false, non_seamless_match=false)
   at: push_warning (core/variant/variant_utility.cpp:1034)
   GDScript backtrace (most recent call first):
       [0] _log (res://src/core/logging/logger.gd:80)
       [1] warn (res://src/core/logging/logger.gd:43)
       [2] _identify_building_for_door (res://src/core/world/interior_pocket_manager.gd:572)
       [3] register_exterior_cell_doors (res://src/core/world/interior_pocket_manager.gd:421)
       [4] _on_native_cell_loaded (res://src/tools/world_explorer.gd:1936)
       [5] _process_async_completions (res://src/core/world/native_streaming_manager.gd:1565)
       [6] _process (res://src/core/world/native_streaming_manager.gd:663)
[INFO] [streaming] Door 'ex_imp_loaddoor_03' -> building 'ex_imp_kdoorframe_01' (ex_imp_kdoorframe_01.nif, dist=1.0m, seamless=true)
[INFO] [streaming] Door 'ex_common_door_01' -> building 'ex_common_entrance_02' (ex_common_entrance_02.nif, dist=0.1m, seamless=true)
[INFO] [tools] Cell loaded: (2, -12) - 0 objects (native)
WARNING: [WARN] [streaming] Frame overrun: 30.8ms [cellupd:0.0 unload:0.0 async:0.0 inst:30.7 promo:0.0 coll:0.0 defer:0.0 queue:0.0] (budget:8.0ms, overruns:765)
   at: push_warning (core/variant/variant_utility.cpp:1034)
   GDScript backtrace (most recent call first):
       [0] _log (res://src/core/logging/logger.gd:80)
       [1] warn (res://src/core/logging/logger.gd:43)
       [2] _process (res://src/core/world/native_streaming_manager.gd:745)
[INFO] [streaming] heartbeat sec=114 frame=809 fps=8.8 proc=186.1ms phys=0.8ms draws=7088 objs=10012 prims=2431k loaded=76 loading=6 reg_batches=416 reg_slots=9218
[INFO] [tools] Cell loaded: (-5, -5) - 5 objects (native)
[INFO] [streaming] Door 'ex_h_pcfort_exdoor_ 01' -> building 'ex_h_pcfort_01' (ex_hlaalu_b_12.nif, dist=3.7m, seamless=true)
[INFO] [streaming] Door 'ex_h_pcfort_exdoor_ 03' -> building 'ex_h_pcfort_04' (ex_hlaalu_b_16.nif, dist=3.0m, seamless=true)
[INFO] [streaming] Door 'ex_h_pcfort_exdoor_ 02' -> building 'ex_h_pcfort_02' (ex_hlaalu_b_13.nif, dist=1.9m, seamless=true)
WARNING: [WARN] [streaming] Door 'ex_h_pcfort_trapdoor_01-2' -> NO building found (seamless=false, non_seamless_match=false)
   at: push_warning (core/variant/variant_utility.cpp:1034)
   GDScript backtrace (most recent call first):
       [0] _log (res://src/core/logging/logger.gd:80)
       [1] warn (res://src/core/logging/logger.gd:43)
       [2] _identify_building_for_door (res://src/core/world/interior_pocket_manager.gd:572)
       [3] register_exterior_cell_doors (res://src/core/world/interior_pocket_manager.gd:421)
       [4] _on_native_cell_loaded (res://src/tools/world_explorer.gd:1936)
       [5] _process_async_completions (res://src/core/world/native_streaming_manager.gd:1565)
       [6] _process (res://src/core/world/native_streaming_manager.gd:663)
[INFO] [impostors] Benchmark: 31819 impostors, 256 tex layers, 10119 pending cells, mm_instances=29310
[INFO] [tools] Cell loaded: (3, -9) - 0 objects (native)
WARNING: [WARN] [streaming] Door 'door_cavern_doors10' -> NO building found (seamless=false, non_seamless_match=true)
   at: push_warning (core/variant/variant_utility.cpp:1034)
   GDScript backtrace (most recent call first):
       [0] _log (res://src/core/logging/logger.gd:80)
       [1] warn (res://src/core/logging/logger.gd:43)
       [2] _identify_building_for_door (res://src/core/world/interior_pocket_manager.gd:572)
       [3] register_exterior_cell_doors (res://src/core/world/interior_pocket_manager.gd:421)
       [4] _on_native_cell_loaded (res://src/tools/world_explorer.gd:1936)
       [5] _process_async_completions (res://src/core/world/native_streaming_manager.gd:1565)
       [6] _process (res://src/core/world/native_streaming_manager.gd:663)
[INFO] [streaming] heartbeat sec=119 frame=848 fps=7.8 proc=150.9ms phys=0.1ms draws=7094 objs=10030 prims=2432k loaded=78 loading=6 reg_batches=440 reg_slots=9630
[INFO] [tools] Cell loaded: (-2, -4) - 0 objects (native)
[INFO] [tools] Cell loaded: (2, -6) - 5 objects (native)
WARNING: [WARN] [streaming] Door 'hlaal_loaddoor_01' -> NO building found (seamless=false, non_seamless_match=false)
   at: push_warning (core/variant/variant_utility.cpp:1034)
   GDScript backtrace (most recent call first):
       [0] _log (res://src/core/logging/logger.gd:80)
       [1] warn (res://src/core/logging/logger.gd:43)
       [2] _identify_building_for_door (res://src/core/world/interior_pocket_manager.gd:572)
       [3] register_exterior_cell_doors (res://src/core/world/interior_pocket_manager.gd:421)
       [4] _on_native_cell_loaded (res://src/tools/world_explorer.gd:1936)
       [5] _process_async_completions (res://src/core/world/native_streaming_manager.gd:1565)
       [6] _process (res://src/core/world/native_streaming_manager.gd:663)
[INFO] [streaming] Door 'Ex_De_Shack_Door' -> building 'ex_de_shack_awning_01' (ex_de_shack_awning_01.nif, dist=1.4m, seamless=true)
[INFO] [tools] Cell loaded: (-5, -13) - 0 objects (native)
WARNING: [WARN] [streaming] Frame overrun: 13.8ms [cellupd:0.0 unload:0.0 async:7.1 inst:0.0 promo:6.7 coll:0.0 defer:0.0 queue:0.0] (budget:8.0ms, overruns:825)
   at: push_warning (core/variant/variant_utility.cpp:1034)
   GDScript backtrace (most recent call first):
       [0] _log (res://src/core/logging/logger.gd:80)
       [1] warn (res://src/core/logging/logger.gd:43)
       [2] _process (res://src/core/world/native_streaming_manager.gd:745)
[INFO] [tools] Cell loaded: (-2, -14) - 0 objects (native)
[INFO] [tools] Cell loaded: (-3, -14) - 0 objects (native)
[INFO] [tools] Cell loaded: (-1, -14) - 0 objects (native)
[INFO] [tools] Cell loaded: (-7, -8) - 0 objects (native)
[INFO] [tools] Cell loaded: (-6, -6) - 0 objects (native)
WARNING: [WARN] [streaming] Door 'ex_cave_door_01' -> NO building found (seamless=false, non_seamless_match=true)
   at: push_warning (core/variant/variant_utility.cpp:1034)
   GDScript backtrace (most recent call first):
       [0] _log (res://src/core/logging/logger.gd:80)
       [1] warn (res://src/core/logging/logger.gd:43)
       [2] _identify_building_for_door (res://src/core/world/interior_pocket_manager.gd:572)
       [3] register_exterior_cell_doors (res://src/core/world/interior_pocket_manager.gd:421)
       [4] _on_native_cell_loaded (res://src/tools/world_explorer.gd:1936)
       [5] _process_async_completions (res://src/core/world/native_streaming_manager.gd:1565)
       [6] _process (res://src/core/world/native_streaming_manager.gd:663)
[INFO] [impostors] Benchmark: 33478 impostors, 256 tex layers, 9979 pending cells, mm_instances=29310
[INFO] [tools] Cell loaded: (3, -8) - 1 objects (native)
[INFO] [streaming] Door 'hlaalu_loaddoor_ 02' -> building 'ex_hlaalu_buttress_05' (ex_hlaalu_buttress_05.nif, dist=2.9m, seamless=true)
[INFO] [streaming] heartbeat sec=124 frame=895 fps=9.4 proc=137.9ms phys=0.2ms draws=7104 objs=10051 prims=2433k loaded=86 loading=5 reg_batches=446 reg_slots=10343
[INFO] [tools] Cell loaded: (-3, -4) - 0 objects (native)
[INFO] [tools] Cell loaded: (-7, -10) - 0 objects (native)
WARNING: [WARN] [streaming] Frame overrun: 42.6ms [cellupd:0.0 unload:0.0 async:0.0 inst:42.6 promo:0.0 coll:0.0 defer:0.0 queue:0.0] (budget:8.0ms, overruns:885)
   at: push_warning (core/variant/variant_utility.cpp:1034)
   GDScript backtrace (most recent call first):
       [0] _log (res://src/core/logging/logger.gd:80)
       [1] warn (res://src/core/logging/logger.gd:43)
       [2] _process (res://src/core/world/native_streaming_manager.gd:745)
[INFO] [impostors] Benchmark: 35002 impostors, 256 tex layers, 9857 pending cells, mm_instances=29310
[INFO] [streaming] heartbeat sec=129 frame=946 fps=10.2 proc=184.9ms phys=0.2ms draws=7105 objs=10058 prims=2433k loaded=89 loading=6 reg_batches=452 reg_slots=10512
[INFO] [tools] Cell loaded: (-1, -4) - 0 objects (native)
[INFO] [impostors] Benchmark: 36427 impostors, 256 tex layers, 9753 pending cells, mm_instances=36383
WARNING: [WARN] [streaming] Frame overrun: 66.4ms [cellupd:0.0 unload:0.0 async:0.0 inst:30.6 promo:0.0 coll:0.0 defer:0.0 queue:0.0] (budget:8.0ms, overruns:945)
   at: push_warning (core/variant/variant_utility.cpp:1034)
   GDScript backtrace (most recent call first):
       [0] _log (res://src/core/logging/logger.gd:80)
       [1] warn (res://src/core/logging/logger.gd:43)
       [2] _process (res://src/core/world/native_streaming_manager.gd:745)
[INFO] [tools] Cell loaded: (3, -10) - 14 objects (native)
[INFO] [streaming] Door 'ex_velothi_loaddoor_01' -> building 'ex_vivec_ent_b_01' (ex_vivec_ent_b_01.nif, dist=1.4m, seamless=true)
WARNING: [WARN] [streaming] Door 'Ex_V_cantondoor_01' -> NO building found (seamless=false, non_seamless_match=false)
   at: push_warning (core/variant/variant_utility.cpp:1034)
   GDScript backtrace (most recent call first):
       [0] _log (res://src/core/logging/logger.gd:80)
       [1] warn (res://src/core/logging/logger.gd:43)
       [2] _identify_building_for_door (res://src/core/world/interior_pocket_manager.gd:572)
       [3] register_exterior_cell_doors (res://src/core/world/interior_pocket_manager.gd:421)
       [4] _on_native_cell_loaded (res://src/tools/world_explorer.gd:1936)
       [5] _process_async_completions (res://src/core/world/native_streaming_manager.gd:1565)
       [6] _process (res://src/core/world/native_streaming_manager.gd:663)
[INFO] [streaming] heartbeat sec=134 frame=982 fps=7.2 proc=220.5ms phys=0.1ms draws=7108 objs=10107 prims=2508k loaded=90 loading=5 reg_batches=456 reg_slots=10795
[INFO] [impostors] Benchmark: 37623 impostors, 256 tex layers, 9643 pending cells, mm_instances=36701
[INFO] [streaming] heartbeat sec=139 frame=1020 fps=7.6 proc=149.6ms phys=0.2ms draws=7107 objs=10112 prims=2509k loaded=90 loading=5 reg_batches=461 reg_slots=10942
[INFO] [tools] Cell loaded: (-4, -4) - 1 objects (native)
WARNING: [WARN] [streaming] Door 'door_cavern_doors10' -> NO building found (seamless=false, non_seamless_match=true)
   at: push_warning (core/variant/variant_utility.cpp:1034)
   GDScript backtrace (most recent call first):
       [0] _log (res://src/core/logging/logger.gd:80)
       [1] warn (res://src/core/logging/logger.gd:43)
       [2] _identify_building_for_door (res://src/core/world/interior_pocket_manager.gd:572)
       [3] register_exterior_cell_doors (res://src/core/world/interior_pocket_manager.gd:421)
       [4] _on_native_cell_loaded (res://src/tools/world_explorer.gd:1936)
       [5] _process_async_completions (res://src/core/world/native_streaming_manager.gd:1565)
       [6] _process (res://src/core/world/native_streaming_manager.gd:663)
[INFO] [tools] Cell loaded: (-7, -11) - 0 objects (native)
WARNING: [WARN] [streaming] Frame overrun: 39.4ms [cellupd:0.0 unload:0.0 async:0.0 inst:4.6 promo:0.0 coll:0.3 defer:0.0 queue:0.1] (budget:8.0ms, overruns:1006)
   at: push_warning (core/variant/variant_utility.cpp:1034)
   GDScript backtrace (most recent call first):
       [0] _log (res://src/core/logging/logger.gd:80)
       [1] warn (res://src/core/logging/logger.gd:43)
       [2] _process (res://src/core/world/native_streaming_manager.gd:745)
[INFO] [tools] Cell loaded: (-4, -14) - 0 objects (native)
[INFO] [tools] Cell loaded: (3, -11) - 22 objects (native)
[INFO] [streaming] Door 'ex_velothi_loaddoor_01' -> building 'ex_vivec_ent_t_01' (ex_vivec_ent_t_01.nif, dist=1.4m, seamless=true)
[INFO] [streaming] Door 'ex_vivec_grate_01' -> building 'ex_vivec_waterspout_03' (ex_vivec_waterspout_03.nif, dist=0.2m, seamless=true)
WARNING: [WARN] [streaming] Door 'Ex_V_cantondoor_01' -> NO building found (seamless=false, non_seamless_match=false)
   at: push_warning (core/variant/variant_utility.cpp:1034)
   GDScript backtrace (most recent call first):
       [0] _log (res://src/core/logging/logger.gd:80)
       [1] warn (res://src/core/logging/logger.gd:43)
       [2] _identify_building_for_door (res://src/core/world/interior_pocket_manager.gd:572)
       [3] register_exterior_cell_doors (res://src/core/world/interior_pocket_manager.gd:421)
       [4] _on_native_cell_loaded (res://src/tools/world_explorer.gd:1936)
       [5] _process_async_completions (res://src/core/world/native_streaming_manager.gd:1565)
       [6] _process (res://src/core/world/native_streaming_manager.gd:663)
[INFO] [tools] Cell loaded: (0, -14) - 0 objects (native)
[INFO] [impostors] Benchmark: 38668 impostors, 256 tex layers, 9539 pending cells, mm_instances=36701
[INFO] [streaming] heartbeat sec=144 frame=1059 fps=7.8 proc=140.4ms phys=0.2ms draws=7107 objs=10203 prims=2512k loaded=95 loading=5 reg_batches=476 reg_slots=11408
[INFO] [tools] Cell loaded: (3, -7) - 0 objects (native)
[INFO] [tools] Cell loaded: (0, -4) - 0 objects (native)
[INFO] [tools] Cell loaded: (-7, -7) - 0 objects (native)
ERROR: Attempting to initialize the wrong RID
   at: get_or_null (./core/templates/rid_owner.h:250)
   GDScript backtrace (most recent call first):
       [0] _poll_job_results (res://src/core/world/native_impostor_renderer.gd:951)
       [1] _process (res://src/core/world/native_impostor_renderer.gd:803)
ERROR: Parameter "mem" is null.
   at: initialize_rid (./core/templates/rid_owner.h:294)
   GDScript backtrace (most recent call first):
       [0] _poll_job_results (res://src/core/world/native_impostor_renderer.gd:951)
       [1] _process (res://src/core/world/native_impostor_renderer.gd:803)
ERROR: Parameter "occluder" is null.
   at: occluder_set_mesh (modules/raycast/raycast_occlusion_cull.cpp:207)
   GDScript backtrace (most recent call first):
       [0] _poll_job_results (res://src/core/world/native_impostor_renderer.gd:951)
       [1] _process (res://src/core/world/native_impostor_renderer.gd:803)
ERROR: Parameter "occluder" is null.
   at: occluder_set_mesh (modules/raycast/raycast_occlusion_cull.cpp:207)
   GDScript backtrace (most recent call first):
       [0] _poll_job_results (res://src/core/world/native_impostor_renderer.gd:951)
       [1] _process (res://src/core/world/native_impostor_renderer.gd:803)
[INFO] [streaming] heartbeat sec=149 frame=1094 fps=7.0 proc=171.7ms phys=0.2ms draws=7137 objs=10225 prims=2518k loaded=99 loading=6 reg_batches=478 reg_slots=11720
[INFO] [impostors] Benchmark: 39712 impostors, 256 tex layers, 9417 pending cells, mm_instances=38963
WARNING: [WARN] [streaming] Frame overrun: 29.1ms [cellupd:0.0 unload:0.0 async:0.0 inst:29.1 promo:0.0 coll:0.0 defer:0.0 queue:0.0] (budget:8.0ms, overruns:1066)
   at: push_warning (core/variant/variant_utility.cpp:1034)
   GDScript backtrace (most recent call first):
       [0] _log (res://src/core/logging/logger.gd:80)
       [1] warn (res://src/core/logging/logger.gd:43)
       [2] _process (res://src/core/world/native_streaming_manager.gd:745)
[INFO] [tools] Cell loaded: (-6, -5) - 4 objects (native)
[INFO] [streaming] Door 'Ex_De_Shack_Door' -> building 'ex_de_shack_01' (ex_de_shack_01.nif, dist=4.1m, seamless=true)
[INFO] [tools] Cell loaded: (2, -13) - 30 objects (native)
[INFO] [streaming] Door 'Ex_imp_loaddoor_02' -> building 'ex_imp_wallent_02' (ex_imp_wallent_02.nif, dist=1.1m, seamless=true)
WARNING: [WARN] [streaming] Door 'in_com_traptop_01' -> NO building found (seamless=false, non_seamless_match=false)
   at: push_warning (core/variant/variant_utility.cpp:1034)
   GDScript backtrace (most recent call first):
       [0] _log (res://src/core/logging/logger.gd:80)
       [1] warn (res://src/core/logging/logger.gd:43)
       [2] _identify_building_for_door (res://src/core/world/interior_pocket_manager.gd:572)
       [3] register_exterior_cell_doors (res://src/core/world/interior_pocket_manager.gd:421)
       [4] _on_native_cell_loaded (res://src/tools/world_explorer.gd:1936)
       [5] _process_async_completions (res://src/core/world/native_streaming_manager.gd:1565)
       [6] _process (res://src/core/world/native_streaming_manager.gd:663)
WARNING: [WARN] [streaming] Door 'ex_de_ship_trapdoor' -> NO building found (seamless=false, non_seamless_match=false)
   at: push_warning (core/variant/variant_utility.cpp:1034)
   GDScript backtrace (most recent call first):
       [0] _log (res://src/core/logging/logger.gd:80)
       [1] warn (res://src/core/logging/logger.gd:43)
       [2] _identify_building_for_door (res://src/core/world/interior_pocket_manager.gd:572)
       [3] register_exterior_cell_doors (res://src/core/world/interior_pocket_manager.gd:421)
       [4] _on_native_cell_loaded (res://src/tools/world_explorer.gd:1936)
       [5] _process_async_completions (res://src/core/world/native_streaming_manager.gd:1565)
       [6] _process (res://src/core/world/native_streaming_manager.gd:663)
WARNING: [WARN] [streaming] Door 'Ex_DE_ship_cabindoor' -> NO building found (seamless=false, non_seamless_match=false)
   at: push_warning (core/variant/variant_utility.cpp:1034)
   GDScript backtrace (most recent call first):
       [0] _log (res://src/core/logging/logger.gd:80)
       [1] warn (res://src/core/logging/logger.gd:43)
       [2] _identify_building_for_door (res://src/core/world/interior_pocket_manager.gd:572)
       [3] register_exterior_cell_doors (res://src/core/world/interior_pocket_manager.gd:421)
       [4] _on_native_cell_loaded (res://src/tools/world_explorer.gd:1936)
       [5] _process_async_completions (res://src/core/world/native_streaming_manager.gd:1565)
       [6] _process (res://src/core/world/native_streaming_manager.gd:663)
[INFO] [tools] Cell loaded: (-6, -13) - 0 objects (native)
[INFO] [tools] Cell loaded: (-5, -14) - 0 objects (native)
[INFO] [streaming] heartbeat sec=154 frame=1139 fps=9.0 proc=139.2ms phys=0.1ms draws=7120 objs=10276 prims=2524k loaded=102 loading=5 reg_batches=499 reg_slots=12272
[INFO] [impostors] Benchmark: 40962 impostors, 256 tex layers, 9266 pending cells, mm_instances=40681
[INFO] [tools] Cell loaded: (2, -5) - 2 objects (native)
[INFO] [streaming] Door 'Ex_De_Shack_Door' -> building 'ex_de_shack_02' (ex_de_shack_02.nif, dist=3.4m, seamless=true)
WARNING: [WARN] [streaming] Frame overrun: 34.3ms [cellupd:0.0 unload:0.0 async:0.0 inst:34.3 promo:0.0 coll:0.0 defer:0.0 queue:0.0] (budget:8.0ms, overruns:1124)
   at: push_warning (core/variant/variant_utility.cpp:1034)
   GDScript backtrace (most recent call first):
       [0] _log (res://src/core/logging/logger.gd:80)
       [1] warn (res://src/core/logging/logger.gd:43)
       [2] _process (res://src/core/world/native_streaming_manager.gd:745)
[INFO] [streaming] heartbeat sec=159 frame=1175 fps=7.2 proc=147.8ms phys=0.2ms draws=7116 objs=10276 prims=2524k loaded=104 loading=6 reg_batches=500 reg_slots=12451
[INFO] [impostors] Benchmark: 42195 impostors, 256 tex layers, 9159 pending cells, mm_instances=40681
[INFO] [tools] Cell loaded: (1, -4) - 0 objects (native)
[INFO] [streaming] Door 'ex_velothi_loaddoor_01' -> building 'ex_velothi_entrance_02' (ex_velothi_entrance_02.nif, dist=2.9m, seamless=true)
[INFO] [tools] Cell loaded: (-7, -12) - 0 objects (native)
[INFO] [tools] Cell loaded: (1, -14) - 0 objects (native)
[INFO] [tools] Cell loaded: (-7, -6) - 3 objects (native)
[INFO] [streaming] Door 'in_velothismall_ndoor_01' -> building 'ex_velothi_entrance_02' (ex_velothi_entrance_02.nif, dist=3.8m, seamless=true)
WARNING: [WARN] [streaming] Door 'ex_de_ship_trapdoor' -> NO building found (seamless=false, non_seamless_match=false)
   at: push_warning (core/variant/variant_utility.cpp:1034)
   GDScript backtrace (most recent call first):
       [0] _log (res://src/core/logging/logger.gd:80)
       [1] warn (res://src/core/logging/logger.gd:43)
       [2] _identify_building_for_door (res://src/core/world/interior_pocket_manager.gd:572)
       [3] register_exterior_cell_doors (res://src/core/world/interior_pocket_manager.gd:421)
       [4] _on_native_cell_loaded (res://src/tools/world_explorer.gd:1936)
       [5] _process_async_completions (res://src/core/world/native_streaming_manager.gd:1565)
       [6] _process (res://src/core/world/native_streaming_manager.gd:663)
[INFO] [streaming] Door 'Ex_DE_ship_cabindoor' -> building 'furn_hook_01' (furn_hook_01.nif, dist=1.6m, seamless=true)
[INFO] [streaming] heartbeat sec=164 frame=1213 fps=7.6 proc=130.0ms phys=1.8ms draws=7125 objs=10316 prims=2526k loaded=107 loading=5 reg_batches=508 reg_slots=13034
[INFO] [tools] Cell loaded: (3, -12) - 17 objects (native)
[INFO] [streaming] Door 'ex_velothi_loaddoor_01' -> building 'ex_vivec_ent_t_01' (ex_vivec_ent_t_01.nif, dist=1.4m, seamless=true)
[INFO] [streaming] Door 'ex_vivec_grate_01' -> building 'ex_vivec_waterspout_03' (ex_vivec_waterspout_03.nif, dist=0.2m, seamless=true)
WARNING: [WARN] [streaming] Door 'Ex_V_cantondoor_01' -> NO building found (seamless=false, non_seamless_match=false)
   at: push_warning (core/variant/variant_utility.cpp:1034)
   GDScript backtrace (most recent call first):
       [0] _log (res://src/core/logging/logger.gd:80)
       [1] warn (res://src/core/logging/logger.gd:43)
       [2] _identify_building_for_door (res://src/core/world/interior_pocket_manager.gd:572)
       [3] register_exterior_cell_doors (res://src/core/world/interior_pocket_manager.gd:421)
       [4] _on_native_cell_loaded (res://src/tools/world_explorer.gd:1936)
       [5] _process_async_completions (res://src/core/world/native_streaming_manager.gd:1565)
       [6] _process (res://src/core/world/native_streaming_manager.gd:663)
WARNING: [WARN] [streaming] Frame overrun: 28.7ms [cellupd:0.0 unload:0.0 async:0.0 inst:28.6 promo:0.0 coll:0.0 defer:0.0 queue:0.0] (budget:8.0ms, overruns:1181)
   at: push_warning (core/variant/variant_utility.cpp:1034)
   GDScript backtrace (most recent call first):
       [0] _log (res://src/core/logging/logger.gd:80)
       [1] warn (res://src/core/logging/logger.gd:43)
       [2] _process (res://src/core/world/native_streaming_manager.gd:745)
[INFO] [impostors] Benchmark: 43891 impostors, 256 tex layers, 8980 pending cells, mm_instances=40681
[INFO] [streaming] heartbeat sec=169 frame=1259 fps=9.2 proc=153.4ms phys=0.1ms draws=7130 objs=10326 prims=2527k loaded=109 loading=6 reg_batches=508 reg_slots=13418
[INFO] [tools] Cell loaded: (3, -6) - 3 objects (native)
[INFO] [streaming] Door 'hlaalu_loaddoor_ 02' -> building 'ex_hlaalu_buttress_05' (ex_hlaalu_buttress_05.nif, dist=3.0m, seamless=true)
[INFO] [tools] Cell loaded: (-5, -4) - 0 objects (native)
[INFO] [tools] Cell loaded: (-6, -4) - 0 objects (native)
[INFO] [impostors] Benchmark: 45575 impostors, 256 tex layers, 8800 pending cells, mm_instances=40681
WARNING: [WARN] [streaming] Frame overrun: 71.4ms [cellupd:0.0 unload:0.0 async:0.0 inst:34.3 promo:0.0 coll:0.0 defer:0.0 queue:0.0] (budget:8.0ms, overruns:1241)
   at: push_warning (core/variant/variant_utility.cpp:1034)
   GDScript backtrace (most recent call first):
       [0] _log (res://src/core/logging/logger.gd:80)
       [1] warn (res://src/core/logging/logger.gd:43)
       [2] _process (res://src/core/world/native_streaming_manager.gd:745)
[INFO] [tools] Cell loaded: (2, -4) - 0 objects (native)
[INFO] [streaming] heartbeat sec=174 frame=1305 fps=9.2 proc=115.8ms phys=0.2ms draws=7134 objs=10324 prims=2527k loaded=112 loading=5 reg_batches=509 reg_slots=13879
[INFO] [tools] Cell loaded: (3, -5) - 0 objects (native)
ERROR: Attempting to initialize the wrong RID
   at: get_or_null (./core/templates/rid_owner.h:250)
   GDScript backtrace (most recent call first):
       [0] _cull_native (res://src/core/world/prototype_batch.gd:398)
       [1] cull_and_upload (res://src/core/world/prototype_batch.gd:327)
       [2] tick_cull_if_needed (res://src/core/world/prototype_registry.gd:271)
       [3] tick_prototype_cull (res://src/core/world/static_object_renderer.gd:308)
       [4] _process (res://src/core/world/native_streaming_manager.gd:732)
ERROR: Parameter "mem" is null.
   at: initialize_rid (./core/templates/rid_owner.h:294)
   GDScript backtrace (most recent call first):
       [0] _cull_native (res://src/core/world/prototype_batch.gd:398)
       [1] cull_and_upload (res://src/core/world/prototype_batch.gd:327)
       [2] tick_cull_if_needed (res://src/core/world/prototype_registry.gd:271)
       [3] tick_prototype_cull (res://src/core/world/static_object_renderer.gd:308)
       [4] _process (res://src/core/world/native_streaming_manager.gd:732)
ERROR: Attempting to use an uninitialized RID
   at: get_or_null (./core/templates/rid_owner.h:257)
   GDScript backtrace (most recent call first):
       [0] _cull_native (res://src/core/world/prototype_batch.gd:398)
       [1] cull_and_upload (res://src/core/world/prototype_batch.gd:327)
       [2] tick_cull_if_needed (res://src/core/world/prototype_registry.gd:271)
       [3] tick_prototype_cull (res://src/core/world/static_object_renderer.gd:308)
       [4] _process (res://src/core/world/native_streaming_manager.gd:732)
ERROR: Parameter "occluder" is null.
   at: occluder_set_mesh (modules/raycast/raycast_occlusion_cull.cpp:207)
   GDScript backtrace (most recent call first):
       [0] _cull_native (res://src/core/world/prototype_batch.gd:398)
       [1] cull_and_upload (res://src/core/world/prototype_batch.gd:327)
       [2] tick_cull_if_needed (res://src/core/world/prototype_registry.gd:271)
       [3] tick_prototype_cull (res://src/core/world/static_object_renderer.gd:308)
       [4] _process (res://src/core/world/native_streaming_manager.gd:732)
ERROR: Parameter "occluder" is null.
   at: occluder_set_mesh (modules/raycast/raycast_occlusion_cull.cpp:207)
   GDScript backtrace (most recent call first):
       [0] _cull_native (res://src/core/world/prototype_batch.gd:398)
       [1] cull_and_upload (res://src/core/world/prototype_batch.gd:327)
       [2] tick_cull_if_needed (res://src/core/world/prototype_registry.gd:271)
       [3] tick_prototype_cull (res://src/core/world/static_object_renderer.gd:308)
       [4] _process (res://src/core/world/native_streaming_manager.gd:732)
[INFO] [tools] Cell loaded: (-7, -5) - 2 objects (native)
[INFO] [tools] Cell loaded: (3, -13) - 2 objects (native)
WARNING: [WARN] [streaming] Door 'ex_velothi_loaddoor_01' -> NO building found (seamless=false, non_seamless_match=false)
   at: push_warning (core/variant/variant_utility.cpp:1034)
   GDScript backtrace (most recent call first):
       [0] _log (res://src/core/logging/logger.gd:80)
       [1] warn (res://src/core/logging/logger.gd:43)
       [2] _identify_building_for_door (res://src/core/world/interior_pocket_manager.gd:572)
       [3] register_exterior_cell_doors (res://src/core/world/interior_pocket_manager.gd:421)
       [4] _on_native_cell_loaded (res://src/tools/world_explorer.gd:1936)
       [5] _process_async_completions (res://src/core/world/native_streaming_manager.gd:1565)
       [6] _process (res://src/core/world/native_streaming_manager.gd:663)
WARNING: [WARN] [streaming] Door 'ex_velothi_loaddoor_02' -> NO building found (seamless=false, non_seamless_match=false)
   at: push_warning (core/variant/variant_utility.cpp:1034)
   GDScript backtrace (most recent call first):
       [0] _log (res://src/core/logging/logger.gd:80)
       [1] warn (res://src/core/logging/logger.gd:43)
       [2] _identify_building_for_door (res://src/core/world/interior_pocket_manager.gd:572)
       [3] register_exterior_cell_doors (res://src/core/world/interior_pocket_manager.gd:421)
       [4] _on_native_cell_loaded (res://src/tools/world_explorer.gd:1936)
       [5] _process_async_completions (res://src/core/world/native_streaming_manager.gd:1565)
       [6] _process (res://src/core/world/native_streaming_manager.gd:663)
[INFO] [streaming] Door 'Ex_V_palace_grate_02' -> building 'Ex_Vivec_pqs_01' (ex_vivec_pqs_01.nif, dist=4.2m, seamless=true)
[INFO] [streaming] Door 'ex_v_palace_grate_01' -> building 'Ex_Vivec_waterfall_03' (ex_vivec_waterfall_03.nif, dist=4.9m, seamless=true)
[INFO] [streaming] Door 'ex_vivec_grate_01' -> building 'ex_vivec_waterspout_03' (ex_vivec_waterspout_03.nif, dist=0.2m, seamless=true)
[INFO] [tools] Cell loaded: (-7, -13) - 0 objects (native)
[INFO] [tools] Cell loaded: (-6, -14) - 0 objects (native)
[INFO] [impostors] Benchmark: 47577 impostors, 256 tex layers, 8464 pending cells, mm_instances=40681
[INFO] [tools] Cell loaded: (2, -14) - 0 objects (native)
[INFO] [streaming] heartbeat sec=179 frame=1372 fps=13.4 proc=84.5ms phys=0.2ms draws=7135 objs=10327 prims=2527k loaded=117 loading=4 reg_batches=535 reg_slots=14386
[INFO] [impostors] Benchmark: 51062 impostors, 256 tex layers, 7548 pending cells, mm_instances=40681
[INFO] [impostors] Screen-size histogram (51208 total impostors):
[INFO] [impostors]   <1px: 10829 (21.1%)
[INFO] [impostors]   1-2px: 14955 (29.2%)
[INFO] [impostors]   2-5px: 12696 (24.8%)
[INFO] [impostors]   5-10px: 7669 (15.0%)
[INFO] [impostors]   10+px: 5059 (9.9%)
[INFO] [streaming] heartbeat sec=184 frame=1571 fps=39.8 proc=20.9ms phys=0.2ms draws=7135 objs=10326 prims=2548k loaded=117 loading=4 reg_batches=535 reg_slots=14386
[INFO] [tools] [AUTOBENCH] settle reached — fps=60, total_elapsed=160.8s
[INFO] [tools] [AUTOBENCH] scenario C (bench_tiers) — sampling 30s static at Seyda Neen
[INFO] [streaming] [POCKET] Loading 'Seyda Neen, Arrille's Tradehouse' into slot 0
[INFO] [streaming] [POCKET] Cell record found: 'Seyda Neen, Arrille's Tradehouse' (207 references, interior=true)
[INFO] [streaming] [POCKET] async load started (req=118) for 'Seyda Neen, Arrille's Tradehouse'
WARNING: [WARN] [streaming] Frame overrun: 48.4ms [cellupd:0.0 unload:0.0 async:0.0 inst:5.0 promo:0.0 coll:0.6 defer:0.0 queue:0.0] (budget:8.0ms, overruns:1286)
   at: push_warning (core/variant/variant_utility.cpp:1034)
   GDScript backtrace (most recent call first):
       [0] _log (res://src/core/logging/logger.gd:80)
       [1] warn (res://src/core/logging/logger.gd:43)
       [2] _process (res://src/core/world/native_streaming_manager.gd:745)
[INFO] [impostors] Benchmark: 51208 impostors, 256 tex layers, 0 pending cells, mm_instances=51208
[INFO] [interaction] [DOOR_ATTACH] ex_nord_door_01 (dest='' teleport=false has_collision=true)
[INFO] [interaction] [DOOR_ATTACH] ex_nord_door_01 (dest='' teleport=false has_collision=true)
[INFO] [streaming] [POCKET] async complete: req=118 'Seyda Neen, Arrille's Tradehouse' (138 children) → finish-up
[INFO] [streaming] Added lightbox: size=(15.33403, 22.54486, 92.44725) center=(-3.629655, 3.312729, 39.30863)
[INFO] [streaming] Interior pocket loaded: 'Seyda Neen, Arrille's Tradehouse' (slot 0, 141 objects, 2 doors, 16 lights)
[INFO] [streaming] Portal candidate: 'Seyda Neen, Arrille's Tradehouse' (dist=5.9m)
[INFO] [streaming] Portal candidate: 'Seyda Neen, Arrille's Tradehouse' (dist=5.9m)
[INFO] [streaming] Portal candidate: 'Seyda Neen, Arrille's Tradehouse' (dist=5.9m)
[INFO] [streaming] Portal candidate: 'Seyda Neen, Arrille's Tradehouse' (dist=5.9m)
[INFO] [streaming] Portal candidate: 'Seyda Neen, Arrille's Tradehouse' (dist=5.9m)
[INFO] [streaming] Portal candidate: 'Seyda Neen, Arrille's Tradehouse' (dist=5.9m)
[INFO] [streaming] Portal candidate: 'Seyda Neen, Arrille's Tradehouse' (dist=5.9m)
[INFO] [streaming] Portal candidate: 'Seyda Neen, Arrille's Tradehouse' (dist=5.9m)
[INFO] [streaming] Portal candidate: 'Seyda Neen, Arrille's Tradehouse' (dist=5.9m)
[INFO] [streaming] Portal candidate: 'Seyda Neen, Arrille's Tradehouse' (dist=5.9m)
[INFO] [streaming] Portal candidate: 'Seyda Neen, Arrille's Tradehouse' (dist=5.9m)
[INFO] [streaming] Portal candidate: 'Seyda Neen, Arrille's Tradehouse' (dist=5.9m)
[INFO] [streaming] Portal candidate: 'Seyda Neen, Arrille's Tradehouse' (dist=5.9m)
[INFO] [streaming] Portal candidate: 'Seyda Neen, Arrille's Tradehouse' (dist=5.9m)
[INFO] [streaming] Portal candidate: 'Seyda Neen, Arrille's Tradehouse' (dist=5.9m)
[INFO] [streaming] Portal candidate: 'Seyda Neen, Arrille's Tradehouse' (dist=5.9m)
[INFO] [streaming] Portal candidate: 'Seyda Neen, Arrille's Tradehouse' (dist=5.9m)
[INFO] [streaming] Portal candidate: 'Seyda Neen, Arrille's Tradehouse' (dist=5.9m)
[INFO] [streaming] Portal candidate: 'Seyda Neen, Arrille's Tradehouse' (dist=5.9m)
[INFO] [streaming] Portal candidate: 'Seyda Neen, Arrille's Tradehouse' (dist=5.9m)
[INFO] [streaming] Portal candidate: 'Seyda Neen, Arrille's Tradehouse' (dist=5.9m)
[INFO] [streaming] Portal candidate: 'Seyda Neen, Arrille's Tradehouse' (dist=5.9m)
[INFO] [streaming] Portal candidate: 'Seyda Neen, Arrille's Tradehouse' (dist=5.9m)
[INFO] [streaming] Portal candidate: 'Seyda Neen, Arrille's Tradehouse' (dist=5.9m)
[INFO] [streaming] Portal candidate: 'Seyda Neen, Arrille's Tradehouse' (dist=5.9m)
[INFO] [streaming] Portal candidate: 'Seyda Neen, Arrille's Tradehouse' (dist=5.9m)
[INFO] [streaming] Portal candidate: 'Seyda Neen, Arrille's Tradehouse' (dist=5.9m)
[INFO] [streaming] Portal candidate: 'Seyda Neen, Arrille's Tradehouse' (dist=5.9m)
[INFO] [streaming] Portal candidate: 'Seyda Neen, Arrille's Tradehouse' (dist=5.9m)
[INFO] [streaming] Portal candidate: 'Seyda Neen, Arrille's Tradehouse' (dist=5.9m)
[INFO] [streaming] Portal candidate: 'Seyda Neen, Arrille's Tradehouse' (dist=5.9m)
[INFO] [streaming] Portal candidate: 'Seyda Neen, Arrille's Tradehouse' (dist=5.9m)
[INFO] [streaming] Portal candidate: 'Seyda Neen, Arrille's Tradehouse' (dist=5.9m)
[INFO] [streaming] Portal candidate: 'Seyda Neen, Arrille's Tradehouse' (dist=5.9m)
[INFO] [streaming] Portal candidate: 'Seyda Neen, Arrille's Tradehouse' (dist=5.9m)
[INFO] [streaming] Portal candidate: 'Seyda Neen, Arrille's Tradehouse' (dist=5.9m)
[INFO] [streaming] Portal candidate: 'Seyda Neen, Arrille's Tradehouse' (dist=5.9m)
[INFO] [streaming] Portal candidate: 'Seyda Neen, Arrille's Tradehouse' (dist=5.9m)
[INFO] [streaming] Portal candidate: 'Seyda Neen, Arrille's Tradehouse' (dist=5.9m)
[INFO] [streaming] Portal candidate: 'Seyda Neen, Arrille's Tradehouse' (dist=5.9m)
[INFO] [streaming] Portal candidate: 'Seyda Neen, Arrille's Tradehouse' (dist=5.9m)
[INFO] [streaming] Portal candidate: 'Seyda Neen, Arrille's Tradehouse' (dist=5.9m)
[INFO] [streaming] Portal candidate: 'Seyda Neen, Arrille's Tradehouse' (dist=5.9m)
[INFO] [streaming] Portal candidate: 'Seyda Neen, Arrille's Tradehouse' (dist=5.9m)
[INFO] [streaming] Portal candidate: 'Seyda Neen, Arrille's Tradehouse' (dist=5.9m)
[INFO] [streaming] Portal candidate: 'Seyda Neen, Arrille's Tradehouse' (dist=5.9m)
[INFO] [streaming] Portal candidate: 'Seyda Neen, Arrille's Tradehouse' (dist=5.9m)
[INFO] [streaming] Portal candidate: 'Seyda Neen, Arrille's Tradehouse' (dist=5.9m)
[INFO] [streaming] Portal candidate: 'Seyda Neen, Arrille's Tradehouse' (dist=5.9m)
[INFO] [streaming] Portal candidate: 'Seyda Neen, Arrille's Tradehouse' (dist=5.9m)
[INFO] [streaming] Portal candidate: 'Seyda Neen, Arrille's Tradehouse' (dist=5.9m)
[INFO] [streaming] Portal candidate: 'Seyda Neen, Arrille's Tradehouse' (dist=5.9m)
[INFO] [streaming] Portal candidate: 'Seyda Neen, Arrille's Tradehouse' (dist=5.9m)
[INFO] [streaming] Portal candidate: 'Seyda Neen, Arrille's Tradehouse' (dist=5.9m)
[INFO] [streaming] Portal candidate: 'Seyda Neen, Arrille's Tradehouse' (dist=5.9m)
[INFO] [streaming] Portal candidate: 'Seyda Neen, Arrille's Tradehouse' (dist=5.9m)
[INFO] [streaming] Portal candidate: 'Seyda Neen, Arrille's Tradehouse' (dist=5.9m)
[INFO] [streaming] Portal candidate: 'Seyda Neen, Arrille's Tradehouse' (dist=5.9m)
[INFO] [streaming] Portal candidate: 'Seyda Neen, Arrille's Tradehouse' (dist=5.9m)
[INFO] [streaming] Portal candidate: 'Seyda Neen, Arrille's Tradehouse' (dist=5.9m)
[INFO] [streaming] Portal candidate: 'Seyda Neen, Arrille's Tradehouse' (dist=5.9m)
[INFO] [streaming] Portal candidate: 'Seyda Neen, Arrille's Tradehouse' (dist=5.9m)
[INFO] [streaming] Portal candidate: 'Seyda Neen, Arrille's Tradehouse' (dist=5.9m)
[INFO] [streaming] Portal candidate: 'Seyda Neen, Arrille's Tradehouse' (dist=5.9m)
[INFO] [streaming] Portal candidate: 'Seyda Neen, Arrille's Tradehouse' (dist=5.9m)
[INFO] [streaming] Portal candidate: 'Seyda Neen, Arrille's Tradehouse' (dist=5.9m)
[INFO] [streaming] Portal candidate: 'Seyda Neen, Arrille's Tradehouse' (dist=5.9m)
[INFO] [streaming] Portal candidate: 'Seyda Neen, Arrille's Tradehouse' (dist=5.9m)
[INFO] [streaming] Portal candidate: 'Seyda Neen, Arrille's Tradehouse' (dist=5.9m)
[INFO] [streaming] Portal candidate: 'Seyda Neen, Arrille's Tradehouse' (dist=5.9m)
[INFO] [streaming] Portal candidate: 'Seyda Neen, Arrille's Tradehouse' (dist=5.9m)
[INFO] [streaming] Portal candidate: 'Seyda Neen, Arrille's Tradehouse' (dist=5.9m)
[INFO] [streaming] Portal candidate: 'Seyda Neen, Arrille's Tradehouse' (dist=5.9m)
[INFO] [streaming] Portal candidate: 'Seyda Neen, Arrille's Tradehouse' (dist=5.9m)
[INFO] [streaming] Portal candidate: 'Seyda Neen, Arrille's Tradehouse' (dist=5.9m)
[INFO] [streaming] Portal candidate: 'Seyda Neen, Arrille's Tradehouse' (dist=5.9m)
[INFO] [streaming] Portal candidate: 'Seyda Neen, Arrille's Tradehouse' (dist=5.9m)
[INFO] [streaming] Portal candidate: 'Seyda Neen, Arrille's Tradehouse' (dist=5.9m)
[INFO] [streaming] Portal candidate: 'Seyda Neen, Arrille's Tradehouse' (dist=5.9m)
[INFO] [streaming] Portal candidate: 'Seyda Neen, Arrille's Tradehouse' (dist=5.9m)
[INFO] [streaming] heartbeat sec=189 frame=1816 fps=49.0 proc=135.4ms phys=0.2ms draws=7121 objs=8716 prims=3248k loaded=117 loading=4 reg_batches=535 reg_slots=14378
[INFO] [streaming] Portal candidate: 'Seyda Neen, Arrille's Tradehouse' (dist=5.9m)
[INFO] [streaming] Portal candidate: 'Seyda Neen, Arrille's Tradehouse' (dist=5.9m)
[INFO] [streaming] Portal candidate: 'Seyda Neen, Arrille's Tradehouse' (dist=5.9m)
[INFO] [streaming] Portal candidate: 'Seyda Neen, Arrille's Tradehouse' (dist=5.9m)
[INFO] [streaming] Portal candidate: 'Seyda Neen, Arrille's Tradehouse' (dist=5.9m)
[INFO] [streaming] Portal candidate: 'Seyda Neen, Arrille's Tradehouse' (dist=5.9m)
[INFO] [streaming] Portal candidate: 'Seyda Neen, Arrille's Tradehouse' (dist=5.9m)
[INFO] [streaming] Portal candidate: 'Seyda Neen, Arrille's Tradehouse' (dist=5.9m)
[INFO] [streaming] Portal candidate: 'Seyda Neen, Arrille's Tradehouse' (dist=5.9m)
[INFO] [streaming] Portal candidate: 'Seyda Neen, Arrille's Tradehouse' (dist=5.9m)
[INFO] [streaming] Portal candidate: 'Seyda Neen, Arrille's Tradehouse' (dist=5.9m)
[INFO] [streaming] Portal candidate: 'Seyda Neen, Arrille's Tradehouse' (dist=5.9m)
[INFO] [streaming] Portal candidate: 'Seyda Neen, Arrille's Tradehouse' (dist=5.9m)
[INFO] [streaming] Portal candidate: 'Seyda Neen, Arrille's Tradehouse' (dist=5.9m)
[INFO] [streaming] Portal candidate: 'Seyda Neen, Arrille's Tradehouse' (dist=5.9m)
[INFO] [streaming] Portal candidate: 'Seyda Neen, Arrille's Tradehouse' (dist=5.9m)
[INFO] [streaming] Portal candidate: 'Seyda Neen, Arrille's Tradehouse' (dist=5.9m)
[INFO] [streaming] Portal candidate: 'Seyda Neen, Arrille's Tradehouse' (dist=5.9m)
[INFO] [streaming] Portal candidate: 'Seyda Neen, Arrille's Tradehouse' (dist=5.9m)
[INFO] [streaming] Portal candidate: 'Seyda Neen, Arrille's Tradehouse' (dist=5.9m)
[INFO] [streaming] Portal candidate: 'Seyda Neen, Arrille's Tradehouse' (dist=5.9m)
[INFO] [streaming] Portal candidate: 'Seyda Neen, Arrille's Tradehouse' (dist=5.9m)
[INFO] [streaming] Portal candidate: 'Seyda Neen, Arrille's Tradehouse' (dist=5.9m)
[INFO] [streaming] Portal candidate: 'Seyda Neen, Arrille's Tradehouse' (dist=5.9m)
[INFO] [streaming] Portal candidate: 'Seyda Neen, Arrille's Tradehouse' (dist=5.9m)
[INFO] [streaming] Portal candidate: 'Seyda Neen, Arrille's Tradehouse' (dist=5.9m)
[INFO] [streaming] Portal candidate: 'Seyda Neen, Arrille's Tradehouse' (dist=5.9m)
[INFO] [streaming] Portal candidate: 'Seyda Neen, Arrille's Tradehouse' (dist=5.9m)
[INFO] [streaming] Portal candidate: 'Seyda Neen, Arrille's Tradehouse' (dist=5.9m)
[INFO] [streaming] Portal candidate: 'Seyda Neen, Arrille's Tradehouse' (dist=5.9m)
[INFO] [streaming] Portal candidate: 'Seyda Neen, Arrille's Tradehouse' (dist=5.9m)
[INFO] [streaming] Portal candidate: 'Seyda Neen, Arrille's Tradehouse' (dist=5.9m)
[INFO] [streaming] Portal candidate: 'Seyda Neen, Arrille's Tradehouse' (dist=5.9m)
[INFO] [streaming] Portal candidate: 'Seyda Neen, Arrille's Tradehouse' (dist=5.9m)
[INFO] [streaming] Portal candidate: 'Seyda Neen, Arrille's Tradehouse' (dist=5.9m)
[INFO] [streaming] Portal candidate: 'Seyda Neen, Arrille's Tradehouse' (dist=5.9m)
[INFO] [streaming] Portal candidate: 'Seyda Neen, Arrille's Tradehouse' (dist=5.9m)
[INFO] [streaming] Portal candidate: 'Seyda Neen, Arrille's Tradehouse' (dist=5.9m)
[INFO] [streaming] Portal candidate: 'Seyda Neen, Arrille's Tradehouse' (dist=5.9m)
[INFO] [streaming] Portal candidate: 'Seyda Neen, Arrille's Tradehouse' (dist=5.9m)
[INFO] [streaming] Portal candidate: 'Seyda Neen, Arrille's Tradehouse' (dist=5.9m)
[INFO] [streaming] Portal candidate: 'Seyda Neen, Arrille's Tradehouse' (dist=5.9m)
[INFO] [streaming] Portal candidate: 'Seyda Neen, Arrille's Tradehouse' (dist=5.9m)
[INFO] [streaming] Portal candidate: 'Seyda Neen, Arrille's Tradehouse' (dist=5.9m)
[INFO] [streaming] Portal candidate: 'Seyda Neen, Arrille's Tradehouse' (dist=5.9m)
[INFO] [streaming] Portal candidate: 'Seyda Neen, Arrille's Tradehouse' (dist=5.9m)
[INFO] [streaming] Portal candidate: 'Seyda Neen, Arrille's Tradehouse' (dist=5.9m)
[INFO] [streaming] Portal candidate: 'Seyda Neen, Arrille's Tradehouse' (dist=5.9m)
[INFO] [streaming] Portal candidate: 'Seyda Neen, Arrille's Tradehouse' (dist=5.9m)
[INFO] [streaming] Portal candidate: 'Seyda Neen, Arrille's Tradehouse' (dist=5.9m)
[INFO] [streaming] Portal candidate: 'Seyda Neen, Arrille's Tradehouse' (dist=5.9m)
[INFO] [streaming] Portal candidate: 'Seyda Neen, Arrille's Tradehouse' (dist=5.9m)
[INFO] [streaming] Portal candidate: 'Seyda Neen, Arrille's Tradehouse' (dist=5.9m)
[INFO] [streaming] Portal candidate: 'Seyda Neen, Arrille's Tradehouse' (dist=5.9m)
[INFO] [streaming] Portal candidate: 'Seyda Neen, Arrille's Tradehouse' (dist=5.9m)
[INFO] [streaming] Portal candidate: 'Seyda Neen, Arrille's Tradehouse' (dist=5.9m)
[INFO] [streaming] Portal candidate: 'Seyda Neen, Arrille's Tradehouse' (dist=5.9m)
[INFO] [streaming] Portal candidate: 'Seyda Neen, Arrille's Tradehouse' (dist=5.9m)
[INFO] [streaming] Portal candidate: 'Seyda Neen, Arrille's Tradehouse' (dist=5.9m)
[INFO] [streaming] Portal candidate: 'Seyda Neen, Arrille's Tradehouse' (dist=5.9m)
[INFO] [streaming] Portal candidate: 'Seyda Neen, Arrille's Tradehouse' (dist=5.9m)
[INFO] [streaming] Portal candidate: 'Seyda Neen, Arrille's Tradehouse' (dist=5.9m)
[INFO] [streaming] Portal candidate: 'Seyda Neen, Arrille's Tradehouse' (dist=5.9m)
[INFO] [streaming] Portal candidate: 'Seyda Neen, Arrille's Tradehouse' (dist=5.9m)
[INFO] [streaming] Portal candidate: 'Seyda Neen, Arrille's Tradehouse' (dist=5.9m)
[INFO] [streaming] Portal candidate: 'Seyda Neen, Arrille's Tradehouse' (dist=5.9m)
[INFO] [streaming] Portal candidate: 'Seyda Neen, Arrille's Tradehouse' (dist=5.9m)
[INFO] [streaming] Portal candidate: 'Seyda Neen, Arrille's Tradehouse' (dist=5.9m)
[INFO] [streaming] Portal candidate: 'Seyda Neen, Arrille's Tradehouse' (dist=5.9m)
[INFO] [streaming] Portal candidate: 'Seyda Neen, Arrille's Tradehouse' (dist=5.9m)
[INFO] [streaming] Portal candidate: 'Seyda Neen, Arrille's Tradehouse' (dist=5.9m)
[INFO] [streaming] Portal candidate: 'Seyda Neen, Arrille's Tradehouse' (dist=5.9m)
[INFO] [streaming] Portal candidate: 'Seyda Neen, Arrille's Tradehouse' (dist=5.9m)
[INFO] [streaming] Portal candidate: 'Seyda Neen, Arrille's Tradehouse' (dist=5.9m)
[INFO] [streaming] Portal candidate: 'Seyda Neen, Arrille's Tradehouse' (dist=5.9m)
[INFO] [streaming] Portal candidate: 'Seyda Neen, Arrille's Tradehouse' (dist=5.9m)
[INFO] [streaming] Portal candidate: 'Seyda Neen, Arrille's Tradehouse' (dist=5.9m)
[INFO] [streaming] Portal candidate: 'Seyda Neen, Arrille's Tradehouse' (dist=5.9m)
[INFO] [streaming] Portal candidate: 'Seyda Neen, Arrille's Tradehouse' (dist=5.9m)
[INFO] [streaming] Portal candidate: 'Seyda Neen, Arrille's Tradehouse' (dist=5.9m)
[INFO] [streaming] Portal candidate: 'Seyda Neen, Arrille's Tradehouse' (dist=5.9m)
[INFO] [streaming] Portal candidate: 'Seyda Neen, Arrille's Tradehouse' (dist=5.9m)
[INFO] [streaming] Portal candidate: 'Seyda Neen, Arrille's Tradehouse' (dist=5.9m)
[INFO] [streaming] Portal candidate: 'Seyda Neen, Arrille's Tradehouse' (dist=5.9m)
[INFO] [streaming] Portal candidate: 'Seyda Neen, Arrille's Tradehouse' (dist=5.9m)
[INFO] [streaming] Portal candidate: 'Seyda Neen, Arrille's Tradehouse' (dist=5.9m)
[INFO] [streaming] Portal candidate: 'Seyda Neen, Arrille's Tradehouse' (dist=5.9m)
[INFO] [streaming] Portal candidate: 'Seyda Neen, Arrille's Tradehouse' (dist=5.9m)
[INFO] [streaming] Portal candidate: 'Seyda Neen, Arrille's Tradehouse' (dist=5.9m)
[INFO] [streaming] Portal candidate: 'Seyda Neen, Arrille's Tradehouse' (dist=5.9m)
[INFO] [streaming] Portal candidate: 'Seyda Neen, Arrille's Tradehouse' (dist=5.9m)
[INFO] [streaming] Portal candidate: 'Seyda Neen, Arrille's Tradehouse' (dist=5.9m)
[INFO] [streaming] Portal candidate: 'Seyda Neen, Arrille's Tradehouse' (dist=5.9m)
[INFO] [streaming] Portal candidate: 'Seyda Neen, Arrille's Tradehouse' (dist=5.9m)
[INFO] [streaming] Portal candidate: 'Seyda Neen, Arrille's Tradehouse' (dist=5.9m)
[INFO] [streaming] Portal candidate: 'Seyda Neen, Arrille's Tradehouse' (dist=5.9m)
[INFO] [streaming] Portal candidate: 'Seyda Neen, Arrille's Tradehouse' (dist=5.9m)
[INFO] [streaming] Portal candidate: 'Seyda Neen, Arrille's Tradehouse' (dist=5.9m)
[INFO] [streaming] Portal candidate: 'Seyda Neen, Arrille's Tradehouse' (dist=5.9m)
[INFO] [streaming] Portal candidate: 'Seyda Neen, Arrille's Tradehouse' (dist=5.9m)
[INFO] [streaming] Portal candidate: 'Seyda Neen, Arrille's Tradehouse' (dist=5.9m)
[INFO] [streaming] Portal candidate: 'Seyda Neen, Arrille's Tradehouse' (dist=5.9m)
[INFO] [streaming] Portal candidate: 'Seyda Neen, Arrille's Tradehouse' (dist=5.9m)
[INFO] [streaming] Portal candidate: 'Seyda Neen, Arrille's Tradehouse' (dist=5.9m)
[INFO] [streaming] Portal candidate: 'Seyda Neen, Arrille's Tradehouse' (dist=5.9m)
[INFO] [streaming] Portal candidate: 'Seyda Neen, Arrille's Tradehouse' (dist=5.9m)
[INFO] [streaming] Portal candidate: 'Seyda Neen, Arrille's Tradehouse' (dist=5.9m)
[INFO] [streaming] Portal candidate: 'Seyda Neen, Arrille's Tradehouse' (dist=5.9m)
[INFO] [streaming] Portal candidate: 'Seyda Neen, Arrille's Tradehouse' (dist=5.9m)
[INFO] [streaming] Portal candidate: 'Seyda Neen, Arrille's Tradehouse' (dist=5.9m)
[INFO] [streaming] Portal candidate: 'Seyda Neen, Arrille's Tradehouse' (dist=5.9m)
[INFO] [streaming] Portal candidate: 'Seyda Neen, Arrille's Tradehouse' (dist=5.9m)
[INFO] [streaming] Portal candidate: 'Seyda Neen, Arrille's Tradehouse' (dist=5.9m)
[INFO] [streaming] Portal candidate: 'Seyda Neen, Arrille's Tradehouse' (dist=5.9m)
[INFO] [streaming] Portal candidate: 'Seyda Neen, Arrille's Tradehouse' (dist=5.9m)
[INFO] [streaming] Portal candidate: 'Seyda Neen, Arrille's Tradehouse' (dist=5.9m)
[INFO] [streaming] Portal candidate: 'Seyda Neen, Arrille's Tradehouse' (dist=5.9m)
[INFO] [impostors] Benchmark: 51208 impostors, 256 tex layers, 0 pending cells, mm_instances=51208
[INFO] [streaming] Portal candidate: 'Seyda Neen, Arrille's Tradehouse' (dist=5.9m)
[INFO] [streaming] Portal candidate: 'Seyda Neen, Arrille's Tradehouse' (dist=5.9m)
[INFO] [streaming] Portal candidate: 'Seyda Neen, Arrille's Tradehouse' (dist=5.9m)
[INFO] [streaming] Portal candidate: 'Seyda Neen, Arrille's Tradehouse' (dist=5.9m)
[INFO] [streaming] Portal candidate: 'Seyda Neen, Arrille's Tradehouse' (dist=5.9m)
[INFO] [streaming] Portal candidate: 'Seyda Neen, Arrille's Tradehouse' (dist=5.9m)
[INFO] [streaming] Portal candidate: 'Seyda Neen, Arrille's Tradehouse' (dist=5.9m)
[INFO] [streaming] Portal candidate: 'Seyda Neen, Arrille's Tradehouse' (dist=5.9m)
[INFO] [streaming] Portal candidate: 'Seyda Neen, Arrille's Tradehouse' (dist=5.9m)
[INFO] [streaming] Portal candidate: 'Seyda Neen, Arrille's Tradehouse' (dist=5.9m)
[INFO] [streaming] Portal candidate: 'Seyda Neen, Arrille's Tradehouse' (dist=5.9m)
[INFO] [streaming] Portal candidate: 'Seyda Neen, Arrille's Tradehouse' (dist=5.9m)
[INFO] [streaming] Portal candidate: 'Seyda Neen, Arrille's Tradehouse' (dist=5.9m)
[INFO] [streaming] Portal candidate: 'Seyda Neen, Arrille's Tradehouse' (dist=5.9m)
[INFO] [streaming] Portal candidate: 'Seyda Neen, Arrille's Tradehouse' (dist=5.9m)
[INFO] [streaming] Portal candidate: 'Seyda Neen, Arrille's Tradehouse' (dist=5.9m)
[INFO] [streaming] Portal candidate: 'Seyda Neen, Arrille's Tradehouse' (dist=5.9m)
[INFO] [streaming] Portal candidate: 'Seyda Neen, Arrille's Tradehouse' (dist=5.9m)
[INFO] [streaming] Portal candidate: 'Seyda Neen, Arrille's Tradehouse' (dist=5.9m)
[INFO] [streaming] Portal candidate: 'Seyda Neen, Arrille's Tradehouse' (dist=5.9m)
[INFO] [streaming] Portal candidate: 'Seyda Neen, Arrille's Tradehouse' (dist=5.9m)
[INFO] [streaming] Portal candidate: 'Seyda Neen, Arrille's Tradehouse' (dist=5.9m)
[INFO] [streaming] Portal candidate: 'Seyda Neen, Arrille's Tradehouse' (dist=5.9m)
[INFO] [streaming] Portal candidate: 'Seyda Neen, Arrille's Tradehouse' (dist=5.9m)
[INFO] [streaming] Portal candidate: 'Seyda Neen, Arrille's Tradehouse' (dist=5.9m)
[INFO] [streaming] Portal candidate: 'Seyda Neen, Arrille's Tradehouse' (dist=5.9m)
[INFO] [streaming] Portal candidate: 'Seyda Neen, Arrille's Tradehouse' (dist=5.9m)
[INFO] [streaming] Portal candidate: 'Seyda Neen, Arrille's Tradehouse' (dist=5.9m)
[INFO] [streaming] Portal candidate: 'Seyda Neen, Arrille's Tradehouse' (dist=5.9m)
[INFO] [streaming] Portal candidate: 'Seyda Neen, Arrille's Tradehouse' (dist=5.9m)
[INFO] [streaming] Portal candidate: 'Seyda Neen, Arrille's Tradehouse' (dist=5.9m)
[INFO] [streaming] Portal candidate: 'Seyda Neen, Arrille's Tradehouse' (dist=5.9m)
[INFO] [streaming] Portal candidate: 'Seyda Neen, Arrille's Tradehouse' (dist=5.9m)
[INFO] [streaming] Portal candidate: 'Seyda Neen, Arrille's Tradehouse' (dist=5.9m)
[INFO] [streaming] Portal candidate: 'Seyda Neen, Arrille's Tradehouse' (dist=5.9m)
[INFO] [streaming] Portal candidate: 'Seyda Neen, Arrille's Tradehouse' (dist=5.9m)
[INFO] [streaming] Portal candidate: 'Seyda Neen, Arrille's Tradehouse' (dist=5.9m)
[INFO] [streaming] Portal candidate: 'Seyda Neen, Arrille's Tradehouse' (dist=5.9m)
[INFO] [streaming] Portal candidate: 'Seyda Neen, Arrille's Tradehouse' (dist=5.9m)
[INFO] [streaming] Portal candidate: 'Seyda Neen, Arrille's Tradehouse' (dist=5.9m)
[INFO] [streaming] Portal candidate: 'Seyda Neen, Arrille's Tradehouse' (dist=5.9m)
[INFO] [streaming] Portal candidate: 'Seyda Neen, Arrille's Tradehouse' (dist=5.9m)
[INFO] [streaming] Portal candidate: 'Seyda Neen, Arrille's Tradehouse' (dist=5.9m)
[INFO] [streaming] Portal candidate: 'Seyda Neen, Arrille's Tradehouse' (dist=5.9m)
[INFO] [streaming] Portal candidate: 'Seyda Neen, Arrille's Tradehouse' (dist=5.9m)
[INFO] [streaming] Portal candidate: 'Seyda Neen, Arrille's Tradehouse' (dist=5.9m)
[INFO] [streaming] Portal candidate: 'Seyda Neen, Arrille's Tradehouse' (dist=5.9m)
[INFO] [streaming] Portal candidate: 'Seyda Neen, Arrille's Tradehouse' (dist=5.9m)
[INFO] [streaming] Portal candidate: 'Seyda Neen, Arrille's Tradehouse' (dist=5.9m)
[INFO] [streaming] Portal candidate: 'Seyda Neen, Arrille's Tradehouse' (dist=5.9m)
[INFO] [streaming] Portal candidate: 'Seyda Neen, Arrille's Tradehouse' (dist=5.9m)
[INFO] [streaming] Portal candidate: 'Seyda Neen, Arrille's Tradehouse' (dist=5.9m)
[INFO] [streaming] Portal candidate: 'Seyda Neen, Arrille's Tradehouse' (dist=5.9m)
[INFO] [streaming] Portal candidate: 'Seyda Neen, Arrille's Tradehouse' (dist=5.9m)
[INFO] [streaming] Portal candidate: 'Seyda Neen, Arrille's Tradehouse' (dist=5.9m)
[INFO] [streaming] Portal candidate: 'Seyda Neen, Arrille's Tradehouse' (dist=5.9m)
[INFO] [streaming] Portal candidate: 'Seyda Neen, Arrille's Tradehouse' (dist=5.9m)
[INFO] [streaming] Portal candidate: 'Seyda Neen, Arrille's Tradehouse' (dist=5.9m)
[INFO] [streaming] Portal candidate: 'Seyda Neen, Arrille's Tradehouse' (dist=5.9m)
[INFO] [streaming] Portal candidate: 'Seyda Neen, Arrille's Tradehouse' (dist=5.9m)
[INFO] [streaming] Portal candidate: 'Seyda Neen, Arrille's Tradehouse' (dist=5.9m)
[INFO] [streaming] Portal candidate: 'Seyda Neen, Arrille's Tradehouse' (dist=5.9m)
[INFO] [streaming] Portal candidate: 'Seyda Neen, Arrille's Tradehouse' (dist=5.9m)
[INFO] [streaming] Portal candidate: 'Seyda Neen, Arrille's Tradehouse' (dist=5.9m)
[INFO] [streaming] Portal candidate: 'Seyda Neen, Arrille's Tradehouse' (dist=5.9m)
[INFO] [streaming] Portal candidate: 'Seyda Neen, Arrille's Tradehouse' (dist=5.9m)
[INFO] [streaming] Portal candidate: 'Seyda Neen, Arrille's Tradehouse' (dist=5.9m)
[INFO] [streaming] Portal candidate: 'Seyda Neen, Arrille's Tradehouse' (dist=5.9m)
[INFO] [streaming] Portal candidate: 'Seyda Neen, Arrille's Tradehouse' (dist=5.9m)
[INFO] [streaming] Portal candidate: 'Seyda Neen, Arrille's Tradehouse' (dist=5.9m)
[INFO] [streaming] Portal candidate: 'Seyda Neen, Arrille's Tradehouse' (dist=5.9m)
[INFO] [streaming] Portal candidate: 'Seyda Neen, Arrille's Tradehouse' (dist=5.9m)
[INFO] [streaming] Portal candidate: 'Seyda Neen, Arrille's Tradehouse' (dist=5.9m)
[INFO] [streaming] Portal candidate: 'Seyda Neen, Arrille's Tradehouse' (dist=5.9m)
[INFO] [streaming] Portal candidate: 'Seyda Neen, Arrille's Tradehouse' (dist=5.9m)
[INFO] [streaming] Portal candidate: 'Seyda Neen, Arrille's Tradehouse' (dist=5.9m)
[INFO] [streaming] Portal candidate: 'Seyda Neen, Arrille's Tradehouse' (dist=5.9m)
[INFO] [streaming] Portal candidate: 'Seyda Neen, Arrille's Tradehouse' (dist=5.9m)
[INFO] [streaming] Portal candidate: 'Seyda Neen, Arrille's Tradehouse' (dist=5.9m)
[INFO] [streaming] Portal candidate: 'Seyda Neen, Arrille's Tradehouse' (dist=5.9m)
[INFO] [streaming] Portal candidate: 'Seyda Neen, Arrille's Tradehouse' (dist=5.9m)
[INFO] [streaming] Portal candidate: 'Seyda Neen, Arrille's Tradehouse' (dist=5.9m)
[INFO] [streaming] Portal candidate: 'Seyda Neen, Arrille's Tradehouse' (dist=5.9m)
[INFO] [streaming] Portal candidate: 'Seyda Neen, Arrille's Tradehouse' (dist=5.9m)
[INFO] [streaming] Portal candidate: 'Seyda Neen, Arrille's Tradehouse' (dist=5.9m)
[INFO] [streaming] Portal candidate: 'Seyda Neen, Arrille's Tradehouse' (dist=5.9m)
[INFO] [streaming] Portal candidate: 'Seyda Neen, Arrille's Tradehouse' (dist=5.9m)
[INFO] [streaming] Portal candidate: 'Seyda Neen, Arrille's Tradehouse' (dist=5.9m)
[INFO] [streaming] Portal candidate: 'Seyda Neen, Arrille's Tradehouse' (dist=5.9m)
[INFO] [streaming] Portal candidate: 'Seyda Neen, Arrille's Tradehouse' (dist=5.9m)
[INFO] [streaming] Portal candidate: 'Seyda Neen, Arrille's Tradehouse' (dist=5.9m)
[INFO] [streaming] Portal candidate: 'Seyda Neen, Arrille's Tradehouse' (dist=5.9m)
[INFO] [streaming] Portal candidate: 'Seyda Neen, Arrille's Tradehouse' (dist=5.9m)
[INFO] [streaming] Portal candidate: 'Seyda Neen, Arrille's Tradehouse' (dist=5.9m)
[INFO] [streaming] Portal candidate: 'Seyda Neen, Arrille's Tradehouse' (dist=5.9m)
[INFO] [streaming] Portal candidate: 'Seyda Neen, Arrille's Tradehouse' (dist=5.9m)
[INFO] [streaming] Portal candidate: 'Seyda Neen, Arrille's Tradehouse' (dist=5.9m)
[INFO] [streaming] Portal candidate: 'Seyda Neen, Arrille's Tradehouse' (dist=5.9m)
[INFO] [streaming] Portal candidate: 'Seyda Neen, Arrille's Tradehouse' (dist=5.9m)
[INFO] [streaming] Portal candidate: 'Seyda Neen, Arrille's Tradehouse' (dist=5.9m)
[INFO] [streaming] Portal candidate: 'Seyda Neen, Arrille's Tradehouse' (dist=5.9m)
[INFO] [streaming] Portal candidate: 'Seyda Neen, Arrille's Tradehouse' (dist=5.9m)
[INFO] [streaming] Portal candidate: 'Seyda Neen, Arrille's Tradehouse' (dist=5.9m)
[INFO] [streaming] Portal candidate: 'Seyda Neen, Arrille's Tradehouse' (dist=5.9m)
[INFO] [streaming] Portal candidate: 'Seyda Neen, Arrille's Tradehouse' (dist=5.9m)
[INFO] [streaming] Portal candidate: 'Seyda Neen, Arrille's Tradehouse' (dist=5.9m)
[INFO] [streaming] Portal candidate: 'Seyda Neen, Arrille's Tradehouse' (dist=5.9m)
[INFO] [streaming] Portal candidate: 'Seyda Neen, Arrille's Tradehouse' (dist=5.9m)
[INFO] [streaming] Portal candidate: 'Seyda Neen, Arrille's Tradehouse' (dist=5.9m)
[INFO] [streaming] Portal candidate: 'Seyda Neen, Arrille's Tradehouse' (dist=5.9m)
[INFO] [streaming] Portal candidate: 'Seyda Neen, Arrille's Tradehouse' (dist=5.9m)
[INFO] [streaming] Portal candidate: 'Seyda Neen, Arrille's Tradehouse' (dist=5.9m)
[INFO] [streaming] Portal candidate: 'Seyda Neen, Arrille's Tradehouse' (dist=5.9m)
[INFO] [streaming] Portal candidate: 'Seyda Neen, Arrille's Tradehouse' (dist=5.9m)
[INFO] [streaming] Portal candidate: 'Seyda Neen, Arrille's Tradehouse' (dist=5.9m)
[INFO] [streaming] Portal candidate: 'Seyda Neen, Arrille's Tradehouse' (dist=5.9m)
[INFO] [streaming] Portal candidate: 'Seyda Neen, Arrille's Tradehouse' (dist=5.9m)
[INFO] [streaming] Portal candidate: 'Seyda Neen, Arrille's Tradehouse' (dist=5.9m)
[INFO] [streaming] Portal candidate: 'Seyda Neen, Arrille's Tradehouse' (dist=5.9m)
[INFO] [streaming] Portal candidate: 'Seyda Neen, Arrille's Tradehouse' (dist=5.9m)
[INFO] [streaming] Portal candidate: 'Seyda Neen, Arrille's Tradehouse' (dist=5.9m)
[INFO] [streaming] Portal candidate: 'Seyda Neen, Arrille's Tradehouse' (dist=5.9m)
[INFO] [streaming] Portal candidate: 'Seyda Neen, Arrille's Tradehouse' (dist=5.9m)
[INFO] [streaming] Portal candidate: 'Seyda Neen, Arrille's Tradehouse' (dist=5.9m)
[INFO] [streaming] Portal candidate: 'Seyda Neen, Arrille's Tradehouse' (dist=5.9m)
[INFO] [streaming] Portal candidate: 'Seyda Neen, Arrille's Tradehouse' (dist=5.9m)
[INFO] [streaming] Portal candidate: 'Seyda Neen, Arrille's Tradehouse' (dist=5.9m)
[INFO] [streaming] Portal candidate: 'Seyda Neen, Arrille's Tradehouse' (dist=5.9m)
[INFO] [streaming] Portal candidate: 'Seyda Neen, Arrille's Tradehouse' (dist=5.9m)
[INFO] [streaming] Portal candidate: 'Seyda Neen, Arrille's Tradehouse' (dist=5.9m)
[INFO] [streaming] Portal candidate: 'Seyda Neen, Arrille's Tradehouse' (dist=5.9m)
[INFO] [streaming] Portal candidate: 'Seyda Neen, Arrille's Tradehouse' (dist=5.9m)
[INFO] [streaming] Portal candidate: 'Seyda Neen, Arrille's Tradehouse' (dist=5.9m)
[INFO] [streaming] Portal candidate: 'Seyda Neen, Arrille's Tradehouse' (dist=5.9m)
[INFO] [streaming] Portal candidate: 'Seyda Neen, Arrille's Tradehouse' (dist=5.9m)
[INFO] [streaming] Portal candidate: 'Seyda Neen, Arrille's Tradehouse' (dist=5.9m)
[INFO] [streaming] Portal candidate: 'Seyda Neen, Arrille's Tradehouse' (dist=5.9m)
[INFO] [streaming] Portal candidate: 'Seyda Neen, Arrille's Tradehouse' (dist=5.9m)
[INFO] [streaming] Portal candidate: 'Seyda Neen, Arrille's Tradehouse' (dist=5.9m)
[INFO] [streaming] heartbeat sec=194 frame=2072 fps=51.2 proc=47.9ms phys=0.2ms draws=7121 objs=8716 prims=3248k loaded=117 loading=4 reg_batches=535 reg_slots=14378
[INFO] [streaming] Portal candidate: 'Seyda Neen, Arrille's Tradehouse' (dist=5.9m)
[INFO] [streaming] Portal candidate: 'Seyda Neen, Arrille's Tradehouse' (dist=5.9m)
[INFO] [streaming] Portal candidate: 'Seyda Neen, Arrille's Tradehouse' (dist=5.9m)
[INFO] [streaming] Portal candidate: 'Seyda Neen, Arrille's Tradehouse' (dist=5.9m)
[INFO] [streaming] Portal candidate: 'Seyda Neen, Arrille's Tradehouse' (dist=5.9m)
[INFO] [streaming] Portal candidate: 'Seyda Neen, Arrille's Tradehouse' (dist=5.9m)
[INFO] [streaming] Portal candidate: 'Seyda Neen, Arrille's Tradehouse' (dist=5.9m)
[INFO] [streaming] Portal candidate: 'Seyda Neen, Arrille's Tradehouse' (dist=5.9m)
[INFO] [streaming] Portal candidate: 'Seyda Neen, Arrille's Tradehouse' (dist=5.9m)
[INFO] [streaming] Portal candidate: 'Seyda Neen, Arrille's Tradehouse' (dist=5.9m)
[INFO] [streaming] Portal candidate: 'Seyda Neen, Arrille's Tradehouse' (dist=5.9m)
[INFO] [streaming] Portal candidate: 'Seyda Neen, Arrille's Tradehouse' (dist=5.9m)
[INFO] [streaming] Portal candidate: 'Seyda Neen, Arrille's Tradehouse' (dist=5.9m)
[INFO] [streaming] Portal candidate: 'Seyda Neen, Arrille's Tradehouse' (dist=5.9m)
[INFO] [streaming] Portal candidate: 'Seyda Neen, Arrille's Tradehouse' (dist=5.9m)
[INFO] [streaming] Portal candidate: 'Seyda Neen, Arrille's Tradehouse' (dist=5.9m)
[INFO] [streaming] Portal candidate: 'Seyda Neen, Arrille's Tradehouse' (dist=5.9m)
[INFO] [streaming] Portal candidate: 'Seyda Neen, Arrille's Tradehouse' (dist=5.9m)
[INFO] [streaming] Portal candidate: 'Seyda Neen, Arrille's Tradehouse' (dist=5.9m)
[INFO] [streaming] Portal candidate: 'Seyda Neen, Arrille's Tradehouse' (dist=5.9m)
[INFO] [streaming] Portal candidate: 'Seyda Neen, Arrille's Tradehouse' (dist=5.9m)
[INFO] [streaming] Portal candidate: 'Seyda Neen, Arrille's Tradehouse' (dist=5.9m)
[INFO] [streaming] Portal candidate: 'Seyda Neen, Arrille's Tradehouse' (dist=5.9m)
[INFO] [streaming] Portal candidate: 'Seyda Neen, Arrille's Tradehouse' (dist=5.9m)
[INFO] [streaming] Portal candidate: 'Seyda Neen, Arrille's Tradehouse' (dist=5.9m)
[INFO] [streaming] Portal candidate: 'Seyda Neen, Arrille's Tradehouse' (dist=5.9m)
[INFO] [streaming] Portal candidate: 'Seyda Neen, Arrille's Tradehouse' (dist=5.9m)
[INFO] [streaming] Portal candidate: 'Seyda Neen, Arrille's Tradehouse' (dist=5.9m)
[INFO] [streaming] Portal candidate: 'Seyda Neen, Arrille's Tradehouse' (dist=5.9m)
[INFO] [streaming] Portal candidate: 'Seyda Neen, Arrille's Tradehouse' (dist=5.9m)
[INFO] [streaming] Portal candidate: 'Seyda Neen, Arrille's Tradehouse' (dist=5.9m)
[INFO] [streaming] Portal candidate: 'Seyda Neen, Arrille's Tradehouse' (dist=5.9m)
[INFO] [streaming] Portal candidate: 'Seyda Neen, Arrille's Tradehouse' (dist=5.9m)
[INFO] [streaming] Portal candidate: 'Seyda Neen, Arrille's Tradehouse' (dist=5.9m)
[INFO] [streaming] Portal candidate: 'Seyda Neen, Arrille's Tradehouse' (dist=5.9m)
[INFO] [streaming] Portal candidate: 'Seyda Neen, Arrille's Tradehouse' (dist=5.9m)
[INFO] [streaming] Portal candidate: 'Seyda Neen, Arrille's Tradehouse' (dist=5.9m)
[INFO] [streaming] Portal candidate: 'Seyda Neen, Arrille's Tradehouse' (dist=5.9m)
[INFO] [streaming] Portal candidate: 'Seyda Neen, Arrille's Tradehouse' (dist=5.9m)
[INFO] [streaming] Portal candidate: 'Seyda Neen, Arrille's Tradehouse' (dist=5.9m)
[INFO] [streaming] Portal candidate: 'Seyda Neen, Arrille's Tradehouse' (dist=5.9m)
[INFO] [streaming] Portal candidate: 'Seyda Neen, Arrille's Tradehouse' (dist=5.9m)
[INFO] [streaming] Portal candidate: 'Seyda Neen, Arrille's Tradehouse' (dist=5.9m)
[INFO] [streaming] Portal candidate: 'Seyda Neen, Arrille's Tradehouse' (dist=5.9m)
[INFO] [streaming] Portal candidate: 'Seyda Neen, Arrille's Tradehouse' (dist=5.9m)
[INFO] [streaming] Portal candidate: 'Seyda Neen, Arrille's Tradehouse' (dist=5.9m)
[INFO] [streaming] Portal candidate: 'Seyda Neen, Arrille's Tradehouse' (dist=5.9m)
[INFO] [streaming] Portal candidate: 'Seyda Neen, Arrille's Tradehouse' (dist=5.9m)
[INFO] [streaming] Portal candidate: 'Seyda Neen, Arrille's Tradehouse' (dist=5.9m)
[INFO] [streaming] Portal candidate: 'Seyda Neen, Arrille's Tradehouse' (dist=5.9m)
[INFO] [streaming] Portal candidate: 'Seyda Neen, Arrille's Tradehouse' (dist=5.9m)
[INFO] [streaming] Portal candidate: 'Seyda Neen, Arrille's Tradehouse' (dist=5.9m)
[INFO] [streaming] Portal candidate: 'Seyda Neen, Arrille's Tradehouse' (dist=5.9m)
[INFO] [streaming] Portal candidate: 'Seyda Neen, Arrille's Tradehouse' (dist=5.9m)
[INFO] [streaming] Portal candidate: 'Seyda Neen, Arrille's Tradehouse' (dist=5.9m)
[INFO] [streaming] Portal candidate: 'Seyda Neen, Arrille's Tradehouse' (dist=5.9m)
[INFO] [streaming] Portal candidate: 'Seyda Neen, Arrille's Tradehouse' (dist=5.9m)
[INFO] [streaming] Portal candidate: 'Seyda Neen, Arrille's Tradehouse' (dist=5.9m)
[INFO] [streaming] Portal candidate: 'Seyda Neen, Arrille's Tradehouse' (dist=5.9m)
[INFO] [streaming] Portal candidate: 'Seyda Neen, Arrille's Tradehouse' (dist=5.9m)
[INFO] [streaming] Portal candidate: 'Seyda Neen, Arrille's Tradehouse' (dist=5.9m)
[INFO] [streaming] Portal candidate: 'Seyda Neen, Arrille's Tradehouse' (dist=5.9m)
[INFO] [streaming] Portal candidate: 'Seyda Neen, Arrille's Tradehouse' (dist=5.9m)
[INFO] [streaming] Portal candidate: 'Seyda Neen, Arrille's Tradehouse' (dist=5.9m)
[INFO] [streaming] Portal candidate: 'Seyda Neen, Arrille's Tradehouse' (dist=5.9m)
[INFO] [streaming] Portal candidate: 'Seyda Neen, Arrille's Tradehouse' (dist=5.9m)
[INFO] [streaming] Portal candidate: 'Seyda Neen, Arrille's Tradehouse' (dist=5.9m)
[INFO] [streaming] Portal candidate: 'Seyda Neen, Arrille's Tradehouse' (dist=5.9m)
[INFO] [streaming] Portal candidate: 'Seyda Neen, Arrille's Tradehouse' (dist=5.9m)
[INFO] [streaming] Portal candidate: 'Seyda Neen, Arrille's Tradehouse' (dist=5.9m)
[INFO] [streaming] Portal candidate: 'Seyda Neen, Arrille's Tradehouse' (dist=5.9m)
[INFO] [streaming] Portal candidate: 'Seyda Neen, Arrille's Tradehouse' (dist=5.9m)
[INFO] [streaming] Portal candidate: 'Seyda Neen, Arrille's Tradehouse' (dist=5.9m)
[INFO] [streaming] Portal candidate: 'Seyda Neen, Arrille's Tradehouse' (dist=5.9m)
[INFO] [streaming] Portal candidate: 'Seyda Neen, Arrille's Tradehouse' (dist=5.9m)
[INFO] [streaming] Portal candidate: 'Seyda Neen, Arrille's Tradehouse' (dist=5.9m)
[INFO] [streaming] Portal candidate: 'Seyda Neen, Arrille's Tradehouse' (dist=5.9m)
[INFO] [streaming] Portal candidate: 'Seyda Neen, Arrille's Tradehouse' (dist=5.9m)
[INFO] [streaming] Portal candidate: 'Seyda Neen, Arrille's Tradehouse' (dist=5.9m)
[INFO] [streaming] Portal candidate: 'Seyda Neen, Arrille's Tradehouse' (dist=5.9m)
[INFO] [streaming] Portal candidate: 'Seyda Neen, Arrille's Tradehouse' (dist=5.9m)
[INFO] [streaming] Portal candidate: 'Seyda Neen, Arrille's Tradehouse' (dist=5.9m)
[INFO] [streaming] Portal candidate: 'Seyda Neen, Arrille's Tradehouse' (dist=5.9m)
[INFO] [streaming] Portal candidate: 'Seyda Neen, Arrille's Tradehouse' (dist=5.9m)
[INFO] [streaming] Portal candidate: 'Seyda Neen, Arrille's Tradehouse' (dist=5.9m)
[INFO] [streaming] Portal candidate: 'Seyda Neen, Arrille's Tradehouse' (dist=5.9m)
[INFO] [streaming] Portal candidate: 'Seyda Neen, Arrille's Tradehouse' (dist=5.9m)
[INFO] [streaming] Portal candidate: 'Seyda Neen, Arrille's Tradehouse' (dist=5.9m)
[INFO] [streaming] Portal candidate: 'Seyda Neen, Arrille's Tradehouse' (dist=5.9m)
[INFO] [streaming] Portal candidate: 'Seyda Neen, Arrille's Tradehouse' (dist=5.9m)
[INFO] [streaming] Portal candidate: 'Seyda Neen, Arrille's Tradehouse' (dist=5.9m)
[INFO] [streaming] Portal candidate: 'Seyda Neen, Arrille's Tradehouse' (dist=5.9m)
[INFO] [streaming] Portal candidate: 'Seyda Neen, Arrille's Tradehouse' (dist=5.9m)
[INFO] [streaming] Portal candidate: 'Seyda Neen, Arrille's Tradehouse' (dist=5.9m)
[INFO] [streaming] Portal candidate: 'Seyda Neen, Arrille's Tradehouse' (dist=5.9m)
[INFO] [streaming] Portal candidate: 'Seyda Neen, Arrille's Tradehouse' (dist=5.9m)
[INFO] [streaming] Portal candidate: 'Seyda Neen, Arrille's Tradehouse' (dist=5.9m)
[INFO] [streaming] Portal candidate: 'Seyda Neen, Arrille's Tradehouse' (dist=5.9m)
[INFO] [streaming] Portal candidate: 'Seyda Neen, Arrille's Tradehouse' (dist=5.9m)
[INFO] [streaming] Portal candidate: 'Seyda Neen, Arrille's Tradehouse' (dist=5.9m)
[INFO] [streaming] Portal candidate: 'Seyda Neen, Arrille's Tradehouse' (dist=5.9m)
[INFO] [streaming] Portal candidate: 'Seyda Neen, Arrille's Tradehouse' (dist=5.9m)
[INFO] [streaming] Portal candidate: 'Seyda Neen, Arrille's Tradehouse' (dist=5.9m)
[INFO] [streaming] Portal candidate: 'Seyda Neen, Arrille's Tradehouse' (dist=5.9m)
[INFO] [streaming] Portal candidate: 'Seyda Neen, Arrille's Tradehouse' (dist=5.9m)
[INFO] [streaming] Portal candidate: 'Seyda Neen, Arrille's Tradehouse' (dist=5.9m)
[INFO] [streaming] Portal candidate: 'Seyda Neen, Arrille's Tradehouse' (dist=5.9m)
[INFO] [streaming] Portal candidate: 'Seyda Neen, Arrille's Tradehouse' (dist=5.9m)
[INFO] [streaming] Portal candidate: 'Seyda Neen, Arrille's Tradehouse' (dist=5.9m)
[INFO] [streaming] Portal candidate: 'Seyda Neen, Arrille's Tradehouse' (dist=5.9m)
[INFO] [streaming] Portal candidate: 'Seyda Neen, Arrille's Tradehouse' (dist=5.9m)
[INFO] [streaming] Portal candidate: 'Seyda Neen, Arrille's Tradehouse' (dist=5.9m)
[INFO] [streaming] Portal candidate: 'Seyda Neen, Arrille's Tradehouse' (dist=5.9m)
[INFO] [streaming] Portal candidate: 'Seyda Neen, Arrille's Tradehouse' (dist=5.9m)
[INFO] [streaming] Portal candidate: 'Seyda Neen, Arrille's Tradehouse' (dist=5.9m)
[INFO] [streaming] Portal candidate: 'Seyda Neen, Arrille's Tradehouse' (dist=5.9m)
[INFO] [streaming] Portal candidate: 'Seyda Neen, Arrille's Tradehouse' (dist=5.9m)
[INFO] [streaming] Portal candidate: 'Seyda Neen, Arrille's Tradehouse' (dist=5.9m)
[INFO] [streaming] Portal candidate: 'Seyda Neen, Arrille's Tradehouse' (dist=5.9m)
[INFO] [impostors] Benchmark: 51208 impostors, 256 tex layers, 0 pending cells, mm_instances=51208
[INFO] [streaming] Portal candidate: 'Seyda Neen, Arrille's Tradehouse' (dist=5.9m)
[INFO] [streaming] Portal candidate: 'Seyda Neen, Arrille's Tradehouse' (dist=5.9m)
[INFO] [streaming] Portal candidate: 'Seyda Neen, Arrille's Tradehouse' (dist=5.9m)
[INFO] [streaming] Portal candidate: 'Seyda Neen, Arrille's Tradehouse' (dist=5.9m)
[INFO] [streaming] Portal candidate: 'Seyda Neen, Arrille's Tradehouse' (dist=5.9m)
[INFO] [streaming] Portal candidate: 'Seyda Neen, Arrille's Tradehouse' (dist=5.9m)
[INFO] [streaming] Portal candidate: 'Seyda Neen, Arrille's Tradehouse' (dist=5.9m)
[INFO] [streaming] Portal candidate: 'Seyda Neen, Arrille's Tradehouse' (dist=5.9m)
[INFO] [streaming] Portal candidate: 'Seyda Neen, Arrille's Tradehouse' (dist=5.9m)
[INFO] [streaming] Portal candidate: 'Seyda Neen, Arrille's Tradehouse' (dist=5.9m)
[INFO] [streaming] Portal candidate: 'Seyda Neen, Arrille's Tradehouse' (dist=5.9m)
[INFO] [streaming] Portal candidate: 'Seyda Neen, Arrille's Tradehouse' (dist=5.9m)
[INFO] [streaming] Portal candidate: 'Seyda Neen, Arrille's Tradehouse' (dist=5.9m)
[INFO] [streaming] Portal candidate: 'Seyda Neen, Arrille's Tradehouse' (dist=5.9m)
[INFO] [streaming] Portal candidate: 'Seyda Neen, Arrille's Tradehouse' (dist=5.9m)
[INFO] [streaming] Portal candidate: 'Seyda Neen, Arrille's Tradehouse' (dist=5.9m)
[INFO] [streaming] Portal candidate: 'Seyda Neen, Arrille's Tradehouse' (dist=5.9m)
[INFO] [streaming] Portal candidate: 'Seyda Neen, Arrille's Tradehouse' (dist=5.9m)
[INFO] [streaming] Portal candidate: 'Seyda Neen, Arrille's Tradehouse' (dist=5.9m)
[INFO] [streaming] Portal candidate: 'Seyda Neen, Arrille's Tradehouse' (dist=5.9m)
[INFO] [streaming] Portal candidate: 'Seyda Neen, Arrille's Tradehouse' (dist=5.9m)
[INFO] [streaming] Portal candidate: 'Seyda Neen, Arrille's Tradehouse' (dist=5.9m)
[INFO] [streaming] Portal candidate: 'Seyda Neen, Arrille's Tradehouse' (dist=5.9m)
[INFO] [streaming] Portal candidate: 'Seyda Neen, Arrille's Tradehouse' (dist=5.9m)
[INFO] [streaming] Portal candidate: 'Seyda Neen, Arrille's Tradehouse' (dist=5.9m)
[INFO] [streaming] Portal candidate: 'Seyda Neen, Arrille's Tradehouse' (dist=5.9m)
[INFO] [streaming] Portal candidate: 'Seyda Neen, Arrille's Tradehouse' (dist=5.9m)
[INFO] [streaming] Portal candidate: 'Seyda Neen, Arrille's Tradehouse' (dist=5.9m)
[INFO] [streaming] Portal candidate: 'Seyda Neen, Arrille's Tradehouse' (dist=5.9m)
[INFO] [streaming] Portal candidate: 'Seyda Neen, Arrille's Tradehouse' (dist=5.9m)
[INFO] [streaming] Portal candidate: 'Seyda Neen, Arrille's Tradehouse' (dist=5.9m)
[INFO] [streaming] Portal candidate: 'Seyda Neen, Arrille's Tradehouse' (dist=5.9m)
[INFO] [streaming] Portal candidate: 'Seyda Neen, Arrille's Tradehouse' (dist=5.9m)
[INFO] [streaming] Portal candidate: 'Seyda Neen, Arrille's Tradehouse' (dist=5.9m)
[INFO] [streaming] Portal candidate: 'Seyda Neen, Arrille's Tradehouse' (dist=5.9m)
[INFO] [streaming] Portal candidate: 'Seyda Neen, Arrille's Tradehouse' (dist=5.9m)
[INFO] [streaming] Portal candidate: 'Seyda Neen, Arrille's Tradehouse' (dist=5.9m)
[INFO] [streaming] Portal candidate: 'Seyda Neen, Arrille's Tradehouse' (dist=5.9m)
[INFO] [streaming] Portal candidate: 'Seyda Neen, Arrille's Tradehouse' (dist=5.9m)
[INFO] [streaming] Portal candidate: 'Seyda Neen, Arrille's Tradehouse' (dist=5.9m)
[INFO] [streaming] Portal candidate: 'Seyda Neen, Arrille's Tradehouse' (dist=5.9m)
[INFO] [streaming] Portal candidate: 'Seyda Neen, Arrille's Tradehouse' (dist=5.9m)
[INFO] [streaming] Portal candidate: 'Seyda Neen, Arrille's Tradehouse' (dist=5.9m)
[INFO] [streaming] Portal candidate: 'Seyda Neen, Arrille's Tradehouse' (dist=5.9m)
[INFO] [streaming] Portal candidate: 'Seyda Neen, Arrille's Tradehouse' (dist=5.9m)
[INFO] [streaming] Portal candidate: 'Seyda Neen, Arrille's Tradehouse' (dist=5.9m)
[INFO] [streaming] Portal candidate: 'Seyda Neen, Arrille's Tradehouse' (dist=5.9m)
[INFO] [streaming] Portal candidate: 'Seyda Neen, Arrille's Tradehouse' (dist=5.9m)
[INFO] [streaming] Portal candidate: 'Seyda Neen, Arrille's Tradehouse' (dist=5.9m)
[INFO] [streaming] Portal candidate: 'Seyda Neen, Arrille's Tradehouse' (dist=5.9m)
[INFO] [streaming] Portal candidate: 'Seyda Neen, Arrille's Tradehouse' (dist=5.9m)
[INFO] [streaming] Portal candidate: 'Seyda Neen, Arrille's Tradehouse' (dist=5.9m)
[INFO] [streaming] Portal candidate: 'Seyda Neen, Arrille's Tradehouse' (dist=5.9m)
[INFO] [streaming] Portal candidate: 'Seyda Neen, Arrille's Tradehouse' (dist=5.9m)
[INFO] [streaming] Portal candidate: 'Seyda Neen, Arrille's Tradehouse' (dist=5.9m)
[INFO] [streaming] Portal candidate: 'Seyda Neen, Arrille's Tradehouse' (dist=5.9m)
[INFO] [streaming] Portal candidate: 'Seyda Neen, Arrille's Tradehouse' (dist=5.9m)
[INFO] [streaming] Portal candidate: 'Seyda Neen, Arrille's Tradehouse' (dist=5.9m)
[INFO] [streaming] Portal candidate: 'Seyda Neen, Arrille's Tradehouse' (dist=5.9m)
[INFO] [streaming] Portal candidate: 'Seyda Neen, Arrille's Tradehouse' (dist=5.9m)
[INFO] [streaming] Portal candidate: 'Seyda Neen, Arrille's Tradehouse' (dist=5.9m)
[INFO] [streaming] Portal candidate: 'Seyda Neen, Arrille's Tradehouse' (dist=5.9m)
[INFO] [streaming] Portal candidate: 'Seyda Neen, Arrille's Tradehouse' (dist=5.9m)
[INFO] [streaming] Portal candidate: 'Seyda Neen, Arrille's Tradehouse' (dist=5.9m)
[INFO] [streaming] Portal candidate: 'Seyda Neen, Arrille's Tradehouse' (dist=5.9m)
[INFO] [streaming] Portal candidate: 'Seyda Neen, Arrille's Tradehouse' (dist=5.9m)
[INFO] [streaming] Portal candidate: 'Seyda Neen, Arrille's Tradehouse' (dist=5.9m)
[INFO] [streaming] Portal candidate: 'Seyda Neen, Arrille's Tradehouse' (dist=5.9m)
[INFO] [streaming] Portal candidate: 'Seyda Neen, Arrille's Tradehouse' (dist=5.9m)
[INFO] [streaming] Portal candidate: 'Seyda Neen, Arrille's Tradehouse' (dist=5.9m)
[INFO] [streaming] Portal candidate: 'Seyda Neen, Arrille's Tradehouse' (dist=5.9m)
[INFO] [streaming] Portal candidate: 'Seyda Neen, Arrille's Tradehouse' (dist=5.9m)
[INFO] [streaming] Portal candidate: 'Seyda Neen, Arrille's Tradehouse' (dist=5.9m)
[INFO] [streaming] Portal candidate: 'Seyda Neen, Arrille's Tradehouse' (dist=5.9m)
[INFO] [streaming] Portal candidate: 'Seyda Neen, Arrille's Tradehouse' (dist=5.9m)
[INFO] [streaming] Portal candidate: 'Seyda Neen, Arrille's Tradehouse' (dist=5.9m)
[INFO] [streaming] Portal candidate: 'Seyda Neen, Arrille's Tradehouse' (dist=5.9m)
[INFO] [streaming] Portal candidate: 'Seyda Neen, Arrille's Tradehouse' (dist=5.9m)
[INFO] [streaming] Portal candidate: 'Seyda Neen, Arrille's Tradehouse' (dist=5.9m)
[INFO] [streaming] Portal candidate: 'Seyda Neen, Arrille's Tradehouse' (dist=5.9m)
[INFO] [streaming] Portal candidate: 'Seyda Neen, Arrille's Tradehouse' (dist=5.9m)
[INFO] [streaming] Portal candidate: 'Seyda Neen, Arrille's Tradehouse' (dist=5.9m)
[INFO] [streaming] Portal candidate: 'Seyda Neen, Arrille's Tradehouse' (dist=5.9m)
[INFO] [streaming] Portal candidate: 'Seyda Neen, Arrille's Tradehouse' (dist=5.9m)
[INFO] [streaming] Portal candidate: 'Seyda Neen, Arrille's Tradehouse' (dist=5.9m)
[INFO] [streaming] Portal candidate: 'Seyda Neen, Arrille's Tradehouse' (dist=5.9m)
[INFO] [streaming] Portal candidate: 'Seyda Neen, Arrille's Tradehouse' (dist=5.9m)
[INFO] [streaming] Portal candidate: 'Seyda Neen, Arrille's Tradehouse' (dist=5.9m)
[INFO] [streaming] Portal candidate: 'Seyda Neen, Arrille's Tradehouse' (dist=5.9m)
[INFO] [streaming] Portal candidate: 'Seyda Neen, Arrille's Tradehouse' (dist=5.9m)
[INFO] [streaming] Portal candidate: 'Seyda Neen, Arrille's Tradehouse' (dist=5.9m)
[INFO] [streaming] Portal candidate: 'Seyda Neen, Arrille's Tradehouse' (dist=5.9m)
[INFO] [streaming] Portal candidate: 'Seyda Neen, Arrille's Tradehouse' (dist=5.9m)
[INFO] [streaming] Portal candidate: 'Seyda Neen, Arrille's Tradehouse' (dist=5.9m)
[INFO] [streaming] Portal candidate: 'Seyda Neen, Arrille's Tradehouse' (dist=5.9m)
[INFO] [streaming] Portal candidate: 'Seyda Neen, Arrille's Tradehouse' (dist=5.9m)
[INFO] [streaming] Portal candidate: 'Seyda Neen, Arrille's Tradehouse' (dist=5.9m)
[INFO] [streaming] Portal candidate: 'Seyda Neen, Arrille's Tradehouse' (dist=5.9m)
[INFO] [streaming] Portal candidate: 'Seyda Neen, Arrille's Tradehouse' (dist=5.9m)
[INFO] [streaming] Portal candidate: 'Seyda Neen, Arrille's Tradehouse' (dist=5.9m)
[INFO] [streaming] Portal candidate: 'Seyda Neen, Arrille's Tradehouse' (dist=5.9m)
[INFO] [streaming] Portal candidate: 'Seyda Neen, Arrille's Tradehouse' (dist=5.9m)
[INFO] [streaming] Portal candidate: 'Seyda Neen, Arrille's Tradehouse' (dist=5.9m)
[INFO] [streaming] Portal candidate: 'Seyda Neen, Arrille's Tradehouse' (dist=5.9m)
[INFO] [streaming] Portal candidate: 'Seyda Neen, Arrille's Tradehouse' (dist=5.9m)
[INFO] [streaming] Portal candidate: 'Seyda Neen, Arrille's Tradehouse' (dist=5.9m)
[INFO] [streaming] Portal candidate: 'Seyda Neen, Arrille's Tradehouse' (dist=5.9m)
[INFO] [streaming] Portal candidate: 'Seyda Neen, Arrille's Tradehouse' (dist=5.9m)
[INFO] [streaming] Portal candidate: 'Seyda Neen, Arrille's Tradehouse' (dist=5.9m)
[INFO] [streaming] Portal candidate: 'Seyda Neen, Arrille's Tradehouse' (dist=5.9m)
[INFO] [streaming] Portal candidate: 'Seyda Neen, Arrille's Tradehouse' (dist=5.9m)
[INFO] [streaming] Portal candidate: 'Seyda Neen, Arrille's Tradehouse' (dist=5.9m)
[INFO] [streaming] Portal candidate: 'Seyda Neen, Arrille's Tradehouse' (dist=5.9m)
[INFO] [streaming] Portal candidate: 'Seyda Neen, Arrille's Tradehouse' (dist=5.9m)
[INFO] [streaming] Portal candidate: 'Seyda Neen, Arrille's Tradehouse' (dist=5.9m)
[INFO] [streaming] Portal candidate: 'Seyda Neen, Arrille's Tradehouse' (dist=5.9m)
[INFO] [streaming] Portal candidate: 'Seyda Neen, Arrille's Tradehouse' (dist=5.9m)
[INFO] [streaming] Portal candidate: 'Seyda Neen, Arrille's Tradehouse' (dist=5.9m)
[INFO] [streaming] Portal candidate: 'Seyda Neen, Arrille's Tradehouse' (dist=5.9m)
[INFO] [streaming] Portal candidate: 'Seyda Neen, Arrille's Tradehouse' (dist=5.9m)
[INFO] [streaming] Portal candidate: 'Seyda Neen, Arrille's Tradehouse' (dist=5.9m)
[INFO] [streaming] Portal candidate: 'Seyda Neen, Arrille's Tradehouse' (dist=5.9m)
[INFO] [streaming] Portal candidate: 'Seyda Neen, Arrille's Tradehouse' (dist=5.9m)
[INFO] [streaming] Portal candidate: 'Seyda Neen, Arrille's Tradehouse' (dist=5.9m)
[INFO] [streaming] Portal candidate: 'Seyda Neen, Arrille's Tradehouse' (dist=5.9m)
[INFO] [streaming] Portal candidate: 'Seyda Neen, Arrille's Tradehouse' (dist=5.9m)
[INFO] [streaming] Portal candidate: 'Seyda Neen, Arrille's Tradehouse' (dist=5.9m)
[INFO] [streaming] Portal candidate: 'Seyda Neen, Arrille's Tradehouse' (dist=5.9m)
[INFO] [streaming] Portal candidate: 'Seyda Neen, Arrille's Tradehouse' (dist=5.9m)
[INFO] [streaming] Portal candidate: 'Seyda Neen, Arrille's Tradehouse' (dist=5.9m)
[INFO] [streaming] Portal candidate: 'Seyda Neen, Arrille's Tradehouse' (dist=5.9m)
[INFO] [streaming] Portal candidate: 'Seyda Neen, Arrille's Tradehouse' (dist=5.9m)
[INFO] [streaming] Portal candidate: 'Seyda Neen, Arrille's Tradehouse' (dist=5.9m)
[INFO] [streaming] Portal candidate: 'Seyda Neen, Arrille's Tradehouse' (dist=5.9m)
[INFO] [streaming] Portal candidate: 'Seyda Neen, Arrille's Tradehouse' (dist=5.9m)
[INFO] [streaming] Portal candidate: 'Seyda Neen, Arrille's Tradehouse' (dist=5.9m)
[INFO] [streaming] Portal candidate: 'Seyda Neen, Arrille's Tradehouse' (dist=5.9m)
[INFO] [streaming] Portal candidate: 'Seyda Neen, Arrille's Tradehouse' (dist=5.9m)
[INFO] [streaming] Portal candidate: 'Seyda Neen, Arrille's Tradehouse' (dist=5.9m)
[INFO] [streaming] heartbeat sec=199 frame=2330 fps=51.6 proc=24.8ms phys=0.2ms draws=7121 objs=8716 prims=3248k loaded=117 loading=4 reg_batches=535 reg_slots=14378
[INFO] [streaming] Portal candidate: 'Seyda Neen, Arrille's Tradehouse' (dist=5.9m)
[INFO] [streaming] Portal candidate: 'Seyda Neen, Arrille's Tradehouse' (dist=5.9m)
[INFO] [streaming] Portal candidate: 'Seyda Neen, Arrille's Tradehouse' (dist=5.9m)
[INFO] [streaming] Portal candidate: 'Seyda Neen, Arrille's Tradehouse' (dist=5.9m)
[INFO] [streaming] Portal candidate: 'Seyda Neen, Arrille's Tradehouse' (dist=5.9m)
[INFO] [streaming] Portal candidate: 'Seyda Neen, Arrille's Tradehouse' (dist=5.9m)
[INFO] [streaming] Portal candidate: 'Seyda Neen, Arrille's Tradehouse' (dist=5.9m)
[INFO] [streaming] Portal candidate: 'Seyda Neen, Arrille's Tradehouse' (dist=5.9m)
[INFO] [streaming] Portal candidate: 'Seyda Neen, Arrille's Tradehouse' (dist=5.9m)
[INFO] [streaming] Portal candidate: 'Seyda Neen, Arrille's Tradehouse' (dist=5.9m)
[INFO] [streaming] Portal candidate: 'Seyda Neen, Arrille's Tradehouse' (dist=5.9m)
[INFO] [streaming] Portal candidate: 'Seyda Neen, Arrille's Tradehouse' (dist=5.9m)
[INFO] [streaming] Portal candidate: 'Seyda Neen, Arrille's Tradehouse' (dist=5.9m)
[INFO] [streaming] Portal candidate: 'Seyda Neen, Arrille's Tradehouse' (dist=5.9m)
[INFO] [streaming] Portal candidate: 'Seyda Neen, Arrille's Tradehouse' (dist=5.9m)
[INFO] [streaming] Portal candidate: 'Seyda Neen, Arrille's Tradehouse' (dist=5.9m)
[INFO] [streaming] Portal candidate: 'Seyda Neen, Arrille's Tradehouse' (dist=5.9m)
[INFO] [streaming] Portal candidate: 'Seyda Neen, Arrille's Tradehouse' (dist=5.9m)
[INFO] [streaming] Portal candidate: 'Seyda Neen, Arrille's Tradehouse' (dist=5.9m)
[INFO] [streaming] Portal candidate: 'Seyda Neen, Arrille's Tradehouse' (dist=5.9m)
[INFO] [streaming] Portal candidate: 'Seyda Neen, Arrille's Tradehouse' (dist=5.9m)
[INFO] [streaming] Portal candidate: 'Seyda Neen, Arrille's Tradehouse' (dist=5.9m)
[INFO] [streaming] Portal candidate: 'Seyda Neen, Arrille's Tradehouse' (dist=5.9m)
[INFO] [streaming] Portal candidate: 'Seyda Neen, Arrille's Tradehouse' (dist=5.9m)
[INFO] [streaming] Portal candidate: 'Seyda Neen, Arrille's Tradehouse' (dist=5.9m)
[INFO] [streaming] Portal candidate: 'Seyda Neen, Arrille's Tradehouse' (dist=5.9m)
[INFO] [streaming] Portal candidate: 'Seyda Neen, Arrille's Tradehouse' (dist=5.9m)
[INFO] [streaming] Portal candidate: 'Seyda Neen, Arrille's Tradehouse' (dist=5.9m)
[INFO] [streaming] Portal candidate: 'Seyda Neen, Arrille's Tradehouse' (dist=5.9m)
[INFO] [streaming] Portal candidate: 'Seyda Neen, Arrille's Tradehouse' (dist=5.9m)
[INFO] [streaming] Portal candidate: 'Seyda Neen, Arrille's Tradehouse' (dist=5.9m)
[INFO] [streaming] Portal candidate: 'Seyda Neen, Arrille's Tradehouse' (dist=5.9m)
[INFO] [streaming] Portal candidate: 'Seyda Neen, Arrille's Tradehouse' (dist=5.9m)
[INFO] [streaming] Portal candidate: 'Seyda Neen, Arrille's Tradehouse' (dist=5.9m)
[INFO] [streaming] Portal candidate: 'Seyda Neen, Arrille's Tradehouse' (dist=5.9m)
[INFO] [streaming] Portal candidate: 'Seyda Neen, Arrille's Tradehouse' (dist=5.9m)
[INFO] [streaming] Portal candidate: 'Seyda Neen, Arrille's Tradehouse' (dist=5.9m)
[INFO] [streaming] Portal candidate: 'Seyda Neen, Arrille's Tradehouse' (dist=5.9m)
[INFO] [streaming] Portal candidate: 'Seyda Neen, Arrille's Tradehouse' (dist=5.9m)
[INFO] [streaming] Portal candidate: 'Seyda Neen, Arrille's Tradehouse' (dist=5.9m)
[INFO] [streaming] Portal candidate: 'Seyda Neen, Arrille's Tradehouse' (dist=5.9m)
[INFO] [streaming] Portal candidate: 'Seyda Neen, Arrille's Tradehouse' (dist=5.9m)
[INFO] [streaming] Portal candidate: 'Seyda Neen, Arrille's Tradehouse' (dist=5.9m)
[INFO] [streaming] Portal candidate: 'Seyda Neen, Arrille's Tradehouse' (dist=5.9m)
[INFO] [streaming] Portal candidate: 'Seyda Neen, Arrille's Tradehouse' (dist=5.9m)
[INFO] [streaming] Portal candidate: 'Seyda Neen, Arrille's Tradehouse' (dist=5.9m)
[INFO] [streaming] Portal candidate: 'Seyda Neen, Arrille's Tradehouse' (dist=5.9m)
[INFO] [streaming] Portal candidate: 'Seyda Neen, Arrille's Tradehouse' (dist=5.9m)
[INFO] [streaming] Portal candidate: 'Seyda Neen, Arrille's Tradehouse' (dist=5.9m)
[INFO] [streaming] Portal candidate: 'Seyda Neen, Arrille's Tradehouse' (dist=5.9m)
[INFO] [streaming] Portal candidate: 'Seyda Neen, Arrille's Tradehouse' (dist=5.9m)
[INFO] [streaming] Portal candidate: 'Seyda Neen, Arrille's Tradehouse' (dist=5.9m)
[INFO] [streaming] Portal candidate: 'Seyda Neen, Arrille's Tradehouse' (dist=5.9m)
[INFO] [streaming] Portal candidate: 'Seyda Neen, Arrille's Tradehouse' (dist=5.9m)
[INFO] [streaming] Portal candidate: 'Seyda Neen, Arrille's Tradehouse' (dist=5.9m)
[INFO] [streaming] Portal candidate: 'Seyda Neen, Arrille's Tradehouse' (dist=5.9m)
[INFO] [streaming] Portal candidate: 'Seyda Neen, Arrille's Tradehouse' (dist=5.9m)
[INFO] [streaming] Portal candidate: 'Seyda Neen, Arrille's Tradehouse' (dist=5.9m)
[INFO] [streaming] Portal candidate: 'Seyda Neen, Arrille's Tradehouse' (dist=5.9m)
[INFO] [streaming] Portal candidate: 'Seyda Neen, Arrille's Tradehouse' (dist=5.9m)
[INFO] [streaming] Portal candidate: 'Seyda Neen, Arrille's Tradehouse' (dist=5.9m)
[INFO] [streaming] Portal candidate: 'Seyda Neen, Arrille's Tradehouse' (dist=5.9m)
[INFO] [streaming] Portal candidate: 'Seyda Neen, Arrille's Tradehouse' (dist=5.9m)
[INFO] [streaming] Portal candidate: 'Seyda Neen, Arrille's Tradehouse' (dist=5.9m)
[INFO] [streaming] Portal candidate: 'Seyda Neen, Arrille's Tradehouse' (dist=5.9m)
[INFO] [streaming] Portal candidate: 'Seyda Neen, Arrille's Tradehouse' (dist=5.9m)
[INFO] [streaming] Portal candidate: 'Seyda Neen, Arrille's Tradehouse' (dist=5.9m)
[INFO] [streaming] Portal candidate: 'Seyda Neen, Arrille's Tradehouse' (dist=5.9m)
[INFO] [streaming] Portal candidate: 'Seyda Neen, Arrille's Tradehouse' (dist=5.9m)
[INFO] [streaming] Portal candidate: 'Seyda Neen, Arrille's Tradehouse' (dist=5.9m)
[INFO] [streaming] Portal candidate: 'Seyda Neen, Arrille's Tradehouse' (dist=5.9m)
[INFO] [streaming] Portal candidate: 'Seyda Neen, Arrille's Tradehouse' (dist=5.9m)
[INFO] [streaming] Portal candidate: 'Seyda Neen, Arrille's Tradehouse' (dist=5.9m)
[INFO] [streaming] Portal candidate: 'Seyda Neen, Arrille's Tradehouse' (dist=5.9m)
[INFO] [streaming] Portal candidate: 'Seyda Neen, Arrille's Tradehouse' (dist=5.9m)
[INFO] [streaming] Portal candidate: 'Seyda Neen, Arrille's Tradehouse' (dist=5.9m)
[INFO] [streaming] Portal candidate: 'Seyda Neen, Arrille's Tradehouse' (dist=5.9m)
[INFO] [streaming] Portal candidate: 'Seyda Neen, Arrille's Tradehouse' (dist=5.9m)
[INFO] [streaming] Portal candidate: 'Seyda Neen, Arrille's Tradehouse' (dist=5.9m)
[INFO] [streaming] Portal candidate: 'Seyda Neen, Arrille's Tradehouse' (dist=5.9m)
[INFO] [streaming] Portal candidate: 'Seyda Neen, Arrille's Tradehouse' (dist=5.9m)
[INFO] [streaming] Portal candidate: 'Seyda Neen, Arrille's Tradehouse' (dist=5.9m)
[INFO] [streaming] Portal candidate: 'Seyda Neen, Arrille's Tradehouse' (dist=5.9m)
[INFO] [streaming] Portal candidate: 'Seyda Neen, Arrille's Tradehouse' (dist=5.9m)
[INFO] [streaming] Portal candidate: 'Seyda Neen, Arrille's Tradehouse' (dist=5.9m)
[INFO] [streaming] Portal candidate: 'Seyda Neen, Arrille's Tradehouse' (dist=5.9m)
[INFO] [streaming] Portal candidate: 'Seyda Neen, Arrille's Tradehouse' (dist=5.9m)
[INFO] [streaming] Portal candidate: 'Seyda Neen, Arrille's Tradehouse' (dist=5.9m)
[INFO] [streaming] Portal candidate: 'Seyda Neen, Arrille's Tradehouse' (dist=5.9m)
[INFO] [streaming] Portal candidate: 'Seyda Neen, Arrille's Tradehouse' (dist=5.9m)
[INFO] [streaming] Portal candidate: 'Seyda Neen, Arrille's Tradehouse' (dist=5.9m)
[INFO] [streaming] Portal candidate: 'Seyda Neen, Arrille's Tradehouse' (dist=5.9m)
[INFO] [streaming] Portal candidate: 'Seyda Neen, Arrille's Tradehouse' (dist=5.9m)
[INFO] [streaming] Portal candidate: 'Seyda Neen, Arrille's Tradehouse' (dist=5.9m)
[INFO] [streaming] Portal candidate: 'Seyda Neen, Arrille's Tradehouse' (dist=5.9m)
[INFO] [streaming] Portal candidate: 'Seyda Neen, Arrille's Tradehouse' (dist=5.9m)
[INFO] [streaming] Portal candidate: 'Seyda Neen, Arrille's Tradehouse' (dist=5.9m)
[INFO] [streaming] Portal candidate: 'Seyda Neen, Arrille's Tradehouse' (dist=5.9m)
[INFO] [streaming] Portal candidate: 'Seyda Neen, Arrille's Tradehouse' (dist=5.9m)
[INFO] [streaming] Portal candidate: 'Seyda Neen, Arrille's Tradehouse' (dist=5.9m)
[INFO] [streaming] Portal candidate: 'Seyda Neen, Arrille's Tradehouse' (dist=5.9m)
[INFO] [streaming] Portal candidate: 'Seyda Neen, Arrille's Tradehouse' (dist=5.9m)
[INFO] [streaming] Portal candidate: 'Seyda Neen, Arrille's Tradehouse' (dist=5.9m)
[INFO] [streaming] Portal candidate: 'Seyda Neen, Arrille's Tradehouse' (dist=5.9m)
[INFO] [streaming] Portal candidate: 'Seyda Neen, Arrille's Tradehouse' (dist=5.9m)
[INFO] [streaming] Portal candidate: 'Seyda Neen, Arrille's Tradehouse' (dist=5.9m)
[INFO] [streaming] Portal candidate: 'Seyda Neen, Arrille's Tradehouse' (dist=5.9m)
[INFO] [streaming] Portal candidate: 'Seyda Neen, Arrille's Tradehouse' (dist=5.9m)
[INFO] [streaming] Portal candidate: 'Seyda Neen, Arrille's Tradehouse' (dist=5.9m)
[INFO] [streaming] Portal candidate: 'Seyda Neen, Arrille's Tradehouse' (dist=5.9m)
[INFO] [streaming] Portal candidate: 'Seyda Neen, Arrille's Tradehouse' (dist=5.9m)
[INFO] [streaming] Portal candidate: 'Seyda Neen, Arrille's Tradehouse' (dist=5.9m)
[INFO] [streaming] Portal candidate: 'Seyda Neen, Arrille's Tradehouse' (dist=5.9m)
[INFO] [streaming] Portal candidate: 'Seyda Neen, Arrille's Tradehouse' (dist=5.9m)
[INFO] [streaming] Portal candidate: 'Seyda Neen, Arrille's Tradehouse' (dist=5.9m)
[INFO] [streaming] Portal candidate: 'Seyda Neen, Arrille's Tradehouse' (dist=5.9m)
[INFO] [streaming] Portal candidate: 'Seyda Neen, Arrille's Tradehouse' (dist=5.9m)
[INFO] [streaming] Portal candidate: 'Seyda Neen, Arrille's Tradehouse' (dist=5.9m)
[INFO] [streaming] Portal candidate: 'Seyda Neen, Arrille's Tradehouse' (dist=5.9m)
[INFO] [streaming] Portal candidate: 'Seyda Neen, Arrille's Tradehouse' (dist=5.9m)
[INFO] [streaming] Portal candidate: 'Seyda Neen, Arrille's Tradehouse' (dist=5.9m)
[INFO] [impostors] Benchmark: 51208 impostors, 256 tex layers, 0 pending cells, mm_instances=51208
[INFO] [streaming] Portal candidate: 'Seyda Neen, Arrille's Tradehouse' (dist=5.9m)
[INFO] [streaming] Portal candidate: 'Seyda Neen, Arrille's Tradehouse' (dist=5.9m)
[INFO] [streaming] Portal candidate: 'Seyda Neen, Arrille's Tradehouse' (dist=5.9m)
[INFO] [streaming] Portal candidate: 'Seyda Neen, Arrille's Tradehouse' (dist=5.9m)
[INFO] [streaming] Portal candidate: 'Seyda Neen, Arrille's Tradehouse' (dist=5.9m)
[INFO] [streaming] Portal candidate: 'Seyda Neen, Arrille's Tradehouse' (dist=5.9m)
[INFO] [streaming] Portal candidate: 'Seyda Neen, Arrille's Tradehouse' (dist=5.9m)
[INFO] [streaming] Portal candidate: 'Seyda Neen, Arrille's Tradehouse' (dist=5.9m)
[INFO] [streaming] Portal candidate: 'Seyda Neen, Arrille's Tradehouse' (dist=5.9m)
[INFO] [streaming] Portal candidate: 'Seyda Neen, Arrille's Tradehouse' (dist=5.9m)
[INFO] [streaming] Portal candidate: 'Seyda Neen, Arrille's Tradehouse' (dist=5.9m)
[INFO] [streaming] Portal candidate: 'Seyda Neen, Arrille's Tradehouse' (dist=5.9m)
[INFO] [streaming] Portal candidate: 'Seyda Neen, Arrille's Tradehouse' (dist=5.9m)
[INFO] [streaming] Portal candidate: 'Seyda Neen, Arrille's Tradehouse' (dist=5.9m)
[INFO] [streaming] Portal candidate: 'Seyda Neen, Arrille's Tradehouse' (dist=5.9m)
[INFO] [streaming] Portal candidate: 'Seyda Neen, Arrille's Tradehouse' (dist=5.9m)
[INFO] [streaming] Portal candidate: 'Seyda Neen, Arrille's Tradehouse' (dist=5.9m)
[INFO] [streaming] Portal candidate: 'Seyda Neen, Arrille's Tradehouse' (dist=5.9m)
[INFO] [streaming] Portal candidate: 'Seyda Neen, Arrille's Tradehouse' (dist=5.9m)
[INFO] [streaming] Portal candidate: 'Seyda Neen, Arrille's Tradehouse' (dist=5.9m)
[INFO] [streaming] Portal candidate: 'Seyda Neen, Arrille's Tradehouse' (dist=5.9m)
[INFO] [streaming] Portal candidate: 'Seyda Neen, Arrille's Tradehouse' (dist=5.9m)
[INFO] [streaming] Portal candidate: 'Seyda Neen, Arrille's Tradehouse' (dist=5.9m)
[INFO] [streaming] Portal candidate: 'Seyda Neen, Arrille's Tradehouse' (dist=5.9m)
[INFO] [streaming] Portal candidate: 'Seyda Neen, Arrille's Tradehouse' (dist=5.9m)
[INFO] [streaming] Portal candidate: 'Seyda Neen, Arrille's Tradehouse' (dist=5.9m)
[INFO] [streaming] Portal candidate: 'Seyda Neen, Arrille's Tradehouse' (dist=5.9m)
[INFO] [streaming] Portal candidate: 'Seyda Neen, Arrille's Tradehouse' (dist=5.9m)
[INFO] [streaming] Portal candidate: 'Seyda Neen, Arrille's Tradehouse' (dist=5.9m)
[INFO] [streaming] Portal candidate: 'Seyda Neen, Arrille's Tradehouse' (dist=5.9m)
[INFO] [streaming] Portal candidate: 'Seyda Neen, Arrille's Tradehouse' (dist=5.9m)
[INFO] [streaming] Portal candidate: 'Seyda Neen, Arrille's Tradehouse' (dist=5.9m)
[INFO] [streaming] Portal candidate: 'Seyda Neen, Arrille's Tradehouse' (dist=5.9m)
[INFO] [streaming] Portal candidate: 'Seyda Neen, Arrille's Tradehouse' (dist=5.9m)
[INFO] [streaming] Portal candidate: 'Seyda Neen, Arrille's Tradehouse' (dist=5.9m)
[INFO] [streaming] Portal candidate: 'Seyda Neen, Arrille's Tradehouse' (dist=5.9m)
[INFO] [streaming] Portal candidate: 'Seyda Neen, Arrille's Tradehouse' (dist=5.9m)
[INFO] [streaming] Portal candidate: 'Seyda Neen, Arrille's Tradehouse' (dist=5.9m)
[INFO] [streaming] Portal candidate: 'Seyda Neen, Arrille's Tradehouse' (dist=5.9m)
[INFO] [streaming] Portal candidate: 'Seyda Neen, Arrille's Tradehouse' (dist=5.9m)
[INFO] [streaming] Portal candidate: 'Seyda Neen, Arrille's Tradehouse' (dist=5.9m)
[INFO] [streaming] Portal candidate: 'Seyda Neen, Arrille's Tradehouse' (dist=5.9m)
[INFO] [streaming] Portal candidate: 'Seyda Neen, Arrille's Tradehouse' (dist=5.9m)
[INFO] [streaming] Portal candidate: 'Seyda Neen, Arrille's Tradehouse' (dist=5.9m)
[INFO] [streaming] Portal candidate: 'Seyda Neen, Arrille's Tradehouse' (dist=5.9m)
[INFO] [streaming] Portal candidate: 'Seyda Neen, Arrille's Tradehouse' (dist=5.9m)
[INFO] [streaming] Portal candidate: 'Seyda Neen, Arrille's Tradehouse' (dist=5.9m)
[INFO] [streaming] Portal candidate: 'Seyda Neen, Arrille's Tradehouse' (dist=5.9m)
[INFO] [streaming] Portal candidate: 'Seyda Neen, Arrille's Tradehouse' (dist=5.9m)
[INFO] [streaming] Portal candidate: 'Seyda Neen, Arrille's Tradehouse' (dist=5.9m)
[INFO] [streaming] Portal candidate: 'Seyda Neen, Arrille's Tradehouse' (dist=5.9m)
[INFO] [streaming] Portal candidate: 'Seyda Neen, Arrille's Tradehouse' (dist=5.9m)
[INFO] [streaming] Portal candidate: 'Seyda Neen, Arrille's Tradehouse' (dist=5.9m)
[INFO] [streaming] Portal candidate: 'Seyda Neen, Arrille's Tradehouse' (dist=5.9m)
[INFO] [streaming] Portal candidate: 'Seyda Neen, Arrille's Tradehouse' (dist=5.9m)
[INFO] [streaming] Portal candidate: 'Seyda Neen, Arrille's Tradehouse' (dist=5.9m)
[INFO] [streaming] Portal candidate: 'Seyda Neen, Arrille's Tradehouse' (dist=5.9m)
[INFO] [streaming] Portal candidate: 'Seyda Neen, Arrille's Tradehouse' (dist=5.9m)
[INFO] [streaming] Portal candidate: 'Seyda Neen, Arrille's Tradehouse' (dist=5.9m)
[INFO] [streaming] Portal candidate: 'Seyda Neen, Arrille's Tradehouse' (dist=5.9m)
[INFO] [streaming] Portal candidate: 'Seyda Neen, Arrille's Tradehouse' (dist=5.9m)
[INFO] [streaming] Portal candidate: 'Seyda Neen, Arrille's Tradehouse' (dist=5.9m)
[INFO] [streaming] Portal candidate: 'Seyda Neen, Arrille's Tradehouse' (dist=5.9m)
[INFO] [streaming] Portal candidate: 'Seyda Neen, Arrille's Tradehouse' (dist=5.9m)
[INFO] [streaming] Portal candidate: 'Seyda Neen, Arrille's Tradehouse' (dist=5.9m)
[INFO] [streaming] Portal candidate: 'Seyda Neen, Arrille's Tradehouse' (dist=5.9m)
[INFO] [streaming] Portal candidate: 'Seyda Neen, Arrille's Tradehouse' (dist=5.9m)
[INFO] [streaming] Portal candidate: 'Seyda Neen, Arrille's Tradehouse' (dist=5.9m)
[INFO] [streaming] Portal candidate: 'Seyda Neen, Arrille's Tradehouse' (dist=5.9m)
[INFO] [streaming] Portal candidate: 'Seyda Neen, Arrille's Tradehouse' (dist=5.9m)
[INFO] [streaming] Portal candidate: 'Seyda Neen, Arrille's Tradehouse' (dist=5.9m)
[INFO] [streaming] Portal candidate: 'Seyda Neen, Arrille's Tradehouse' (dist=5.9m)
[INFO] [streaming] Portal candidate: 'Seyda Neen, Arrille's Tradehouse' (dist=5.9m)
[INFO] [streaming] Portal candidate: 'Seyda Neen, Arrille's Tradehouse' (dist=5.9m)
[INFO] [streaming] Portal candidate: 'Seyda Neen, Arrille's Tradehouse' (dist=5.9m)
[INFO] [streaming] Portal candidate: 'Seyda Neen, Arrille's Tradehouse' (dist=5.9m)
[INFO] [streaming] Portal candidate: 'Seyda Neen, Arrille's Tradehouse' (dist=5.9m)
[INFO] [streaming] Portal candidate: 'Seyda Neen, Arrille's Tradehouse' (dist=5.9m)
[INFO] [streaming] Portal candidate: 'Seyda Neen, Arrille's Tradehouse' (dist=5.9m)
[INFO] [streaming] Portal candidate: 'Seyda Neen, Arrille's Tradehouse' (dist=5.9m)
[INFO] [streaming] Portal candidate: 'Seyda Neen, Arrille's Tradehouse' (dist=5.9m)
[INFO] [streaming] Portal candidate: 'Seyda Neen, Arrille's Tradehouse' (dist=5.9m)
[INFO] [streaming] Portal candidate: 'Seyda Neen, Arrille's Tradehouse' (dist=5.9m)
[INFO] [streaming] Portal candidate: 'Seyda Neen, Arrille's Tradehouse' (dist=5.9m)
[INFO] [streaming] Portal candidate: 'Seyda Neen, Arrille's Tradehouse' (dist=5.9m)
[INFO] [streaming] Portal candidate: 'Seyda Neen, Arrille's Tradehouse' (dist=5.9m)
[INFO] [streaming] Portal candidate: 'Seyda Neen, Arrille's Tradehouse' (dist=5.9m)
[INFO] [streaming] Portal candidate: 'Seyda Neen, Arrille's Tradehouse' (dist=5.9m)
[INFO] [streaming] Portal candidate: 'Seyda Neen, Arrille's Tradehouse' (dist=5.9m)
[INFO] [streaming] Portal candidate: 'Seyda Neen, Arrille's Tradehouse' (dist=5.9m)
[INFO] [streaming] Portal candidate: 'Seyda Neen, Arrille's Tradehouse' (dist=5.9m)
[INFO] [streaming] Portal candidate: 'Seyda Neen, Arrille's Tradehouse' (dist=5.9m)
[INFO] [streaming] Portal candidate: 'Seyda Neen, Arrille's Tradehouse' (dist=5.9m)
[INFO] [streaming] Portal candidate: 'Seyda Neen, Arrille's Tradehouse' (dist=5.9m)
[INFO] [streaming] Portal candidate: 'Seyda Neen, Arrille's Tradehouse' (dist=5.9m)
[INFO] [streaming] Portal candidate: 'Seyda Neen, Arrille's Tradehouse' (dist=5.9m)
[INFO] [streaming] Portal candidate: 'Seyda Neen, Arrille's Tradehouse' (dist=5.9m)
[INFO] [streaming] Portal candidate: 'Seyda Neen, Arrille's Tradehouse' (dist=5.9m)
[INFO] [streaming] Portal candidate: 'Seyda Neen, Arrille's Tradehouse' (dist=5.9m)
[INFO] [streaming] Portal candidate: 'Seyda Neen, Arrille's Tradehouse' (dist=5.9m)
[INFO] [streaming] Portal candidate: 'Seyda Neen, Arrille's Tradehouse' (dist=5.9m)
[INFO] [streaming] Portal candidate: 'Seyda Neen, Arrille's Tradehouse' (dist=5.9m)
[INFO] [streaming] Portal candidate: 'Seyda Neen, Arrille's Tradehouse' (dist=5.9m)
[INFO] [streaming] Portal candidate: 'Seyda Neen, Arrille's Tradehouse' (dist=5.9m)
[INFO] [streaming] Portal candidate: 'Seyda Neen, Arrille's Tradehouse' (dist=5.9m)
[INFO] [streaming] Portal candidate: 'Seyda Neen, Arrille's Tradehouse' (dist=5.9m)
[INFO] [streaming] Portal candidate: 'Seyda Neen, Arrille's Tradehouse' (dist=5.9m)
[INFO] [streaming] Portal candidate: 'Seyda Neen, Arrille's Tradehouse' (dist=5.9m)
[INFO] [streaming] Portal candidate: 'Seyda Neen, Arrille's Tradehouse' (dist=5.9m)
[INFO] [streaming] Portal candidate: 'Seyda Neen, Arrille's Tradehouse' (dist=5.9m)
[INFO] [streaming] Portal candidate: 'Seyda Neen, Arrille's Tradehouse' (dist=5.9m)
[INFO] [streaming] Portal candidate: 'Seyda Neen, Arrille's Tradehouse' (dist=5.9m)
[INFO] [streaming] Portal candidate: 'Seyda Neen, Arrille's Tradehouse' (dist=5.9m)
[INFO] [streaming] Portal candidate: 'Seyda Neen, Arrille's Tradehouse' (dist=5.9m)
[INFO] [streaming] Portal candidate: 'Seyda Neen, Arrille's Tradehouse' (dist=5.9m)
[INFO] [streaming] Portal candidate: 'Seyda Neen, Arrille's Tradehouse' (dist=5.9m)
[INFO] [streaming] Portal candidate: 'Seyda Neen, Arrille's Tradehouse' (dist=5.9m)
[INFO] [streaming] Portal candidate: 'Seyda Neen, Arrille's Tradehouse' (dist=5.9m)
[INFO] [streaming] Portal candidate: 'Seyda Neen, Arrille's Tradehouse' (dist=5.9m)
[INFO] [streaming] Portal candidate: 'Seyda Neen, Arrille's Tradehouse' (dist=5.9m)
[INFO] [streaming] Portal candidate: 'Seyda Neen, Arrille's Tradehouse' (dist=5.9m)
[INFO] [streaming] Portal candidate: 'Seyda Neen, Arrille's Tradehouse' (dist=5.9m)
[INFO] [streaming] Portal candidate: 'Seyda Neen, Arrille's Tradehouse' (dist=5.9m)
[INFO] [streaming] Portal candidate: 'Seyda Neen, Arrille's Tradehouse' (dist=5.9m)
[INFO] [streaming] Portal candidate: 'Seyda Neen, Arrille's Tradehouse' (dist=5.9m)
[INFO] [streaming] Portal candidate: 'Seyda Neen, Arrille's Tradehouse' (dist=5.9m)
[INFO] [streaming] Portal candidate: 'Seyda Neen, Arrille's Tradehouse' (dist=5.9m)
[INFO] [streaming] Portal candidate: 'Seyda Neen, Arrille's Tradehouse' (dist=5.9m)
[INFO] [streaming] Portal candidate: 'Seyda Neen, Arrille's Tradehouse' (dist=5.9m)
[INFO] [streaming] Portal candidate: 'Seyda Neen, Arrille's Tradehouse' (dist=5.9m)
[INFO] [streaming] Portal candidate: 'Seyda Neen, Arrille's Tradehouse' (dist=5.9m)
[INFO] [streaming] Portal candidate: 'Seyda Neen, Arrille's Tradehouse' (dist=5.9m)
[INFO] [streaming] Portal candidate: 'Seyda Neen, Arrille's Tradehouse' (dist=5.9m)
[INFO] [streaming] Portal candidate: 'Seyda Neen, Arrille's Tradehouse' (dist=5.9m)
[INFO] [streaming] Portal candidate: 'Seyda Neen, Arrille's Tradehouse' (dist=5.9m)
[INFO] [streaming] Portal candidate: 'Seyda Neen, Arrille's Tradehouse' (dist=5.9m)
[INFO] [streaming] Portal candidate: 'Seyda Neen, Arrille's Tradehouse' (dist=5.9m)
[INFO] [streaming] Portal candidate: 'Seyda Neen, Arrille's Tradehouse' (dist=5.9m)
[INFO] [streaming] heartbeat sec=204 frame=2589 fps=51.8 proc=24.4ms phys=0.2ms draws=7121 objs=8716 prims=3248k loaded=117 loading=4 reg_batches=535 reg_slots=14378
[INFO] [streaming] Portal candidate: 'Seyda Neen, Arrille's Tradehouse' (dist=5.9m)
[INFO] [streaming] Portal candidate: 'Seyda Neen, Arrille's Tradehouse' (dist=5.9m)
[INFO] [streaming] Portal candidate: 'Seyda Neen, Arrille's Tradehouse' (dist=5.9m)
[INFO] [streaming] Portal candidate: 'Seyda Neen, Arrille's Tradehouse' (dist=5.9m)
[INFO] [streaming] Portal candidate: 'Seyda Neen, Arrille's Tradehouse' (dist=5.9m)
[INFO] [streaming] Portal candidate: 'Seyda Neen, Arrille's Tradehouse' (dist=5.9m)
[INFO] [streaming] Portal candidate: 'Seyda Neen, Arrille's Tradehouse' (dist=5.9m)
[INFO] [streaming] Portal candidate: 'Seyda Neen, Arrille's Tradehouse' (dist=5.9m)
[INFO] [streaming] Portal candidate: 'Seyda Neen, Arrille's Tradehouse' (dist=5.9m)
[INFO] [streaming] Portal candidate: 'Seyda Neen, Arrille's Tradehouse' (dist=5.9m)
[INFO] [streaming] Portal candidate: 'Seyda Neen, Arrille's Tradehouse' (dist=5.9m)
[INFO] [streaming] Portal candidate: 'Seyda Neen, Arrille's Tradehouse' (dist=5.9m)
[INFO] [streaming] Portal candidate: 'Seyda Neen, Arrille's Tradehouse' (dist=5.9m)
[INFO] [streaming] Portal candidate: 'Seyda Neen, Arrille's Tradehouse' (dist=5.9m)
[INFO] [streaming] Portal candidate: 'Seyda Neen, Arrille's Tradehouse' (dist=5.9m)
[INFO] [streaming] Portal candidate: 'Seyda Neen, Arrille's Tradehouse' (dist=5.9m)
[INFO] [streaming] Portal candidate: 'Seyda Neen, Arrille's Tradehouse' (dist=5.9m)
[INFO] [streaming] Portal candidate: 'Seyda Neen, Arrille's Tradehouse' (dist=5.9m)
[INFO] [streaming] Portal candidate: 'Seyda Neen, Arrille's Tradehouse' (dist=5.9m)
[INFO] [streaming] Portal candidate: 'Seyda Neen, Arrille's Tradehouse' (dist=5.9m)
[INFO] [streaming] Portal candidate: 'Seyda Neen, Arrille's Tradehouse' (dist=5.9m)
[INFO] [streaming] Portal candidate: 'Seyda Neen, Arrille's Tradehouse' (dist=5.9m)
[INFO] [streaming] Portal candidate: 'Seyda Neen, Arrille's Tradehouse' (dist=5.9m)
[INFO] [streaming] Portal candidate: 'Seyda Neen, Arrille's Tradehouse' (dist=5.9m)
[INFO] [streaming] Portal candidate: 'Seyda Neen, Arrille's Tradehouse' (dist=5.9m)
[INFO] [streaming] Portal candidate: 'Seyda Neen, Arrille's Tradehouse' (dist=5.9m)
[INFO] [streaming] Portal candidate: 'Seyda Neen, Arrille's Tradehouse' (dist=5.9m)
[INFO] [streaming] Portal candidate: 'Seyda Neen, Arrille's Tradehouse' (dist=5.9m)
[INFO] [streaming] Portal candidate: 'Seyda Neen, Arrille's Tradehouse' (dist=5.9m)
[INFO] [streaming] Portal candidate: 'Seyda Neen, Arrille's Tradehouse' (dist=5.9m)
[INFO] [streaming] Portal candidate: 'Seyda Neen, Arrille's Tradehouse' (dist=5.9m)
[INFO] [streaming] Portal candidate: 'Seyda Neen, Arrille's Tradehouse' (dist=5.9m)
[INFO] [streaming] Portal candidate: 'Seyda Neen, Arrille's Tradehouse' (dist=5.9m)
[INFO] [streaming] Portal candidate: 'Seyda Neen, Arrille's Tradehouse' (dist=5.9m)
[INFO] [streaming] Portal candidate: 'Seyda Neen, Arrille's Tradehouse' (dist=5.9m)
[INFO] [streaming] Portal candidate: 'Seyda Neen, Arrille's Tradehouse' (dist=5.9m)
[INFO] [streaming] Portal candidate: 'Seyda Neen, Arrille's Tradehouse' (dist=5.9m)
[INFO] [streaming] Portal candidate: 'Seyda Neen, Arrille's Tradehouse' (dist=5.9m)
[INFO] [streaming] Portal candidate: 'Seyda Neen, Arrille's Tradehouse' (dist=5.9m)
[INFO] [streaming] Portal candidate: 'Seyda Neen, Arrille's Tradehouse' (dist=5.9m)
[INFO] [streaming] Portal candidate: 'Seyda Neen, Arrille's Tradehouse' (dist=5.9m)
[INFO] [streaming] Portal candidate: 'Seyda Neen, Arrille's Tradehouse' (dist=5.9m)
[INFO] [streaming] Portal candidate: 'Seyda Neen, Arrille's Tradehouse' (dist=5.9m)
[INFO] [streaming] Portal candidate: 'Seyda Neen, Arrille's Tradehouse' (dist=5.9m)
[INFO] [streaming] Portal candidate: 'Seyda Neen, Arrille's Tradehouse' (dist=5.9m)
[INFO] [streaming] Portal candidate: 'Seyda Neen, Arrille's Tradehouse' (dist=5.9m)
[INFO] [streaming] Portal candidate: 'Seyda Neen, Arrille's Tradehouse' (dist=5.9m)
[INFO] [streaming] Portal candidate: 'Seyda Neen, Arrille's Tradehouse' (dist=5.9m)
[INFO] [streaming] Portal candidate: 'Seyda Neen, Arrille's Tradehouse' (dist=5.9m)
[INFO] [streaming] Portal candidate: 'Seyda Neen, Arrille's Tradehouse' (dist=5.9m)
[INFO] [streaming] Portal candidate: 'Seyda Neen, Arrille's Tradehouse' (dist=5.9m)
[INFO] [streaming] Portal candidate: 'Seyda Neen, Arrille's Tradehouse' (dist=5.9m)
[INFO] [streaming] Portal candidate: 'Seyda Neen, Arrille's Tradehouse' (dist=5.9m)
[INFO] [streaming] Portal candidate: 'Seyda Neen, Arrille's Tradehouse' (dist=5.9m)
[INFO] [streaming] Portal candidate: 'Seyda Neen, Arrille's Tradehouse' (dist=5.9m)
[INFO] [streaming] Portal candidate: 'Seyda Neen, Arrille's Tradehouse' (dist=5.9m)
[INFO] [streaming] Portal candidate: 'Seyda Neen, Arrille's Tradehouse' (dist=5.9m)
[INFO] [streaming] Portal candidate: 'Seyda Neen, Arrille's Tradehouse' (dist=5.9m)
[INFO] [streaming] Portal candidate: 'Seyda Neen, Arrille's Tradehouse' (dist=5.9m)
[INFO] [streaming] Portal candidate: 'Seyda Neen, Arrille's Tradehouse' (dist=5.9m)
[INFO] [streaming] Portal candidate: 'Seyda Neen, Arrille's Tradehouse' (dist=5.9m)
[INFO] [streaming] Portal candidate: 'Seyda Neen, Arrille's Tradehouse' (dist=5.9m)
[INFO] [streaming] Portal candidate: 'Seyda Neen, Arrille's Tradehouse' (dist=5.9m)
[INFO] [streaming] Portal candidate: 'Seyda Neen, Arrille's Tradehouse' (dist=5.9m)
[INFO] [streaming] Portal candidate: 'Seyda Neen, Arrille's Tradehouse' (dist=5.9m)
[INFO] [streaming] Portal candidate: 'Seyda Neen, Arrille's Tradehouse' (dist=5.9m)
[INFO] [streaming] Portal candidate: 'Seyda Neen, Arrille's Tradehouse' (dist=5.9m)
[INFO] [streaming] Portal candidate: 'Seyda Neen, Arrille's Tradehouse' (dist=5.9m)
[INFO] [streaming] Portal candidate: 'Seyda Neen, Arrille's Tradehouse' (dist=5.9m)
[INFO] [streaming] Portal candidate: 'Seyda Neen, Arrille's Tradehouse' (dist=5.9m)
[INFO] [streaming] Portal candidate: 'Seyda Neen, Arrille's Tradehouse' (dist=5.9m)
[INFO] [streaming] Portal candidate: 'Seyda Neen, Arrille's Tradehouse' (dist=5.9m)
[INFO] [streaming] Portal candidate: 'Seyda Neen, Arrille's Tradehouse' (dist=5.9m)
[INFO] [streaming] Portal candidate: 'Seyda Neen, Arrille's Tradehouse' (dist=5.9m)
[INFO] [streaming] Portal candidate: 'Seyda Neen, Arrille's Tradehouse' (dist=5.9m)
[INFO] [streaming] Portal candidate: 'Seyda Neen, Arrille's Tradehouse' (dist=5.9m)
[INFO] [streaming] Portal candidate: 'Seyda Neen, Arrille's Tradehouse' (dist=5.9m)
[INFO] [streaming] Portal candidate: 'Seyda Neen, Arrille's Tradehouse' (dist=5.9m)
[INFO] [streaming] Portal candidate: 'Seyda Neen, Arrille's Tradehouse' (dist=5.9m)
[INFO] [streaming] Portal candidate: 'Seyda Neen, Arrille's Tradehouse' (dist=5.9m)
[INFO] [streaming] Portal candidate: 'Seyda Neen, Arrille's Tradehouse' (dist=5.9m)
[INFO] [streaming] Portal candidate: 'Seyda Neen, Arrille's Tradehouse' (dist=5.9m)
[INFO] [streaming] Portal candidate: 'Seyda Neen, Arrille's Tradehouse' (dist=5.9m)
[INFO] [streaming] Portal candidate: 'Seyda Neen, Arrille's Tradehouse' (dist=5.9m)
[INFO] [streaming] Portal candidate: 'Seyda Neen, Arrille's Tradehouse' (dist=5.9m)
[INFO] [streaming] Portal candidate: 'Seyda Neen, Arrille's Tradehouse' (dist=5.9m)
[INFO] [streaming] Portal candidate: 'Seyda Neen, Arrille's Tradehouse' (dist=5.9m)
[INFO] [streaming] Portal candidate: 'Seyda Neen, Arrille's Tradehouse' (dist=5.9m)
[INFO] [streaming] Portal candidate: 'Seyda Neen, Arrille's Tradehouse' (dist=5.9m)
[INFO] [streaming] Portal candidate: 'Seyda Neen, Arrille's Tradehouse' (dist=5.9m)
[INFO] [streaming] Portal candidate: 'Seyda Neen, Arrille's Tradehouse' (dist=5.9m)
[INFO] [streaming] Portal candidate: 'Seyda Neen, Arrille's Tradehouse' (dist=5.9m)
[INFO] [streaming] Portal candidate: 'Seyda Neen, Arrille's Tradehouse' (dist=5.9m)
[INFO] [streaming] Portal candidate: 'Seyda Neen, Arrille's Tradehouse' (dist=5.9m)
[INFO] [streaming] Portal candidate: 'Seyda Neen, Arrille's Tradehouse' (dist=5.9m)
[INFO] [streaming] Portal candidate: 'Seyda Neen, Arrille's Tradehouse' (dist=5.9m)
[INFO] [streaming] Portal candidate: 'Seyda Neen, Arrille's Tradehouse' (dist=5.9m)
[INFO] [streaming] Portal candidate: 'Seyda Neen, Arrille's Tradehouse' (dist=5.9m)
[INFO] [streaming] Portal candidate: 'Seyda Neen, Arrille's Tradehouse' (dist=5.9m)
[INFO] [streaming] Portal candidate: 'Seyda Neen, Arrille's Tradehouse' (dist=5.9m)
[INFO] [streaming] Portal candidate: 'Seyda Neen, Arrille's Tradehouse' (dist=5.9m)
[INFO] [streaming] Portal candidate: 'Seyda Neen, Arrille's Tradehouse' (dist=5.9m)
[INFO] [streaming] Portal candidate: 'Seyda Neen, Arrille's Tradehouse' (dist=5.9m)
[INFO] [streaming] Portal candidate: 'Seyda Neen, Arrille's Tradehouse' (dist=5.9m)
[INFO] [streaming] Portal candidate: 'Seyda Neen, Arrille's Tradehouse' (dist=5.9m)
[INFO] [streaming] Portal candidate: 'Seyda Neen, Arrille's Tradehouse' (dist=5.9m)
[INFO] [streaming] Portal candidate: 'Seyda Neen, Arrille's Tradehouse' (dist=5.9m)
[INFO] [streaming] Portal candidate: 'Seyda Neen, Arrille's Tradehouse' (dist=5.9m)
[INFO] [streaming] Portal candidate: 'Seyda Neen, Arrille's Tradehouse' (dist=5.9m)
[INFO] [streaming] Portal candidate: 'Seyda Neen, Arrille's Tradehouse' (dist=5.9m)
[INFO] [streaming] Portal candidate: 'Seyda Neen, Arrille's Tradehouse' (dist=5.9m)
[INFO] [streaming] Portal candidate: 'Seyda Neen, Arrille's Tradehouse' (dist=5.9m)
[INFO] [streaming] Portal candidate: 'Seyda Neen, Arrille's Tradehouse' (dist=5.9m)
[INFO] [streaming] Portal candidate: 'Seyda Neen, Arrille's Tradehouse' (dist=5.9m)
[INFO] [streaming] Portal candidate: 'Seyda Neen, Arrille's Tradehouse' (dist=5.9m)
[INFO] [streaming] Portal candidate: 'Seyda Neen, Arrille's Tradehouse' (dist=5.9m)
[INFO] [streaming] Portal candidate: 'Seyda Neen, Arrille's Tradehouse' (dist=5.9m)
[INFO] [streaming] Portal candidate: 'Seyda Neen, Arrille's Tradehouse' (dist=5.9m)
[INFO] [streaming] Portal candidate: 'Seyda Neen, Arrille's Tradehouse' (dist=5.9m)
[INFO] [streaming] Portal candidate: 'Seyda Neen, Arrille's Tradehouse' (dist=5.9m)
[INFO] [streaming] Portal candidate: 'Seyda Neen, Arrille's Tradehouse' (dist=5.9m)
[INFO] [impostors] Benchmark: 51208 impostors, 256 tex layers, 0 pending cells, mm_instances=51208
[INFO] [streaming] Portal candidate: 'Seyda Neen, Arrille's Tradehouse' (dist=5.9m)
[INFO] [streaming] Portal candidate: 'Seyda Neen, Arrille's Tradehouse' (dist=5.9m)
[INFO] [streaming] Portal candidate: 'Seyda Neen, Arrille's Tradehouse' (dist=5.9m)
[INFO] [streaming] Portal candidate: 'Seyda Neen, Arrille's Tradehouse' (dist=5.9m)
[INFO] [streaming] Portal candidate: 'Seyda Neen, Arrille's Tradehouse' (dist=5.9m)
[INFO] [streaming] Portal candidate: 'Seyda Neen, Arrille's Tradehouse' (dist=5.9m)
[INFO] [streaming] Portal candidate: 'Seyda Neen, Arrille's Tradehouse' (dist=5.9m)
[INFO] [streaming] Portal candidate: 'Seyda Neen, Arrille's Tradehouse' (dist=5.9m)
[INFO] [streaming] Portal candidate: 'Seyda Neen, Arrille's Tradehouse' (dist=5.9m)
[INFO] [streaming] Portal candidate: 'Seyda Neen, Arrille's Tradehouse' (dist=5.9m)
[INFO] [streaming] Portal candidate: 'Seyda Neen, Arrille's Tradehouse' (dist=5.9m)
[INFO] [streaming] Portal candidate: 'Seyda Neen, Arrille's Tradehouse' (dist=5.9m)
[INFO] [streaming] Portal candidate: 'Seyda Neen, Arrille's Tradehouse' (dist=5.9m)
[INFO] [streaming] Portal candidate: 'Seyda Neen, Arrille's Tradehouse' (dist=5.9m)
[INFO] [streaming] Portal candidate: 'Seyda Neen, Arrille's Tradehouse' (dist=5.9m)
[INFO] [streaming] Portal candidate: 'Seyda Neen, Arrille's Tradehouse' (dist=5.9m)
[INFO] [streaming] Portal candidate: 'Seyda Neen, Arrille's Tradehouse' (dist=5.9m)
[INFO] [streaming] Portal candidate: 'Seyda Neen, Arrille's Tradehouse' (dist=5.9m)
[INFO] [streaming] Portal candidate: 'Seyda Neen, Arrille's Tradehouse' (dist=5.9m)
[INFO] [streaming] Portal candidate: 'Seyda Neen, Arrille's Tradehouse' (dist=5.9m)
[INFO] [streaming] Portal candidate: 'Seyda Neen, Arrille's Tradehouse' (dist=5.9m)
[INFO] [streaming] Portal candidate: 'Seyda Neen, Arrille's Tradehouse' (dist=5.9m)
[INFO] [streaming] Portal candidate: 'Seyda Neen, Arrille's Tradehouse' (dist=5.9m)
[INFO] [streaming] Portal candidate: 'Seyda Neen, Arrille's Tradehouse' (dist=5.9m)
[INFO] [streaming] Portal candidate: 'Seyda Neen, Arrille's Tradehouse' (dist=5.9m)
[INFO] [streaming] Portal candidate: 'Seyda Neen, Arrille's Tradehouse' (dist=5.9m)
[INFO] [streaming] Portal candidate: 'Seyda Neen, Arrille's Tradehouse' (dist=5.9m)
[INFO] [streaming] Portal candidate: 'Seyda Neen, Arrille's Tradehouse' (dist=5.9m)
[INFO] [streaming] Portal candidate: 'Seyda Neen, Arrille's Tradehouse' (dist=5.9m)
[INFO] [streaming] Portal candidate: 'Seyda Neen, Arrille's Tradehouse' (dist=5.9m)
[INFO] [streaming] Portal candidate: 'Seyda Neen, Arrille's Tradehouse' (dist=5.9m)
[INFO] [streaming] Portal candidate: 'Seyda Neen, Arrille's Tradehouse' (dist=5.9m)
[INFO] [streaming] Portal candidate: 'Seyda Neen, Arrille's Tradehouse' (dist=5.9m)
[INFO] [streaming] Portal candidate: 'Seyda Neen, Arrille's Tradehouse' (dist=5.9m)
[INFO] [streaming] Portal candidate: 'Seyda Neen, Arrille's Tradehouse' (dist=5.9m)
[INFO] [streaming] Portal candidate: 'Seyda Neen, Arrille's Tradehouse' (dist=5.9m)
[INFO] [streaming] Portal candidate: 'Seyda Neen, Arrille's Tradehouse' (dist=5.9m)
[INFO] [streaming] Portal candidate: 'Seyda Neen, Arrille's Tradehouse' (dist=5.9m)
[INFO] [streaming] Portal candidate: 'Seyda Neen, Arrille's Tradehouse' (dist=5.9m)
[INFO] [streaming] Portal candidate: 'Seyda Neen, Arrille's Tradehouse' (dist=5.9m)
[INFO] [streaming] Portal candidate: 'Seyda Neen, Arrille's Tradehouse' (dist=5.9m)
[INFO] [streaming] Portal candidate: 'Seyda Neen, Arrille's Tradehouse' (dist=5.9m)
[INFO] [streaming] Portal candidate: 'Seyda Neen, Arrille's Tradehouse' (dist=5.9m)
[INFO] [streaming] Portal candidate: 'Seyda Neen, Arrille's Tradehouse' (dist=5.9m)
[INFO] [streaming] Portal candidate: 'Seyda Neen, Arrille's Tradehouse' (dist=5.9m)
[INFO] [streaming] Portal candidate: 'Seyda Neen, Arrille's Tradehouse' (dist=5.9m)
[INFO] [streaming] Portal candidate: 'Seyda Neen, Arrille's Tradehouse' (dist=5.9m)
[INFO] [streaming] Portal candidate: 'Seyda Neen, Arrille's Tradehouse' (dist=5.9m)
[INFO] [streaming] Portal candidate: 'Seyda Neen, Arrille's Tradehouse' (dist=5.9m)
[INFO] [streaming] Portal candidate: 'Seyda Neen, Arrille's Tradehouse' (dist=5.9m)
[INFO] [streaming] Portal candidate: 'Seyda Neen, Arrille's Tradehouse' (dist=5.9m)
[INFO] [streaming] Portal candidate: 'Seyda Neen, Arrille's Tradehouse' (dist=5.9m)
[INFO] [streaming] Portal candidate: 'Seyda Neen, Arrille's Tradehouse' (dist=5.9m)
[INFO] [streaming] Portal candidate: 'Seyda Neen, Arrille's Tradehouse' (dist=5.9m)
[INFO] [streaming] Portal candidate: 'Seyda Neen, Arrille's Tradehouse' (dist=5.9m)
[INFO] [streaming] Portal candidate: 'Seyda Neen, Arrille's Tradehouse' (dist=5.9m)
[INFO] [streaming] Portal candidate: 'Seyda Neen, Arrille's Tradehouse' (dist=5.9m)
[INFO] [streaming] Portal candidate: 'Seyda Neen, Arrille's Tradehouse' (dist=5.9m)
[INFO] [streaming] Portal candidate: 'Seyda Neen, Arrille's Tradehouse' (dist=5.9m)
[INFO] [streaming] Portal candidate: 'Seyda Neen, Arrille's Tradehouse' (dist=5.9m)
[INFO] [streaming] Portal candidate: 'Seyda Neen, Arrille's Tradehouse' (dist=5.9m)
[INFO] [streaming] Portal candidate: 'Seyda Neen, Arrille's Tradehouse' (dist=5.9m)
[INFO] [streaming] Portal candidate: 'Seyda Neen, Arrille's Tradehouse' (dist=5.9m)
[INFO] [streaming] Portal candidate: 'Seyda Neen, Arrille's Tradehouse' (dist=5.9m)
[INFO] [streaming] Portal candidate: 'Seyda Neen, Arrille's Tradehouse' (dist=5.9m)
[INFO] [streaming] Portal candidate: 'Seyda Neen, Arrille's Tradehouse' (dist=5.9m)
[INFO] [streaming] Portal candidate: 'Seyda Neen, Arrille's Tradehouse' (dist=5.9m)
[INFO] [streaming] Portal candidate: 'Seyda Neen, Arrille's Tradehouse' (dist=5.9m)
[INFO] [streaming] Portal candidate: 'Seyda Neen, Arrille's Tradehouse' (dist=5.9m)
[INFO] [streaming] Portal candidate: 'Seyda Neen, Arrille's Tradehouse' (dist=5.9m)
[INFO] [streaming] Portal candidate: 'Seyda Neen, Arrille's Tradehouse' (dist=5.9m)
[INFO] [streaming] Portal candidate: 'Seyda Neen, Arrille's Tradehouse' (dist=5.9m)
[INFO] [streaming] Portal candidate: 'Seyda Neen, Arrille's Tradehouse' (dist=5.9m)
[INFO] [streaming] Portal candidate: 'Seyda Neen, Arrille's Tradehouse' (dist=5.9m)
[INFO] [streaming] Portal candidate: 'Seyda Neen, Arrille's Tradehouse' (dist=5.9m)
[INFO] [streaming] Portal candidate: 'Seyda Neen, Arrille's Tradehouse' (dist=5.9m)
[INFO] [streaming] Portal candidate: 'Seyda Neen, Arrille's Tradehouse' (dist=5.9m)
[INFO] [streaming] Portal candidate: 'Seyda Neen, Arrille's Tradehouse' (dist=5.9m)
[INFO] [streaming] Portal candidate: 'Seyda Neen, Arrille's Tradehouse' (dist=5.9m)
[INFO] [streaming] Portal candidate: 'Seyda Neen, Arrille's Tradehouse' (dist=5.9m)
[INFO] [streaming] Portal candidate: 'Seyda Neen, Arrille's Tradehouse' (dist=5.9m)
[INFO] [streaming] Portal candidate: 'Seyda Neen, Arrille's Tradehouse' (dist=5.9m)
[INFO] [streaming] Portal candidate: 'Seyda Neen, Arrille's Tradehouse' (dist=5.9m)
[INFO] [streaming] Portal candidate: 'Seyda Neen, Arrille's Tradehouse' (dist=5.9m)
[INFO] [streaming] Portal candidate: 'Seyda Neen, Arrille's Tradehouse' (dist=5.9m)
[INFO] [streaming] Portal candidate: 'Seyda Neen, Arrille's Tradehouse' (dist=5.9m)
[INFO] [streaming] Portal candidate: 'Seyda Neen, Arrille's Tradehouse' (dist=5.9m)
[INFO] [streaming] Portal candidate: 'Seyda Neen, Arrille's Tradehouse' (dist=5.9m)
[INFO] [streaming] Portal candidate: 'Seyda Neen, Arrille's Tradehouse' (dist=5.9m)
[INFO] [streaming] Portal candidate: 'Seyda Neen, Arrille's Tradehouse' (dist=5.9m)
[INFO] [streaming] Portal candidate: 'Seyda Neen, Arrille's Tradehouse' (dist=5.9m)
[INFO] [streaming] Portal candidate: 'Seyda Neen, Arrille's Tradehouse' (dist=5.9m)
[INFO] [streaming] Portal candidate: 'Seyda Neen, Arrille's Tradehouse' (dist=5.9m)
[INFO] [streaming] Portal candidate: 'Seyda Neen, Arrille's Tradehouse' (dist=5.9m)
[INFO] [streaming] Portal candidate: 'Seyda Neen, Arrille's Tradehouse' (dist=5.9m)
[INFO] [streaming] Portal candidate: 'Seyda Neen, Arrille's Tradehouse' (dist=5.9m)
[INFO] [streaming] Portal candidate: 'Seyda Neen, Arrille's Tradehouse' (dist=5.9m)
[INFO] [streaming] Portal candidate: 'Seyda Neen, Arrille's Tradehouse' (dist=5.9m)
[INFO] [streaming] Portal candidate: 'Seyda Neen, Arrille's Tradehouse' (dist=5.9m)
[INFO] [streaming] Portal candidate: 'Seyda Neen, Arrille's Tradehouse' (dist=5.9m)
[INFO] [streaming] Portal candidate: 'Seyda Neen, Arrille's Tradehouse' (dist=5.9m)
[INFO] [streaming] Portal candidate: 'Seyda Neen, Arrille's Tradehouse' (dist=5.9m)
[INFO] [streaming] Portal candidate: 'Seyda Neen, Arrille's Tradehouse' (dist=5.9m)
[INFO] [streaming] Portal candidate: 'Seyda Neen, Arrille's Tradehouse' (dist=5.9m)
[INFO] [streaming] Portal candidate: 'Seyda Neen, Arrille's Tradehouse' (dist=5.9m)
[INFO] [streaming] Portal candidate: 'Seyda Neen, Arrille's Tradehouse' (dist=5.9m)
[INFO] [streaming] Portal candidate: 'Seyda Neen, Arrille's Tradehouse' (dist=5.9m)
[INFO] [streaming] Portal candidate: 'Seyda Neen, Arrille's Tradehouse' (dist=5.9m)
[INFO] [streaming] Portal candidate: 'Seyda Neen, Arrille's Tradehouse' (dist=5.9m)
[INFO] [streaming] Portal candidate: 'Seyda Neen, Arrille's Tradehouse' (dist=5.9m)
[INFO] [streaming] Portal candidate: 'Seyda Neen, Arrille's Tradehouse' (dist=5.9m)
[INFO] [streaming] Portal candidate: 'Seyda Neen, Arrille's Tradehouse' (dist=5.9m)
[INFO] [streaming] Portal candidate: 'Seyda Neen, Arrille's Tradehouse' (dist=5.9m)
[INFO] [streaming] Portal candidate: 'Seyda Neen, Arrille's Tradehouse' (dist=5.9m)
[INFO] [streaming] Portal candidate: 'Seyda Neen, Arrille's Tradehouse' (dist=5.9m)
[INFO] [streaming] Portal candidate: 'Seyda Neen, Arrille's Tradehouse' (dist=5.9m)
[INFO] [streaming] Portal candidate: 'Seyda Neen, Arrille's Tradehouse' (dist=5.9m)
[INFO] [streaming] Portal candidate: 'Seyda Neen, Arrille's Tradehouse' (dist=5.9m)
[INFO] [streaming] Portal candidate: 'Seyda Neen, Arrille's Tradehouse' (dist=5.9m)
[INFO] [streaming] Portal candidate: 'Seyda Neen, Arrille's Tradehouse' (dist=5.9m)
[INFO] [streaming] Portal candidate: 'Seyda Neen, Arrille's Tradehouse' (dist=5.9m)
[INFO] [streaming] Portal candidate: 'Seyda Neen, Arrille's Tradehouse' (dist=5.9m)
[INFO] [streaming] Portal candidate: 'Seyda Neen, Arrille's Tradehouse' (dist=5.9m)
[INFO] [streaming] Portal candidate: 'Seyda Neen, Arrille's Tradehouse' (dist=5.9m)
[INFO] [streaming] Portal candidate: 'Seyda Neen, Arrille's Tradehouse' (dist=5.9m)
[INFO] [streaming] Portal candidate: 'Seyda Neen, Arrille's Tradehouse' (dist=5.9m)
[INFO] [streaming] Portal candidate: 'Seyda Neen, Arrille's Tradehouse' (dist=5.9m)
[INFO] [streaming] Portal candidate: 'Seyda Neen, Arrille's Tradehouse' (dist=5.9m)
[INFO] [streaming] Portal candidate: 'Seyda Neen, Arrille's Tradehouse' (dist=5.9m)
[INFO] [streaming] Portal candidate: 'Seyda Neen, Arrille's Tradehouse' (dist=5.9m)
[INFO] [streaming] Portal candidate: 'Seyda Neen, Arrille's Tradehouse' (dist=5.9m)
[INFO] [streaming] Portal candidate: 'Seyda Neen, Arrille's Tradehouse' (dist=5.9m)
[INFO] [streaming] Portal candidate: 'Seyda Neen, Arrille's Tradehouse' (dist=5.9m)
[INFO] [streaming] Portal candidate: 'Seyda Neen, Arrille's Tradehouse' (dist=5.9m)
[INFO] [streaming] Portal candidate: 'Seyda Neen, Arrille's Tradehouse' (dist=5.9m)
[INFO] [streaming] Portal candidate: 'Seyda Neen, Arrille's Tradehouse' (dist=5.9m)
[INFO] [streaming] Portal candidate: 'Seyda Neen, Arrille's Tradehouse' (dist=5.9m)
[INFO] [streaming] heartbeat sec=209 frame=2847 fps=51.6 proc=26.0ms phys=0.2ms draws=7121 objs=8716 prims=3248k loaded=117 loading=4 reg_batches=535 reg_slots=14378
[INFO] [streaming] Portal candidate: 'Seyda Neen, Arrille's Tradehouse' (dist=5.9m)
[INFO] [streaming] Portal candidate: 'Seyda Neen, Arrille's Tradehouse' (dist=5.9m)
[INFO] [streaming] Portal candidate: 'Seyda Neen, Arrille's Tradehouse' (dist=5.9m)
[INFO] [streaming] Portal candidate: 'Seyda Neen, Arrille's Tradehouse' (dist=5.9m)
[INFO] [streaming] Portal candidate: 'Seyda Neen, Arrille's Tradehouse' (dist=5.9m)
[INFO] [streaming] Portal candidate: 'Seyda Neen, Arrille's Tradehouse' (dist=5.9m)
[INFO] [streaming] Portal candidate: 'Seyda Neen, Arrille's Tradehouse' (dist=5.9m)
[INFO] [streaming] Portal candidate: 'Seyda Neen, Arrille's Tradehouse' (dist=5.9m)
[INFO] [streaming] Portal candidate: 'Seyda Neen, Arrille's Tradehouse' (dist=5.9m)
[INFO] [streaming] Portal candidate: 'Seyda Neen, Arrille's Tradehouse' (dist=5.9m)
[INFO] [streaming] Portal candidate: 'Seyda Neen, Arrille's Tradehouse' (dist=5.9m)
[INFO] [streaming] Portal candidate: 'Seyda Neen, Arrille's Tradehouse' (dist=5.9m)
[INFO] [streaming] Portal candidate: 'Seyda Neen, Arrille's Tradehouse' (dist=5.9m)
[INFO] [streaming] Portal candidate: 'Seyda Neen, Arrille's Tradehouse' (dist=5.9m)
[INFO] [streaming] Portal candidate: 'Seyda Neen, Arrille's Tradehouse' (dist=5.9m)
[INFO] [streaming] Portal candidate: 'Seyda Neen, Arrille's Tradehouse' (dist=5.9m)
[INFO] [streaming] Portal candidate: 'Seyda Neen, Arrille's Tradehouse' (dist=5.9m)
[INFO] [streaming] Portal candidate: 'Seyda Neen, Arrille's Tradehouse' (dist=5.9m)
[INFO] [streaming] Portal candidate: 'Seyda Neen, Arrille's Tradehouse' (dist=5.9m)
[INFO] [streaming] Portal candidate: 'Seyda Neen, Arrille's Tradehouse' (dist=5.9m)
[INFO] [streaming] Portal candidate: 'Seyda Neen, Arrille's Tradehouse' (dist=5.9m)
[INFO] [streaming] Portal candidate: 'Seyda Neen, Arrille's Tradehouse' (dist=5.9m)
[INFO] [streaming] Portal candidate: 'Seyda Neen, Arrille's Tradehouse' (dist=5.9m)
[INFO] [streaming] Portal candidate: 'Seyda Neen, Arrille's Tradehouse' (dist=5.9m)
[INFO] [streaming] Portal candidate: 'Seyda Neen, Arrille's Tradehouse' (dist=5.9m)
[INFO] [streaming] Portal candidate: 'Seyda Neen, Arrille's Tradehouse' (dist=5.9m)
[INFO] [streaming] Portal candidate: 'Seyda Neen, Arrille's Tradehouse' (dist=5.9m)
[INFO] [streaming] Portal candidate: 'Seyda Neen, Arrille's Tradehouse' (dist=5.9m)
[INFO] [streaming] Portal candidate: 'Seyda Neen, Arrille's Tradehouse' (dist=5.9m)
[INFO] [streaming] Portal candidate: 'Seyda Neen, Arrille's Tradehouse' (dist=5.9m)
[INFO] [streaming] Portal candidate: 'Seyda Neen, Arrille's Tradehouse' (dist=5.9m)
[INFO] [streaming] Portal candidate: 'Seyda Neen, Arrille's Tradehouse' (dist=5.9m)
[INFO] [streaming] Portal candidate: 'Seyda Neen, Arrille's Tradehouse' (dist=5.9m)
[INFO] [streaming] Portal candidate: 'Seyda Neen, Arrille's Tradehouse' (dist=5.9m)
[INFO] [streaming] Portal candidate: 'Seyda Neen, Arrille's Tradehouse' (dist=5.9m)
[INFO] [streaming] Portal candidate: 'Seyda Neen, Arrille's Tradehouse' (dist=5.9m)
[INFO] [streaming] Portal candidate: 'Seyda Neen, Arrille's Tradehouse' (dist=5.9m)
[INFO] [streaming] Portal candidate: 'Seyda Neen, Arrille's Tradehouse' (dist=5.9m)
[INFO] [streaming] Portal candidate: 'Seyda Neen, Arrille's Tradehouse' (dist=5.9m)
[INFO] [streaming] Portal candidate: 'Seyda Neen, Arrille's Tradehouse' (dist=5.9m)
[INFO] [streaming] Portal candidate: 'Seyda Neen, Arrille's Tradehouse' (dist=5.9m)
[INFO] [streaming] Portal candidate: 'Seyda Neen, Arrille's Tradehouse' (dist=5.9m)
[INFO] [streaming] Portal candidate: 'Seyda Neen, Arrille's Tradehouse' (dist=5.9m)
[INFO] [streaming] Portal candidate: 'Seyda Neen, Arrille's Tradehouse' (dist=5.9m)
[INFO] [streaming] Portal candidate: 'Seyda Neen, Arrille's Tradehouse' (dist=5.9m)
[INFO] [streaming] Portal candidate: 'Seyda Neen, Arrille's Tradehouse' (dist=5.9m)
[INFO] [streaming] Portal candidate: 'Seyda Neen, Arrille's Tradehouse' (dist=5.9m)
[INFO] [streaming] Portal candidate: 'Seyda Neen, Arrille's Tradehouse' (dist=5.9m)
[INFO] [streaming] Portal candidate: 'Seyda Neen, Arrille's Tradehouse' (dist=5.9m)
[INFO] [streaming] Portal candidate: 'Seyda Neen, Arrille's Tradehouse' (dist=5.9m)
[INFO] [streaming] Portal candidate: 'Seyda Neen, Arrille's Tradehouse' (dist=5.9m)
[INFO] [streaming] Portal candidate: 'Seyda Neen, Arrille's Tradehouse' (dist=5.9m)
[INFO] [streaming] Portal candidate: 'Seyda Neen, Arrille's Tradehouse' (dist=5.9m)
[INFO] [streaming] Portal candidate: 'Seyda Neen, Arrille's Tradehouse' (dist=5.9m)
[INFO] [streaming] Portal candidate: 'Seyda Neen, Arrille's Tradehouse' (dist=5.9m)
[INFO] [streaming] Portal candidate: 'Seyda Neen, Arrille's Tradehouse' (dist=5.9m)
[INFO] [streaming] Portal candidate: 'Seyda Neen, Arrille's Tradehouse' (dist=5.9m)
[INFO] [streaming] Portal candidate: 'Seyda Neen, Arrille's Tradehouse' (dist=5.9m)
[INFO] [streaming] Portal candidate: 'Seyda Neen, Arrille's Tradehouse' (dist=5.9m)
[INFO] [streaming] Portal candidate: 'Seyda Neen, Arrille's Tradehouse' (dist=5.9m)
[INFO] [streaming] Portal candidate: 'Seyda Neen, Arrille's Tradehouse' (dist=5.9m)
[INFO] [streaming] Portal candidate: 'Seyda Neen, Arrille's Tradehouse' (dist=5.9m)
[INFO] [streaming] Portal candidate: 'Seyda Neen, Arrille's Tradehouse' (dist=5.9m)
[INFO] [streaming] Portal candidate: 'Seyda Neen, Arrille's Tradehouse' (dist=5.9m)
[INFO] [streaming] Portal candidate: 'Seyda Neen, Arrille's Tradehouse' (dist=5.9m)
[INFO] [streaming] Portal candidate: 'Seyda Neen, Arrille's Tradehouse' (dist=5.9m)
[INFO] [streaming] Portal candidate: 'Seyda Neen, Arrille's Tradehouse' (dist=5.9m)
[INFO] [streaming] Portal candidate: 'Seyda Neen, Arrille's Tradehouse' (dist=5.9m)
[INFO] [streaming] Portal candidate: 'Seyda Neen, Arrille's Tradehouse' (dist=5.9m)
[INFO] [streaming] Portal candidate: 'Seyda Neen, Arrille's Tradehouse' (dist=5.9m)
[INFO] [streaming] Portal candidate: 'Seyda Neen, Arrille's Tradehouse' (dist=5.9m)
[INFO] [streaming] Portal candidate: 'Seyda Neen, Arrille's Tradehouse' (dist=5.9m)
[INFO] [streaming] Portal candidate: 'Seyda Neen, Arrille's Tradehouse' (dist=5.9m)
[INFO] [streaming] Portal candidate: 'Seyda Neen, Arrille's Tradehouse' (dist=5.9m)
[INFO] [streaming] Portal candidate: 'Seyda Neen, Arrille's Tradehouse' (dist=5.9m)
[INFO] [streaming] Portal candidate: 'Seyda Neen, Arrille's Tradehouse' (dist=5.9m)
[INFO] [streaming] Portal candidate: 'Seyda Neen, Arrille's Tradehouse' (dist=5.9m)
[INFO] [streaming] Portal candidate: 'Seyda Neen, Arrille's Tradehouse' (dist=5.9m)
[INFO] [streaming] Portal candidate: 'Seyda Neen, Arrille's Tradehouse' (dist=5.9m)
[INFO] [streaming] Portal candidate: 'Seyda Neen, Arrille's Tradehouse' (dist=5.9m)
[INFO] [streaming] Portal candidate: 'Seyda Neen, Arrille's Tradehouse' (dist=5.9m)
[INFO] [streaming] Portal candidate: 'Seyda Neen, Arrille's Tradehouse' (dist=5.9m)
[INFO] [streaming] Portal candidate: 'Seyda Neen, Arrille's Tradehouse' (dist=5.9m)
[INFO] [streaming] Portal candidate: 'Seyda Neen, Arrille's Tradehouse' (dist=5.9m)
[INFO] [streaming] Portal candidate: 'Seyda Neen, Arrille's Tradehouse' (dist=5.9m)
[INFO] [streaming] Portal candidate: 'Seyda Neen, Arrille's Tradehouse' (dist=5.9m)
[INFO] [streaming] Portal candidate: 'Seyda Neen, Arrille's Tradehouse' (dist=5.9m)
[INFO] [streaming] Portal candidate: 'Seyda Neen, Arrille's Tradehouse' (dist=5.9m)
[INFO] [streaming] Portal candidate: 'Seyda Neen, Arrille's Tradehouse' (dist=5.9m)
[INFO] [streaming] Portal candidate: 'Seyda Neen, Arrille's Tradehouse' (dist=5.9m)
[INFO] [streaming] Portal candidate: 'Seyda Neen, Arrille's Tradehouse' (dist=5.9m)
[INFO] [streaming] Portal candidate: 'Seyda Neen, Arrille's Tradehouse' (dist=5.9m)
[INFO] [streaming] Portal candidate: 'Seyda Neen, Arrille's Tradehouse' (dist=5.9m)
[INFO] [streaming] Portal candidate: 'Seyda Neen, Arrille's Tradehouse' (dist=5.9m)
[INFO] [streaming] Portal candidate: 'Seyda Neen, Arrille's Tradehouse' (dist=5.9m)
[INFO] [streaming] Portal candidate: 'Seyda Neen, Arrille's Tradehouse' (dist=5.9m)
[INFO] [streaming] Portal candidate: 'Seyda Neen, Arrille's Tradehouse' (dist=5.9m)
[INFO] [streaming] Portal candidate: 'Seyda Neen, Arrille's Tradehouse' (dist=5.9m)
[INFO] [streaming] Portal candidate: 'Seyda Neen, Arrille's Tradehouse' (dist=5.9m)
[INFO] [streaming] Portal candidate: 'Seyda Neen, Arrille's Tradehouse' (dist=5.9m)
[INFO] [streaming] Portal candidate: 'Seyda Neen, Arrille's Tradehouse' (dist=5.9m)
[INFO] [streaming] Portal candidate: 'Seyda Neen, Arrille's Tradehouse' (dist=5.9m)
[INFO] [streaming] Portal candidate: 'Seyda Neen, Arrille's Tradehouse' (dist=5.9m)
[INFO] [streaming] Portal candidate: 'Seyda Neen, Arrille's Tradehouse' (dist=5.9m)
[INFO] [streaming] Portal candidate: 'Seyda Neen, Arrille's Tradehouse' (dist=5.9m)
[INFO] [streaming] Portal candidate: 'Seyda Neen, Arrille's Tradehouse' (dist=5.9m)
[INFO] [streaming] Portal candidate: 'Seyda Neen, Arrille's Tradehouse' (dist=5.9m)
[INFO] [streaming] Portal candidate: 'Seyda Neen, Arrille's Tradehouse' (dist=5.9m)
[INFO] [streaming] Portal candidate: 'Seyda Neen, Arrille's Tradehouse' (dist=5.9m)
[INFO] [streaming] Portal candidate: 'Seyda Neen, Arrille's Tradehouse' (dist=5.9m)
[INFO] [streaming] Portal candidate: 'Seyda Neen, Arrille's Tradehouse' (dist=5.9m)
[INFO] [streaming] Portal candidate: 'Seyda Neen, Arrille's Tradehouse' (dist=5.9m)
[INFO] [streaming] Portal candidate: 'Seyda Neen, Arrille's Tradehouse' (dist=5.9m)
[INFO] [streaming] Portal candidate: 'Seyda Neen, Arrille's Tradehouse' (dist=5.9m)
[INFO] [streaming] Portal candidate: 'Seyda Neen, Arrille's Tradehouse' (dist=5.9m)
[INFO] [streaming] Portal candidate: 'Seyda Neen, Arrille's Tradehouse' (dist=5.9m)
[INFO] [streaming] Portal candidate: 'Seyda Neen, Arrille's Tradehouse' (dist=5.9m)
[INFO] [streaming] Portal candidate: 'Seyda Neen, Arrille's Tradehouse' (dist=5.9m)
[INFO] [streaming] Portal candidate: 'Seyda Neen, Arrille's Tradehouse' (dist=5.9m)
[INFO] [streaming] Portal candidate: 'Seyda Neen, Arrille's Tradehouse' (dist=5.9m)
[INFO] [streaming] Portal candidate: 'Seyda Neen, Arrille's Tradehouse' (dist=5.9m)
[INFO] [streaming] Portal candidate: 'Seyda Neen, Arrille's Tradehouse' (dist=5.9m)
[INFO] [impostors] Benchmark: 51208 impostors, 256 tex layers, 0 pending cells, mm_instances=51208
[INFO] [streaming] Portal candidate: 'Seyda Neen, Arrille's Tradehouse' (dist=5.9m)
[INFO] [streaming] Portal candidate: 'Seyda Neen, Arrille's Tradehouse' (dist=5.9m)
[INFO] [streaming] Portal candidate: 'Seyda Neen, Arrille's Tradehouse' (dist=5.9m)
[INFO] [streaming] Portal candidate: 'Seyda Neen, Arrille's Tradehouse' (dist=5.9m)
[INFO] [streaming] Portal candidate: 'Seyda Neen, Arrille's Tradehouse' (dist=5.9m)
[INFO] [streaming] Portal candidate: 'Seyda Neen, Arrille's Tradehouse' (dist=5.9m)
[INFO] [streaming] Portal candidate: 'Seyda Neen, Arrille's Tradehouse' (dist=5.9m)
[INFO] [streaming] Portal candidate: 'Seyda Neen, Arrille's Tradehouse' (dist=5.9m)
[INFO] [streaming] Portal candidate: 'Seyda Neen, Arrille's Tradehouse' (dist=5.9m)
[INFO] [streaming] Portal candidate: 'Seyda Neen, Arrille's Tradehouse' (dist=5.9m)
[INFO] [streaming] Portal candidate: 'Seyda Neen, Arrille's Tradehouse' (dist=5.9m)
[INFO] [streaming] Portal candidate: 'Seyda Neen, Arrille's Tradehouse' (dist=5.9m)
[INFO] [streaming] Portal candidate: 'Seyda Neen, Arrille's Tradehouse' (dist=5.9m)
[INFO] [streaming] Portal candidate: 'Seyda Neen, Arrille's Tradehouse' (dist=5.9m)
[INFO] [streaming] Portal candidate: 'Seyda Neen, Arrille's Tradehouse' (dist=5.9m)
[INFO] [streaming] Portal candidate: 'Seyda Neen, Arrille's Tradehouse' (dist=5.9m)
[INFO] [streaming] Portal candidate: 'Seyda Neen, Arrille's Tradehouse' (dist=5.9m)
[INFO] [streaming] Portal candidate: 'Seyda Neen, Arrille's Tradehouse' (dist=5.9m)
[INFO] [streaming] Portal candidate: 'Seyda Neen, Arrille's Tradehouse' (dist=5.9m)
[INFO] [streaming] Portal candidate: 'Seyda Neen, Arrille's Tradehouse' (dist=5.9m)
[INFO] [streaming] Portal candidate: 'Seyda Neen, Arrille's Tradehouse' (dist=5.9m)
[INFO] [streaming] Portal candidate: 'Seyda Neen, Arrille's Tradehouse' (dist=5.9m)
[INFO] [streaming] Portal candidate: 'Seyda Neen, Arrille's Tradehouse' (dist=5.9m)
[INFO] [streaming] Portal candidate: 'Seyda Neen, Arrille's Tradehouse' (dist=5.9m)
[INFO] [streaming] Portal candidate: 'Seyda Neen, Arrille's Tradehouse' (dist=5.9m)
[INFO] [streaming] Portal candidate: 'Seyda Neen, Arrille's Tradehouse' (dist=5.9m)
[INFO] [streaming] Portal candidate: 'Seyda Neen, Arrille's Tradehouse' (dist=5.9m)
[INFO] [streaming] Portal candidate: 'Seyda Neen, Arrille's Tradehouse' (dist=5.9m)
[INFO] [streaming] Portal candidate: 'Seyda Neen, Arrille's Tradehouse' (dist=5.9m)
[INFO] [streaming] Portal candidate: 'Seyda Neen, Arrille's Tradehouse' (dist=5.9m)
[INFO] [streaming] Portal candidate: 'Seyda Neen, Arrille's Tradehouse' (dist=5.9m)
[INFO] [streaming] Portal candidate: 'Seyda Neen, Arrille's Tradehouse' (dist=5.9m)
[INFO] [streaming] Portal candidate: 'Seyda Neen, Arrille's Tradehouse' (dist=5.9m)
[INFO] [streaming] Portal candidate: 'Seyda Neen, Arrille's Tradehouse' (dist=5.9m)
[INFO] [streaming] Portal candidate: 'Seyda Neen, Arrille's Tradehouse' (dist=5.9m)
[INFO] [streaming] Portal candidate: 'Seyda Neen, Arrille's Tradehouse' (dist=5.9m)
[INFO] [streaming] Portal candidate: 'Seyda Neen, Arrille's Tradehouse' (dist=5.9m)
[INFO] [streaming] Portal candidate: 'Seyda Neen, Arrille's Tradehouse' (dist=5.9m)
[INFO] [streaming] Portal candidate: 'Seyda Neen, Arrille's Tradehouse' (dist=5.9m)
[INFO] [streaming] Portal candidate: 'Seyda Neen, Arrille's Tradehouse' (dist=5.9m)
[INFO] [streaming] Portal candidate: 'Seyda Neen, Arrille's Tradehouse' (dist=5.9m)
[INFO] [streaming] Portal candidate: 'Seyda Neen, Arrille's Tradehouse' (dist=5.9m)
[INFO] [streaming] Portal candidate: 'Seyda Neen, Arrille's Tradehouse' (dist=5.9m)
[INFO] [streaming] Portal candidate: 'Seyda Neen, Arrille's Tradehouse' (dist=5.9m)
[INFO] [streaming] Portal candidate: 'Seyda Neen, Arrille's Tradehouse' (dist=5.9m)
[INFO] [streaming] Portal candidate: 'Seyda Neen, Arrille's Tradehouse' (dist=5.9m)
[INFO] [streaming] Portal candidate: 'Seyda Neen, Arrille's Tradehouse' (dist=5.9m)
[INFO] [streaming] Portal candidate: 'Seyda Neen, Arrille's Tradehouse' (dist=5.9m)
[INFO] [streaming] Portal candidate: 'Seyda Neen, Arrille's Tradehouse' (dist=5.9m)
[INFO] [streaming] Portal candidate: 'Seyda Neen, Arrille's Tradehouse' (dist=5.9m)
[INFO] [streaming] Portal candidate: 'Seyda Neen, Arrille's Tradehouse' (dist=5.9m)
[INFO] [streaming] Portal candidate: 'Seyda Neen, Arrille's Tradehouse' (dist=5.9m)
[INFO] [streaming] Portal candidate: 'Seyda Neen, Arrille's Tradehouse' (dist=5.9m)
[INFO] [streaming] Portal candidate: 'Seyda Neen, Arrille's Tradehouse' (dist=5.9m)
[INFO] [streaming] Portal candidate: 'Seyda Neen, Arrille's Tradehouse' (dist=5.9m)
[INFO] [streaming] Portal candidate: 'Seyda Neen, Arrille's Tradehouse' (dist=5.9m)
[INFO] [streaming] Portal candidate: 'Seyda Neen, Arrille's Tradehouse' (dist=5.9m)
[INFO] [streaming] Portal candidate: 'Seyda Neen, Arrille's Tradehouse' (dist=5.9m)
[INFO] [streaming] Portal candidate: 'Seyda Neen, Arrille's Tradehouse' (dist=5.9m)
[INFO] [streaming] Portal candidate: 'Seyda Neen, Arrille's Tradehouse' (dist=5.9m)
[INFO] [streaming] Portal candidate: 'Seyda Neen, Arrille's Tradehouse' (dist=5.9m)
[INFO] [streaming] Portal candidate: 'Seyda Neen, Arrille's Tradehouse' (dist=5.9m)
[INFO] [streaming] Portal candidate: 'Seyda Neen, Arrille's Tradehouse' (dist=5.9m)
[INFO] [streaming] Portal candidate: 'Seyda Neen, Arrille's Tradehouse' (dist=5.9m)
[INFO] [streaming] Portal candidate: 'Seyda Neen, Arrille's Tradehouse' (dist=5.9m)
[INFO] [streaming] Portal candidate: 'Seyda Neen, Arrille's Tradehouse' (dist=5.9m)
[INFO] [streaming] Portal candidate: 'Seyda Neen, Arrille's Tradehouse' (dist=5.9m)
[INFO] [streaming] Portal candidate: 'Seyda Neen, Arrille's Tradehouse' (dist=5.9m)
[INFO] [streaming] Portal candidate: 'Seyda Neen, Arrille's Tradehouse' (dist=5.9m)
[INFO] [streaming] Portal candidate: 'Seyda Neen, Arrille's Tradehouse' (dist=5.9m)
[INFO] [streaming] Portal candidate: 'Seyda Neen, Arrille's Tradehouse' (dist=5.9m)
[INFO] [streaming] Portal candidate: 'Seyda Neen, Arrille's Tradehouse' (dist=5.9m)
[INFO] [streaming] Portal candidate: 'Seyda Neen, Arrille's Tradehouse' (dist=5.9m)
[INFO] [streaming] Portal candidate: 'Seyda Neen, Arrille's Tradehouse' (dist=5.9m)
[INFO] [streaming] Portal candidate: 'Seyda Neen, Arrille's Tradehouse' (dist=5.9m)
[INFO] [streaming] Portal candidate: 'Seyda Neen, Arrille's Tradehouse' (dist=5.9m)
[INFO] [streaming] Portal candidate: 'Seyda Neen, Arrille's Tradehouse' (dist=5.9m)
[INFO] [streaming] Portal candidate: 'Seyda Neen, Arrille's Tradehouse' (dist=5.9m)
[INFO] [streaming] Portal candidate: 'Seyda Neen, Arrille's Tradehouse' (dist=5.9m)
[INFO] [streaming] Portal candidate: 'Seyda Neen, Arrille's Tradehouse' (dist=5.9m)
[INFO] [streaming] Portal candidate: 'Seyda Neen, Arrille's Tradehouse' (dist=5.9m)
[INFO] [streaming] Portal candidate: 'Seyda Neen, Arrille's Tradehouse' (dist=5.9m)
[INFO] [streaming] Portal candidate: 'Seyda Neen, Arrille's Tradehouse' (dist=5.9m)
[INFO] [streaming] Portal candidate: 'Seyda Neen, Arrille's Tradehouse' (dist=5.9m)
[INFO] [streaming] Portal candidate: 'Seyda Neen, Arrille's Tradehouse' (dist=5.9m)
[INFO] [streaming] Portal candidate: 'Seyda Neen, Arrille's Tradehouse' (dist=5.9m)
[INFO] [streaming] Portal candidate: 'Seyda Neen, Arrille's Tradehouse' (dist=5.9m)
[INFO] [streaming] Portal candidate: 'Seyda Neen, Arrille's Tradehouse' (dist=5.9m)
[INFO] [streaming] Portal candidate: 'Seyda Neen, Arrille's Tradehouse' (dist=5.9m)
[INFO] [streaming] Portal candidate: 'Seyda Neen, Arrille's Tradehouse' (dist=5.9m)
[INFO] [streaming] Portal candidate: 'Seyda Neen, Arrille's Tradehouse' (dist=5.9m)
[INFO] [streaming] Portal candidate: 'Seyda Neen, Arrille's Tradehouse' (dist=5.9m)
[INFO] [streaming] Portal candidate: 'Seyda Neen, Arrille's Tradehouse' (dist=5.9m)
[INFO] [streaming] Portal candidate: 'Seyda Neen, Arrille's Tradehouse' (dist=5.9m)
[INFO] [streaming] Portal candidate: 'Seyda Neen, Arrille's Tradehouse' (dist=5.9m)
[INFO] [streaming] Portal candidate: 'Seyda Neen, Arrille's Tradehouse' (dist=5.9m)
[INFO] [streaming] Portal candidate: 'Seyda Neen, Arrille's Tradehouse' (dist=5.9m)
[INFO] [streaming] Portal candidate: 'Seyda Neen, Arrille's Tradehouse' (dist=5.9m)
[INFO] [streaming] Portal candidate: 'Seyda Neen, Arrille's Tradehouse' (dist=5.9m)
[INFO] [streaming] Portal candidate: 'Seyda Neen, Arrille's Tradehouse' (dist=5.9m)
[INFO] [streaming] Portal candidate: 'Seyda Neen, Arrille's Tradehouse' (dist=5.9m)
[INFO] [streaming] Portal candidate: 'Seyda Neen, Arrille's Tradehouse' (dist=5.9m)
[INFO] [streaming] Portal candidate: 'Seyda Neen, Arrille's Tradehouse' (dist=5.9m)
[INFO] [streaming] Portal candidate: 'Seyda Neen, Arrille's Tradehouse' (dist=5.9m)
[INFO] [streaming] Portal candidate: 'Seyda Neen, Arrille's Tradehouse' (dist=5.9m)
[INFO] [streaming] Portal candidate: 'Seyda Neen, Arrille's Tradehouse' (dist=5.9m)
[INFO] [streaming] Portal candidate: 'Seyda Neen, Arrille's Tradehouse' (dist=5.9m)
[INFO] [streaming] Portal candidate: 'Seyda Neen, Arrille's Tradehouse' (dist=5.9m)
[INFO] [streaming] Portal candidate: 'Seyda Neen, Arrille's Tradehouse' (dist=5.9m)
[INFO] [streaming] Portal candidate: 'Seyda Neen, Arrille's Tradehouse' (dist=5.9m)
[INFO] [streaming] Portal candidate: 'Seyda Neen, Arrille's Tradehouse' (dist=5.9m)
[INFO] [streaming] Portal candidate: 'Seyda Neen, Arrille's Tradehouse' (dist=5.9m)
[INFO] [streaming] Portal candidate: 'Seyda Neen, Arrille's Tradehouse' (dist=5.9m)
[INFO] [streaming] Portal candidate: 'Seyda Neen, Arrille's Tradehouse' (dist=5.9m)
[INFO] [streaming] Portal candidate: 'Seyda Neen, Arrille's Tradehouse' (dist=5.9m)
[INFO] [streaming] Portal candidate: 'Seyda Neen, Arrille's Tradehouse' (dist=5.9m)
[INFO] [streaming] Portal candidate: 'Seyda Neen, Arrille's Tradehouse' (dist=5.9m)
[INFO] [streaming] Portal candidate: 'Seyda Neen, Arrille's Tradehouse' (dist=5.9m)
[INFO] [streaming] Portal candidate: 'Seyda Neen, Arrille's Tradehouse' (dist=5.9m)
[INFO] [streaming] Portal candidate: 'Seyda Neen, Arrille's Tradehouse' (dist=5.9m)
[INFO] [streaming] Portal candidate: 'Seyda Neen, Arrille's Tradehouse' (dist=5.9m)
[INFO] [streaming] Portal candidate: 'Seyda Neen, Arrille's Tradehouse' (dist=5.9m)
[INFO] [streaming] Portal candidate: 'Seyda Neen, Arrille's Tradehouse' (dist=5.9m)
[INFO] [streaming] Portal candidate: 'Seyda Neen, Arrille's Tradehouse' (dist=5.9m)
[INFO] [streaming] Portal candidate: 'Seyda Neen, Arrille's Tradehouse' (dist=5.9m)
[INFO] [streaming] Portal candidate: 'Seyda Neen, Arrille's Tradehouse' (dist=5.9m)
[INFO] [streaming] Portal candidate: 'Seyda Neen, Arrille's Tradehouse' (dist=5.9m)
[INFO] [streaming] Portal candidate: 'Seyda Neen, Arrille's Tradehouse' (dist=5.9m)
[INFO] [streaming] Portal candidate: 'Seyda Neen, Arrille's Tradehouse' (dist=5.9m)
[INFO] [streaming] Portal candidate: 'Seyda Neen, Arrille's Tradehouse' (dist=5.9m)
[INFO] [streaming] Portal candidate: 'Seyda Neen, Arrille's Tradehouse' (dist=5.9m)
[INFO] [streaming] Portal candidate: 'Seyda Neen, Arrille's Tradehouse' (dist=5.9m)
[INFO] [streaming] Portal candidate: 'Seyda Neen, Arrille's Tradehouse' (dist=5.9m)
[INFO] [streaming] Portal candidate: 'Seyda Neen, Arrille's Tradehouse' (dist=5.9m)
[INFO] [streaming] Portal candidate: 'Seyda Neen, Arrille's Tradehouse' (dist=5.9m)
[INFO] [streaming] Portal candidate: 'Seyda Neen, Arrille's Tradehouse' (dist=5.9m)
[INFO] [streaming] Portal candidate: 'Seyda Neen, Arrille's Tradehouse' (dist=5.9m)
[INFO] [streaming] Portal candidate: 'Seyda Neen, Arrille's Tradehouse' (dist=5.9m)
[INFO] [streaming] heartbeat sec=214 frame=3107 fps=52.0 proc=28.3ms phys=0.2ms draws=7121 objs=8716 prims=3248k loaded=117 loading=4 reg_batches=535 reg_slots=14378
[INFO] [streaming] Portal candidate: 'Seyda Neen, Arrille's Tradehouse' (dist=5.9m)
[INFO] [streaming] Portal candidate: 'Seyda Neen, Arrille's Tradehouse' (dist=5.9m)
[INFO] [streaming] Portal candidate: 'Seyda Neen, Arrille's Tradehouse' (dist=5.9m)
[INFO] [streaming] Portal candidate: 'Seyda Neen, Arrille's Tradehouse' (dist=5.9m)
[INFO] [streaming] Portal candidate: 'Seyda Neen, Arrille's Tradehouse' (dist=5.9m)
[INFO] [streaming] Portal candidate: 'Seyda Neen, Arrille's Tradehouse' (dist=5.9m)
[INFO] [streaming] Portal candidate: 'Seyda Neen, Arrille's Tradehouse' (dist=5.9m)
[INFO] [streaming] Portal candidate: 'Seyda Neen, Arrille's Tradehouse' (dist=5.9m)
[INFO] [streaming] Portal candidate: 'Seyda Neen, Arrille's Tradehouse' (dist=5.9m)
[INFO] [streaming] Portal candidate: 'Seyda Neen, Arrille's Tradehouse' (dist=5.9m)
[INFO] [streaming] Portal candidate: 'Seyda Neen, Arrille's Tradehouse' (dist=5.9m)
[INFO] [streaming] Portal candidate: 'Seyda Neen, Arrille's Tradehouse' (dist=5.9m)
[INFO] [streaming] Portal candidate: 'Seyda Neen, Arrille's Tradehouse' (dist=5.9m)
[INFO] [streaming] Portal candidate: 'Seyda Neen, Arrille's Tradehouse' (dist=5.9m)
[INFO] [streaming] Portal candidate: 'Seyda Neen, Arrille's Tradehouse' (dist=5.9m)
[INFO] [streaming] Portal candidate: 'Seyda Neen, Arrille's Tradehouse' (dist=5.9m)
[INFO] [streaming] Portal candidate: 'Seyda Neen, Arrille's Tradehouse' (dist=5.9m)
[INFO] [streaming] Portal candidate: 'Seyda Neen, Arrille's Tradehouse' (dist=5.9m)
[INFO] [streaming] Portal candidate: 'Seyda Neen, Arrille's Tradehouse' (dist=5.9m)
[INFO] [streaming] Portal candidate: 'Seyda Neen, Arrille's Tradehouse' (dist=5.9m)
[INFO] [streaming] Portal candidate: 'Seyda Neen, Arrille's Tradehouse' (dist=5.9m)
[INFO] [streaming] Portal candidate: 'Seyda Neen, Arrille's Tradehouse' (dist=5.9m)
[INFO] [streaming] Portal candidate: 'Seyda Neen, Arrille's Tradehouse' (dist=5.9m)
[INFO] [streaming] Portal candidate: 'Seyda Neen, Arrille's Tradehouse' (dist=5.9m)
[INFO] [streaming] Portal candidate: 'Seyda Neen, Arrille's Tradehouse' (dist=5.9m)
[INFO] [streaming] Portal candidate: 'Seyda Neen, Arrille's Tradehouse' (dist=5.9m)
[INFO] [streaming] Portal candidate: 'Seyda Neen, Arrille's Tradehouse' (dist=5.9m)
[INFO] [streaming] Portal candidate: 'Seyda Neen, Arrille's Tradehouse' (dist=5.9m)
[INFO] [streaming] Portal candidate: 'Seyda Neen, Arrille's Tradehouse' (dist=5.9m)
[INFO] [streaming] Portal candidate: 'Seyda Neen, Arrille's Tradehouse' (dist=5.9m)
[INFO] [streaming] Portal candidate: 'Seyda Neen, Arrille's Tradehouse' (dist=5.9m)
[INFO] [streaming] Portal candidate: 'Seyda Neen, Arrille's Tradehouse' (dist=5.9m)
[INFO] [streaming] Portal candidate: 'Seyda Neen, Arrille's Tradehouse' (dist=5.9m)
[INFO] [streaming] Portal candidate: 'Seyda Neen, Arrille's Tradehouse' (dist=5.9m)
[INFO] [streaming] Portal candidate: 'Seyda Neen, Arrille's Tradehouse' (dist=5.9m)
[INFO] [streaming] Portal candidate: 'Seyda Neen, Arrille's Tradehouse' (dist=5.9m)
[INFO] [streaming] Portal candidate: 'Seyda Neen, Arrille's Tradehouse' (dist=5.9m)
[INFO] [streaming] Portal candidate: 'Seyda Neen, Arrille's Tradehouse' (dist=5.9m)
[INFO] [streaming] Portal candidate: 'Seyda Neen, Arrille's Tradehouse' (dist=5.9m)
[INFO] [streaming] Portal candidate: 'Seyda Neen, Arrille's Tradehouse' (dist=5.9m)
[INFO] [streaming] Portal candidate: 'Seyda Neen, Arrille's Tradehouse' (dist=5.9m)
[INFO] [streaming] Portal candidate: 'Seyda Neen, Arrille's Tradehouse' (dist=5.9m)
[INFO] [streaming] Portal candidate: 'Seyda Neen, Arrille's Tradehouse' (dist=5.9m)
[INFO] [streaming] Portal candidate: 'Seyda Neen, Arrille's Tradehouse' (dist=5.9m)
[INFO] [streaming] Portal candidate: 'Seyda Neen, Arrille's Tradehouse' (dist=5.9m)
[INFO] [streaming] Portal candidate: 'Seyda Neen, Arrille's Tradehouse' (dist=5.9m)
[INFO] [streaming] Portal candidate: 'Seyda Neen, Arrille's Tradehouse' (dist=5.9m)
[INFO] [streaming] Portal candidate: 'Seyda Neen, Arrille's Tradehouse' (dist=5.9m)
[INFO] [streaming] Portal candidate: 'Seyda Neen, Arrille's Tradehouse' (dist=5.9m)
[INFO] [streaming] Portal candidate: 'Seyda Neen, Arrille's Tradehouse' (dist=5.9m)
[INFO] [streaming] Portal candidate: 'Seyda Neen, Arrille's Tradehouse' (dist=5.9m)
[INFO] [streaming] Portal candidate: 'Seyda Neen, Arrille's Tradehouse' (dist=5.9m)
[INFO] [streaming] Portal candidate: 'Seyda Neen, Arrille's Tradehouse' (dist=5.9m)
[INFO] [streaming] Portal candidate: 'Seyda Neen, Arrille's Tradehouse' (dist=5.9m)
[INFO] [streaming] Portal candidate: 'Seyda Neen, Arrille's Tradehouse' (dist=5.9m)
[INFO] [streaming] Portal candidate: 'Seyda Neen, Arrille's Tradehouse' (dist=5.9m)
[INFO] [streaming] Portal candidate: 'Seyda Neen, Arrille's Tradehouse' (dist=5.9m)
[INFO] [streaming] Portal candidate: 'Seyda Neen, Arrille's Tradehouse' (dist=5.9m)
[INFO] [streaming] Portal candidate: 'Seyda Neen, Arrille's Tradehouse' (dist=5.9m)
[INFO] [streaming] Portal candidate: 'Seyda Neen, Arrille's Tradehouse' (dist=5.9m)
[INFO] [streaming] Portal candidate: 'Seyda Neen, Arrille's Tradehouse' (dist=5.9m)
[INFO] [streaming] Portal candidate: 'Seyda Neen, Arrille's Tradehouse' (dist=5.9m)
[INFO] [streaming] Portal candidate: 'Seyda Neen, Arrille's Tradehouse' (dist=5.9m)
[INFO] [streaming] Portal candidate: 'Seyda Neen, Arrille's Tradehouse' (dist=5.9m)
[INFO] [streaming] Portal candidate: 'Seyda Neen, Arrille's Tradehouse' (dist=5.9m)
[INFO] [streaming] Portal candidate: 'Seyda Neen, Arrille's Tradehouse' (dist=5.9m)
[INFO] [streaming] Portal candidate: 'Seyda Neen, Arrille's Tradehouse' (dist=5.9m)
[INFO] [streaming] Portal candidate: 'Seyda Neen, Arrille's Tradehouse' (dist=5.9m)
[INFO] [streaming] Portal candidate: 'Seyda Neen, Arrille's Tradehouse' (dist=5.9m)
[INFO] [streaming] Portal candidate: 'Seyda Neen, Arrille's Tradehouse' (dist=5.9m)
[INFO] [streaming] Portal candidate: 'Seyda Neen, Arrille's Tradehouse' (dist=5.9m)
[INFO] [streaming] Portal candidate: 'Seyda Neen, Arrille's Tradehouse' (dist=5.9m)
[INFO] [streaming] Portal candidate: 'Seyda Neen, Arrille's Tradehouse' (dist=5.9m)
[INFO] [streaming] Portal candidate: 'Seyda Neen, Arrille's Tradehouse' (dist=5.9m)
[INFO] [streaming] Portal candidate: 'Seyda Neen, Arrille's Tradehouse' (dist=5.9m)
[INFO] [streaming] Portal candidate: 'Seyda Neen, Arrille's Tradehouse' (dist=5.9m)
[INFO] [streaming] Portal candidate: 'Seyda Neen, Arrille's Tradehouse' (dist=5.9m)
[INFO] [streaming] Portal candidate: 'Seyda Neen, Arrille's Tradehouse' (dist=5.9m)
[INFO] [streaming] Portal candidate: 'Seyda Neen, Arrille's Tradehouse' (dist=5.9m)
[INFO] [streaming] Portal candidate: 'Seyda Neen, Arrille's Tradehouse' (dist=5.9m)
[INFO] [streaming] Portal candidate: 'Seyda Neen, Arrille's Tradehouse' (dist=5.9m)
[INFO] [streaming] Portal candidate: 'Seyda Neen, Arrille's Tradehouse' (dist=5.9m)
[INFO] [streaming] Portal candidate: 'Seyda Neen, Arrille's Tradehouse' (dist=5.9m)
[INFO] [streaming] Portal candidate: 'Seyda Neen, Arrille's Tradehouse' (dist=5.9m)
[INFO] [streaming] Portal candidate: 'Seyda Neen, Arrille's Tradehouse' (dist=5.9m)
[INFO] [streaming] Portal candidate: 'Seyda Neen, Arrille's Tradehouse' (dist=5.9m)
[INFO] [streaming] Portal candidate: 'Seyda Neen, Arrille's Tradehouse' (dist=5.9m)
[INFO] [streaming] Portal candidate: 'Seyda Neen, Arrille's Tradehouse' (dist=5.9m)
[INFO] [streaming] Portal candidate: 'Seyda Neen, Arrille's Tradehouse' (dist=5.9m)
[INFO] [streaming] Portal candidate: 'Seyda Neen, Arrille's Tradehouse' (dist=5.9m)
[INFO] [streaming] Portal candidate: 'Seyda Neen, Arrille's Tradehouse' (dist=5.9m)
[INFO] [streaming] Portal candidate: 'Seyda Neen, Arrille's Tradehouse' (dist=5.9m)
[INFO] [streaming] Portal candidate: 'Seyda Neen, Arrille's Tradehouse' (dist=5.9m)
[INFO] [streaming] Portal candidate: 'Seyda Neen, Arrille's Tradehouse' (dist=5.9m)
[INFO] [streaming] Portal candidate: 'Seyda Neen, Arrille's Tradehouse' (dist=5.9m)
[INFO] [streaming] Portal candidate: 'Seyda Neen, Arrille's Tradehouse' (dist=5.9m)
[INFO] [streaming] Portal candidate: 'Seyda Neen, Arrille's Tradehouse' (dist=5.9m)
[INFO] [streaming] Portal candidate: 'Seyda Neen, Arrille's Tradehouse' (dist=5.9m)
[INFO] [streaming] Portal candidate: 'Seyda Neen, Arrille's Tradehouse' (dist=5.9m)
[INFO] [streaming] Portal candidate: 'Seyda Neen, Arrille's Tradehouse' (dist=5.9m)
[INFO] [streaming] Portal candidate: 'Seyda Neen, Arrille's Tradehouse' (dist=5.9m)
[INFO] [streaming] Portal candidate: 'Seyda Neen, Arrille's Tradehouse' (dist=5.9m)
[INFO] [streaming] Portal candidate: 'Seyda Neen, Arrille's Tradehouse' (dist=5.9m)
[INFO] [streaming] Portal candidate: 'Seyda Neen, Arrille's Tradehouse' (dist=5.9m)
[INFO] [streaming] Portal candidate: 'Seyda Neen, Arrille's Tradehouse' (dist=5.9m)
[INFO] [tools] [AUTOBENCH] wrote user://benchmark_results/autobench_2026-04-17_20-30-38/bench_tiers.json (samples=31, summary={"chunks_tier_1_max":9,"chunks_tier_2_max":7,"draws_avg":7140.06451612903,"fps_avg":50.9677419354839,"fps_max":60.0,"fps_min":37.0,"hlod_cells_max":16,"impostors_max":51208,"objs_avg":8771.70967741935,"registry_batches_max":535,"registry_slots_max":14386,"samples":31})
[INFO] [streaming] Portal candidate: 'Seyda Neen, Arrille's Tradehouse' (dist=5.9m)
[INFO] [tools] [AUTOBENCH] scenario D (bench_flyby) — delegating to StreamingBenchmark.init_console_mode, ~85s
[INFO] [tools] StreamingBenchmark: Started (24 waypoints, 85s scripted flyby)
[INFO] [streaming] Portal candidate: 'Seyda Neen, Arrille's Tradehouse' (dist=5.9m)
[INFO] [streaming] Portal candidate: 'Seyda Neen, Arrille's Tradehouse' (dist=5.9m)
[INFO] [streaming] Portal candidate: 'Seyda Neen, Arrille's Tradehouse' (dist=5.9m)
[INFO] [streaming] Portal candidate: 'Seyda Neen, Arrille's Tradehouse' (dist=5.9m)
[INFO] [streaming] Portal candidate: 'Seyda Neen, Arrille's Tradehouse' (dist=5.9m)
[INFO] [streaming] Portal candidate: 'Seyda Neen, Arrille's Tradehouse' (dist=5.9m)
[INFO] [streaming] Portal candidate: 'Seyda Neen, Arrille's Tradehouse' (dist=5.9m)
[INFO] [streaming] Portal candidate: 'Seyda Neen, Arrille's Tradehouse' (dist=5.9m)
[INFO] [streaming] Portal candidate: 'Seyda Neen, Arrille's Tradehouse' (dist=5.9m)
[INFO] [streaming] Portal candidate: 'Seyda Neen, Arrille's Tradehouse' (dist=5.9m)
[INFO] [streaming] Portal candidate: 'Seyda Neen, Arrille's Tradehouse' (dist=5.9m)
[INFO] [streaming] Portal candidate: 'Seyda Neen, Arrille's Tradehouse' (dist=5.9m)
[INFO] [streaming] Portal candidate: 'Seyda Neen, Arrille's Tradehouse' (dist=5.9m)
[INFO] [streaming] Portal candidate: 'Seyda Neen, Arrille's Tradehouse' (dist=5.9m)
[INFO] [impostors] Benchmark: 51208 impostors, 256 tex layers, 0 pending cells, mm_instances=51208
[INFO] [streaming] Portal candidate: 'Seyda Neen, Arrille's Tradehouse' (dist=5.9m)
[INFO] [streaming] Portal candidate: 'Seyda Neen, Arrille's Tradehouse' (dist=5.9m)
[INFO] [streaming] Portal candidate: 'Seyda Neen, Arrille's Tradehouse' (dist=5.9m)
[INFO] [streaming] Portal candidate: 'Seyda Neen, Arrille's Tradehouse' (dist=5.9m)
[INFO] [streaming] Portal candidate: 'Seyda Neen, Arrille's Tradehouse' (dist=5.9m)
[INFO] [streaming] Portal candidate: 'Seyda Neen, Arrille's Tradehouse' (dist=5.9m)
[INFO] [streaming] Portal candidate: 'Seyda Neen, Arrille's Tradehouse' (dist=5.9m)
[INFO] [streaming] Portal candidate: 'Seyda Neen, Arrille's Tradehouse' (dist=5.9m)
[INFO] [streaming] Portal candidate: 'Seyda Neen, Arrille's Tradehouse' (dist=5.9m)
[INFO] [streaming] Portal candidate: 'Seyda Neen, Arrille's Tradehouse' (dist=5.9m)
[INFO] [streaming] Portal candidate: 'Seyda Neen, Arrille's Tradehouse' (dist=5.9m)
[INFO] [streaming] Portal candidate: 'Seyda Neen, Arrille's Tradehouse' (dist=5.9m)
[INFO] [streaming] Portal candidate: 'Seyda Neen, Arrille's Tradehouse' (dist=5.9m)
[INFO] [streaming] Portal candidate: 'Seyda Neen, Arrille's Tradehouse' (dist=5.9m)
[INFO] [streaming] Portal candidate: 'Seyda Neen, Arrille's Tradehouse' (dist=5.9m)
[INFO] [streaming] Portal candidate: 'Seyda Neen, Arrille's Tradehouse' (dist=5.9m)
[INFO] [streaming] Portal candidate: 'Seyda Neen, Arrille's Tradehouse' (dist=5.9m)
[INFO] [streaming] Portal candidate: 'Seyda Neen, Arrille's Tradehouse' (dist=5.9m)
[INFO] [streaming] Portal candidate: 'Seyda Neen, Arrille's Tradehouse' (dist=5.9m)
[INFO] [streaming] Portal candidate: 'Seyda Neen, Arrille's Tradehouse' (dist=5.9m)
[INFO] [streaming] Portal candidate: 'Seyda Neen, Arrille's Tradehouse' (dist=5.9m)
[INFO] [streaming] Portal candidate: 'Seyda Neen, Arrille's Tradehouse' (dist=5.9m)
[INFO] [streaming] Portal candidate: 'Seyda Neen, Arrille's Tradehouse' (dist=5.9m)
[INFO] [streaming] Portal candidate: 'Seyda Neen, Arrille's Tradehouse' (dist=5.9m)
[INFO] [streaming] Portal candidate: 'Seyda Neen, Arrille's Tradehouse' (dist=5.9m)
[INFO] [streaming] Portal candidate: 'Seyda Neen, Arrille's Tradehouse' (dist=5.9m)
[INFO] [streaming] Portal candidate: 'Seyda Neen, Arrille's Tradehouse' (dist=5.9m)
[INFO] [streaming] Portal candidate: 'Seyda Neen, Arrille's Tradehouse' (dist=5.9m)
[INFO] [streaming] Portal candidate: 'Seyda Neen, Arrille's Tradehouse' (dist=5.9m)
[INFO] [streaming] Portal candidate: 'Seyda Neen, Arrille's Tradehouse' (dist=5.9m)
[INFO] [streaming] Portal candidate: 'Seyda Neen, Arrille's Tradehouse' (dist=5.9m)
[INFO] [streaming] Portal candidate: 'Seyda Neen, Arrille's Tradehouse' (dist=5.9m)
[INFO] [streaming] Portal candidate: 'Seyda Neen, Arrille's Tradehouse' (dist=5.9m)
[INFO] [streaming] Portal candidate: 'Seyda Neen, Arrille's Tradehouse' (dist=5.9m)
[INFO] [streaming] Portal candidate: 'Seyda Neen, Arrille's Tradehouse' (dist=5.9m)
[INFO] [streaming] Portal candidate: 'Seyda Neen, Arrille's Tradehouse' (dist=5.9m)
[INFO] [streaming] Portal candidate: 'Seyda Neen, Arrille's Tradehouse' (dist=5.9m)
[INFO] [streaming] Portal candidate: 'Seyda Neen, Arrille's Tradehouse' (dist=5.9m)
[INFO] [streaming] Portal candidate: 'Seyda Neen, Arrille's Tradehouse' (dist=5.9m)
[INFO] [streaming] Portal candidate: 'Seyda Neen, Arrille's Tradehouse' (dist=5.9m)
[INFO] [streaming] Portal candidate: 'Seyda Neen, Arrille's Tradehouse' (dist=5.9m)
[INFO] [streaming] Portal candidate: 'Seyda Neen, Arrille's Tradehouse' (dist=5.9m)
[INFO] [streaming] Portal candidate: 'Seyda Neen, Arrille's Tradehouse' (dist=5.9m)
[INFO] [streaming] Portal candidate: 'Seyda Neen, Arrille's Tradehouse' (dist=5.9m)
[INFO] [streaming] Portal candidate: 'Seyda Neen, Arrille's Tradehouse' (dist=5.9m)
[INFO] [streaming] Portal candidate: 'Seyda Neen, Arrille's Tradehouse' (dist=5.9m)
[INFO] [streaming] Portal candidate: 'Seyda Neen, Arrille's Tradehouse' (dist=5.9m)
[INFO] [streaming] Portal candidate: 'Seyda Neen, Arrille's Tradehouse' (dist=5.9m)
[INFO] [streaming] Portal candidate: 'Seyda Neen, Arrille's Tradehouse' (dist=5.9m)
[INFO] [streaming] Portal candidate: 'Seyda Neen, Arrille's Tradehouse' (dist=5.9m)
[INFO] [streaming] Portal candidate: 'Seyda Neen, Arrille's Tradehouse' (dist=5.9m)
[INFO] [streaming] Portal candidate: 'Seyda Neen, Arrille's Tradehouse' (dist=5.9m)
[INFO] [streaming] Portal candidate: 'Seyda Neen, Arrille's Tradehouse' (dist=5.9m)
[INFO] [streaming] Portal candidate: 'Seyda Neen, Arrille's Tradehouse' (dist=5.9m)
[INFO] [streaming] Portal candidate: 'Seyda Neen, Arrille's Tradehouse' (dist=5.9m)
[INFO] [streaming] Portal candidate: 'Seyda Neen, Arrille's Tradehouse' (dist=5.9m)
[INFO] [streaming] Portal candidate: 'Seyda Neen, Arrille's Tradehouse' (dist=5.9m)
[INFO] [streaming] Portal candidate: 'Seyda Neen, Arrille's Tradehouse' (dist=5.9m)
[INFO] [streaming] Portal candidate: 'Seyda Neen, Arrille's Tradehouse' (dist=5.9m)
[INFO] [streaming] Portal candidate: 'Seyda Neen, Arrille's Tradehouse' (dist=5.9m)
[INFO] [streaming] Portal candidate: 'Seyda Neen, Arrille's Tradehouse' (dist=5.9m)
[INFO] [streaming] Portal candidate: 'Seyda Neen, Arrille's Tradehouse' (dist=5.9m)
[INFO] [streaming] Portal candidate: 'Seyda Neen, Arrille's Tradehouse' (dist=5.9m)
[INFO] [streaming] Portal candidate: 'Seyda Neen, Arrille's Tradehouse' (dist=5.9m)
[INFO] [streaming] Portal candidate: 'Seyda Neen, Arrille's Tradehouse' (dist=5.9m)
[INFO] [streaming] Portal candidate: 'Seyda Neen, Arrille's Tradehouse' (dist=5.9m)
[INFO] [streaming] Portal candidate: 'Seyda Neen, Arrille's Tradehouse' (dist=5.9m)
[INFO] [streaming] Portal candidate: 'Seyda Neen, Arrille's Tradehouse' (dist=5.9m)
[INFO] [streaming] Portal candidate: 'Seyda Neen, Arrille's Tradehouse' (dist=5.9m)
[INFO] [streaming] Portal candidate: 'Seyda Neen, Arrille's Tradehouse' (dist=5.9m)
[INFO] [streaming] Portal candidate: 'Seyda Neen, Arrille's Tradehouse' (dist=5.9m)
[INFO] [streaming] Portal candidate: 'Seyda Neen, Arrille's Tradehouse' (dist=5.9m)
[INFO] [streaming] Portal candidate: 'Seyda Neen, Arrille's Tradehouse' (dist=5.9m)
[INFO] [streaming] Portal candidate: 'Seyda Neen, Arrille's Tradehouse' (dist=5.9m)
[INFO] [streaming] Portal candidate: 'Seyda Neen, Arrille's Tradehouse' (dist=5.9m)
[INFO] [streaming] Portal candidate: 'Seyda Neen, Arrille's Tradehouse' (dist=5.9m)
[INFO] [streaming] Portal candidate: 'Seyda Neen, Arrille's Tradehouse' (dist=5.9m)
[INFO] [streaming] Portal candidate: 'Seyda Neen, Arrille's Tradehouse' (dist=5.9m)
[INFO] [streaming] Portal candidate: 'Seyda Neen, Arrille's Tradehouse' (dist=5.9m)
[INFO] [streaming] Portal candidate: 'Seyda Neen, Arrille's Tradehouse' (dist=5.9m)
[INFO] [streaming] Portal candidate: 'Seyda Neen, Arrille's Tradehouse' (dist=5.9m)
[INFO] [streaming] Portal candidate: 'Seyda Neen, Arrille's Tradehouse' (dist=5.9m)
[INFO] [streaming] Portal candidate: 'Seyda Neen, Arrille's Tradehouse' (dist=5.9m)
[INFO] [streaming] Portal candidate: 'Seyda Neen, Arrille's Tradehouse' (dist=5.9m)
[INFO] [streaming] Portal candidate: 'Seyda Neen, Arrille's Tradehouse' (dist=5.9m)
[INFO] [streaming] Portal candidate: 'Seyda Neen, Arrille's Tradehouse' (dist=5.9m)
[INFO] [streaming] Portal candidate: 'Seyda Neen, Arrille's Tradehouse' (dist=5.9m)
[INFO] [streaming] Portal candidate: 'Seyda Neen, Arrille's Tradehouse' (dist=5.9m)
[INFO] [streaming] Portal candidate: 'Seyda Neen, Arrille's Tradehouse' (dist=5.9m)
[INFO] [streaming] Portal candidate: 'Seyda Neen, Arrille's Tradehouse' (dist=5.9m)
[INFO] [streaming] Portal candidate: 'Seyda Neen, Arrille's Tradehouse' (dist=5.9m)
[INFO] [streaming] Portal candidate: 'Seyda Neen, Arrille's Tradehouse' (dist=5.9m)
[INFO] [streaming] Portal candidate: 'Seyda Neen, Arrille's Tradehouse' (dist=5.9m)
[INFO] [streaming] Portal candidate: 'Seyda Neen, Arrille's Tradehouse' (dist=5.9m)
[INFO] [streaming] Portal candidate: 'Seyda Neen, Arrille's Tradehouse' (dist=5.9m)
[INFO] [streaming] Portal candidate: 'Seyda Neen, Arrille's Tradehouse' (dist=5.9m)
[INFO] [streaming] Portal candidate: 'Seyda Neen, Arrille's Tradehouse' (dist=5.9m)
[INFO] [streaming] Portal candidate: 'Seyda Neen, Arrille's Tradehouse' (dist=5.9m)
[INFO] [streaming] Portal candidate: 'Seyda Neen, Arrille's Tradehouse' (dist=5.9m)
[INFO] [streaming] Portal candidate: 'Seyda Neen, Arrille's Tradehouse' (dist=5.9m)
[INFO] [streaming] Portal candidate: 'Seyda Neen, Arrille's Tradehouse' (dist=5.9m)
[INFO] [streaming] Portal candidate: 'Seyda Neen, Arrille's Tradehouse' (dist=5.9m)
[INFO] [streaming] Portal candidate: 'Seyda Neen, Arrille's Tradehouse' (dist=5.9m)
[INFO] [streaming] Portal candidate: 'Seyda Neen, Arrille's Tradehouse' (dist=5.9m)
[INFO] [streaming] Portal candidate: 'Seyda Neen, Arrille's Tradehouse' (dist=5.9m)
[INFO] [streaming] Portal candidate: 'Seyda Neen, Arrille's Tradehouse' (dist=5.9m)
[INFO] [streaming] Portal candidate: 'Seyda Neen, Arrille's Tradehouse' (dist=5.9m)
[INFO] [streaming] Portal candidate: 'Seyda Neen, Arrille's Tradehouse' (dist=5.9m)
[INFO] [streaming] Portal candidate: 'Seyda Neen, Arrille's Tradehouse' (dist=5.9m)
[INFO] [streaming] Portal candidate: 'Seyda Neen, Arrille's Tradehouse' (dist=5.9m)
[INFO] [streaming] Portal candidate: 'Seyda Neen, Arrille's Tradehouse' (dist=5.9m)
[INFO] [streaming] Portal candidate: 'Seyda Neen, Arrille's Tradehouse' (dist=5.9m)
[INFO] [streaming] Portal candidate: 'Seyda Neen, Arrille's Tradehouse' (dist=5.9m)
[INFO] [streaming] Portal candidate: 'Seyda Neen, Arrille's Tradehouse' (dist=5.9m)
[INFO] [streaming] Portal candidate: 'Seyda Neen, Arrille's Tradehouse' (dist=5.9m)
[INFO] [streaming] Portal candidate: 'Seyda Neen, Arrille's Tradehouse' (dist=5.9m)
[INFO] [streaming] Portal candidate: 'Seyda Neen, Arrille's Tradehouse' (dist=5.9m)
[INFO] [streaming] Portal candidate: 'Seyda Neen, Arrille's Tradehouse' (dist=5.9m)
[INFO] [streaming] Portal candidate: 'Seyda Neen, Arrille's Tradehouse' (dist=5.9m)
[INFO] [streaming] Portal candidate: 'Seyda Neen, Arrille's Tradehouse' (dist=5.9m)
[INFO] [streaming] Portal candidate: 'Seyda Neen, Arrille's Tradehouse' (dist=5.9m)
[INFO] [streaming] Portal candidate: 'Seyda Neen, Arrille's Tradehouse' (dist=5.9m)
[INFO] [streaming] Portal candidate: 'Seyda Neen, Arrille's Tradehouse' (dist=5.9m)
[INFO] [streaming] Portal candidate: 'Seyda Neen, Arrille's Tradehouse' (dist=5.9m)
[INFO] [streaming] Portal candidate: 'Seyda Neen, Arrille's Tradehouse' (dist=5.9m)
[INFO] [streaming] Portal candidate: 'Seyda Neen, Arrille's Tradehouse' (dist=5.9m)
[INFO] [streaming] heartbeat sec=219 frame=3353 fps=49.2 proc=24.8ms phys=0.2ms draws=7124 objs=8801 prims=3248k loaded=117 loading=4 reg_batches=535 reg_slots=14378
[INFO] [streaming] Portal candidate: 'Seyda Neen, Arrille's Tradehouse' (dist=5.9m)
[INFO] [streaming] Portal candidate: 'Seyda Neen, Arrille's Tradehouse' (dist=5.9m)
[INFO] [streaming] Portal candidate: 'Seyda Neen, Arrille's Tradehouse' (dist=5.9m)
[INFO] [streaming] Portal candidate: 'Seyda Neen, Arrille's Tradehouse' (dist=5.9m)
[INFO] [streaming] Portal candidate: 'Seyda Neen, Arrille's Tradehouse' (dist=5.9m)
[INFO] [streaming] Portal candidate: 'Seyda Neen, Arrille's Tradehouse' (dist=5.9m)
[INFO] [streaming] Portal candidate: 'Seyda Neen, Arrille's Tradehouse' (dist=5.9m)
[INFO] [streaming] Portal candidate: 'Seyda Neen, Arrille's Tradehouse' (dist=5.9m)
[INFO] [streaming] Portal candidate: 'Seyda Neen, Arrille's Tradehouse' (dist=5.9m)
[INFO] [streaming] Portal candidate: 'Seyda Neen, Arrille's Tradehouse' (dist=5.9m)
[INFO] [streaming] Portal candidate: 'Seyda Neen, Arrille's Tradehouse' (dist=5.9m)
[INFO] [streaming] Portal candidate: 'Seyda Neen, Arrille's Tradehouse' (dist=5.9m)
[INFO] [streaming] Portal candidate: 'Seyda Neen, Arrille's Tradehouse' (dist=5.9m)
[INFO] [streaming] Portal candidate: 'Seyda Neen, Arrille's Tradehouse' (dist=5.9m)
[INFO] [streaming] Portal candidate: 'Seyda Neen, Arrille's Tradehouse' (dist=5.9m)
[INFO] [streaming] Portal candidate: 'Seyda Neen, Arrille's Tradehouse' (dist=5.9m)
[INFO] [streaming] Portal candidate: 'Seyda Neen, Arrille's Tradehouse' (dist=5.9m)
[INFO] [streaming] Portal candidate: 'Seyda Neen, Arrille's Tradehouse' (dist=5.9m)
[INFO] [streaming] Portal candidate: 'Seyda Neen, Arrille's Tradehouse' (dist=5.9m)
[INFO] [streaming] Portal candidate: 'Seyda Neen, Arrille's Tradehouse' (dist=5.9m)
[INFO] [streaming] Portal candidate: 'Seyda Neen, Arrille's Tradehouse' (dist=5.9m)
[INFO] [streaming] Portal candidate: 'Seyda Neen, Arrille's Tradehouse' (dist=5.9m)
[INFO] [streaming] Portal candidate: 'Seyda Neen, Arrille's Tradehouse' (dist=5.9m)
[INFO] [streaming] Portal candidate: 'Seyda Neen, Arrille's Tradehouse' (dist=5.9m)
[INFO] [streaming] Portal candidate: 'Seyda Neen, Arrille's Tradehouse' (dist=5.9m)
[INFO] [streaming] Portal candidate: 'Seyda Neen, Arrille's Tradehouse' (dist=5.9m)
[INFO] [streaming] Portal candidate: 'Seyda Neen, Arrille's Tradehouse' (dist=5.9m)
[INFO] [streaming] Portal candidate: 'Seyda Neen, Arrille's Tradehouse' (dist=5.9m)
[INFO] [streaming] Portal candidate: 'Seyda Neen, Arrille's Tradehouse' (dist=5.9m)
[INFO] [streaming] Portal candidate: 'Seyda Neen, Arrille's Tradehouse' (dist=5.9m)
[INFO] [streaming] Portal candidate: 'Seyda Neen, Arrille's Tradehouse' (dist=5.9m)
[INFO] [streaming] Portal candidate: 'Seyda Neen, Arrille's Tradehouse' (dist=5.9m)
[INFO] [streaming] Portal candidate: 'Seyda Neen, Arrille's Tradehouse' (dist=5.9m)
[INFO] [streaming] Portal candidate: 'Seyda Neen, Arrille's Tradehouse' (dist=5.9m)
[INFO] [streaming] Portal candidate: 'Seyda Neen, Arrille's Tradehouse' (dist=5.9m)
[INFO] [streaming] Portal candidate: 'Seyda Neen, Arrille's Tradehouse' (dist=5.9m)
[INFO] [streaming] Portal candidate: 'Seyda Neen, Arrille's Tradehouse' (dist=5.9m)
[INFO] [streaming] Portal candidate: 'Seyda Neen, Arrille's Tradehouse' (dist=5.9m)
[INFO] [streaming] Portal candidate: 'Seyda Neen, Arrille's Tradehouse' (dist=5.9m)
[INFO] [streaming] Portal candidate: 'Seyda Neen, Arrille's Tradehouse' (dist=5.9m)
[INFO] [streaming] Portal candidate: 'Seyda Neen, Arrille's Tradehouse' (dist=5.9m)
[INFO] [streaming] Portal candidate: 'Seyda Neen, Arrille's Tradehouse' (dist=5.9m)
[INFO] [streaming] Portal candidate: 'Seyda Neen, Arrille's Tradehouse' (dist=5.9m)
[INFO] [streaming] Portal candidate: 'Seyda Neen, Arrille's Tradehouse' (dist=5.9m)
[INFO] [streaming] Portal candidate: 'Seyda Neen, Arrille's Tradehouse' (dist=5.9m)
[INFO] [streaming] Portal candidate: 'Seyda Neen, Arrille's Tradehouse' (dist=5.9m)
[INFO] [streaming] Portal candidate: 'Seyda Neen, Arrille's Tradehouse' (dist=5.9m)
[INFO] [streaming] Portal candidate: 'Seyda Neen, Arrille's Tradehouse' (dist=5.9m)
[INFO] [streaming] Portal candidate: 'Seyda Neen, Arrille's Tradehouse' (dist=5.9m)
[INFO] [streaming] Portal candidate: 'Seyda Neen, Arrille's Tradehouse' (dist=5.9m)
[INFO] [streaming] Portal candidate: 'Seyda Neen, Arrille's Tradehouse' (dist=5.9m)
[INFO] [streaming] Portal candidate: 'Seyda Neen, Arrille's Tradehouse' (dist=5.9m)
[INFO] [streaming] Portal candidate: 'Seyda Neen, Arrille's Tradehouse' (dist=5.9m)
[INFO] [streaming] Portal candidate: 'Seyda Neen, Arrille's Tradehouse' (dist=5.9m)
[INFO] [streaming] Portal candidate: 'Seyda Neen, Arrille's Tradehouse' (dist=5.9m)
[INFO] [streaming] Portal candidate: 'Seyda Neen, Arrille's Tradehouse' (dist=5.9m)
[INFO] [streaming] Portal candidate: 'Seyda Neen, Arrille's Tradehouse' (dist=5.9m)
[INFO] [streaming] Portal candidate: 'Seyda Neen, Arrille's Tradehouse' (dist=5.9m)
[INFO] [streaming] Portal candidate: 'Seyda Neen, Arrille's Tradehouse' (dist=5.9m)
[INFO] [streaming] Portal candidate: 'Seyda Neen, Arrille's Tradehouse' (dist=5.9m)
[INFO] [streaming] Portal candidate: 'Seyda Neen, Arrille's Tradehouse' (dist=5.9m)
[INFO] [streaming] Portal candidate: 'Seyda Neen, Arrille's Tradehouse' (dist=5.9m)
[INFO] [streaming] Portal candidate: 'Seyda Neen, Arrille's Tradehouse' (dist=5.9m)
[INFO] [streaming] Portal candidate: 'Seyda Neen, Arrille's Tradehouse' (dist=5.9m)
[INFO] [streaming] Portal candidate: 'Seyda Neen, Arrille's Tradehouse' (dist=5.9m)
[INFO] [streaming] Portal candidate: 'Seyda Neen, Arrille's Tradehouse' (dist=5.9m)
[INFO] [streaming] Portal candidate: 'Seyda Neen, Arrille's Tradehouse' (dist=5.9m)
[INFO] [streaming] Portal candidate: 'Seyda Neen, Arrille's Tradehouse' (dist=5.9m)
[INFO] [streaming] Portal candidate: 'Seyda Neen, Arrille's Tradehouse' (dist=5.9m)
[INFO] [streaming] Portal candidate: 'Seyda Neen, Arrille's Tradehouse' (dist=5.9m)
[INFO] [streaming] Portal candidate: 'Seyda Neen, Arrille's Tradehouse' (dist=5.9m)
[INFO] [streaming] Portal candidate: 'Seyda Neen, Arrille's Tradehouse' (dist=5.9m)
[INFO] [streaming] Portal candidate: 'Seyda Neen, Arrille's Tradehouse' (dist=5.9m)
[INFO] [streaming] Portal candidate: 'Seyda Neen, Arrille's Tradehouse' (dist=5.9m)
[INFO] [streaming] Portal candidate: 'Seyda Neen, Arrille's Tradehouse' (dist=5.9m)
[INFO] [streaming] Portal candidate: 'Seyda Neen, Arrille's Tradehouse' (dist=5.9m)
[INFO] [streaming] Portal candidate: 'Seyda Neen, Arrille's Tradehouse' (dist=5.9m)
[INFO] [streaming] Portal candidate: 'Seyda Neen, Arrille's Tradehouse' (dist=5.9m)
[INFO] [streaming] Portal candidate: 'Seyda Neen, Arrille's Tradehouse' (dist=5.9m)
[INFO] [streaming] Portal candidate: 'Seyda Neen, Arrille's Tradehouse' (dist=5.9m)
[INFO] [streaming] Portal candidate: 'Seyda Neen, Arrille's Tradehouse' (dist=5.9m)
[INFO] [streaming] Portal candidate: 'Seyda Neen, Arrille's Tradehouse' (dist=5.9m)
[INFO] [streaming] Portal candidate: 'Seyda Neen, Arrille's Tradehouse' (dist=5.9m)
[INFO] [streaming] Portal candidate: 'Seyda Neen, Arrille's Tradehouse' (dist=5.9m)
[INFO] [streaming] Portal candidate: 'Seyda Neen, Arrille's Tradehouse' (dist=5.9m)
[INFO] [streaming] Portal candidate: 'Seyda Neen, Arrille's Tradehouse' (dist=5.9m)
[INFO] [streaming] Portal candidate: 'Seyda Neen, Arrille's Tradehouse' (dist=5.9m)
[INFO] [streaming] Portal candidate: 'Seyda Neen, Arrille's Tradehouse' (dist=5.9m)
[INFO] [streaming] Portal candidate: 'Seyda Neen, Arrille's Tradehouse' (dist=5.9m)
[INFO] [streaming] Portal candidate: 'Seyda Neen, Arrille's Tradehouse' (dist=5.9m)
[INFO] [streaming] Portal candidate: 'Seyda Neen, Arrille's Tradehouse' (dist=5.9m)
[INFO] [streaming] Portal candidate: 'Seyda Neen, Arrille's Tradehouse' (dist=5.9m)
[INFO] [streaming] Portal candidate: 'Seyda Neen, Arrille's Tradehouse' (dist=5.9m)
[INFO] [streaming] Portal candidate: 'Seyda Neen, Arrille's Tradehouse' (dist=5.9m)
[INFO] [streaming] Portal candidate: 'Seyda Neen, Arrille's Tradehouse' (dist=5.9m)
[INFO] [streaming] Portal candidate: 'Seyda Neen, Arrille's Tradehouse' (dist=5.9m)
[INFO] [streaming] Portal candidate: 'Seyda Neen, Arrille's Tradehouse' (dist=5.9m)
[INFO] [streaming] Portal candidate: 'Seyda Neen, Arrille's Tradehouse' (dist=5.9m)
[INFO] [streaming] Portal candidate: 'Seyda Neen, Arrille's Tradehouse' (dist=5.9m)
[INFO] [streaming] Portal candidate: 'Seyda Neen, Arrille's Tradehouse' (dist=5.9m)
[INFO] [streaming] Portal candidate: 'Seyda Neen, Arrille's Tradehouse' (dist=5.9m)
[INFO] [streaming] Portal candidate: 'Seyda Neen, Arrille's Tradehouse' (dist=5.9m)
[INFO] [streaming] Portal candidate: 'Seyda Neen, Arrille's Tradehouse' (dist=5.9m)
[INFO] [streaming] Portal candidate: 'Seyda Neen, Arrille's Tradehouse' (dist=5.9m)
[INFO] [streaming] Portal candidate: 'Seyda Neen, Arrille's Tradehouse' (dist=5.9m)
[INFO] [streaming] Portal candidate: 'Seyda Neen, Arrille's Tradehouse' (dist=5.9m)
[INFO] [streaming] Portal candidate: 'Seyda Neen, Arrille's Tradehouse' (dist=5.9m)
[INFO] [streaming] Portal candidate: 'Seyda Neen, Arrille's Tradehouse' (dist=5.9m)
[INFO] [streaming] Portal candidate: 'Seyda Neen, Arrille's Tradehouse' (dist=5.9m)
[INFO] [streaming] Portal candidate: 'Seyda Neen, Arrille's Tradehouse' (dist=5.9m)
[INFO] [streaming] Portal candidate: 'Seyda Neen, Arrille's Tradehouse' (dist=5.9m)
[INFO] [streaming] Portal candidate: 'Seyda Neen, Arrille's Tradehouse' (dist=5.9m)
[INFO] [streaming] Portal candidate: 'Seyda Neen, Arrille's Tradehouse' (dist=5.9m)
[INFO] [impostors] Benchmark: 51208 impostors, 256 tex layers, 0 pending cells, mm_instances=51208
[INFO] [streaming] Portal candidate: 'Seyda Neen, Arrille's Tradehouse' (dist=5.9m)
[INFO] [streaming] Portal candidate: 'Seyda Neen, Arrille's Tradehouse' (dist=5.9m)
[INFO] [streaming] Portal candidate: 'Seyda Neen, Arrille's Tradehouse' (dist=5.9m)
[INFO] [streaming] Portal candidate: 'Seyda Neen, Arrille's Tradehouse' (dist=5.9m)
[INFO] [streaming] Portal candidate: 'Seyda Neen, Arrille's Tradehouse' (dist=5.9m)
[INFO] [streaming] Portal candidate: 'Seyda Neen, Arrille's Tradehouse' (dist=5.9m)
[INFO] [streaming] Portal candidate: 'Seyda Neen, Arrille's Tradehouse' (dist=5.9m)
[INFO] [streaming] Portal candidate: 'Seyda Neen, Arrille's Tradehouse' (dist=5.9m)
[INFO] [streaming] Portal candidate: 'Seyda Neen, Arrille's Tradehouse' (dist=5.9m)
[INFO] [streaming] Portal candidate: 'Seyda Neen, Arrille's Tradehouse' (dist=5.9m)
[INFO] [streaming] Portal candidate: 'Seyda Neen, Arrille's Tradehouse' (dist=5.9m)
[INFO] [streaming] Portal candidate: 'Seyda Neen, Arrille's Tradehouse' (dist=5.9m)
[INFO] [streaming] Portal candidate: 'Seyda Neen, Arrille's Tradehouse' (dist=5.9m)
[INFO] [streaming] Portal candidate: 'Seyda Neen, Arrille's Tradehouse' (dist=5.9m)
[INFO] [streaming] Portal candidate: 'Seyda Neen, Arrille's Tradehouse' (dist=5.9m)
[INFO] [streaming] Portal candidate: 'Seyda Neen, Arrille's Tradehouse' (dist=5.9m)
[INFO] [streaming] Portal candidate: 'Seyda Neen, Arrille's Tradehouse' (dist=5.9m)
[INFO] [streaming] Portal candidate: 'Seyda Neen, Arrille's Tradehouse' (dist=5.9m)
[INFO] [streaming] Portal candidate: 'Seyda Neen, Arrille's Tradehouse' (dist=5.9m)
[INFO] [streaming] Portal candidate: 'Seyda Neen, Arrille's Tradehouse' (dist=5.9m)
[INFO] [streaming] Portal candidate: 'Seyda Neen, Arrille's Tradehouse' (dist=5.9m)
[INFO] [streaming] Portal candidate: 'Seyda Neen, Arrille's Tradehouse' (dist=5.9m)
[INFO] [streaming] Portal candidate: 'Seyda Neen, Arrille's Tradehouse' (dist=5.9m)
[INFO] [streaming] Portal candidate: 'Seyda Neen, Arrille's Tradehouse' (dist=5.9m)
[INFO] [streaming] Portal candidate: 'Seyda Neen, Arrille's Tradehouse' (dist=5.9m)
[INFO] [streaming] Portal candidate: 'Seyda Neen, Arrille's Tradehouse' (dist=5.9m)
[INFO] [streaming] Portal candidate: 'Seyda Neen, Arrille's Tradehouse' (dist=5.9m)
[INFO] [streaming] Portal candidate: 'Seyda Neen, Arrille's Tradehouse' (dist=5.9m)
[INFO] [streaming] Portal candidate: 'Seyda Neen, Arrille's Tradehouse' (dist=5.9m)
[INFO] [streaming] Portal candidate: 'Seyda Neen, Arrille's Tradehouse' (dist=5.9m)
[INFO] [streaming] Portal candidate: 'Seyda Neen, Arrille's Tradehouse' (dist=5.9m)
[INFO] [streaming] Portal candidate: 'Seyda Neen, Arrille's Tradehouse' (dist=5.9m)
[INFO] [streaming] Portal candidate: 'Seyda Neen, Arrille's Tradehouse' (dist=5.9m)
[INFO] [streaming] Portal candidate: 'Seyda Neen, Arrille's Tradehouse' (dist=5.9m)
[INFO] [streaming] Portal candidate: 'Seyda Neen, Arrille's Tradehouse' (dist=5.9m)
[INFO] [streaming] Portal candidate: 'Seyda Neen, Arrille's Tradehouse' (dist=5.9m)
[INFO] [streaming] Portal candidate: 'Seyda Neen, Arrille's Tradehouse' (dist=5.9m)
[INFO] [streaming] Portal candidate: 'Seyda Neen, Arrille's Tradehouse' (dist=5.9m)
[INFO] [streaming] Portal candidate: 'Seyda Neen, Arrille's Tradehouse' (dist=5.9m)
[INFO] [streaming] Portal candidate: 'Seyda Neen, Arrille's Tradehouse' (dist=5.9m)
[INFO] [streaming] Portal candidate: 'Seyda Neen, Arrille's Tradehouse' (dist=5.9m)
[INFO] [streaming] Portal candidate: 'Seyda Neen, Arrille's Tradehouse' (dist=5.9m)
[INFO] [streaming] Portal candidate: 'Seyda Neen, Arrille's Tradehouse' (dist=5.9m)
[INFO] [streaming] Portal candidate: 'Seyda Neen, Arrille's Tradehouse' (dist=5.9m)
[INFO] [streaming] Portal candidate: 'Seyda Neen, Arrille's Tradehouse' (dist=5.9m)
[INFO] [streaming] Portal candidate: 'Seyda Neen, Arrille's Tradehouse' (dist=5.9m)
[INFO] [streaming] Portal candidate: 'Seyda Neen, Arrille's Tradehouse' (dist=5.9m)
[INFO] [streaming] Portal candidate: 'Seyda Neen, Arrille's Tradehouse' (dist=5.9m)
[INFO] [streaming] Portal candidate: 'Seyda Neen, Arrille's Tradehouse' (dist=5.9m)
[INFO] [streaming] Portal candidate: 'Seyda Neen, Arrille's Tradehouse' (dist=5.9m)
[INFO] [streaming] Portal candidate: 'Seyda Neen, Arrille's Tradehouse' (dist=5.9m)
[INFO] [streaming] Portal candidate: 'Seyda Neen, Arrille's Tradehouse' (dist=5.9m)
[INFO] [streaming] Portal candidate: 'Seyda Neen, Arrille's Tradehouse' (dist=5.9m)
[INFO] [streaming] Portal candidate: 'Seyda Neen, Arrille's Tradehouse' (dist=5.9m)
[INFO] [streaming] Portal candidate: 'Seyda Neen, Arrille's Tradehouse' (dist=5.9m)
[INFO] [streaming] Portal candidate: 'Seyda Neen, Arrille's Tradehouse' (dist=5.9m)
[INFO] [streaming] Portal candidate: 'Seyda Neen, Arrille's Tradehouse' (dist=5.9m)
[INFO] [streaming] Portal candidate: 'Seyda Neen, Arrille's Tradehouse' (dist=5.9m)
[INFO] [streaming] Portal candidate: 'Seyda Neen, Arrille's Tradehouse' (dist=5.9m)
[INFO] [streaming] Portal candidate: 'Seyda Neen, Arrille's Tradehouse' (dist=5.9m)
[INFO] [streaming] Portal candidate: 'Seyda Neen, Arrille's Tradehouse' (dist=5.9m)
[INFO] [streaming] Portal candidate: 'Seyda Neen, Arrille's Tradehouse' (dist=5.9m)
[INFO] [streaming] Portal candidate: 'Seyda Neen, Arrille's Tradehouse' (dist=5.9m)
[INFO] [streaming] Portal candidate: 'Seyda Neen, Arrille's Tradehouse' (dist=5.9m)
[INFO] [streaming] Portal candidate: 'Seyda Neen, Arrille's Tradehouse' (dist=5.9m)
[INFO] [streaming] Portal candidate: 'Seyda Neen, Arrille's Tradehouse' (dist=5.9m)
[INFO] [streaming] Portal candidate: 'Seyda Neen, Arrille's Tradehouse' (dist=5.9m)
[INFO] [streaming] Portal candidate: 'Seyda Neen, Arrille's Tradehouse' (dist=5.9m)
[INFO] [streaming] Portal candidate: 'Seyda Neen, Arrille's Tradehouse' (dist=5.9m)
[INFO] [streaming] Portal candidate: 'Seyda Neen, Arrille's Tradehouse' (dist=5.9m)
[INFO] [streaming] Portal candidate: 'Seyda Neen, Arrille's Tradehouse' (dist=5.9m)
[INFO] [streaming] Portal candidate: 'Seyda Neen, Arrille's Tradehouse' (dist=5.9m)
[INFO] [streaming] Portal candidate: 'Seyda Neen, Arrille's Tradehouse' (dist=5.9m)
[INFO] [streaming] Portal candidate: 'Seyda Neen, Arrille's Tradehouse' (dist=5.9m)
[INFO] [streaming] Portal candidate: 'Seyda Neen, Arrille's Tradehouse' (dist=5.9m)
[INFO] [streaming] Portal candidate: 'Seyda Neen, Arrille's Tradehouse' (dist=5.9m)
[INFO] [streaming] Portal candidate: 'Seyda Neen, Arrille's Tradehouse' (dist=5.9m)
[INFO] [streaming] Portal candidate: 'Seyda Neen, Arrille's Tradehouse' (dist=5.9m)
[INFO] [streaming] Portal candidate: 'Seyda Neen, Arrille's Tradehouse' (dist=5.9m)
[INFO] [streaming] Portal candidate: 'Seyda Neen, Arrille's Tradehouse' (dist=5.9m)
[INFO] [streaming] Portal candidate: 'Seyda Neen, Arrille's Tradehouse' (dist=5.9m)
[INFO] [streaming] Portal candidate: 'Seyda Neen, Arrille's Tradehouse' (dist=5.9m)
[INFO] [streaming] Portal candidate: 'Seyda Neen, Arrille's Tradehouse' (dist=5.9m)
[INFO] [streaming] Portal candidate: 'Seyda Neen, Arrille's Tradehouse' (dist=5.9m)
[INFO] [streaming] Portal candidate: 'Seyda Neen, Arrille's Tradehouse' (dist=5.9m)
[INFO] [streaming] Portal candidate: 'Seyda Neen, Arrille's Tradehouse' (dist=5.9m)
[INFO] [streaming] Portal candidate: 'Seyda Neen, Arrille's Tradehouse' (dist=5.9m)
[INFO] [streaming] Portal candidate: 'Seyda Neen, Arrille's Tradehouse' (dist=5.9m)
[INFO] [streaming] Portal candidate: 'Seyda Neen, Arrille's Tradehouse' (dist=5.9m)
[INFO] [streaming] Portal candidate: 'Seyda Neen, Arrille's Tradehouse' (dist=5.9m)
[INFO] [streaming] Portal candidate: 'Seyda Neen, Arrille's Tradehouse' (dist=5.9m)
[INFO] [streaming] Portal candidate: 'Seyda Neen, Arrille's Tradehouse' (dist=5.9m)
[INFO] [streaming] Portal candidate: 'Seyda Neen, Arrille's Tradehouse' (dist=5.9m)
[INFO] [streaming] Portal candidate: 'Seyda Neen, Arrille's Tradehouse' (dist=5.9m)
[INFO] [streaming] Portal candidate: 'Seyda Neen, Arrille's Tradehouse' (dist=5.9m)
[INFO] [streaming] Portal candidate: 'Seyda Neen, Arrille's Tradehouse' (dist=5.9m)
[INFO] [streaming] Portal candidate: 'Seyda Neen, Arrille's Tradehouse' (dist=5.9m)
[INFO] [streaming] Portal candidate: 'Seyda Neen, Arrille's Tradehouse' (dist=5.9m)
[INFO] [streaming] Portal candidate: 'Seyda Neen, Arrille's Tradehouse' (dist=5.9m)
[INFO] [streaming] Portal candidate: 'Seyda Neen, Arrille's Tradehouse' (dist=5.9m)
[INFO] [streaming] Portal candidate: 'Seyda Neen, Arrille's Tradehouse' (dist=5.9m)
[INFO] [streaming] Portal candidate: 'Seyda Neen, Arrille's Tradehouse' (dist=5.9m)
[INFO] [streaming] Portal candidate: 'Seyda Neen, Arrille's Tradehouse' (dist=5.9m)
[INFO] [streaming] Portal candidate: 'Seyda Neen, Arrille's Tradehouse' (dist=5.9m)
[INFO] [streaming] Portal candidate: 'Seyda Neen, Arrille's Tradehouse' (dist=5.9m)
[INFO] [streaming] Portal candidate: 'Seyda Neen, Arrille's Tradehouse' (dist=5.9m)
[INFO] [streaming] Portal candidate: 'Seyda Neen, Arrille's Tradehouse' (dist=5.9m)
[INFO] [streaming] Portal candidate: 'Seyda Neen, Arrille's Tradehouse' (dist=5.9m)
[INFO] [streaming] Portal candidate: 'Seyda Neen, Arrille's Tradehouse' (dist=5.9m)
[INFO] [streaming] Portal candidate: 'Seyda Neen, Arrille's Tradehouse' (dist=5.9m)
[INFO] [streaming] Portal candidate: 'Seyda Neen, Arrille's Tradehouse' (dist=5.9m)
[INFO] [streaming] Portal candidate: 'Seyda Neen, Arrille's Tradehouse' (dist=5.9m)
[INFO] [streaming] Portal candidate: 'Seyda Neen, Arrille's Tradehouse' (dist=5.9m)
[INFO] [streaming] Portal candidate: 'Seyda Neen, Arrille's Tradehouse' (dist=5.9m)
[INFO] [streaming] Portal candidate: 'Seyda Neen, Arrille's Tradehouse' (dist=5.9m)
[INFO] [streaming] Portal candidate: 'Seyda Neen, Arrille's Tradehouse' (dist=5.9m)
[INFO] [streaming] Portal candidate: 'Seyda Neen, Arrille's Tradehouse' (dist=5.9m)
[INFO] [streaming] Portal candidate: 'Seyda Neen, Arrille's Tradehouse' (dist=5.9m)
[INFO] [streaming] Portal candidate: 'Seyda Neen, Arrille's Tradehouse' (dist=5.9m)
[INFO] [streaming] Portal candidate: 'Seyda Neen, Arrille's Tradehouse' (dist=5.9m)
[INFO] [streaming] Portal candidate: 'Seyda Neen, Arrille's Tradehouse' (dist=5.9m)
[INFO] [streaming] Portal candidate: 'Seyda Neen, Arrille's Tradehouse' (dist=5.9m)
[INFO] [streaming] Portal candidate: 'Seyda Neen, Arrille's Tradehouse' (dist=5.9m)
[INFO] [streaming] Portal candidate: 'Seyda Neen, Arrille's Tradehouse' (dist=5.9m)
[INFO] [streaming] Portal candidate: 'Seyda Neen, Arrille's Tradehouse' (dist=5.9m)
[INFO] [streaming] heartbeat sec=224 frame=3591 fps=47.6 proc=38.8ms phys=0.2ms draws=7124 objs=8801 prims=3248k loaded=117 loading=4 reg_batches=535 reg_slots=14378
[INFO] [streaming] Portal candidate: 'Seyda Neen, Arrille's Tradehouse' (dist=5.9m)
[INFO] [streaming] Portal candidate: 'Seyda Neen, Arrille's Tradehouse' (dist=5.9m)
[INFO] [streaming] Portal candidate: 'Seyda Neen, Arrille's Tradehouse' (dist=5.9m)
[INFO] [streaming] Portal candidate: 'Seyda Neen, Arrille's Tradehouse' (dist=5.9m)
[INFO] [streaming] Portal candidate: 'Seyda Neen, Arrille's Tradehouse' (dist=5.9m)
[INFO] [streaming] Portal candidate: 'Seyda Neen, Arrille's Tradehouse' (dist=5.9m)
[INFO] [streaming] Portal candidate: 'Seyda Neen, Arrille's Tradehouse' (dist=5.9m)
[INFO] [streaming] Portal candidate: 'Seyda Neen, Arrille's Tradehouse' (dist=5.9m)
[INFO] [streaming] Portal candidate: 'Seyda Neen, Arrille's Tradehouse' (dist=5.9m)
[INFO] [streaming] Portal candidate: 'Seyda Neen, Arrille's Tradehouse' (dist=5.9m)
[INFO] [streaming] Portal candidate: 'Seyda Neen, Arrille's Tradehouse' (dist=5.9m)
[INFO] [streaming] Portal candidate: 'Seyda Neen, Arrille's Tradehouse' (dist=5.9m)
[INFO] [streaming] Portal candidate: 'Seyda Neen, Arrille's Tradehouse' (dist=5.9m)
[INFO] [streaming] Portal candidate: 'Seyda Neen, Arrille's Tradehouse' (dist=5.9m)
[INFO] [streaming] Portal candidate: 'Seyda Neen, Arrille's Tradehouse' (dist=5.9m)
[INFO] [streaming] Portal candidate: 'Seyda Neen, Arrille's Tradehouse' (dist=5.9m)
[INFO] [streaming] Portal candidate: 'Seyda Neen, Arrille's Tradehouse' (dist=5.9m)
[INFO] [streaming] Portal candidate: 'Seyda Neen, Arrille's Tradehouse' (dist=5.9m)
[INFO] [streaming] Portal candidate: 'Seyda Neen, Arrille's Tradehouse' (dist=5.9m)
[INFO] [streaming] Portal candidate: 'Seyda Neen, Arrille's Tradehouse' (dist=5.9m)
[INFO] [streaming] Portal candidate: 'Seyda Neen, Arrille's Tradehouse' (dist=5.9m)
[INFO] [streaming] Portal candidate: 'Seyda Neen, Arrille's Tradehouse' (dist=5.9m)
[INFO] [streaming] Portal candidate: 'Seyda Neen, Arrille's Tradehouse' (dist=5.9m)
[INFO] [streaming] Portal candidate: 'Seyda Neen, Arrille's Tradehouse' (dist=5.9m)
[INFO] [streaming] Portal candidate: 'Seyda Neen, Arrille's Tradehouse' (dist=5.9m)
[INFO] [streaming] Portal candidate: 'Seyda Neen, Arrille's Tradehouse' (dist=5.9m)
[INFO] [streaming] Portal candidate: 'Seyda Neen, Arrille's Tradehouse' (dist=5.9m)
[INFO] [streaming] Portal candidate: 'Seyda Neen, Arrille's Tradehouse' (dist=5.9m)
[INFO] [streaming] Portal candidate: 'Seyda Neen, Arrille's Tradehouse' (dist=5.9m)
[INFO] [streaming] Portal candidate: 'Seyda Neen, Arrille's Tradehouse' (dist=5.9m)
[INFO] [streaming] Portal candidate: 'Seyda Neen, Arrille's Tradehouse' (dist=5.9m)
[INFO] [streaming] Portal candidate: 'Seyda Neen, Arrille's Tradehouse' (dist=5.9m)
[INFO] [streaming] Portal candidate: 'Seyda Neen, Arrille's Tradehouse' (dist=5.9m)
[INFO] [streaming] Portal candidate: 'Seyda Neen, Arrille's Tradehouse' (dist=5.9m)
[INFO] [streaming] Portal candidate: 'Seyda Neen, Arrille's Tradehouse' (dist=5.9m)
[INFO] [streaming] Portal candidate: 'Seyda Neen, Arrille's Tradehouse' (dist=5.9m)
[INFO] [streaming] Portal candidate: 'Seyda Neen, Arrille's Tradehouse' (dist=5.9m)
[INFO] [streaming] Portal candidate: 'Seyda Neen, Arrille's Tradehouse' (dist=5.9m)
[INFO] [streaming] Portal candidate: 'Seyda Neen, Arrille's Tradehouse' (dist=5.9m)
[INFO] [streaming] Portal candidate: 'Seyda Neen, Arrille's Tradehouse' (dist=5.9m)
[INFO] [streaming] Portal candidate: 'Seyda Neen, Arrille's Tradehouse' (dist=5.9m)
[INFO] [streaming] Portal candidate: 'Seyda Neen, Arrille's Tradehouse' (dist=5.9m)
[INFO] [streaming] Portal candidate: 'Seyda Neen, Arrille's Tradehouse' (dist=5.9m)
[INFO] [streaming] Portal candidate: 'Seyda Neen, Arrille's Tradehouse' (dist=5.9m)
[INFO] [streaming] Portal candidate: 'Seyda Neen, Arrille's Tradehouse' (dist=5.9m)
[INFO] [streaming] Portal candidate: 'Seyda Neen, Arrille's Tradehouse' (dist=5.9m)
[INFO] [streaming] Portal candidate: 'Seyda Neen, Arrille's Tradehouse' (dist=5.9m)
[INFO] [streaming] Portal candidate: 'Seyda Neen, Arrille's Tradehouse' (dist=5.9m)
[INFO] [streaming] Portal candidate: 'Seyda Neen, Arrille's Tradehouse' (dist=5.9m)
[INFO] [streaming] Portal candidate: 'Seyda Neen, Arrille's Tradehouse' (dist=5.9m)
[INFO] [streaming] Portal candidate: 'Seyda Neen, Arrille's Tradehouse' (dist=5.9m)
[INFO] [streaming] Portal candidate: 'Seyda Neen, Arrille's Tradehouse' (dist=5.9m)
[INFO] [streaming] Portal candidate: 'Seyda Neen, Arrille's Tradehouse' (dist=5.9m)
[INFO] [streaming] Portal candidate: 'Seyda Neen, Arrille's Tradehouse' (dist=5.9m)
[INFO] [streaming] Portal candidate: 'Seyda Neen, Arrille's Tradehouse' (dist=5.9m)
[INFO] [streaming] Portal candidate: 'Seyda Neen, Arrille's Tradehouse' (dist=5.9m)
[INFO] [streaming] Portal candidate: 'Seyda Neen, Arrille's Tradehouse' (dist=5.9m)
[INFO] [streaming] Portal candidate: 'Seyda Neen, Arrille's Tradehouse' (dist=5.9m)
[INFO] [streaming] Portal candidate: 'Seyda Neen, Arrille's Tradehouse' (dist=5.9m)
[INFO] [streaming] Portal candidate: 'Seyda Neen, Arrille's Tradehouse' (dist=5.9m)
[INFO] [streaming] Portal candidate: 'Seyda Neen, Arrille's Tradehouse' (dist=5.9m)
[INFO] [streaming] Portal candidate: 'Seyda Neen, Arrille's Tradehouse' (dist=5.9m)
[INFO] [streaming] Portal candidate: 'Seyda Neen, Arrille's Tradehouse' (dist=5.9m)
[INFO] [streaming] Portal candidate: 'Seyda Neen, Arrille's Tradehouse' (dist=5.9m)
[INFO] [streaming] Portal candidate: 'Seyda Neen, Arrille's Tradehouse' (dist=5.9m)
[INFO] [streaming] Portal candidate: 'Seyda Neen, Arrille's Tradehouse' (dist=5.9m)
[INFO] [streaming] Portal candidate: 'Seyda Neen, Arrille's Tradehouse' (dist=5.9m)
[INFO] [streaming] Portal candidate: 'Seyda Neen, Arrille's Tradehouse' (dist=5.9m)
[INFO] [streaming] Portal candidate: 'Seyda Neen, Arrille's Tradehouse' (dist=5.9m)
[INFO] [streaming] Portal candidate: 'Seyda Neen, Arrille's Tradehouse' (dist=5.9m)
[INFO] [streaming] Portal candidate: 'Seyda Neen, Arrille's Tradehouse' (dist=5.9m)
[INFO] [streaming] Portal candidate: 'Seyda Neen, Arrille's Tradehouse' (dist=5.9m)
[INFO] [streaming] Portal candidate: 'Seyda Neen, Arrille's Tradehouse' (dist=5.9m)
[INFO] [streaming] Portal candidate: 'Seyda Neen, Arrille's Tradehouse' (dist=5.9m)
[INFO] [streaming] Portal candidate: 'Seyda Neen, Arrille's Tradehouse' (dist=5.9m)
[INFO] [streaming] Portal candidate: 'Seyda Neen, Arrille's Tradehouse' (dist=5.9m)
[INFO] [streaming] Portal candidate: 'Seyda Neen, Arrille's Tradehouse' (dist=5.9m)
[INFO] [streaming] Portal candidate: 'Seyda Neen, Arrille's Tradehouse' (dist=5.9m)
[INFO] [streaming] Portal candidate: 'Seyda Neen, Arrille's Tradehouse' (dist=5.9m)
[INFO] [streaming] Portal candidate: 'Seyda Neen, Arrille's Tradehouse' (dist=5.9m)
[INFO] [streaming] Portal candidate: 'Seyda Neen, Arrille's Tradehouse' (dist=5.9m)
[INFO] [streaming] Portal candidate: 'Seyda Neen, Arrille's Tradehouse' (dist=5.9m)
[INFO] [streaming] Portal candidate: 'Seyda Neen, Arrille's Tradehouse' (dist=5.9m)
[INFO] [streaming] Portal candidate: 'Seyda Neen, Arrille's Tradehouse' (dist=5.9m)
[INFO] [streaming] Portal candidate: 'Seyda Neen, Arrille's Tradehouse' (dist=5.9m)
[INFO] [streaming] Portal candidate: 'Seyda Neen, Arrille's Tradehouse' (dist=5.9m)
[INFO] [streaming] Portal candidate: 'Seyda Neen, Arrille's Tradehouse' (dist=5.9m)
[INFO] [streaming] Portal candidate: 'Seyda Neen, Arrille's Tradehouse' (dist=5.9m)
[INFO] [streaming] Portal candidate: 'Seyda Neen, Arrille's Tradehouse' (dist=5.9m)
[INFO] [streaming] Portal candidate: 'Seyda Neen, Arrille's Tradehouse' (dist=5.9m)
[INFO] [streaming] Portal candidate: 'Seyda Neen, Arrille's Tradehouse' (dist=5.9m)
[INFO] [streaming] Portal candidate: 'Seyda Neen, Arrille's Tradehouse' (dist=5.9m)
[INFO] [streaming] Portal candidate: 'Seyda Neen, Arrille's Tradehouse' (dist=5.9m)
[INFO] [streaming] Portal candidate: 'Seyda Neen, Arrille's Tradehouse' (dist=5.9m)
[INFO] [streaming] Portal candidate: 'Seyda Neen, Arrille's Tradehouse' (dist=5.9m)
[INFO] [streaming] Portal candidate: 'Seyda Neen, Arrille's Tradehouse' (dist=5.9m)
[INFO] [streaming] Portal candidate: 'Seyda Neen, Arrille's Tradehouse' (dist=5.9m)
[INFO] [streaming] Portal candidate: 'Seyda Neen, Arrille's Tradehouse' (dist=5.9m)
[INFO] [streaming] Portal candidate: 'Seyda Neen, Arrille's Tradehouse' (dist=5.9m)
[INFO] [streaming] Portal candidate: 'Seyda Neen, Arrille's Tradehouse' (dist=5.9m)
[INFO] [streaming] Portal candidate: 'Seyda Neen, Arrille's Tradehouse' (dist=5.9m)
[INFO] [streaming] Portal candidate: 'Seyda Neen, Arrille's Tradehouse' (dist=5.9m)
[INFO] [streaming] Portal candidate: 'Seyda Neen, Arrille's Tradehouse' (dist=5.9m)
[INFO] [streaming] Portal candidate: 'Seyda Neen, Arrille's Tradehouse' (dist=5.9m)
[INFO] [streaming] Portal candidate: 'Seyda Neen, Arrille's Tradehouse' (dist=5.9m)
[INFO] [streaming] Portal candidate: 'Seyda Neen, Arrille's Tradehouse' (dist=5.9m)
[INFO] [streaming] Portal candidate: 'Seyda Neen, Arrille's Tradehouse' (dist=5.9m)
[INFO] [streaming] Portal candidate: 'Seyda Neen, Arrille's Tradehouse' (dist=5.9m)
[INFO] [streaming] Portal candidate: 'Seyda Neen, Arrille's Tradehouse' (dist=5.9m)
[INFO] [streaming] Portal candidate: 'Seyda Neen, Arrille's Tradehouse' (dist=5.9m)
[INFO] [streaming] Portal candidate: 'Seyda Neen, Arrille's Tradehouse' (dist=5.9m)
[INFO] [streaming] Portal candidate: 'Seyda Neen, Arrille's Tradehouse' (dist=5.9m)
[INFO] [streaming] Portal candidate: 'Seyda Neen, Arrille's Tradehouse' (dist=5.9m)
[INFO] [streaming] Portal candidate: 'Seyda Neen, Arrille's Tradehouse' (dist=5.9m)
[INFO] [impostors] Benchmark: 51208 impostors, 256 tex layers, 0 pending cells, mm_instances=51208
[INFO] [streaming] Portal candidate: 'Seyda Neen, Arrille's Tradehouse' (dist=5.9m)
[INFO] [streaming] Portal candidate: 'Seyda Neen, Arrille's Tradehouse' (dist=5.9m)
[INFO] [streaming] Portal candidate: 'Seyda Neen, Arrille's Tradehouse' (dist=5.9m)
[INFO] [streaming] Portal candidate: 'Seyda Neen, Arrille's Tradehouse' (dist=5.9m)
[INFO] [streaming] Portal candidate: 'Seyda Neen, Arrille's Tradehouse' (dist=5.9m)
[INFO] [streaming] Portal candidate: 'Seyda Neen, Arrille's Tradehouse' (dist=5.9m)
[INFO] [streaming] Portal candidate: 'Seyda Neen, Arrille's Tradehouse' (dist=5.9m)
[INFO] [streaming] Portal candidate: 'Seyda Neen, Arrille's Tradehouse' (dist=5.9m)
[INFO] [streaming] Portal candidate: 'Seyda Neen, Arrille's Tradehouse' (dist=5.9m)
[INFO] [streaming] Portal candidate: 'Seyda Neen, Arrille's Tradehouse' (dist=5.9m)
[INFO] [streaming] Portal candidate: 'Seyda Neen, Arrille's Tradehouse' (dist=5.9m)
[INFO] [streaming] Portal candidate: 'Seyda Neen, Arrille's Tradehouse' (dist=5.9m)
[INFO] [streaming] Portal candidate: 'Seyda Neen, Arrille's Tradehouse' (dist=5.9m)
[INFO] [streaming] Portal candidate: 'Seyda Neen, Arrille's Tradehouse' (dist=5.9m)
[INFO] [streaming] Portal candidate: 'Seyda Neen, Arrille's Tradehouse' (dist=5.9m)
[INFO] [streaming] Portal candidate: 'Seyda Neen, Arrille's Tradehouse' (dist=5.9m)
[INFO] [streaming] Portal candidate: 'Seyda Neen, Arrille's Tradehouse' (dist=5.9m)
[INFO] [streaming] Portal candidate: 'Seyda Neen, Arrille's Tradehouse' (dist=5.9m)
[INFO] [streaming] Portal candidate: 'Seyda Neen, Arrille's Tradehouse' (dist=5.9m)
[INFO] [streaming] Portal candidate: 'Seyda Neen, Arrille's Tradehouse' (dist=5.9m)
[INFO] [streaming] Portal candidate: 'Seyda Neen, Arrille's Tradehouse' (dist=5.9m)
[INFO] [streaming] Portal candidate: 'Seyda Neen, Arrille's Tradehouse' (dist=5.9m)
[INFO] [streaming] Portal candidate: 'Seyda Neen, Arrille's Tradehouse' (dist=5.9m)
[INFO] [streaming] Portal candidate: 'Seyda Neen, Arrille's Tradehouse' (dist=5.9m)
[INFO] [streaming] Portal candidate: 'Seyda Neen, Arrille's Tradehouse' (dist=5.9m)
[INFO] [streaming] Portal candidate: 'Seyda Neen, Arrille's Tradehouse' (dist=5.9m)
[INFO] [streaming] Portal candidate: 'Seyda Neen, Arrille's Tradehouse' (dist=5.9m)
[INFO] [streaming] Portal candidate: 'Seyda Neen, Arrille's Tradehouse' (dist=5.9m)
[INFO] [streaming] Portal candidate: 'Seyda Neen, Arrille's Tradehouse' (dist=5.9m)
[INFO] [streaming] Portal candidate: 'Seyda Neen, Arrille's Tradehouse' (dist=5.9m)
[INFO] [streaming] Portal candidate: 'Seyda Neen, Arrille's Tradehouse' (dist=5.9m)
[INFO] [streaming] Portal candidate: 'Seyda Neen, Arrille's Tradehouse' (dist=5.9m)
[INFO] [streaming] Portal candidate: 'Seyda Neen, Arrille's Tradehouse' (dist=5.9m)
[INFO] [streaming] Portal candidate: 'Seyda Neen, Arrille's Tradehouse' (dist=5.9m)
[INFO] [streaming] Portal candidate: 'Seyda Neen, Arrille's Tradehouse' (dist=5.9m)
[INFO] [streaming] Portal candidate: 'Seyda Neen, Arrille's Tradehouse' (dist=5.9m)
[INFO] [streaming] Portal candidate: 'Seyda Neen, Arrille's Tradehouse' (dist=5.9m)
[INFO] [streaming] Portal candidate: 'Seyda Neen, Arrille's Tradehouse' (dist=5.9m)
[INFO] [streaming] Portal candidate: 'Seyda Neen, Arrille's Tradehouse' (dist=5.9m)
[INFO] [streaming] Portal candidate: 'Seyda Neen, Arrille's Tradehouse' (dist=5.9m)
[INFO] [streaming] Portal candidate: 'Seyda Neen, Arrille's Tradehouse' (dist=5.9m)
[INFO] [streaming] Portal candidate: 'Seyda Neen, Arrille's Tradehouse' (dist=5.9m)
[INFO] [streaming] Portal candidate: 'Seyda Neen, Arrille's Tradehouse' (dist=5.9m)
[INFO] [streaming] Portal candidate: 'Seyda Neen, Arrille's Tradehouse' (dist=5.9m)
[INFO] [streaming] Portal candidate: 'Seyda Neen, Arrille's Tradehouse' (dist=5.9m)
[INFO] [streaming] Portal candidate: 'Seyda Neen, Arrille's Tradehouse' (dist=5.9m)
[INFO] [streaming] Portal candidate: 'Seyda Neen, Arrille's Tradehouse' (dist=5.9m)
[INFO] [streaming] Portal candidate: 'Seyda Neen, Arrille's Tradehouse' (dist=5.9m)
[INFO] [streaming] Portal candidate: 'Seyda Neen, Arrille's Tradehouse' (dist=5.9m)
[INFO] [streaming] Portal candidate: 'Seyda Neen, Arrille's Tradehouse' (dist=5.9m)
[INFO] [streaming] Portal candidate: 'Seyda Neen, Arrille's Tradehouse' (dist=5.9m)
[INFO] [streaming] Portal candidate: 'Seyda Neen, Arrille's Tradehouse' (dist=5.9m)
[INFO] [streaming] Portal candidate: 'Seyda Neen, Arrille's Tradehouse' (dist=5.9m)
[INFO] [streaming] Portal candidate: 'Seyda Neen, Arrille's Tradehouse' (dist=5.9m)
[INFO] [streaming] Portal candidate: 'Seyda Neen, Arrille's Tradehouse' (dist=5.9m)
[INFO] [streaming] Portal candidate: 'Seyda Neen, Arrille's Tradehouse' (dist=5.9m)
[INFO] [streaming] Portal candidate: 'Seyda Neen, Arrille's Tradehouse' (dist=5.9m)
[INFO] [streaming] Portal candidate: 'Seyda Neen, Arrille's Tradehouse' (dist=5.9m)
[INFO] [streaming] Portal candidate: 'Seyda Neen, Arrille's Tradehouse' (dist=5.9m)
[INFO] [streaming] Portal candidate: 'Seyda Neen, Arrille's Tradehouse' (dist=5.9m)
[INFO] [streaming] Portal candidate: 'Seyda Neen, Arrille's Tradehouse' (dist=5.9m)
[INFO] [streaming] Portal candidate: 'Seyda Neen, Arrille's Tradehouse' (dist=5.9m)
[INFO] [streaming] Portal candidate: 'Seyda Neen, Arrille's Tradehouse' (dist=5.9m)
[INFO] [streaming] Portal candidate: 'Seyda Neen, Arrille's Tradehouse' (dist=5.9m)
[INFO] [streaming] Portal candidate: 'Seyda Neen, Arrille's Tradehouse' (dist=5.9m)
[INFO] [streaming] Portal candidate: 'Seyda Neen, Arrille's Tradehouse' (dist=5.9m)
[INFO] [streaming] Portal candidate: 'Seyda Neen, Arrille's Tradehouse' (dist=5.9m)
[INFO] [streaming] Portal candidate: 'Seyda Neen, Arrille's Tradehouse' (dist=5.9m)
[INFO] [streaming] Portal candidate: 'Seyda Neen, Arrille's Tradehouse' (dist=5.9m)
[INFO] [streaming] Portal candidate: 'Seyda Neen, Arrille's Tradehouse' (dist=5.9m)
[INFO] [streaming] Portal candidate: 'Seyda Neen, Arrille's Tradehouse' (dist=5.9m)
[INFO] [streaming] Portal candidate: 'Seyda Neen, Arrille's Tradehouse' (dist=5.9m)
[INFO] [streaming] Portal candidate: 'Seyda Neen, Arrille's Tradehouse' (dist=5.9m)
[INFO] [streaming] Portal candidate: 'Seyda Neen, Arrille's Tradehouse' (dist=5.9m)
[INFO] [streaming] Portal candidate: 'Seyda Neen, Arrille's Tradehouse' (dist=5.9m)
[INFO] [streaming] Portal candidate: 'Seyda Neen, Arrille's Tradehouse' (dist=5.9m)
[INFO] [streaming] Portal candidate: 'Seyda Neen, Arrille's Tradehouse' (dist=5.9m)
[INFO] [streaming] Portal candidate: 'Seyda Neen, Arrille's Tradehouse' (dist=5.9m)
[INFO] [streaming] Portal candidate: 'Seyda Neen, Arrille's Tradehouse' (dist=5.9m)
[INFO] [streaming] Portal candidate: 'Seyda Neen, Arrille's Tradehouse' (dist=5.9m)
[INFO] [streaming] Portal candidate: 'Seyda Neen, Arrille's Tradehouse' (dist=5.9m)
[INFO] [streaming] Portal candidate: 'Seyda Neen, Arrille's Tradehouse' (dist=5.9m)
[INFO] [streaming] Portal candidate: 'Seyda Neen, Arrille's Tradehouse' (dist=5.9m)
[INFO] [streaming] Portal candidate: 'Seyda Neen, Arrille's Tradehouse' (dist=5.9m)
[INFO] [streaming] Portal candidate: 'Seyda Neen, Arrille's Tradehouse' (dist=5.9m)
[INFO] [streaming] Portal candidate: 'Seyda Neen, Arrille's Tradehouse' (dist=5.9m)
[INFO] [streaming] Portal candidate: 'Seyda Neen, Arrille's Tradehouse' (dist=5.9m)
[INFO] [streaming] Portal candidate: 'Seyda Neen, Arrille's Tradehouse' (dist=5.9m)
[INFO] [streaming] Portal candidate: 'Seyda Neen, Arrille's Tradehouse' (dist=5.9m)
[INFO] [streaming] Portal candidate: 'Seyda Neen, Arrille's Tradehouse' (dist=5.9m)
[INFO] [streaming] Portal candidate: 'Seyda Neen, Arrille's Tradehouse' (dist=5.9m)
[INFO] [streaming] Portal candidate: 'Seyda Neen, Arrille's Tradehouse' (dist=5.9m)
[INFO] [streaming] Portal candidate: 'Seyda Neen, Arrille's Tradehouse' (dist=5.9m)
[INFO] [streaming] Portal candidate: 'Seyda Neen, Arrille's Tradehouse' (dist=5.9m)
[INFO] [streaming] Portal candidate: 'Seyda Neen, Arrille's Tradehouse' (dist=5.9m)
[INFO] [streaming] Portal candidate: 'Seyda Neen, Arrille's Tradehouse' (dist=5.9m)
[INFO] [streaming] Portal candidate: 'Seyda Neen, Arrille's Tradehouse' (dist=5.9m)
[INFO] [streaming] Portal candidate: 'Seyda Neen, Arrille's Tradehouse' (dist=5.9m)
[INFO] [streaming] Portal candidate: 'Seyda Neen, Arrille's Tradehouse' (dist=5.9m)
[INFO] [streaming] Portal candidate: 'Seyda Neen, Arrille's Tradehouse' (dist=5.9m)
[INFO] [streaming] Portal candidate: 'Seyda Neen, Arrille's Tradehouse' (dist=5.9m)
[INFO] [streaming] Portal candidate: 'Seyda Neen, Arrille's Tradehouse' (dist=5.9m)
[INFO] [streaming] Portal candidate: 'Seyda Neen, Arrille's Tradehouse' (dist=5.9m)
[INFO] [streaming] Portal candidate: 'Seyda Neen, Arrille's Tradehouse' (dist=5.9m)
[INFO] [streaming] Portal candidate: 'Seyda Neen, Arrille's Tradehouse' (dist=5.9m)
[INFO] [streaming] Portal candidate: 'Seyda Neen, Arrille's Tradehouse' (dist=5.9m)
[INFO] [streaming] Portal candidate: 'Seyda Neen, Arrille's Tradehouse' (dist=5.9m)
[INFO] [streaming] Portal candidate: 'Seyda Neen, Arrille's Tradehouse' (dist=5.9m)
[INFO] [streaming] Portal candidate: 'Seyda Neen, Arrille's Tradehouse' (dist=5.9m)
[INFO] [streaming] Portal candidate: 'Seyda Neen, Arrille's Tradehouse' (dist=5.9m)
[INFO] [streaming] Portal candidate: 'Seyda Neen, Arrille's Tradehouse' (dist=5.9m)
[INFO] [streaming] Portal candidate: 'Seyda Neen, Arrille's Tradehouse' (dist=5.9m)
[INFO] [streaming] Portal candidate: 'Seyda Neen, Arrille's Tradehouse' (dist=5.9m)
[INFO] [streaming] Portal candidate: 'Seyda Neen, Arrille's Tradehouse' (dist=5.9m)
[INFO] [streaming] Portal candidate: 'Seyda Neen, Arrille's Tradehouse' (dist=5.9m)
[INFO] [streaming] Portal candidate: 'Seyda Neen, Arrille's Tradehouse' (dist=5.9m)
[INFO] [streaming] Portal candidate: 'Seyda Neen, Arrille's Tradehouse' (dist=5.9m)
[INFO] [streaming] Portal candidate: 'Seyda Neen, Arrille's Tradehouse' (dist=5.9m)
[INFO] [streaming] Portal candidate: 'Seyda Neen, Arrille's Tradehouse' (dist=5.9m)
[INFO] [streaming] Portal candidate: 'Seyda Neen, Arrille's Tradehouse' (dist=5.9m)
[INFO] [streaming] Portal candidate: 'Seyda Neen, Arrille's Tradehouse' (dist=5.9m)
[INFO] [streaming] Portal candidate: 'Seyda Neen, Arrille's Tradehouse' (dist=5.9m)
[INFO] [streaming] Portal candidate: 'Seyda Neen, Arrille's Tradehouse' (dist=5.9m)
[INFO] [streaming] Portal candidate: 'Seyda Neen, Arrille's Tradehouse' (dist=5.9m)
[INFO] [streaming] Portal candidate: 'Seyda Neen, Arrille's Tradehouse' (dist=5.9m)
[INFO] [streaming] Portal candidate: 'Seyda Neen, Arrille's Tradehouse' (dist=5.9m)
[INFO] [streaming] Portal candidate: 'Seyda Neen, Arrille's Tradehouse' (dist=5.9m)
[INFO] [streaming] heartbeat sec=229 frame=3832 fps=48.2 proc=24.4ms phys=0.2ms draws=7124 objs=8799 prims=3248k loaded=117 loading=4 reg_batches=535 reg_slots=14378
[INFO] [streaming] Portal candidate: 'Seyda Neen, Arrille's Tradehouse' (dist=5.9m)
[INFO] [streaming] Portal candidate: 'Seyda Neen, Arrille's Tradehouse' (dist=5.9m)
[INFO] [streaming] Portal candidate: 'Seyda Neen, Arrille's Tradehouse' (dist=5.9m)
[INFO] [streaming] Portal candidate: 'Seyda Neen, Arrille's Tradehouse' (dist=5.9m)
[INFO] [streaming] Portal candidate: 'Seyda Neen, Arrille's Tradehouse' (dist=5.9m)
[INFO] [streaming] Portal candidate: 'Seyda Neen, Arrille's Tradehouse' (dist=5.9m)
[INFO] [streaming] Portal candidate: 'Seyda Neen, Arrille's Tradehouse' (dist=5.9m)
[INFO] [streaming] Portal candidate: 'Seyda Neen, Arrille's Tradehouse' (dist=5.9m)
[INFO] [streaming] Portal candidate: 'Seyda Neen, Arrille's Tradehouse' (dist=5.9m)
[INFO] [streaming] Portal candidate: 'Seyda Neen, Arrille's Tradehouse' (dist=5.9m)
[INFO] [streaming] Portal candidate: 'Seyda Neen, Arrille's Tradehouse' (dist=5.9m)
[INFO] [streaming] Portal candidate: 'Seyda Neen, Arrille's Tradehouse' (dist=5.9m)
[INFO] [streaming] Portal candidate: 'Seyda Neen, Arrille's Tradehouse' (dist=5.9m)
[INFO] [streaming] Portal candidate: 'Seyda Neen, Arrille's Tradehouse' (dist=5.9m)
[INFO] [streaming] Portal candidate: 'Seyda Neen, Arrille's Tradehouse' (dist=5.9m)
[INFO] [streaming] Portal candidate: 'Seyda Neen, Arrille's Tradehouse' (dist=5.9m)
[INFO] [streaming] Portal candidate: 'Seyda Neen, Arrille's Tradehouse' (dist=5.9m)
[INFO] [streaming] Portal candidate: 'Seyda Neen, Arrille's Tradehouse' (dist=5.9m)
[INFO] [streaming] Portal candidate: 'Seyda Neen, Arrille's Tradehouse' (dist=5.9m)
[INFO] [streaming] Portal candidate: 'Seyda Neen, Arrille's Tradehouse' (dist=5.9m)
[INFO] [streaming] Portal candidate: 'Seyda Neen, Arrille's Tradehouse' (dist=5.9m)
[INFO] [streaming] Portal candidate: 'Seyda Neen, Arrille's Tradehouse' (dist=5.9m)
[INFO] [streaming] Portal candidate: 'Seyda Neen, Arrille's Tradehouse' (dist=5.9m)
[INFO] [streaming] Portal candidate: 'Seyda Neen, Arrille's Tradehouse' (dist=5.9m)
[INFO] [streaming] Portal candidate: 'Seyda Neen, Arrille's Tradehouse' (dist=5.9m)
[INFO] [streaming] Portal candidate: 'Seyda Neen, Arrille's Tradehouse' (dist=5.9m)
[INFO] [streaming] Portal candidate: 'Seyda Neen, Arrille's Tradehouse' (dist=5.9m)
[INFO] [streaming] Portal candidate: 'Seyda Neen, Arrille's Tradehouse' (dist=5.9m)
[INFO] [streaming] Portal candidate: 'Seyda Neen, Arrille's Tradehouse' (dist=5.9m)
[INFO] [streaming] Portal candidate: 'Seyda Neen, Arrille's Tradehouse' (dist=5.9m)
[INFO] [streaming] Portal candidate: 'Seyda Neen, Arrille's Tradehouse' (dist=5.9m)
[INFO] [streaming] Portal candidate: 'Seyda Neen, Arrille's Tradehouse' (dist=5.9m)
[INFO] [streaming] Portal candidate: 'Seyda Neen, Arrille's Tradehouse' (dist=5.9m)
[INFO] [streaming] Portal candidate: 'Seyda Neen, Arrille's Tradehouse' (dist=5.9m)
[INFO] [streaming] Portal candidate: 'Seyda Neen, Arrille's Tradehouse' (dist=5.9m)
[INFO] [streaming] Portal candidate: 'Seyda Neen, Arrille's Tradehouse' (dist=5.9m)
[INFO] [streaming] Portal candidate: 'Seyda Neen, Arrille's Tradehouse' (dist=5.9m)
[INFO] [streaming] Portal candidate: 'Seyda Neen, Arrille's Tradehouse' (dist=5.9m)
[INFO] [streaming] Portal candidate: 'Seyda Neen, Arrille's Tradehouse' (dist=5.9m)
[INFO] [streaming] Portal candidate: 'Seyda Neen, Arrille's Tradehouse' (dist=5.9m)
[INFO] [streaming] Portal candidate: 'Seyda Neen, Arrille's Tradehouse' (dist=5.9m)
[INFO] [streaming] Portal candidate: 'Seyda Neen, Arrille's Tradehouse' (dist=5.9m)
[INFO] [streaming] Portal candidate: 'Seyda Neen, Arrille's Tradehouse' (dist=5.9m)
[INFO] [streaming] Portal candidate: 'Seyda Neen, Arrille's Tradehouse' (dist=5.9m)
[INFO] [streaming] Portal candidate: 'Seyda Neen, Arrille's Tradehouse' (dist=5.9m)
[INFO] [streaming] Portal candidate: 'Seyda Neen, Arrille's Tradehouse' (dist=5.9m)
[INFO] [streaming] Portal candidate: 'Seyda Neen, Arrille's Tradehouse' (dist=5.9m)
[INFO] [streaming] Portal candidate: 'Seyda Neen, Arrille's Tradehouse' (dist=5.9m)
[INFO] [streaming] Portal candidate: 'Seyda Neen, Arrille's Tradehouse' (dist=5.9m)
[INFO] [streaming] Portal candidate: 'Seyda Neen, Arrille's Tradehouse' (dist=5.9m)
[INFO] [streaming] Portal candidate: 'Seyda Neen, Arrille's Tradehouse' (dist=5.9m)
[INFO] [streaming] Portal candidate: 'Seyda Neen, Arrille's Tradehouse' (dist=5.9m)
[INFO] [streaming] Portal candidate: 'Seyda Neen, Arrille's Tradehouse' (dist=5.9m)
[INFO] [streaming] Portal candidate: 'Seyda Neen, Arrille's Tradehouse' (dist=5.9m)
[INFO] [streaming] Portal candidate: 'Seyda Neen, Arrille's Tradehouse' (dist=5.9m)
[INFO] [streaming] Portal candidate: 'Seyda Neen, Arrille's Tradehouse' (dist=5.9m)
[INFO] [streaming] Portal candidate: 'Seyda Neen, Arrille's Tradehouse' (dist=5.9m)
[INFO] [streaming] Portal candidate: 'Seyda Neen, Arrille's Tradehouse' (dist=5.9m)
[INFO] [streaming] Portal candidate: 'Seyda Neen, Arrille's Tradehouse' (dist=5.9m)
[INFO] [streaming] Portal candidate: 'Seyda Neen, Arrille's Tradehouse' (dist=5.9m)
[INFO] [streaming] Portal candidate: 'Seyda Neen, Arrille's Tradehouse' (dist=5.9m)
[INFO] [streaming] Portal candidate: 'Seyda Neen, Arrille's Tradehouse' (dist=5.9m)
[INFO] [streaming] Portal candidate: 'Seyda Neen, Arrille's Tradehouse' (dist=5.9m)
[INFO] [streaming] Portal candidate: 'Seyda Neen, Arrille's Tradehouse' (dist=5.9m)
[INFO] [streaming] Portal candidate: 'Seyda Neen, Arrille's Tradehouse' (dist=5.9m)
[INFO] [streaming] Portal candidate: 'Seyda Neen, Arrille's Tradehouse' (dist=5.9m)
[INFO] [streaming] Portal candidate: 'Seyda Neen, Arrille's Tradehouse' (dist=5.9m)
[INFO] [streaming] Portal candidate: 'Seyda Neen, Arrille's Tradehouse' (dist=5.9m)
[INFO] [streaming] Portal candidate: 'Seyda Neen, Arrille's Tradehouse' (dist=5.9m)
[INFO] [streaming] Portal candidate: 'Seyda Neen, Arrille's Tradehouse' (dist=5.9m)
[INFO] [streaming] Portal candidate: 'Seyda Neen, Arrille's Tradehouse' (dist=5.9m)
[INFO] [streaming] Portal candidate: 'Seyda Neen, Arrille's Tradehouse' (dist=5.9m)
[INFO] [streaming] Portal candidate: 'Seyda Neen, Arrille's Tradehouse' (dist=5.9m)
[INFO] [streaming] Portal candidate: 'Seyda Neen, Arrille's Tradehouse' (dist=5.9m)
[INFO] [streaming] Portal candidate: 'Seyda Neen, Arrille's Tradehouse' (dist=5.9m)
[INFO] [streaming] Portal candidate: 'Seyda Neen, Arrille's Tradehouse' (dist=5.9m)
[INFO] [streaming] Portal candidate: 'Seyda Neen, Arrille's Tradehouse' (dist=5.9m)
[INFO] [streaming] Portal candidate: 'Seyda Neen, Arrille's Tradehouse' (dist=5.9m)
[INFO] [streaming] Portal candidate: 'Seyda Neen, Arrille's Tradehouse' (dist=5.9m)
[INFO] [streaming] Portal candidate: 'Seyda Neen, Arrille's Tradehouse' (dist=5.9m)
[INFO] [streaming] Portal candidate: 'Seyda Neen, Arrille's Tradehouse' (dist=5.9m)
[INFO] [streaming] Portal candidate: 'Seyda Neen, Arrille's Tradehouse' (dist=5.9m)
[INFO] [streaming] Portal candidate: 'Seyda Neen, Arrille's Tradehouse' (dist=5.9m)
[INFO] [streaming] Portal candidate: 'Seyda Neen, Arrille's Tradehouse' (dist=5.9m)
[INFO] [streaming] Portal candidate: 'Seyda Neen, Arrille's Tradehouse' (dist=5.9m)
[INFO] [streaming] Portal candidate: 'Seyda Neen, Arrille's Tradehouse' (dist=5.9m)
[INFO] [streaming] Portal candidate: 'Seyda Neen, Arrille's Tradehouse' (dist=5.9m)
[INFO] [streaming] Portal candidate: 'Seyda Neen, Arrille's Tradehouse' (dist=5.9m)
[INFO] [streaming] Portal candidate: 'Seyda Neen, Arrille's Tradehouse' (dist=5.9m)
[INFO] [streaming] Portal candidate: 'Seyda Neen, Arrille's Tradehouse' (dist=5.9m)
[INFO] [streaming] Portal candidate: 'Seyda Neen, Arrille's Tradehouse' (dist=5.9m)
[INFO] [streaming] Portal candidate: 'Seyda Neen, Arrille's Tradehouse' (dist=5.9m)
[INFO] [streaming] Portal candidate: 'Seyda Neen, Arrille's Tradehouse' (dist=5.9m)
[INFO] [streaming] Portal candidate: 'Seyda Neen, Arrille's Tradehouse' (dist=5.9m)
[INFO] [streaming] Portal candidate: 'Seyda Neen, Arrille's Tradehouse' (dist=5.9m)
[INFO] [streaming] Portal candidate: 'Seyda Neen, Arrille's Tradehouse' (dist=5.9m)
[INFO] [streaming] Portal candidate: 'Seyda Neen, Arrille's Tradehouse' (dist=5.9m)
[INFO] [streaming] Portal candidate: 'Seyda Neen, Arrille's Tradehouse' (dist=5.9m)
[INFO] [streaming] Portal candidate: 'Seyda Neen, Arrille's Tradehouse' (dist=5.9m)
[INFO] [streaming] Portal candidate: 'Seyda Neen, Arrille's Tradehouse' (dist=5.9m)
[INFO] [streaming] Portal candidate: 'Seyda Neen, Arrille's Tradehouse' (dist=5.9m)
[INFO] [streaming] Portal candidate: 'Seyda Neen, Arrille's Tradehouse' (dist=5.9m)
[INFO] [streaming] Portal candidate: 'Seyda Neen, Arrille's Tradehouse' (dist=5.9m)
[INFO] [streaming] Portal candidate: 'Seyda Neen, Arrille's Tradehouse' (dist=5.9m)
[INFO] [streaming] Portal candidate: 'Seyda Neen, Arrille's Tradehouse' (dist=5.9m)
[INFO] [streaming] Portal candidate: 'Seyda Neen, Arrille's Tradehouse' (dist=5.9m)
[INFO] [streaming] Portal candidate: 'Seyda Neen, Arrille's Tradehouse' (dist=5.9m)
[INFO] [streaming] Portal candidate: 'Seyda Neen, Arrille's Tradehouse' (dist=5.9m)
[INFO] [streaming] Portal candidate: 'Seyda Neen, Arrille's Tradehouse' (dist=5.9m)
[INFO] [streaming] Portal candidate: 'Seyda Neen, Arrille's Tradehouse' (dist=5.9m)
[INFO] [streaming] Portal candidate: 'Seyda Neen, Arrille's Tradehouse' (dist=5.9m)
[INFO] [streaming] Portal candidate: 'Seyda Neen, Arrille's Tradehouse' (dist=5.9m)
[INFO] [streaming] Portal candidate: 'Seyda Neen, Arrille's Tradehouse' (dist=5.9m)
[INFO] [streaming] Portal candidate: 'Seyda Neen, Arrille's Tradehouse' (dist=5.9m)
[INFO] [streaming] Portal candidate: 'Seyda Neen, Arrille's Tradehouse' (dist=5.9m)
[INFO] [streaming] Portal candidate: 'Seyda Neen, Arrille's Tradehouse' (dist=5.9m)
[INFO] [streaming] Portal candidate: 'Seyda Neen, Arrille's Tradehouse' (dist=5.9m)
[INFO] [impostors] Benchmark: 51208 impostors, 256 tex layers, 0 pending cells, mm_instances=51208
[INFO] [streaming] Portal candidate: 'Seyda Neen, Arrille's Tradehouse' (dist=5.9m)
[INFO] [streaming] Portal candidate: 'Seyda Neen, Arrille's Tradehouse' (dist=5.9m)
[INFO] [streaming] Portal candidate: 'Seyda Neen, Arrille's Tradehouse' (dist=5.9m)
[INFO] [streaming] Portal candidate: 'Seyda Neen, Arrille's Tradehouse' (dist=5.9m)
[INFO] [streaming] Portal candidate: 'Seyda Neen, Arrille's Tradehouse' (dist=5.9m)
[INFO] [streaming] Portal candidate: 'Seyda Neen, Arrille's Tradehouse' (dist=5.9m)
[INFO] [streaming] Portal candidate: 'Seyda Neen, Arrille's Tradehouse' (dist=5.9m)
[INFO] [streaming] Portal candidate: 'Seyda Neen, Arrille's Tradehouse' (dist=5.9m)
[INFO] [streaming] Portal candidate: 'Seyda Neen, Arrille's Tradehouse' (dist=5.9m)
[INFO] [streaming] Portal candidate: 'Seyda Neen, Arrille's Tradehouse' (dist=5.9m)
[INFO] [streaming] Portal candidate: 'Seyda Neen, Arrille's Tradehouse' (dist=5.9m)
[INFO] [streaming] Portal candidate: 'Seyda Neen, Arrille's Tradehouse' (dist=5.9m)
[INFO] [streaming] Portal candidate: 'Seyda Neen, Arrille's Tradehouse' (dist=5.9m)
[INFO] [streaming] Portal candidate: 'Seyda Neen, Arrille's Tradehouse' (dist=5.9m)
[INFO] [streaming] Portal candidate: 'Seyda Neen, Arrille's Tradehouse' (dist=5.9m)
[INFO] [streaming] Portal candidate: 'Seyda Neen, Arrille's Tradehouse' (dist=5.9m)
[INFO] [streaming] Portal candidate: 'Seyda Neen, Arrille's Tradehouse' (dist=5.9m)
[INFO] [streaming] Portal candidate: 'Seyda Neen, Arrille's Tradehouse' (dist=5.9m)
[INFO] [streaming] Portal candidate: 'Seyda Neen, Arrille's Tradehouse' (dist=5.9m)
[INFO] [streaming] Portal candidate: 'Seyda Neen, Arrille's Tradehouse' (dist=5.9m)
[INFO] [streaming] Portal candidate: 'Seyda Neen, Arrille's Tradehouse' (dist=5.9m)
[INFO] [streaming] Portal candidate: 'Seyda Neen, Arrille's Tradehouse' (dist=5.9m)
[INFO] [streaming] Portal candidate: 'Seyda Neen, Arrille's Tradehouse' (dist=5.9m)
[INFO] [streaming] Portal candidate: 'Seyda Neen, Arrille's Tradehouse' (dist=5.9m)
[INFO] [streaming] Portal candidate: 'Seyda Neen, Arrille's Tradehouse' (dist=5.9m)
[INFO] [streaming] Portal candidate: 'Seyda Neen, Arrille's Tradehouse' (dist=5.9m)
[INFO] [streaming] Portal candidate: 'Seyda Neen, Arrille's Tradehouse' (dist=5.9m)
[INFO] [streaming] Portal candidate: 'Seyda Neen, Arrille's Tradehouse' (dist=5.9m)
[INFO] [streaming] Portal candidate: 'Seyda Neen, Arrille's Tradehouse' (dist=5.9m)
[INFO] [streaming] Portal candidate: 'Seyda Neen, Arrille's Tradehouse' (dist=5.9m)
[INFO] [streaming] Portal candidate: 'Seyda Neen, Arrille's Tradehouse' (dist=5.9m)
[INFO] [streaming] Portal candidate: 'Seyda Neen, Arrille's Tradehouse' (dist=5.9m)
[INFO] [streaming] Portal candidate: 'Seyda Neen, Arrille's Tradehouse' (dist=5.9m)
[INFO] [streaming] Portal candidate: 'Seyda Neen, Arrille's Tradehouse' (dist=5.9m)
[INFO] [streaming] Portal candidate: 'Seyda Neen, Arrille's Tradehouse' (dist=5.9m)
[INFO] [streaming] Portal candidate: 'Seyda Neen, Arrille's Tradehouse' (dist=5.9m)
[INFO] [streaming] Portal candidate: 'Seyda Neen, Arrille's Tradehouse' (dist=5.9m)
[INFO] [streaming] Portal candidate: 'Seyda Neen, Arrille's Tradehouse' (dist=5.9m)
[INFO] [streaming] Portal candidate: 'Seyda Neen, Arrille's Tradehouse' (dist=5.9m)
[INFO] [streaming] Portal candidate: 'Seyda Neen, Arrille's Tradehouse' (dist=5.9m)
[INFO] [streaming] Portal candidate: 'Seyda Neen, Arrille's Tradehouse' (dist=5.9m)
[INFO] [streaming] Portal candidate: 'Seyda Neen, Arrille's Tradehouse' (dist=5.9m)
[INFO] [streaming] Portal candidate: 'Seyda Neen, Arrille's Tradehouse' (dist=5.9m)
[INFO] [streaming] Portal candidate: 'Seyda Neen, Arrille's Tradehouse' (dist=5.9m)
[INFO] [streaming] Portal candidate: 'Seyda Neen, Arrille's Tradehouse' (dist=5.9m)
[INFO] [streaming] Portal candidate: 'Seyda Neen, Arrille's Tradehouse' (dist=5.9m)
[INFO] [streaming] Portal candidate: 'Seyda Neen, Arrille's Tradehouse' (dist=5.9m)
[INFO] [streaming] Portal candidate: 'Seyda Neen, Arrille's Tradehouse' (dist=5.9m)
[INFO] [streaming] Portal candidate: 'Seyda Neen, Arrille's Tradehouse' (dist=5.9m)
[INFO] [streaming] Portal candidate: 'Seyda Neen, Arrille's Tradehouse' (dist=5.9m)
[INFO] [streaming] Portal candidate: 'Seyda Neen, Arrille's Tradehouse' (dist=5.9m)
[INFO] [streaming] Portal candidate: 'Seyda Neen, Arrille's Tradehouse' (dist=5.9m)
[INFO] [streaming] Portal candidate: 'Seyda Neen, Arrille's Tradehouse' (dist=5.9m)
[INFO] [streaming] Portal candidate: 'Seyda Neen, Arrille's Tradehouse' (dist=5.9m)
[INFO] [streaming] Portal candidate: 'Seyda Neen, Arrille's Tradehouse' (dist=5.9m)
[INFO] [streaming] Portal candidate: 'Seyda Neen, Arrille's Tradehouse' (dist=5.9m)
[INFO] [streaming] Portal candidate: 'Seyda Neen, Arrille's Tradehouse' (dist=5.9m)
[INFO] [streaming] Portal candidate: 'Seyda Neen, Arrille's Tradehouse' (dist=5.9m)
[INFO] [streaming] Portal candidate: 'Seyda Neen, Arrille's Tradehouse' (dist=5.9m)
[INFO] [streaming] Portal candidate: 'Seyda Neen, Arrille's Tradehouse' (dist=5.9m)
[INFO] [streaming] Portal candidate: 'Seyda Neen, Arrille's Tradehouse' (dist=5.9m)
[INFO] [streaming] Portal candidate: 'Seyda Neen, Arrille's Tradehouse' (dist=5.9m)
[INFO] [streaming] Portal candidate: 'Seyda Neen, Arrille's Tradehouse' (dist=5.9m)
[INFO] [streaming] Portal candidate: 'Seyda Neen, Arrille's Tradehouse' (dist=5.9m)
[INFO] [streaming] Portal candidate: 'Seyda Neen, Arrille's Tradehouse' (dist=5.9m)
[INFO] [streaming] Portal candidate: 'Seyda Neen, Arrille's Tradehouse' (dist=5.9m)
[INFO] [streaming] Portal candidate: 'Seyda Neen, Arrille's Tradehouse' (dist=5.9m)
[INFO] [streaming] Portal candidate: 'Seyda Neen, Arrille's Tradehouse' (dist=5.9m)
[INFO] [streaming] Portal candidate: 'Seyda Neen, Arrille's Tradehouse' (dist=5.9m)
[INFO] [streaming] Portal candidate: 'Seyda Neen, Arrille's Tradehouse' (dist=5.9m)
[INFO] [streaming] Portal candidate: 'Seyda Neen, Arrille's Tradehouse' (dist=5.9m)
[INFO] [streaming] Portal candidate: 'Seyda Neen, Arrille's Tradehouse' (dist=5.9m)
[INFO] [streaming] Portal candidate: 'Seyda Neen, Arrille's Tradehouse' (dist=5.9m)
[INFO] [streaming] Portal candidate: 'Seyda Neen, Arrille's Tradehouse' (dist=5.9m)
[INFO] [streaming] Portal candidate: 'Seyda Neen, Arrille's Tradehouse' (dist=5.9m)
[INFO] [streaming] Portal candidate: 'Seyda Neen, Arrille's Tradehouse' (dist=5.9m)
[INFO] [streaming] Portal candidate: 'Seyda Neen, Arrille's Tradehouse' (dist=5.9m)
[INFO] [streaming] Portal candidate: 'Seyda Neen, Arrille's Tradehouse' (dist=5.9m)
[INFO] [streaming] Portal candidate: 'Seyda Neen, Arrille's Tradehouse' (dist=5.9m)
[INFO] [streaming] Portal candidate: 'Seyda Neen, Arrille's Tradehouse' (dist=5.9m)
[INFO] [streaming] Portal candidate: 'Seyda Neen, Arrille's Tradehouse' (dist=5.9m)
[INFO] [streaming] Portal candidate: 'Seyda Neen, Arrille's Tradehouse' (dist=5.9m)
[INFO] [streaming] Portal candidate: 'Seyda Neen, Arrille's Tradehouse' (dist=5.9m)
[INFO] [streaming] Portal candidate: 'Seyda Neen, Arrille's Tradehouse' (dist=5.9m)
[INFO] [streaming] Portal candidate: 'Seyda Neen, Arrille's Tradehouse' (dist=5.9m)
[INFO] [streaming] Portal candidate: 'Seyda Neen, Arrille's Tradehouse' (dist=5.9m)
[INFO] [streaming] Portal candidate: 'Seyda Neen, Arrille's Tradehouse' (dist=5.9m)
[INFO] [streaming] Portal candidate: 'Seyda Neen, Arrille's Tradehouse' (dist=5.9m)
[INFO] [streaming] Portal candidate: 'Seyda Neen, Arrille's Tradehouse' (dist=5.9m)
[INFO] [streaming] Portal candidate: 'Seyda Neen, Arrille's Tradehouse' (dist=5.9m)
[INFO] [streaming] Portal candidate: 'Seyda Neen, Arrille's Tradehouse' (dist=5.9m)
[INFO] [streaming] Portal candidate: 'Seyda Neen, Arrille's Tradehouse' (dist=5.9m)
[INFO] [streaming] Portal candidate: 'Seyda Neen, Arrille's Tradehouse' (dist=5.9m)
[INFO] [streaming] Portal candidate: 'Seyda Neen, Arrille's Tradehouse' (dist=5.9m)
[INFO] [streaming] Portal candidate: 'Seyda Neen, Arrille's Tradehouse' (dist=5.9m)
[INFO] [streaming] Portal candidate: 'Seyda Neen, Arrille's Tradehouse' (dist=5.9m)
[INFO] [streaming] Portal candidate: 'Seyda Neen, Arrille's Tradehouse' (dist=5.9m)
[INFO] [streaming] Portal candidate: 'Seyda Neen, Arrille's Tradehouse' (dist=5.9m)
[INFO] [streaming] Portal candidate: 'Seyda Neen, Arrille's Tradehouse' (dist=5.9m)
[INFO] [streaming] Portal candidate: 'Seyda Neen, Arrille's Tradehouse' (dist=5.9m)
[INFO] [streaming] Portal candidate: 'Seyda Neen, Arrille's Tradehouse' (dist=5.9m)
[INFO] [streaming] Portal candidate: 'Seyda Neen, Arrille's Tradehouse' (dist=5.9m)
[INFO] [streaming] Portal candidate: 'Seyda Neen, Arrille's Tradehouse' (dist=5.9m)
[INFO] [streaming] Portal candidate: 'Seyda Neen, Arrille's Tradehouse' (dist=5.9m)
[INFO] [streaming] Portal candidate: 'Seyda Neen, Arrille's Tradehouse' (dist=5.9m)
[INFO] [streaming] Portal candidate: 'Seyda Neen, Arrille's Tradehouse' (dist=5.9m)
[INFO] [streaming] Portal candidate: 'Seyda Neen, Arrille's Tradehouse' (dist=5.9m)
[INFO] [streaming] Portal candidate: 'Seyda Neen, Arrille's Tradehouse' (dist=5.9m)
[INFO] [streaming] Portal candidate: 'Seyda Neen, Arrille's Tradehouse' (dist=5.9m)
[INFO] [streaming] Portal candidate: 'Seyda Neen, Arrille's Tradehouse' (dist=5.9m)
[INFO] [streaming] Portal candidate: 'Seyda Neen, Arrille's Tradehouse' (dist=5.9m)
[INFO] [streaming] Portal candidate: 'Seyda Neen, Arrille's Tradehouse' (dist=5.9m)
[INFO] [streaming] Portal candidate: 'Seyda Neen, Arrille's Tradehouse' (dist=5.9m)
[INFO] [streaming] Portal candidate: 'Seyda Neen, Arrille's Tradehouse' (dist=5.9m)
[INFO] [streaming] Portal candidate: 'Seyda Neen, Arrille's Tradehouse' (dist=5.9m)
[INFO] [streaming] Portal candidate: 'Seyda Neen, Arrille's Tradehouse' (dist=5.9m)
[INFO] [streaming] Portal candidate: 'Seyda Neen, Arrille's Tradehouse' (dist=5.9m)
[INFO] [streaming] Portal candidate: 'Seyda Neen, Arrille's Tradehouse' (dist=5.9m)
[INFO] [streaming] Portal candidate: 'Seyda Neen, Arrille's Tradehouse' (dist=5.9m)
[INFO] [streaming] Portal candidate: 'Seyda Neen, Arrille's Tradehouse' (dist=5.9m)
[INFO] [streaming] Portal candidate: 'Seyda Neen, Arrille's Tradehouse' (dist=5.9m)
[INFO] [streaming] Portal candidate: 'Seyda Neen, Arrille's Tradehouse' (dist=5.9m)
[INFO] [streaming] Portal candidate: 'Seyda Neen, Arrille's Tradehouse' (dist=5.9m)
[INFO] [streaming] Portal candidate: 'Seyda Neen, Arrille's Tradehouse' (dist=5.9m)
[INFO] [streaming] Portal candidate: 'Seyda Neen, Arrille's Tradehouse' (dist=5.9m)
[INFO] [streaming] Portal candidate: 'Seyda Neen, Arrille's Tradehouse' (dist=5.9m)
[INFO] [streaming] heartbeat sec=234 frame=4075 fps=48.6 proc=25.3ms phys=0.4ms draws=7124 objs=8799 prims=3248k loaded=117 loading=4 reg_batches=535 reg_slots=14378
[INFO] [streaming] Portal candidate: 'Seyda Neen, Arrille's Tradehouse' (dist=5.9m)
[INFO] [streaming] Portal candidate: 'Seyda Neen, Arrille's Tradehouse' (dist=5.9m)
[INFO] [streaming] Portal candidate: 'Seyda Neen, Arrille's Tradehouse' (dist=5.9m)
[INFO] [streaming] Portal candidate: 'Seyda Neen, Arrille's Tradehouse' (dist=5.9m)
[INFO] [streaming] Portal candidate: 'Seyda Neen, Arrille's Tradehouse' (dist=5.9m)
[INFO] [streaming] Portal candidate: 'Seyda Neen, Arrille's Tradehouse' (dist=5.9m)
[INFO] [streaming] Portal candidate: 'Seyda Neen, Arrille's Tradehouse' (dist=5.9m)
[INFO] [streaming] Portal candidate: 'Seyda Neen, Arrille's Tradehouse' (dist=5.9m)
[INFO] [streaming] Portal candidate: 'Seyda Neen, Arrille's Tradehouse' (dist=5.9m)
[INFO] [streaming] Portal candidate: 'Seyda Neen, Arrille's Tradehouse' (dist=5.9m)
[INFO] [streaming] Portal candidate: 'Seyda Neen, Arrille's Tradehouse' (dist=5.9m)
[INFO] [streaming] Portal candidate: 'Seyda Neen, Arrille's Tradehouse' (dist=5.9m)
[INFO] [streaming] Portal candidate: 'Seyda Neen, Arrille's Tradehouse' (dist=5.9m)
[INFO] [streaming] Portal candidate: 'Seyda Neen, Arrille's Tradehouse' (dist=5.9m)
[INFO] [streaming] Portal candidate: 'Seyda Neen, Arrille's Tradehouse' (dist=5.9m)
[INFO] [streaming] Portal candidate: 'Seyda Neen, Arrille's Tradehouse' (dist=5.9m)
[INFO] [streaming] Portal candidate: 'Seyda Neen, Arrille's Tradehouse' (dist=5.9m)
[INFO] [streaming] Portal candidate: 'Seyda Neen, Arrille's Tradehouse' (dist=5.9m)
[INFO] [streaming] Portal candidate: 'Seyda Neen, Arrille's Tradehouse' (dist=5.9m)
[INFO] [streaming] Portal candidate: 'Seyda Neen, Arrille's Tradehouse' (dist=5.9m)
[INFO] [streaming] Portal candidate: 'Seyda Neen, Arrille's Tradehouse' (dist=5.9m)
[INFO] [streaming] Portal candidate: 'Seyda Neen, Arrille's Tradehouse' (dist=5.9m)
[INFO] [streaming] Portal candidate: 'Seyda Neen, Arrille's Tradehouse' (dist=5.9m)
[INFO] [streaming] Portal candidate: 'Seyda Neen, Arrille's Tradehouse' (dist=5.9m)
[INFO] [streaming] Portal candidate: 'Seyda Neen, Arrille's Tradehouse' (dist=5.9m)
[INFO] [streaming] Portal candidate: 'Seyda Neen, Arrille's Tradehouse' (dist=5.9m)
[INFO] [streaming] Portal candidate: 'Seyda Neen, Arrille's Tradehouse' (dist=5.9m)
[INFO] [streaming] Portal candidate: 'Seyda Neen, Arrille's Tradehouse' (dist=5.9m)
[INFO] [streaming] Portal candidate: 'Seyda Neen, Arrille's Tradehouse' (dist=5.9m)
[INFO] [streaming] Portal candidate: 'Seyda Neen, Arrille's Tradehouse' (dist=5.9m)
[INFO] [streaming] Portal candidate: 'Seyda Neen, Arrille's Tradehouse' (dist=5.9m)
[INFO] [streaming] Portal candidate: 'Seyda Neen, Arrille's Tradehouse' (dist=5.9m)
[INFO] [streaming] Portal candidate: 'Seyda Neen, Arrille's Tradehouse' (dist=5.9m)
[INFO] [streaming] Portal candidate: 'Seyda Neen, Arrille's Tradehouse' (dist=5.9m)
[INFO] [streaming] Portal candidate: 'Seyda Neen, Arrille's Tradehouse' (dist=5.9m)
[INFO] [streaming] Portal candidate: 'Seyda Neen, Arrille's Tradehouse' (dist=5.9m)
[INFO] [streaming] Portal candidate: 'Seyda Neen, Arrille's Tradehouse' (dist=5.9m)
[INFO] [streaming] Portal candidate: 'Seyda Neen, Arrille's Tradehouse' (dist=5.9m)
[INFO] [streaming] Portal candidate: 'Seyda Neen, Arrille's Tradehouse' (dist=5.9m)
[INFO] [streaming] Portal candidate: 'Seyda Neen, Arrille's Tradehouse' (dist=5.9m)
[INFO] [streaming] Portal candidate: 'Seyda Neen, Arrille's Tradehouse' (dist=5.9m)
[INFO] [streaming] Portal candidate: 'Seyda Neen, Arrille's Tradehouse' (dist=5.9m)
[INFO] [streaming] Portal candidate: 'Seyda Neen, Arrille's Tradehouse' (dist=5.9m)
[INFO] [streaming] Portal candidate: 'Seyda Neen, Arrille's Tradehouse' (dist=5.9m)
[INFO] [streaming] Portal candidate: 'Seyda Neen, Arrille's Tradehouse' (dist=5.9m)
[INFO] [streaming] Portal candidate: 'Seyda Neen, Arrille's Tradehouse' (dist=5.9m)
[INFO] [streaming] Portal candidate: 'Seyda Neen, Arrille's Tradehouse' (dist=5.9m)
[INFO] [streaming] Portal candidate: 'Seyda Neen, Arrille's Tradehouse' (dist=5.9m)
[INFO] [streaming] Portal candidate: 'Seyda Neen, Arrille's Tradehouse' (dist=5.9m)
[INFO] [streaming] Portal candidate: 'Seyda Neen, Arrille's Tradehouse' (dist=5.9m)
[INFO] [streaming] Portal candidate: 'Seyda Neen, Arrille's Tradehouse' (dist=5.9m)
[INFO] [streaming] Portal candidate: 'Seyda Neen, Arrille's Tradehouse' (dist=5.9m)
[INFO] [streaming] Portal candidate: 'Seyda Neen, Arrille's Tradehouse' (dist=5.9m)
[INFO] [streaming] Portal candidate: 'Seyda Neen, Arrille's Tradehouse' (dist=5.9m)
[INFO] [streaming] Portal candidate: 'Seyda Neen, Arrille's Tradehouse' (dist=5.9m)
[INFO] [streaming] Portal candidate: 'Seyda Neen, Arrille's Tradehouse' (dist=5.9m)
[INFO] [streaming] Portal candidate: 'Seyda Neen, Arrille's Tradehouse' (dist=5.9m)
[INFO] [streaming] Portal candidate: 'Seyda Neen, Arrille's Tradehouse' (dist=5.9m)
[INFO] [streaming] Portal candidate: 'Seyda Neen, Arrille's Tradehouse' (dist=5.9m)
[INFO] [streaming] Portal candidate: 'Seyda Neen, Arrille's Tradehouse' (dist=5.9m)
[INFO] [streaming] Portal candidate: 'Seyda Neen, Arrille's Tradehouse' (dist=5.9m)
[INFO] [streaming] Portal candidate: 'Seyda Neen, Arrille's Tradehouse' (dist=5.9m)
[INFO] [streaming] Portal candidate: 'Seyda Neen, Arrille's Tradehouse' (dist=5.9m)
[INFO] [streaming] Portal candidate: 'Seyda Neen, Arrille's Tradehouse' (dist=5.9m)
[INFO] [streaming] Portal candidate: 'Seyda Neen, Arrille's Tradehouse' (dist=5.9m)
[INFO] [streaming] Portal candidate: 'Seyda Neen, Arrille's Tradehouse' (dist=5.9m)
[INFO] [streaming] Portal candidate: 'Seyda Neen, Arrille's Tradehouse' (dist=5.9m)
[INFO] [streaming] Portal candidate: 'Seyda Neen, Arrille's Tradehouse' (dist=5.9m)
[INFO] [streaming] Portal candidate: 'Seyda Neen, Arrille's Tradehouse' (dist=5.9m)
[INFO] [streaming] Portal candidate: 'Seyda Neen, Arrille's Tradehouse' (dist=5.9m)
[INFO] [streaming] Portal candidate: 'Seyda Neen, Arrille's Tradehouse' (dist=5.9m)
[INFO] [streaming] Portal candidate: 'Seyda Neen, Arrille's Tradehouse' (dist=5.9m)
[INFO] [streaming] Portal candidate: 'Seyda Neen, Arrille's Tradehouse' (dist=5.9m)
[INFO] [streaming] Portal candidate: 'Seyda Neen, Arrille's Tradehouse' (dist=5.9m)
[INFO] [streaming] Portal candidate: 'Seyda Neen, Arrille's Tradehouse' (dist=5.9m)
[INFO] [streaming] Portal candidate: 'Seyda Neen, Arrille's Tradehouse' (dist=5.9m)
[INFO] [streaming] Portal candidate: 'Seyda Neen, Arrille's Tradehouse' (dist=5.9m)
[INFO] [streaming] Portal candidate: 'Seyda Neen, Arrille's Tradehouse' (dist=5.9m)
[INFO] [streaming] Portal candidate: 'Seyda Neen, Arrille's Tradehouse' (dist=5.9m)
[INFO] [streaming] Portal candidate: 'Seyda Neen, Arrille's Tradehouse' (dist=5.9m)
[INFO] [streaming] Portal candidate: 'Seyda Neen, Arrille's Tradehouse' (dist=5.9m)
[INFO] [streaming] Portal candidate: 'Seyda Neen, Arrille's Tradehouse' (dist=5.9m)
[INFO] [streaming] Portal candidate: 'Seyda Neen, Arrille's Tradehouse' (dist=5.9m)
[INFO] [streaming] Portal candidate: 'Seyda Neen, Arrille's Tradehouse' (dist=5.9m)
[INFO] [streaming] Portal candidate: 'Seyda Neen, Arrille's Tradehouse' (dist=5.9m)
[INFO] [streaming] Portal candidate: 'Seyda Neen, Arrille's Tradehouse' (dist=5.9m)
[INFO] [streaming] Portal candidate: 'Seyda Neen, Arrille's Tradehouse' (dist=5.9m)
[INFO] [streaming] Portal candidate: 'Seyda Neen, Arrille's Tradehouse' (dist=5.9m)
[INFO] [streaming] Portal candidate: 'Seyda Neen, Arrille's Tradehouse' (dist=5.9m)
[INFO] [streaming] Portal candidate: 'Seyda Neen, Arrille's Tradehouse' (dist=5.9m)
[INFO] [streaming] Portal candidate: 'Seyda Neen, Arrille's Tradehouse' (dist=5.9m)
[INFO] [streaming] Portal candidate: 'Seyda Neen, Arrille's Tradehouse' (dist=5.9m)
[INFO] [streaming] Portal candidate: 'Seyda Neen, Arrille's Tradehouse' (dist=5.9m)
[INFO] [streaming] Portal candidate: 'Seyda Neen, Arrille's Tradehouse' (dist=5.9m)
[INFO] [streaming] Portal candidate: 'Seyda Neen, Arrille's Tradehouse' (dist=5.9m)
[INFO] [streaming] Portal candidate: 'Seyda Neen, Arrille's Tradehouse' (dist=5.9m)
[INFO] [streaming] Portal candidate: 'Seyda Neen, Arrille's Tradehouse' (dist=5.9m)
[INFO] [streaming] Portal candidate: 'Seyda Neen, Arrille's Tradehouse' (dist=5.9m)
[INFO] [streaming] Portal candidate: 'Seyda Neen, Arrille's Tradehouse' (dist=5.9m)
[INFO] [streaming] Portal candidate: 'Seyda Neen, Arrille's Tradehouse' (dist=5.9m)
[INFO] [streaming] Portal candidate: 'Seyda Neen, Arrille's Tradehouse' (dist=5.9m)
[INFO] [streaming] Portal candidate: 'Seyda Neen, Arrille's Tradehouse' (dist=5.9m)
[INFO] [streaming] Portal candidate: 'Seyda Neen, Arrille's Tradehouse' (dist=5.9m)
[INFO] [streaming] Portal candidate: 'Seyda Neen, Arrille's Tradehouse' (dist=5.9m)
[INFO] [streaming] Portal candidate: 'Seyda Neen, Arrille's Tradehouse' (dist=5.9m)
[INFO] [streaming] Portal candidate: 'Seyda Neen, Arrille's Tradehouse' (dist=5.9m)
[INFO] [streaming] Portal candidate: 'Seyda Neen, Arrille's Tradehouse' (dist=5.9m)
[INFO] [streaming] Portal candidate: 'Seyda Neen, Arrille's Tradehouse' (dist=5.9m)
[INFO] [streaming] Portal candidate: 'Seyda Neen, Arrille's Tradehouse' (dist=5.9m)
[INFO] [streaming] Portal candidate: 'Seyda Neen, Arrille's Tradehouse' (dist=5.9m)
[INFO] [streaming] Portal candidate: 'Seyda Neen, Arrille's Tradehouse' (dist=5.9m)
[INFO] [streaming] Portal candidate: 'Seyda Neen, Arrille's Tradehouse' (dist=5.9m)
[INFO] [streaming] Portal candidate: 'Seyda Neen, Arrille's Tradehouse' (dist=5.9m)
[INFO] [streaming] Portal candidate: 'Seyda Neen, Arrille's Tradehouse' (dist=5.9m)
[INFO] [impostors] Benchmark: 51208 impostors, 256 tex layers, 0 pending cells, mm_instances=51208
[INFO] [streaming] Portal candidate: 'Seyda Neen, Arrille's Tradehouse' (dist=5.9m)
[INFO] [streaming] Portal candidate: 'Seyda Neen, Arrille's Tradehouse' (dist=5.9m)
[INFO] [streaming] Portal candidate: 'Seyda Neen, Arrille's Tradehouse' (dist=5.9m)
[INFO] [streaming] Portal candidate: 'Seyda Neen, Arrille's Tradehouse' (dist=5.9m)
[INFO] [streaming] Portal candidate: 'Seyda Neen, Arrille's Tradehouse' (dist=5.9m)
[INFO] [streaming] Portal candidate: 'Seyda Neen, Arrille's Tradehouse' (dist=5.9m)
[INFO] [streaming] Portal candidate: 'Seyda Neen, Arrille's Tradehouse' (dist=5.9m)
[INFO] [streaming] Portal candidate: 'Seyda Neen, Arrille's Tradehouse' (dist=5.9m)
[INFO] [streaming] Portal candidate: 'Seyda Neen, Arrille's Tradehouse' (dist=5.9m)
[INFO] [streaming] Portal candidate: 'Seyda Neen, Arrille's Tradehouse' (dist=5.9m)
[INFO] [streaming] Portal candidate: 'Seyda Neen, Arrille's Tradehouse' (dist=5.9m)
[INFO] [streaming] Portal candidate: 'Seyda Neen, Arrille's Tradehouse' (dist=5.9m)
[INFO] [streaming] Portal candidate: 'Seyda Neen, Arrille's Tradehouse' (dist=5.9m)
[INFO] [streaming] Portal candidate: 'Seyda Neen, Arrille's Tradehouse' (dist=5.9m)
[INFO] [streaming] Portal candidate: 'Seyda Neen, Arrille's Tradehouse' (dist=5.9m)
[INFO] [streaming] Portal candidate: 'Seyda Neen, Arrille's Tradehouse' (dist=5.9m)
[INFO] [streaming] Portal candidate: 'Seyda Neen, Arrille's Tradehouse' (dist=5.9m)
[INFO] [streaming] Portal candidate: 'Seyda Neen, Arrille's Tradehouse' (dist=5.9m)
[INFO] [streaming] Portal candidate: 'Seyda Neen, Arrille's Tradehouse' (dist=5.9m)
[INFO] [streaming] Portal candidate: 'Seyda Neen, Arrille's Tradehouse' (dist=5.9m)
[INFO] [streaming] Portal candidate: 'Seyda Neen, Arrille's Tradehouse' (dist=5.9m)
[INFO] [streaming] Portal candidate: 'Seyda Neen, Arrille's Tradehouse' (dist=5.9m)
[INFO] [streaming] Portal candidate: 'Seyda Neen, Arrille's Tradehouse' (dist=5.9m)
[INFO] [streaming] Portal candidate: 'Seyda Neen, Arrille's Tradehouse' (dist=5.9m)
[INFO] [streaming] Portal candidate: 'Seyda Neen, Arrille's Tradehouse' (dist=5.9m)
[INFO] [streaming] Portal candidate: 'Seyda Neen, Arrille's Tradehouse' (dist=5.9m)
[INFO] [streaming] Portal candidate: 'Seyda Neen, Arrille's Tradehouse' (dist=5.9m)
[INFO] [streaming] Portal candidate: 'Seyda Neen, Arrille's Tradehouse' (dist=5.9m)
[INFO] [streaming] Portal candidate: 'Seyda Neen, Arrille's Tradehouse' (dist=5.9m)
[INFO] [streaming] Portal candidate: 'Seyda Neen, Arrille's Tradehouse' (dist=5.9m)
[INFO] [streaming] Portal candidate: 'Seyda Neen, Arrille's Tradehouse' (dist=5.9m)
[INFO] [streaming] Portal candidate: 'Seyda Neen, Arrille's Tradehouse' (dist=5.9m)
[INFO] [streaming] Portal candidate: 'Seyda Neen, Arrille's Tradehouse' (dist=5.9m)
[INFO] [streaming] Portal candidate: 'Seyda Neen, Arrille's Tradehouse' (dist=5.9m)
[INFO] [streaming] Portal candidate: 'Seyda Neen, Arrille's Tradehouse' (dist=5.9m)
[INFO] [streaming] Portal candidate: 'Seyda Neen, Arrille's Tradehouse' (dist=5.9m)
[INFO] [streaming] Portal candidate: 'Seyda Neen, Arrille's Tradehouse' (dist=5.9m)
[INFO] [streaming] Portal candidate: 'Seyda Neen, Arrille's Tradehouse' (dist=5.9m)
[INFO] [streaming] Portal candidate: 'Seyda Neen, Arrille's Tradehouse' (dist=5.9m)
[INFO] [streaming] Portal candidate: 'Seyda Neen, Arrille's Tradehouse' (dist=5.9m)
[INFO] [streaming] Portal candidate: 'Seyda Neen, Arrille's Tradehouse' (dist=5.9m)
[INFO] [streaming] Portal candidate: 'Seyda Neen, Arrille's Tradehouse' (dist=5.9m)
[INFO] [streaming] Portal candidate: 'Seyda Neen, Arrille's Tradehouse' (dist=5.9m)
[INFO] [streaming] Portal candidate: 'Seyda Neen, Arrille's Tradehouse' (dist=5.9m)
[INFO] [streaming] Portal candidate: 'Seyda Neen, Arrille's Tradehouse' (dist=5.9m)
[INFO] [streaming] Portal candidate: 'Seyda Neen, Arrille's Tradehouse' (dist=5.9m)
[INFO] [streaming] Portal candidate: 'Seyda Neen, Arrille's Tradehouse' (dist=5.9m)
[INFO] [streaming] Portal candidate: 'Seyda Neen, Arrille's Tradehouse' (dist=5.9m)
[INFO] [streaming] Portal candidate: 'Seyda Neen, Arrille's Tradehouse' (dist=5.9m)
[INFO] [streaming] Portal candidate: 'Seyda Neen, Arrille's Tradehouse' (dist=5.9m)
[INFO] [streaming] Portal candidate: 'Seyda Neen, Arrille's Tradehouse' (dist=5.9m)
[INFO] [streaming] Portal candidate: 'Seyda Neen, Arrille's Tradehouse' (dist=5.9m)
[INFO] [streaming] Portal candidate: 'Seyda Neen, Arrille's Tradehouse' (dist=5.9m)
[INFO] [streaming] Portal candidate: 'Seyda Neen, Arrille's Tradehouse' (dist=5.9m)
[INFO] [streaming] Portal candidate: 'Seyda Neen, Arrille's Tradehouse' (dist=5.9m)
[INFO] [streaming] Portal candidate: 'Seyda Neen, Arrille's Tradehouse' (dist=5.9m)
[INFO] [streaming] Portal candidate: 'Seyda Neen, Arrille's Tradehouse' (dist=5.9m)
[INFO] [streaming] Portal candidate: 'Seyda Neen, Arrille's Tradehouse' (dist=5.9m)
[INFO] [streaming] Portal candidate: 'Seyda Neen, Arrille's Tradehouse' (dist=5.9m)
[INFO] [streaming] Portal candidate: 'Seyda Neen, Arrille's Tradehouse' (dist=5.9m)
[INFO] [streaming] Portal candidate: 'Seyda Neen, Arrille's Tradehouse' (dist=5.9m)
[INFO] [streaming] Portal candidate: 'Seyda Neen, Arrille's Tradehouse' (dist=5.9m)
[INFO] [streaming] Portal candidate: 'Seyda Neen, Arrille's Tradehouse' (dist=5.9m)
[INFO] [streaming] Portal candidate: 'Seyda Neen, Arrille's Tradehouse' (dist=5.9m)
[INFO] [streaming] Portal candidate: 'Seyda Neen, Arrille's Tradehouse' (dist=5.9m)
[INFO] [streaming] Portal candidate: 'Seyda Neen, Arrille's Tradehouse' (dist=5.9m)
[INFO] [streaming] Portal candidate: 'Seyda Neen, Arrille's Tradehouse' (dist=5.9m)
[INFO] [streaming] Portal candidate: 'Seyda Neen, Arrille's Tradehouse' (dist=5.9m)
[INFO] [streaming] Portal candidate: 'Seyda Neen, Arrille's Tradehouse' (dist=5.9m)
[INFO] [streaming] Portal candidate: 'Seyda Neen, Arrille's Tradehouse' (dist=5.9m)
[INFO] [streaming] Portal candidate: 'Seyda Neen, Arrille's Tradehouse' (dist=5.9m)
[INFO] [streaming] Portal candidate: 'Seyda Neen, Arrille's Tradehouse' (dist=5.9m)
[INFO] [streaming] Portal candidate: 'Seyda Neen, Arrille's Tradehouse' (dist=5.9m)
[INFO] [streaming] Portal candidate: 'Seyda Neen, Arrille's Tradehouse' (dist=5.9m)
[INFO] [streaming] Portal candidate: 'Seyda Neen, Arrille's Tradehouse' (dist=5.9m)
[INFO] [streaming] Portal candidate: 'Seyda Neen, Arrille's Tradehouse' (dist=5.9m)
[INFO] [streaming] Portal candidate: 'Seyda Neen, Arrille's Tradehouse' (dist=5.9m)
[INFO] [streaming] Portal candidate: 'Seyda Neen, Arrille's Tradehouse' (dist=5.9m)
[INFO] [streaming] Portal candidate: 'Seyda Neen, Arrille's Tradehouse' (dist=5.9m)
[INFO] [streaming] Portal candidate: 'Seyda Neen, Arrille's Tradehouse' (dist=5.9m)
[INFO] [streaming] Portal candidate: 'Seyda Neen, Arrille's Tradehouse' (dist=5.9m)
[INFO] [streaming] Portal candidate: 'Seyda Neen, Arrille's Tradehouse' (dist=5.9m)
[INFO] [streaming] Portal candidate: 'Seyda Neen, Arrille's Tradehouse' (dist=5.9m)
[INFO] [streaming] Portal candidate: 'Seyda Neen, Arrille's Tradehouse' (dist=5.9m)
[INFO] [streaming] Portal candidate: 'Seyda Neen, Arrille's Tradehouse' (dist=5.9m)
[INFO] [streaming] Portal candidate: 'Seyda Neen, Arrille's Tradehouse' (dist=5.9m)
[INFO] [streaming] Portal candidate: 'Seyda Neen, Arrille's Tradehouse' (dist=5.9m)
[INFO] [streaming] Portal candidate: 'Seyda Neen, Arrille's Tradehouse' (dist=5.9m)
[INFO] [streaming] Portal candidate: 'Seyda Neen, Arrille's Tradehouse' (dist=5.9m)
[INFO] [streaming] Portal candidate: 'Seyda Neen, Arrille's Tradehouse' (dist=5.9m)
[INFO] [streaming] Portal candidate: 'Seyda Neen, Arrille's Tradehouse' (dist=5.9m)
[INFO] [streaming] Portal candidate: 'Seyda Neen, Arrille's Tradehouse' (dist=5.9m)
[INFO] [streaming] Portal candidate: 'Seyda Neen, Arrille's Tradehouse' (dist=5.9m)
[INFO] [streaming] Portal candidate: 'Seyda Neen, Arrille's Tradehouse' (dist=5.9m)
[INFO] [streaming] Portal candidate: 'Seyda Neen, Arrille's Tradehouse' (dist=5.9m)
[INFO] [streaming] Portal candidate: 'Seyda Neen, Arrille's Tradehouse' (dist=5.9m)
[INFO] [streaming] Portal candidate: 'Seyda Neen, Arrille's Tradehouse' (dist=5.9m)
[INFO] [streaming] Portal candidate: 'Seyda Neen, Arrille's Tradehouse' (dist=5.9m)
[INFO] [streaming] Portal candidate: 'Seyda Neen, Arrille's Tradehouse' (dist=5.9m)
[INFO] [streaming] Portal candidate: 'Seyda Neen, Arrille's Tradehouse' (dist=5.9m)
[INFO] [streaming] Portal candidate: 'Seyda Neen, Arrille's Tradehouse' (dist=5.9m)
[INFO] [streaming] Portal candidate: 'Seyda Neen, Arrille's Tradehouse' (dist=5.9m)
[INFO] [streaming] Portal candidate: 'Seyda Neen, Arrille's Tradehouse' (dist=5.9m)
[INFO] [streaming] Portal candidate: 'Seyda Neen, Arrille's Tradehouse' (dist=5.9m)
[INFO] [streaming] Portal candidate: 'Seyda Neen, Arrille's Tradehouse' (dist=5.9m)
[INFO] [streaming] Portal candidate: 'Seyda Neen, Arrille's Tradehouse' (dist=5.9m)
[INFO] [streaming] Portal candidate: 'Seyda Neen, Arrille's Tradehouse' (dist=5.9m)
[INFO] [streaming] Portal candidate: 'Seyda Neen, Arrille's Tradehouse' (dist=5.9m)
[INFO] [streaming] Portal candidate: 'Seyda Neen, Arrille's Tradehouse' (dist=5.9m)
[INFO] [streaming] Portal candidate: 'Seyda Neen, Arrille's Tradehouse' (dist=5.9m)
[INFO] [streaming] Portal candidate: 'Seyda Neen, Arrille's Tradehouse' (dist=5.9m)
[INFO] [streaming] Portal candidate: 'Seyda Neen, Arrille's Tradehouse' (dist=5.9m)
[INFO] [streaming] Portal candidate: 'Seyda Neen, Arrille's Tradehouse' (dist=5.9m)
[INFO] [streaming] Portal candidate: 'Seyda Neen, Arrille's Tradehouse' (dist=5.9m)
[INFO] [streaming] Portal candidate: 'Seyda Neen, Arrille's Tradehouse' (dist=5.9m)
[INFO] [streaming] Portal candidate: 'Seyda Neen, Arrille's Tradehouse' (dist=5.9m)
[INFO] [streaming] Portal candidate: 'Seyda Neen, Arrille's Tradehouse' (dist=5.9m)
[INFO] [streaming] Portal candidate: 'Seyda Neen, Arrille's Tradehouse' (dist=5.9m)
[INFO] [streaming] Portal candidate: 'Seyda Neen, Arrille's Tradehouse' (dist=5.9m)
[INFO] [streaming] Portal candidate: 'Seyda Neen, Arrille's Tradehouse' (dist=5.9m)
[INFO] [streaming] Portal candidate: 'Seyda Neen, Arrille's Tradehouse' (dist=5.9m)
[INFO] [streaming] Portal candidate: 'Seyda Neen, Arrille's Tradehouse' (dist=5.9m)
[INFO] [streaming] Portal candidate: 'Seyda Neen, Arrille's Tradehouse' (dist=5.9m)
[INFO] [streaming] Portal candidate: 'Seyda Neen, Arrille's Tradehouse' (dist=5.9m)
[INFO] [streaming] heartbeat sec=239 frame=4313 fps=47.6 proc=31.6ms phys=0.2ms draws=7124 objs=8799 prims=3248k loaded=117 loading=4 reg_batches=535 reg_slots=14378
[INFO] [streaming] Portal candidate: 'Seyda Neen, Arrille's Tradehouse' (dist=5.9m)
[INFO] [streaming] Portal candidate: 'Seyda Neen, Arrille's Tradehouse' (dist=5.9m)
[INFO] [streaming] Portal candidate: 'Seyda Neen, Arrille's Tradehouse' (dist=5.9m)
[INFO] [streaming] Portal candidate: 'Seyda Neen, Arrille's Tradehouse' (dist=5.9m)
[INFO] [streaming] Portal candidate: 'Seyda Neen, Arrille's Tradehouse' (dist=5.9m)
[INFO] [streaming] Portal candidate: 'Seyda Neen, Arrille's Tradehouse' (dist=5.9m)
[INFO] [streaming] Portal candidate: 'Seyda Neen, Arrille's Tradehouse' (dist=5.9m)
[INFO] [streaming] Portal candidate: 'Seyda Neen, Arrille's Tradehouse' (dist=5.9m)
[INFO] [streaming] Portal candidate: 'Seyda Neen, Arrille's Tradehouse' (dist=5.9m)
[INFO] [streaming] Portal candidate: 'Seyda Neen, Arrille's Tradehouse' (dist=5.9m)
[INFO] [streaming] Portal candidate: 'Seyda Neen, Arrille's Tradehouse' (dist=5.9m)
[INFO] [streaming] Portal candidate: 'Seyda Neen, Arrille's Tradehouse' (dist=5.9m)
[INFO] [streaming] Portal candidate: 'Seyda Neen, Arrille's Tradehouse' (dist=5.9m)
[INFO] [streaming] Portal candidate: 'Seyda Neen, Arrille's Tradehouse' (dist=5.9m)
[INFO] [streaming] Portal candidate: 'Seyda Neen, Arrille's Tradehouse' (dist=5.9m)
[INFO] [streaming] Portal candidate: 'Seyda Neen, Arrille's Tradehouse' (dist=5.9m)
[INFO] [streaming] Portal candidate: 'Seyda Neen, Arrille's Tradehouse' (dist=5.9m)
[INFO] [streaming] Portal candidate: 'Seyda Neen, Arrille's Tradehouse' (dist=5.9m)
[INFO] [streaming] Portal candidate: 'Seyda Neen, Arrille's Tradehouse' (dist=5.9m)
[INFO] [streaming] Portal candidate: 'Seyda Neen, Arrille's Tradehouse' (dist=5.9m)
[INFO] [streaming] Portal candidate: 'Seyda Neen, Arrille's Tradehouse' (dist=5.9m)
[INFO] [streaming] Portal candidate: 'Seyda Neen, Arrille's Tradehouse' (dist=5.9m)
[INFO] [streaming] Portal candidate: 'Seyda Neen, Arrille's Tradehouse' (dist=5.9m)
[INFO] [streaming] Portal candidate: 'Seyda Neen, Arrille's Tradehouse' (dist=5.9m)
[INFO] [streaming] Portal candidate: 'Seyda Neen, Arrille's Tradehouse' (dist=5.9m)
[INFO] [streaming] Portal candidate: 'Seyda Neen, Arrille's Tradehouse' (dist=5.9m)
[INFO] [streaming] Portal candidate: 'Seyda Neen, Arrille's Tradehouse' (dist=5.9m)
[INFO] [streaming] Portal candidate: 'Seyda Neen, Arrille's Tradehouse' (dist=5.9m)
[INFO] [streaming] Portal candidate: 'Seyda Neen, Arrille's Tradehouse' (dist=5.9m)
[INFO] [streaming] Portal candidate: 'Seyda Neen, Arrille's Tradehouse' (dist=5.9m)
[INFO] [streaming] Portal candidate: 'Seyda Neen, Arrille's Tradehouse' (dist=5.9m)
[INFO] [streaming] Portal candidate: 'Seyda Neen, Arrille's Tradehouse' (dist=5.9m)
[INFO] [streaming] Portal candidate: 'Seyda Neen, Arrille's Tradehouse' (dist=5.9m)
[INFO] [streaming] Portal candidate: 'Seyda Neen, Arrille's Tradehouse' (dist=5.9m)
[INFO] [streaming] Portal candidate: 'Seyda Neen, Arrille's Tradehouse' (dist=5.9m)
[INFO] [streaming] Portal candidate: 'Seyda Neen, Arrille's Tradehouse' (dist=5.9m)
[INFO] [streaming] Portal candidate: 'Seyda Neen, Arrille's Tradehouse' (dist=5.9m)
[INFO] [streaming] Portal candidate: 'Seyda Neen, Arrille's Tradehouse' (dist=5.9m)
[INFO] [streaming] Portal candidate: 'Seyda Neen, Arrille's Tradehouse' (dist=5.9m)
[INFO] [streaming] Portal candidate: 'Seyda Neen, Arrille's Tradehouse' (dist=5.9m)
[INFO] [streaming] Portal candidate: 'Seyda Neen, Arrille's Tradehouse' (dist=5.9m)
[INFO] [streaming] Portal candidate: 'Seyda Neen, Arrille's Tradehouse' (dist=5.9m)
[INFO] [streaming] Portal candidate: 'Seyda Neen, Arrille's Tradehouse' (dist=5.9m)
[INFO] [streaming] Portal candidate: 'Seyda Neen, Arrille's Tradehouse' (dist=5.9m)
[INFO] [streaming] Portal candidate: 'Seyda Neen, Arrille's Tradehouse' (dist=5.9m)
[INFO] [streaming] Portal candidate: 'Seyda Neen, Arrille's Tradehouse' (dist=5.9m)
[INFO] [streaming] Portal candidate: 'Seyda Neen, Arrille's Tradehouse' (dist=5.9m)
[INFO] [streaming] Portal candidate: 'Seyda Neen, Arrille's Tradehouse' (dist=5.9m)
[INFO] [streaming] Portal candidate: 'Seyda Neen, Arrille's Tradehouse' (dist=5.9m)
[INFO] [streaming] Portal candidate: 'Seyda Neen, Arrille's Tradehouse' (dist=5.9m)
[INFO] [streaming] Portal candidate: 'Seyda Neen, Arrille's Tradehouse' (dist=5.9m)
[INFO] [streaming] Portal candidate: 'Seyda Neen, Arrille's Tradehouse' (dist=5.9m)
[INFO] [streaming] Portal candidate: 'Seyda Neen, Arrille's Tradehouse' (dist=5.9m)
[INFO] [streaming] Portal candidate: 'Seyda Neen, Arrille's Tradehouse' (dist=5.9m)
[INFO] [streaming] Portal candidate: 'Seyda Neen, Arrille's Tradehouse' (dist=5.9m)
[INFO] [streaming] Portal candidate: 'Seyda Neen, Arrille's Tradehouse' (dist=5.9m)
[INFO] [streaming] Portal candidate: 'Seyda Neen, Arrille's Tradehouse' (dist=5.9m)
[INFO] [streaming] Portal candidate: 'Seyda Neen, Arrille's Tradehouse' (dist=5.9m)
[INFO] [streaming] Portal candidate: 'Seyda Neen, Arrille's Tradehouse' (dist=5.9m)
[INFO] [streaming] Portal candidate: 'Seyda Neen, Arrille's Tradehouse' (dist=5.9m)
[INFO] [streaming] Portal candidate: 'Seyda Neen, Arrille's Tradehouse' (dist=5.9m)
[INFO] [streaming] Portal candidate: 'Seyda Neen, Arrille's Tradehouse' (dist=5.9m)
[INFO] [streaming] Portal candidate: 'Seyda Neen, Arrille's Tradehouse' (dist=5.9m)
[INFO] [streaming] Portal candidate: 'Seyda Neen, Arrille's Tradehouse' (dist=5.9m)
[INFO] [streaming] Portal candidate: 'Seyda Neen, Arrille's Tradehouse' (dist=5.9m)
[INFO] [streaming] Portal candidate: 'Seyda Neen, Arrille's Tradehouse' (dist=5.9m)
[INFO] [streaming] Portal candidate: 'Seyda Neen, Arrille's Tradehouse' (dist=5.9m)
[INFO] [streaming] Portal candidate: 'Seyda Neen, Arrille's Tradehouse' (dist=5.9m)
[INFO] [streaming] Portal candidate: 'Seyda Neen, Arrille's Tradehouse' (dist=5.9m)
[INFO] [streaming] Portal candidate: 'Seyda Neen, Arrille's Tradehouse' (dist=5.9m)
[INFO] [streaming] Portal candidate: 'Seyda Neen, Arrille's Tradehouse' (dist=5.9m)
[INFO] [streaming] Portal candidate: 'Seyda Neen, Arrille's Tradehouse' (dist=5.9m)
[INFO] [streaming] Portal candidate: 'Seyda Neen, Arrille's Tradehouse' (dist=5.9m)
[INFO] [streaming] Portal candidate: 'Seyda Neen, Arrille's Tradehouse' (dist=5.9m)
[INFO] [streaming] Portal candidate: 'Seyda Neen, Arrille's Tradehouse' (dist=5.9m)
[INFO] [streaming] Portal candidate: 'Seyda Neen, Arrille's Tradehouse' (dist=5.9m)
[INFO] [streaming] Portal candidate: 'Seyda Neen, Arrille's Tradehouse' (dist=5.9m)
[INFO] [streaming] Portal candidate: 'Seyda Neen, Arrille's Tradehouse' (dist=5.9m)
[INFO] [streaming] Portal candidate: 'Seyda Neen, Arrille's Tradehouse' (dist=5.9m)
[INFO] [streaming] Portal candidate: 'Seyda Neen, Arrille's Tradehouse' (dist=5.9m)
[INFO] [streaming] Portal candidate: 'Seyda Neen, Arrille's Tradehouse' (dist=5.9m)
[INFO] [streaming] Portal candidate: 'Seyda Neen, Arrille's Tradehouse' (dist=5.9m)
[INFO] [streaming] Portal candidate: 'Seyda Neen, Arrille's Tradehouse' (dist=5.9m)
[INFO] [streaming] Portal candidate: 'Seyda Neen, Arrille's Tradehouse' (dist=5.9m)
[INFO] [streaming] Portal candidate: 'Seyda Neen, Arrille's Tradehouse' (dist=5.9m)
[INFO] [streaming] Portal candidate: 'Seyda Neen, Arrille's Tradehouse' (dist=5.9m)
[INFO] [streaming] Portal candidate: 'Seyda Neen, Arrille's Tradehouse' (dist=5.9m)
[INFO] [streaming] Portal candidate: 'Seyda Neen, Arrille's Tradehouse' (dist=5.9m)
[INFO] [streaming] Portal candidate: 'Seyda Neen, Arrille's Tradehouse' (dist=5.9m)
[INFO] [streaming] Portal candidate: 'Seyda Neen, Arrille's Tradehouse' (dist=5.9m)
[INFO] [streaming] Portal candidate: 'Seyda Neen, Arrille's Tradehouse' (dist=5.9m)
[INFO] [streaming] Portal candidate: 'Seyda Neen, Arrille's Tradehouse' (dist=5.9m)
[INFO] [streaming] Portal candidate: 'Seyda Neen, Arrille's Tradehouse' (dist=5.9m)
[INFO] [streaming] Portal candidate: 'Seyda Neen, Arrille's Tradehouse' (dist=5.9m)
[INFO] [streaming] Portal candidate: 'Seyda Neen, Arrille's Tradehouse' (dist=5.9m)
[INFO] [streaming] Portal candidate: 'Seyda Neen, Arrille's Tradehouse' (dist=5.9m)
[INFO] [streaming] Portal candidate: 'Seyda Neen, Arrille's Tradehouse' (dist=5.9m)
[INFO] [streaming] Portal candidate: 'Seyda Neen, Arrille's Tradehouse' (dist=5.9m)
[INFO] [streaming] Portal candidate: 'Seyda Neen, Arrille's Tradehouse' (dist=5.9m)
[INFO] [streaming] Portal candidate: 'Seyda Neen, Arrille's Tradehouse' (dist=6.0m)
[INFO] [streaming] Portal candidate: 'Seyda Neen, Arrille's Tradehouse' (dist=6.2m)
[INFO] [streaming] Portal candidate: 'Seyda Neen, Arrille's Tradehouse' (dist=6.3m)
[INFO] [streaming] Portal candidate: 'Seyda Neen, Arrille's Tradehouse' (dist=6.5m)
[INFO] [streaming] Portal candidate: 'Seyda Neen, Arrille's Tradehouse' (dist=6.6m)
[INFO] [streaming] Portal candidate: 'Seyda Neen, Arrille's Tradehouse' (dist=6.7m)
[INFO] [streaming] Portal candidate: 'Seyda Neen, Arrille's Tradehouse' (dist=6.8m)
[INFO] [streaming] Portal candidate: 'Seyda Neen, Arrille's Tradehouse' (dist=7.0m)
[INFO] [streaming] Portal candidate: 'Seyda Neen, Arrille's Tradehouse' (dist=7.1m)
[INFO] [streaming] Portal candidate: 'Seyda Neen, Arrille's Tradehouse' (dist=7.3m)
[INFO] [streaming] Portal candidate: 'Seyda Neen, Arrille's Tradehouse' (dist=7.4m)
[INFO] [streaming] Portal candidate: 'Seyda Neen, Arrille's Tradehouse' (dist=7.6m)
[INFO] [streaming] Portal candidate: 'Seyda Neen, Arrille's Tradehouse' (dist=7.7m)
[INFO] [streaming] Portal candidate: 'Seyda Neen, Arrille's Tradehouse' (dist=7.9m)
[INFO] [streaming] Portal candidate: 'Seyda Neen, Arrille's Tradehouse' (dist=8.0m)
[INFO] [streaming] Portal candidate: 'Seyda Neen, Arrille's Tradehouse' (dist=8.1m)
[INFO] [impostors] Benchmark: 51208 impostors, 256 tex layers, 0 pending cells, mm_instances=51208
[INFO] [streaming] Portal candidate: 'Seyda Neen, Arrille's Tradehouse' (dist=8.3m)
[INFO] [streaming] Portal candidate: 'Seyda Neen, Arrille's Tradehouse' (dist=8.4m)
[INFO] [streaming] Portal candidate: 'Seyda Neen, Arrille's Tradehouse' (dist=8.6m)
[INFO] [streaming] Portal candidate: 'Seyda Neen, Arrille's Tradehouse' (dist=8.7m)
[INFO] [streaming] Portal candidate: 'Seyda Neen, Arrille's Tradehouse' (dist=8.9m)
[INFO] [streaming] Portal candidate: 'Seyda Neen, Arrille's Tradehouse' (dist=9.0m)
[INFO] [streaming] Portal candidate: 'Seyda Neen, Arrille's Tradehouse' (dist=9.1m)
[INFO] [streaming] Portal candidate: 'Seyda Neen, Arrille's Tradehouse' (dist=9.3m)
[INFO] [streaming] Portal candidate: 'Seyda Neen, Arrille's Tradehouse' (dist=9.4m)
[INFO] [streaming] Portal candidate: 'Seyda Neen, Arrille's Tradehouse' (dist=9.6m)
[INFO] [streaming] Portal candidate: 'Seyda Neen, Arrille's Tradehouse' (dist=9.7m)
[INFO] [streaming] Portal candidate: 'Seyda Neen, Arrille's Tradehouse' (dist=9.9m)
[INFO] [streaming] Portal candidate: 'Seyda Neen, Arrille's Tradehouse' (dist=10.0m)
[INFO] [streaming] Portal candidate: 'Seyda Neen, Arrille's Tradehouse' (dist=10.2m)
[INFO] [streaming] Portal candidate: 'Seyda Neen, Arrille's Tradehouse' (dist=10.3m)
[INFO] [streaming] Portal candidate: 'Seyda Neen, Arrille's Tradehouse' (dist=10.5m)
[INFO] [streaming] Portal candidate: 'Seyda Neen, Arrille's Tradehouse' (dist=10.6m)
[INFO] [streaming] Portal candidate: 'Seyda Neen, Arrille's Tradehouse' (dist=10.7m)
[INFO] [streaming] Portal candidate: 'Seyda Neen, Arrille's Tradehouse' (dist=10.8m)
[INFO] [streaming] Portal candidate: 'Seyda Neen, Arrille's Tradehouse' (dist=11.0m)
[INFO] [streaming] Portal candidate: 'Seyda Neen, Arrille's Tradehouse' (dist=11.1m)
[INFO] [streaming] Portal candidate: 'Seyda Neen, Arrille's Tradehouse' (dist=11.3m)
[INFO] [streaming] Portal candidate: 'Seyda Neen, Arrille's Tradehouse' (dist=11.4m)
[INFO] [streaming] Portal candidate: 'Seyda Neen, Arrille's Tradehouse' (dist=11.6m)
[INFO] [streaming] Portal candidate: 'Seyda Neen, Arrille's Tradehouse' (dist=11.7m)
[INFO] [streaming] Portal candidate: 'Seyda Neen, Arrille's Tradehouse' (dist=11.8m)
[INFO] [streaming] Portal candidate: 'Seyda Neen, Arrille's Tradehouse' (dist=11.9m)
[INFO] [streaming] Portal candidate: 'Seyda Neen, Arrille's Tradehouse' (dist=12.1m)
[INFO] [streaming] Portal candidate: 'Seyda Neen, Arrille's Tradehouse' (dist=12.2m)
[INFO] [streaming] Portal candidate: 'Seyda Neen, Arrille's Tradehouse' (dist=12.4m)
[INFO] [streaming] Portal candidate: 'Seyda Neen, Arrille's Tradehouse' (dist=12.5m)
[INFO] [streaming] Portal candidate: 'Seyda Neen, Arrille's Tradehouse' (dist=12.7m)
[INFO] [streaming] Portal candidate: 'Seyda Neen, Arrille's Tradehouse' (dist=12.8m)
[INFO] [streaming] Portal candidate: 'Seyda Neen, Arrille's Tradehouse' (dist=13.0m)
[INFO] [streaming] Portal candidate: 'Seyda Neen, Arrille's Tradehouse' (dist=13.1m)
[INFO] [streaming] Portal candidate: 'Seyda Neen, Arrille's Tradehouse' (dist=13.2m)
[INFO] [streaming] Portal candidate: 'Seyda Neen, Arrille's Tradehouse' (dist=13.4m)
[INFO] [streaming] Portal candidate: 'Seyda Neen, Arrille's Tradehouse' (dist=13.5m)
[INFO] [streaming] Portal candidate: 'Seyda Neen, Arrille's Tradehouse' (dist=13.7m)
[INFO] [streaming] Portal candidate: 'Seyda Neen, Arrille's Tradehouse' (dist=13.8m)
[INFO] [streaming] Portal candidate: 'Seyda Neen, Arrille's Tradehouse' (dist=13.9m)
[INFO] [streaming] Portal candidate: 'Seyda Neen, Arrille's Tradehouse' (dist=14.1m)
[INFO] [streaming] Portal candidate: 'Seyda Neen, Arrille's Tradehouse' (dist=14.2m)
[INFO] [streaming] Portal candidate: 'Seyda Neen, Arrille's Tradehouse' (dist=14.4m)
[INFO] [streaming] Portal candidate: 'Seyda Neen, Arrille's Tradehouse' (dist=14.7m)
[INFO] [streaming] Portal candidate: 'Seyda Neen, Arrille's Tradehouse' (dist=14.8m)
[INFO] [streaming] Portal candidate: 'Seyda Neen, Arrille's Tradehouse' (dist=14.9m)
[INFO] [streaming] Portal candidate: 'Seyda Neen, Arrille's Tradehouse' (dist=15.1m)
[INFO] [streaming] Portal candidate: 'Seyda Neen, Arrille's Tradehouse' (dist=15.2m)
[INFO] [streaming] Portal candidate: 'Seyda Neen, Arrille's Tradehouse' (dist=15.4m)
[INFO] [streaming] Portal candidate: 'Seyda Neen, Arrille's Tradehouse' (dist=15.5m)
[INFO] [streaming] Portal candidate: 'Seyda Neen, Arrille's Tradehouse' (dist=15.6m)
[INFO] [streaming] Portal candidate: 'Seyda Neen, Arrille's Tradehouse' (dist=15.8m)
WARNING: [WARN] [streaming] Frame overrun: 88.4ms [cellupd:0.0 unload:0.0 async:0.0 inst:0.0 promo:0.0 coll:0.3 defer:0.0 queue:0.0] (budget:8.0ms, overruns:1307)
   at: push_warning (core/variant/variant_utility.cpp:1034)
   GDScript backtrace (most recent call first):
       [0] _log (res://src/core/logging/logger.gd:80)
       [1] warn (res://src/core/logging/logger.gd:43)
       [2] _process (res://src/core/world/native_streaming_manager.gd:745)
[INFO] [streaming] Portal candidate: 'Seyda Neen, Arrille's Tradehouse' (dist=16.0m)
[INFO] [streaming] Portal candidate: 'Seyda Neen, Arrille's Tradehouse' (dist=16.8m)
[INFO] [streaming] Portal candidate: 'Seyda Neen, Arrille's Tradehouse' (dist=16.9m)
[INFO] [streaming] Portal candidate: 'Seyda Neen, Arrille's Tradehouse' (dist=17.1m)
[INFO] [streaming] Portal candidate: 'Seyda Neen, Arrille's Tradehouse' (dist=17.2m)
[INFO] [streaming] Portal candidate: 'Seyda Neen, Arrille's Tradehouse' (dist=17.3m)
[INFO] [streaming] Portal candidate: 'Seyda Neen, Arrille's Tradehouse' (dist=17.5m)
[INFO] [streaming] Portal candidate: 'Seyda Neen, Arrille's Tradehouse' (dist=17.6m)
[INFO] [streaming] Portal candidate: 'Seyda Neen, Arrille's Tradehouse' (dist=17.8m)
[INFO] [streaming] Portal candidate: 'Seyda Neen, Arrille's Tradehouse' (dist=17.9m)
[INFO] [streaming] Portal candidate: 'Seyda Neen, Arrille's Tradehouse' (dist=18.1m)
[INFO] [streaming] Portal candidate: 'Seyda Neen, Arrille's Tradehouse' (dist=18.2m)
[INFO] [streaming] Portal candidate: 'Seyda Neen, Arrille's Tradehouse' (dist=18.4m)
[INFO] [streaming] Portal candidate: 'Seyda Neen, Arrille's Tradehouse' (dist=18.5m)
[INFO] [streaming] Portal candidate: 'Seyda Neen, Arrille's Tradehouse' (dist=18.7m)
[INFO] [streaming] Portal candidate: 'Seyda Neen, Arrille's Tradehouse' (dist=18.8m)
[INFO] [streaming] Portal candidate: 'Seyda Neen, Arrille's Tradehouse' (dist=19.0m)
[INFO] [streaming] Portal candidate: 'Seyda Neen, Arrille's Tradehouse' (dist=19.1m)
[INFO] [streaming] Portal candidate: 'Seyda Neen, Arrille's Tradehouse' (dist=19.3m)
[INFO] [streaming] Portal candidate: 'Seyda Neen, Arrille's Tradehouse' (dist=19.4m)
[INFO] [streaming] Portal candidate: 'Seyda Neen, Arrille's Tradehouse' (dist=19.6m)
[INFO] [streaming] Portal candidate: 'Seyda Neen, Arrille's Tradehouse' (dist=19.7m)
[INFO] [streaming] Portal candidate: 'Seyda Neen, Arrille's Tradehouse' (dist=19.9m)
[INFO] [streaming] Portal candidate: 'Seyda Neen, Arrille's Tradehouse' (dist=20.0m)
WARNING: [WARN] [streaming] Frame overrun: 45.0ms [cellupd:0.0 unload:0.0 async:0.0 inst:0.0 promo:7.0 coll:0.0 defer:0.0 queue:0.0] (budget:8.0ms, overruns:1308)
   at: push_warning (core/variant/variant_utility.cpp:1034)
   GDScript backtrace (most recent call first):
       [0] _log (res://src/core/logging/logger.gd:80)
       [1] warn (res://src/core/logging/logger.gd:43)
       [2] _process (res://src/core/world/native_streaming_manager.gd:745)
[INFO] [streaming] heartbeat sec=244 frame=4549 fps=47.2 proc=115.8ms phys=0.3ms draws=7311 objs=8713 prims=3328k loaded=117 loading=4 reg_batches=535 reg_slots=14378
WARNING: [WARN] [streaming] Frame overrun: 44.8ms [cellupd:0.0 unload:0.0 async:0.0 inst:0.0 promo:7.1 coll:0.0 defer:0.0 queue:0.0] (budget:8.0ms, overruns:1310)
   at: push_warning (core/variant/variant_utility.cpp:1034)
   GDScript backtrace (most recent call first):
       [0] _log (res://src/core/logging/logger.gd:80)
       [1] warn (res://src/core/logging/logger.gd:43)
       [2] _process (res://src/core/world/native_streaming_manager.gd:745)
[INFO] [impostors] Benchmark: 51208 impostors, 256 tex layers, 0 pending cells, mm_instances=51208
WARNING: [WARN] [streaming] Frame overrun: 38.6ms [cellupd:0.0 unload:0.0 async:0.0 inst:0.0 promo:0.0 coll:0.3 defer:0.0 queue:0.0] (budget:8.0ms, overruns:1311)
   at: push_warning (core/variant/variant_utility.cpp:1034)
   GDScript backtrace (most recent call first):
       [0] _log (res://src/core/logging/logger.gd:80)
       [1] warn (res://src/core/logging/logger.gd:43)
       [2] _process (res://src/core/world/native_streaming_manager.gd:745)
WARNING: [WARN] [streaming] Frame overrun: 45.1ms [cellupd:0.0 unload:0.0 async:0.0 inst:0.0 promo:6.9 coll:0.0 defer:0.0 queue:0.0] (budget:8.0ms, overruns:1312)
   at: push_warning (core/variant/variant_utility.cpp:1034)
   GDScript backtrace (most recent call first):
       [0] _log (res://src/core/logging/logger.gd:80)
       [1] warn (res://src/core/logging/logger.gd:43)
       [2] _process (res://src/core/world/native_streaming_manager.gd:745)
[INFO] [streaming] heartbeat sec=249 frame=4793 fps=48.8 proc=63.9ms phys=0.2ms draws=6772 objs=7939 prims=3074k loaded=117 loading=4 reg_batches=535 reg_slots=14377
[INFO] [streaming] _update_loaded_cells: 15.0ms [grid:0.8 reclaim:0.0 unload:0.1 queue:0.1]
[INFO] [streaming] HLOD update_for_camera: 22 desired chunks, 16 active, 0 pending, 0 queued (cell=(-2, -8))
[INFO] [streaming] HLOD chunk (0, -10, 1): merging 169 inputs (skipped=0 type_rej=172 size_rej=473)
[INFO] [streaming] HLOD chunk (-2, -12, 1): merging 79 inputs (skipped=0 type_rej=90 size_rej=162)
[INFO] [streaming] HLOD chunk (-4, -12, 1): merging 5 inputs (skipped=0 type_rej=5 size_rej=12)
[INFO] [streaming] HLOD chunk (-6, -8, 1): merging 96 inputs (skipped=0 type_rej=104 size_rej=404)
[INFO] [streaming] HLOD chunk (-6, -6, 1): merging 65 inputs (skipped=0 type_rej=131 size_rej=773)
[INFO] [streaming] HLOD chunk (-6, -12, 1): no ESM refs (all cells empty or missing)
[INFO] [streaming] HLOD chunk (-4, -16, 2): no ESM refs (all cells empty or missing)
[INFO] [streaming] HLOD chunk (-8, -16, 2): no ESM refs (all cells empty or missing)
WARNING: [WARN] [streaming] Frame overrun: 12.7ms [cellupd:0.0 unload:0.0 async:0.0 inst:12.6 promo:0.0 coll:0.0 defer:0.0 queue:0.0] (budget:8.0ms, overruns:1333)
   at: push_warning (core/variant/variant_utility.cpp:1034)
   GDScript backtrace (most recent call first):
       [0] _log (res://src/core/logging/logger.gd:80)
       [1] warn (res://src/core/logging/logger.gd:43)
       [2] _process (res://src/core/world/native_streaming_manager.gd:745)
[INFO] [impostors] Benchmark: 51208 impostors, 256 tex layers, 0 pending cells, mm_instances=51208
[INFO] [tools] Cell loaded: (-2, -3) - 0 objects (native)
ERROR: Attempting to initialize the wrong RID
   at: get_or_null (./core/templates/rid_owner.h:250)
   GDScript backtrace (most recent call first):
       [0] _cull_native (res://src/core/world/prototype_batch.gd:398)
       [1] cull_and_upload (res://src/core/world/prototype_batch.gd:327)
       [2] tick_cull_if_needed (res://src/core/world/prototype_registry.gd:271)
       [3] tick_prototype_cull (res://src/core/world/static_object_renderer.gd:308)
       [4] _process (res://src/core/world/native_streaming_manager.gd:732)
ERROR: Parameter "mem" is null.
   at: initialize_rid (./core/templates/rid_owner.h:294)
   GDScript backtrace (most recent call first):
       [0] _cull_native (res://src/core/world/prototype_batch.gd:398)
       [1] cull_and_upload (res://src/core/world/prototype_batch.gd:327)
       [2] tick_cull_if_needed (res://src/core/world/prototype_registry.gd:271)
       [3] tick_prototype_cull (res://src/core/world/static_object_renderer.gd:308)
       [4] _process (res://src/core/world/native_streaming_manager.gd:732)
ERROR: Parameter "occluder" is null.
   at: occluder_set_mesh (modules/raycast/raycast_occlusion_cull.cpp:207)
   GDScript backtrace (most recent call first):
       [0] _cull_native (res://src/core/world/prototype_batch.gd:398)
       [1] cull_and_upload (res://src/core/world/prototype_batch.gd:327)
       [2] tick_cull_if_needed (res://src/core/world/prototype_registry.gd:271)
       [3] tick_prototype_cull (res://src/core/world/static_object_renderer.gd:308)
       [4] _process (res://src/core/world/native_streaming_manager.gd:732)
ERROR: Parameter "occluder" is null.
   at: occluder_set_mesh (modules/raycast/raycast_occlusion_cull.cpp:207)
   GDScript backtrace (most recent call first):
       [0] _cull_native (res://src/core/world/prototype_batch.gd:398)
       [1] cull_and_upload (res://src/core/world/prototype_batch.gd:327)
       [2] tick_cull_if_needed (res://src/core/world/prototype_registry.gd:271)
       [3] tick_prototype_cull (res://src/core/world/static_object_renderer.gd:308)
       [4] _process (res://src/core/world/native_streaming_manager.gd:732)
ERROR: Attempting to initialize the wrong RID
   at: get_or_null (./core/templates/rid_owner.h:250)
   GDScript backtrace (most recent call first):
       [0] _cull_native (res://src/core/world/prototype_batch.gd:398)
       [1] cull_and_upload (res://src/core/world/prototype_batch.gd:327)
       [2] tick_cull_if_needed (res://src/core/world/prototype_registry.gd:271)
       [3] tick_prototype_cull (res://src/core/world/static_object_renderer.gd:308)
       [4] _process (res://src/core/world/native_streaming_manager.gd:732)
ERROR: Parameter "mem" is null.
   at: initialize_rid (./core/templates/rid_owner.h:294)
   GDScript backtrace (most recent call first):
       [0] _cull_native (res://src/core/world/prototype_batch.gd:398)
       [1] cull_and_upload (res://src/core/world/prototype_batch.gd:327)
       [2] tick_cull_if_needed (res://src/core/world/prototype_registry.gd:271)
       [3] tick_prototype_cull (res://src/core/world/static_object_renderer.gd:308)
       [4] _process (res://src/core/world/native_streaming_manager.gd:732)
ERROR: Parameter "occluder" is null.
   at: occluder_set_mesh (modules/raycast/raycast_occlusion_cull.cpp:207)
   GDScript backtrace (most recent call first):
       [0] _cull_native (res://src/core/world/prototype_batch.gd:398)
       [1] cull_and_upload (res://src/core/world/prototype_batch.gd:327)
       [2] tick_cull_if_needed (res://src/core/world/prototype_registry.gd:271)
       [3] tick_prototype_cull (res://src/core/world/static_object_renderer.gd:308)
       [4] _process (res://src/core/world/native_streaming_manager.gd:732)
ERROR: Parameter "occluder" is null.
   at: occluder_set_mesh (modules/raycast/raycast_occlusion_cull.cpp:207)
   GDScript backtrace (most recent call first):
       [0] _cull_native (res://src/core/world/prototype_batch.gd:398)
       [1] cull_and_upload (res://src/core/world/prototype_batch.gd:327)
       [2] tick_cull_if_needed (res://src/core/world/prototype_registry.gd:271)
       [3] tick_prototype_cull (res://src/core/world/static_object_renderer.gd:308)
       [4] _process (res://src/core/world/native_streaming_manager.gd:732)
[INFO] [tools] Cell loaded: (-3, -3) - 3 objects (native)
[INFO] [streaming] Door 'hlaalu_loaddoor_ 02' -> building 'ex_hlaalu_b_01' (ex_hlaalu_b_01.nif, dist=0.3m, seamless=true)
[INFO] [streaming] heartbeat sec=254 frame=4901 fps=21.6 proc=72.5ms phys=0.2ms draws=6799 objs=7980 prims=3268k loaded=121 loading=6 reg_batches=578 reg_slots=14740
WARNING: [WARN] [streaming] Frame overrun: 52.8ms [cellupd:0.0 unload:0.0 async:0.0 inst:4.0 promo:7.7 coll:0.0 defer:0.0 queue:0.0] (budget:8.0ms, overruns:1371)
   at: push_warning (core/variant/variant_utility.cpp:1034)
   GDScript backtrace (most recent call first):
       [0] _log (res://src/core/logging/logger.gd:80)
       [1] warn (res://src/core/logging/logger.gd:43)
       [2] _process (res://src/core/world/native_streaming_manager.gd:745)
[INFO] [tools] Cell loaded: (-1, -3) - 6 objects (native)
[INFO] [streaming] Door 'PrisonMarker' -> building 'DivineMarker' (marker_divine.nif, dist=1.6m, seamless=true)
[INFO] [streaming] Door 'ex_imp_loaddoor_03' -> building 'ex_imp_kdoorframe_01' (ex_imp_kdoorframe_01.nif, dist=0.9m, seamless=true)
WARNING: [WARN] [streaming] Door 'in_com_traptop_01' -> NO building found (seamless=false, non_seamless_match=false)
   at: push_warning (core/variant/variant_utility.cpp:1034)
   GDScript backtrace (most recent call first):
       [0] _log (res://src/core/logging/logger.gd:80)
       [1] warn (res://src/core/logging/logger.gd:43)
       [2] _identify_building_for_door (res://src/core/world/interior_pocket_manager.gd:572)
       [3] register_exterior_cell_doors (res://src/core/world/interior_pocket_manager.gd:421)
       [4] _on_native_cell_loaded (res://src/tools/world_explorer.gd:1936)
       [5] _process_async_completions (res://src/core/world/native_streaming_manager.gd:1565)
       [6] _process (res://src/core/world/native_streaming_manager.gd:663)
[INFO] [tools] Cell loaded: (0, -3) - 0 objects (native)
WARNING: [WARN] [streaming] Frame overrun: 59.3ms [cellupd:0.0 unload:0.0 async:0.0 inst:6.8 promo:8.2 coll:0.0 defer:0.0 queue:0.0] (budget:8.0ms, overruns:1397)
   at: push_warning (core/variant/variant_utility.cpp:1034)
   GDScript backtrace (most recent call first):
       [0] _log (res://src/core/logging/logger.gd:80)
       [1] warn (res://src/core/logging/logger.gd:43)
       [2] _process (res://src/core/world/native_streaming_manager.gd:745)
[INFO] [impostors] Benchmark: 51208 impostors, 256 tex layers, 0 pending cells, mm_instances=51208
[INFO] [streaming] heartbeat sec=259 frame=5015 fps=22.8 proc=84.1ms phys=0.2ms draws=6777 objs=7983 prims=3256k loaded=123 loading=6 reg_batches=615 reg_slots=15069
WARNING: [WARN] [streaming] Frame overrun: 85.3ms [cellupd:0.0 unload:0.0 async:0.0 inst:39.2 promo:0.0 coll:0.0 defer:0.0 queue:0.0] (budget:8.0ms, overruns:1445)
   at: push_warning (core/variant/variant_utility.cpp:1034)
   GDScript backtrace (most recent call first):
       [0] _log (res://src/core/logging/logger.gd:80)
       [1] warn (res://src/core/logging/logger.gd:43)
       [2] _process (res://src/core/world/native_streaming_manager.gd:745)
[INFO] [tools] Cell loaded: (-4, -3) - 0 objects (native)
[INFO] [streaming] Door 'ex_velothi_loaddoor_01' -> building 'ex_velothi_entrance_02' (ex_velothi_entrance_02.nif, dist=2.9m, seamless=true)
[INFO] [tools] Cell loaded: (1, -3) - 0 objects (native)
[INFO] [streaming] Door 'ex_cave_door_01' -> building 'ex_cave_entrance_ma_lava' (ex_ma_cave_entrance_lava.nif, dist=2.0m, seamless=true)
[INFO] [tools] Cell loaded: (-5, -3) - 0 objects (native)
[INFO] [impostors] Benchmark: 51208 impostors, 256 tex layers, 0 pending cells, mm_instances=51208
[INFO] [tools] Cell loaded: (-7, -4) - 0 objects (native)
[INFO] [streaming] Door 'ex_dae_door_load_oval' -> building 'ex_dae_ruin_entry.max' (ex_dae_ruin_entry.max.nif, dist=0.1m, seamless=true)
[INFO] [tools] Cell loaded: (3, -4) - 0 objects (native)
WARNING: [WARN] [streaming] Frame overrun: 56.9ms [cellupd:0.0 unload:0.0 async:0.0 inst:1.9 promo:7.7 coll:0.0 defer:0.0 queue:0.0] (budget:8.0ms, overruns:1489)
   at: push_warning (core/variant/variant_utility.cpp:1034)
   GDScript backtrace (most recent call first):
       [0] _log (res://src/core/logging/logger.gd:80)
       [1] warn (res://src/core/logging/logger.gd:43)
       [2] _process (res://src/core/world/native_streaming_manager.gd:745)
[INFO] [tools] Cell loaded: (-6, -3) - 0 objects (native)
[INFO] [tools] Cell loaded: (2, -3) - 0 objects (native)
[INFO] [streaming] heartbeat sec=264 frame=5103 fps=17.6 proc=81.7ms phys=1.7ms draws=6727 objs=7945 prims=3104k loaded=128 loading=4 reg_batches=662 reg_slots=16108
WARNING: [WARN] [streaming] Frame overrun: 56.1ms [cellupd:0.0 unload:0.0 async:0.0 inst:0.0 promo:8.1 coll:0.0 defer:0.0 queue:0.0] (budget:8.0ms, overruns:1504)
   at: push_warning (core/variant/variant_utility.cpp:1034)
   GDScript backtrace (most recent call first):
       [0] _log (res://src/core/logging/logger.gd:80)
       [1] warn (res://src/core/logging/logger.gd:43)
       [2] _process (res://src/core/world/native_streaming_manager.gd:745)
[INFO] [streaming] _update_loaded_cells: 15.4ms [grid:0.8 reclaim:0.0 unload:0.1 queue:0.0]
[INFO] [streaming] HLOD update_for_camera: 22 desired chunks, 19 active, 0 pending, 0 queued (cell=(-2, -9))
[INFO] [streaming] HLOD chunk (-6, -12, 1): no ESM refs (all cells empty or missing)
[INFO] [streaming] HLOD chunk (-4, -16, 2): no ESM refs (all cells empty or missing)
[INFO] [streaming] HLOD chunk (-8, -16, 2): no ESM refs (all cells empty or missing)
[INFO] [impostors] Benchmark: 51208 impostors, 256 tex layers, 0 pending cells, mm_instances=51208
WARNING: [Physics interpolation] Interpolated Camera3D triggered from outside physics process: "/root/StreamingDemo/FlyCamera" (possibly benign).
   at: _notification (scene/3d/camera_3d.cpp:205)
[INFO] [streaming] heartbeat sec=269 frame=5363 fps=52.0 proc=22.7ms phys=0.2ms draws=2127 objs=3396 prims=1175k loaded=128 loading=4 reg_batches=662 reg_slots=16095
[INFO] [impostors] Benchmark: 51208 impostors, 256 tex layers, 0 pending cells, mm_instances=51208
[INFO] [streaming] heartbeat sec=274 frame=5791 fps=85.6 proc=16.4ms phys=0.2ms draws=2127 objs=3396 prims=1175k loaded=128 loading=4 reg_batches=662 reg_slots=16095
[INFO] [impostors] Benchmark: 51208 impostors, 256 tex layers, 0 pending cells, mm_instances=51208
[INFO] [streaming] heartbeat sec=279 frame=6188 fps=79.4 proc=17.8ms phys=0.2ms draws=6238 objs=8208 prims=2131k loaded=128 loading=4 reg_batches=662 reg_slots=16095
[INFO] [impostors] Benchmark: 51208 impostors, 256 tex layers, 0 pending cells, mm_instances=51208
[INFO] [streaming] heartbeat sec=284 frame=6474 fps=57.2 proc=27.9ms phys=0.3ms draws=2189 objs=2972 prims=1636k loaded=128 loading=4 reg_batches=662 reg_slots=16095
[INFO] [streaming] Portal candidate: 'Seyda Neen, Arrille's Tradehouse' (dist=5.9m)
[INFO] [streaming] Portal candidate: 'Seyda Neen, Arrille's Tradehouse' (dist=5.6m)
[INFO] [streaming] Portal candidate: 'Seyda Neen, Arrille's Tradehouse' (dist=5.2m)
[INFO] [streaming] Portal candidate: 'Seyda Neen, Arrille's Tradehouse' (dist=5.0m)
[INFO] [streaming] Portal candidate: 'Seyda Neen, Arrille's Tradehouse' (dist=4.8m)
[INFO] [streaming] Portal candidate: 'Seyda Neen, Arrille's Tradehouse' (dist=4.5m)
[INFO] [streaming] Portal candidate: 'Seyda Neen, Arrille's Tradehouse' (dist=4.4m)
[INFO] [streaming] Portal candidate: 'Seyda Neen, Arrille's Tradehouse' (dist=4.1m)
[INFO] [streaming] Portal candidate: 'Seyda Neen, Arrille's Tradehouse' (dist=4.0m)
[INFO] [streaming] Portal candidate: 'Seyda Neen, Arrille's Tradehouse' (dist=3.7m)
[INFO] [streaming] Portal candidate: 'Seyda Neen, Arrille's Tradehouse' (dist=3.5m)
[INFO] [streaming] Portal candidate: 'Seyda Neen, Arrille's Tradehouse' (dist=3.2m)
[INFO] [streaming] Portal candidate: 'Seyda Neen, Arrille's Tradehouse' (dist=3.1m)
[INFO] [streaming] Portal candidate: 'Seyda Neen, Arrille's Tradehouse' (dist=2.8m)
[INFO] [streaming] Portal candidate: 'Seyda Neen, Arrille's Tradehouse' (dist=2.7m)
[INFO] [streaming] Portal candidate: 'Seyda Neen, Arrille's Tradehouse' (dist=2.5m)
[INFO] [streaming] Portal candidate: 'Seyda Neen, Arrille's Tradehouse' (dist=2.3m)
[INFO] [streaming] Portal candidate: 'Seyda Neen, Arrille's Tradehouse' (dist=2.1m)
[INFO] [streaming] Portal candidate: 'Seyda Neen, Arrille's Tradehouse' (dist=2.0m)
[INFO] [streaming] Portal candidate: 'Seyda Neen, Arrille's Tradehouse' (dist=1.8m)
[INFO] [streaming] Portal candidate: 'Seyda Neen, Arrille's Tradehouse' (dist=1.7m)
[INFO] [impostors] Benchmark: 51208 impostors, 256 tex layers, 0 pending cells, mm_instances=51208
[INFO] [streaming] Portal candidate: 'Seyda Neen, Arrille's Tradehouse' (dist=1.6m)
[INFO] [streaming] Portal candidate: 'Seyda Neen, Arrille's Tradehouse' (dist=1.5m)
[INFO] [streaming] Portal candidate: 'Seyda Neen, Arrille's Tradehouse' (dist=1.4m)
[INFO] [streaming] Portal candidate: 'Seyda Neen, Arrille's Tradehouse' (dist=1.4m)
[INFO] [streaming] Portal candidate: 'Seyda Neen, Arrille's Tradehouse' (dist=1.3m)
[INFO] [streaming] Portal candidate: 'Seyda Neen, Arrille's Tradehouse' (dist=1.4m)
[INFO] [streaming] Portal candidate: 'Seyda Neen, Arrille's Tradehouse' (dist=1.4m)
[INFO] [streaming] Portal candidate: 'Seyda Neen, Arrille's Tradehouse' (dist=1.5m)
[INFO] [streaming] Portal candidate: 'Seyda Neen, Arrille's Tradehouse' (dist=1.6m)
[INFO] [streaming] Portal candidate: 'Seyda Neen, Arrille's Tradehouse' (dist=1.7m)
[INFO] [streaming] Portal candidate: 'Seyda Neen, Arrille's Tradehouse' (dist=1.9m)
[INFO] [streaming] Portal candidate: 'Seyda Neen, Arrille's Tradehouse' (dist=2.0m)
[INFO] [streaming] Portal candidate: 'Seyda Neen, Arrille's Tradehouse' (dist=2.2m)
[INFO] [streaming] Portal candidate: 'Seyda Neen, Arrille's Tradehouse' (dist=2.3m)
[INFO] [streaming] Portal candidate: 'Seyda Neen, Arrille's Tradehouse' (dist=2.6m)
[INFO] [streaming] Portal candidate: 'Seyda Neen, Arrille's Tradehouse' (dist=2.7m)
[INFO] [streaming] Portal candidate: 'Seyda Neen, Arrille's Tradehouse' (dist=2.9m)
[INFO] [streaming] Portal candidate: 'Seyda Neen, Arrille's Tradehouse' (dist=3.1m)
[INFO] [streaming] Portal candidate: 'Seyda Neen, Arrille's Tradehouse' (dist=3.3m)
[INFO] [streaming] Portal candidate: 'Seyda Neen, Arrille's Tradehouse' (dist=3.5m)
[INFO] [streaming] Portal candidate: 'Seyda Neen, Arrille's Tradehouse' (dist=3.7m)
[INFO] [streaming] Portal candidate: 'Seyda Neen, Arrille's Tradehouse' (dist=3.8m)
[INFO] [streaming] Portal candidate: 'Seyda Neen, Arrille's Tradehouse' (dist=4.1m)
[INFO] [streaming] Portal candidate: 'Seyda Neen, Arrille's Tradehouse' (dist=4.2m)
[INFO] [streaming] Portal candidate: 'Seyda Neen, Arrille's Tradehouse' (dist=4.5m)
WARNING: [WARN] [streaming] Frame overrun: 55.1ms [cellupd:0.0 unload:0.0 async:0.0 inst:0.0 promo:7.2 coll:0.0 defer:0.1 queue:0.0] (budget:8.0ms, overruns:1519)
   at: push_warning (core/variant/variant_utility.cpp:1034)
   GDScript backtrace (most recent call first):
       [0] _log (res://src/core/logging/logger.gd:80)
       [1] warn (res://src/core/logging/logger.gd:43)
       [2] _process (res://src/core/world/native_streaming_manager.gd:745)
[INFO] [streaming] Portal candidate: 'Seyda Neen, Arrille's Tradehouse' (dist=4.6m)
[INFO] [streaming] Portal candidate: 'Seyda Neen, Arrille's Tradehouse' (dist=5.7m)
[INFO] [streaming] Portal candidate: 'Seyda Neen, Arrille's Tradehouse' (dist=5.9m)
[INFO] [streaming] Portal candidate: 'Seyda Neen, Arrille's Tradehouse' (dist=6.1m)
[INFO] [streaming] Portal candidate: 'Seyda Neen, Arrille's Tradehouse' (dist=6.3m)
[INFO] [streaming] Portal candidate: 'Seyda Neen, Arrille's Tradehouse' (dist=6.6m)
[INFO] [streaming] Portal candidate: 'Seyda Neen, Arrille's Tradehouse' (dist=6.7m)
[INFO] [streaming] Portal candidate: 'Seyda Neen, Arrille's Tradehouse' (dist=7.0m)
[INFO] [streaming] Portal candidate: 'Seyda Neen, Arrille's Tradehouse' (dist=7.2m)
[INFO] [streaming] Portal candidate: 'Seyda Neen, Arrille's Tradehouse' (dist=7.4m)
[INFO] [streaming] Portal candidate: 'Seyda Neen, Arrille's Tradehouse' (dist=7.6m)
[INFO] [streaming] Portal candidate: 'Seyda Neen, Arrille's Tradehouse' (dist=7.8m)
[INFO] [streaming] Portal candidate: 'Seyda Neen, Arrille's Tradehouse' (dist=8.0m)
[INFO] [streaming] Portal candidate: 'Seyda Neen, Arrille's Tradehouse' (dist=8.2m)
[INFO] [streaming] Portal candidate: 'Seyda Neen, Arrille's Tradehouse' (dist=8.4m)
[INFO] [streaming] Portal candidate: 'Seyda Neen, Arrille's Tradehouse' (dist=8.6m)
[INFO] [streaming] Portal candidate: 'Seyda Neen, Arrille's Tradehouse' (dist=8.8m)
[INFO] [streaming] Portal candidate: 'Seyda Neen, Arrille's Tradehouse' (dist=9.1m)
[INFO] [streaming] Portal candidate: 'Seyda Neen, Arrille's Tradehouse' (dist=9.2m)
[INFO] [streaming] Portal candidate: 'Seyda Neen, Arrille's Tradehouse' (dist=9.5m)
[INFO] [streaming] Portal candidate: 'Seyda Neen, Arrille's Tradehouse' (dist=9.6m)
[INFO] [streaming] Portal candidate: 'Seyda Neen, Arrille's Tradehouse' (dist=9.9m)
[INFO] [streaming] Portal candidate: 'Seyda Neen, Arrille's Tradehouse' (dist=10.0m)
[INFO] [streaming] Portal candidate: 'Seyda Neen, Arrille's Tradehouse' (dist=10.3m)
[INFO] [streaming] Portal candidate: 'Seyda Neen, Arrille's Tradehouse' (dist=10.4m)
[INFO] [streaming] Portal candidate: 'Seyda Neen, Arrille's Tradehouse' (dist=10.7m)
[INFO] [streaming] Portal candidate: 'Seyda Neen, Arrille's Tradehouse' (dist=10.8m)
[INFO] [streaming] Portal candidate: 'Seyda Neen, Arrille's Tradehouse' (dist=11.1m)
[INFO] [streaming] Portal candidate: 'Seyda Neen, Arrille's Tradehouse' (dist=11.2m)
[INFO] [streaming] Portal candidate: 'Seyda Neen, Arrille's Tradehouse' (dist=11.5m)
[INFO] [streaming] Portal candidate: 'Seyda Neen, Arrille's Tradehouse' (dist=11.6m)
[INFO] [streaming] Portal candidate: 'Seyda Neen, Arrille's Tradehouse' (dist=11.9m)
[INFO] [streaming] Portal candidate: 'Seyda Neen, Arrille's Tradehouse' (dist=12.0m)
[INFO] [streaming] Portal candidate: 'Seyda Neen, Arrille's Tradehouse' (dist=12.3m)
[INFO] [streaming] Portal candidate: 'Seyda Neen, Arrille's Tradehouse' (dist=12.4m)
[INFO] [streaming] Portal candidate: 'Seyda Neen, Arrille's Tradehouse' (dist=12.7m)
[INFO] [streaming] Portal candidate: 'Seyda Neen, Arrille's Tradehouse' (dist=12.8m)
[INFO] [streaming] Portal candidate: 'Seyda Neen, Arrille's Tradehouse' (dist=13.1m)
[INFO] [streaming] Portal candidate: 'Seyda Neen, Arrille's Tradehouse' (dist=13.2m)
[INFO] [streaming] Portal candidate: 'Seyda Neen, Arrille's Tradehouse' (dist=13.5m)
[INFO] [streaming] Portal candidate: 'Seyda Neen, Arrille's Tradehouse' (dist=13.6m)
[INFO] [streaming] Portal candidate: 'Seyda Neen, Arrille's Tradehouse' (dist=13.9m)
[INFO] [streaming] Portal candidate: 'Seyda Neen, Arrille's Tradehouse' (dist=14.0m)
[INFO] [streaming] Portal candidate: 'Seyda Neen, Arrille's Tradehouse' (dist=14.3m)
[INFO] [streaming] Portal candidate: 'Seyda Neen, Arrille's Tradehouse' (dist=14.4m)
[INFO] [streaming] Portal candidate: 'Seyda Neen, Arrille's Tradehouse' (dist=14.7m)
[INFO] [streaming] Portal candidate: 'Seyda Neen, Arrille's Tradehouse' (dist=15.6m)
[INFO] [streaming] Portal candidate: 'Seyda Neen, Arrille's Tradehouse' (dist=16.0m)
[INFO] [streaming] Portal candidate: 'Seyda Neen, Arrille's Tradehouse' (dist=16.1m)
[INFO] [streaming] Portal candidate: 'Seyda Neen, Arrille's Tradehouse' (dist=16.4m)
[INFO] [streaming] Portal candidate: 'Seyda Neen, Arrille's Tradehouse' (dist=16.5m)
[INFO] [streaming] Portal candidate: 'Seyda Neen, Arrille's Tradehouse' (dist=16.8m)
[INFO] [streaming] Portal candidate: 'Seyda Neen, Arrille's Tradehouse' (dist=17.0m)
[INFO] [streaming] Portal candidate: 'Seyda Neen, Arrille's Tradehouse' (dist=17.6m)
[INFO] [streaming] Portal candidate: 'Seyda Neen, Arrille's Tradehouse' (dist=17.7m)
[INFO] [streaming] Portal candidate: 'Seyda Neen, Arrille's Tradehouse' (dist=18.0m)
[INFO] [streaming] Portal candidate: 'Seyda Neen, Arrille's Tradehouse' (dist=18.1m)
[INFO] [streaming] Portal candidate: 'Seyda Neen, Arrille's Tradehouse' (dist=18.3m)
[INFO] [streaming] Portal candidate: 'Seyda Neen, Arrille's Tradehouse' (dist=18.5m)
[INFO] [streaming] Portal candidate: 'Seyda Neen, Arrille's Tradehouse' (dist=18.7m)
[INFO] [streaming] Portal candidate: 'Seyda Neen, Arrille's Tradehouse' (dist=18.9m)
[INFO] [streaming] Portal candidate: 'Seyda Neen, Arrille's Tradehouse' (dist=19.1m)
[INFO] [streaming] Portal candidate: 'Seyda Neen, Arrille's Tradehouse' (dist=19.3m)
[INFO] [streaming] Portal candidate: 'Seyda Neen, Arrille's Tradehouse' (dist=19.5m)
[INFO] [streaming] Portal candidate: 'Seyda Neen, Arrille's Tradehouse' (dist=19.7m)
[INFO] [streaming] Portal candidate: 'Seyda Neen, Arrille's Tradehouse' (dist=19.9m)
[INFO] [streaming] heartbeat sec=289 frame=6885 fps=82.2 proc=74.6ms phys=5.1ms draws=2415 objs=3781 prims=1299k loaded=128 loading=4 reg_batches=662 reg_slots=16095
WARNING: [WARN] [streaming] Frame overrun: 48.6ms [cellupd:0.0 unload:0.0 async:0.0 inst:0.0 promo:0.0 coll:0.3 defer:0.0 queue:0.0] (budget:8.0ms, overruns:1521)
   at: push_warning (core/variant/variant_utility.cpp:1034)
   GDScript backtrace (most recent call first):
       [0] _log (res://src/core/logging/logger.gd:80)
       [1] warn (res://src/core/logging/logger.gd:43)
       [2] _process (res://src/core/world/native_streaming_manager.gd:745)
WARNING: [WARN] [streaming] Frame overrun: 54.7ms [cellupd:0.0 unload:0.0 async:0.0 inst:0.0 promo:7.4 coll:0.0 defer:0.0 queue:0.0] (budget:8.0ms, overruns:1523)
   at: push_warning (core/variant/variant_utility.cpp:1034)
   GDScript backtrace (most recent call first):
       [0] _log (res://src/core/logging/logger.gd:80)
       [1] warn (res://src/core/logging/logger.gd:43)
       [2] _process (res://src/core/world/native_streaming_manager.gd:745)
[INFO] [tools] Cell unloaded: (1, -3) (native)
[INFO] [tools] Cell unloaded: (-5, -3) (native)
[INFO] [tools] Cell unloaded: (-7, -4) (native)
[INFO] [tools] Cell unloaded: (3, -4) (native)
[INFO] [tools] Cell unloaded: (-6, -3) (native)
[INFO] [tools] Cell unloaded: (2, -3) (native)
[INFO] [streaming] _update_loaded_cells: 46.3ms [grid:0.8 reclaim:0.0 unload:30.5 queue:0.1]
[INFO] [streaming] HLOD update_for_camera: 22 desired chunks, 19 active, 0 pending, 0 queued (cell=(-2, -10))
[INFO] [streaming] HLOD chunk (-2, -14, 1): no ESM refs (all cells empty or missing)
[INFO] [streaming] HLOD chunk (-6, -12, 1): no ESM refs (all cells empty or missing)
[INFO] [streaming] [POCKET] Loading 'Seyda Neen, Lighthouse' into slot 1
[INFO] [streaming] [POCKET] Cell record found: 'Seyda Neen, Lighthouse' (54 references, interior=true)
[INFO] [streaming] [POCKET] async load started (req=130) for 'Seyda Neen, Lighthouse'
[INFO] [streaming] HLOD chunk (-4, -14, 1): no ESM refs (all cells empty or missing)
[INFO] [streaming] HLOD chunk (-8, -16, 2): no ESM refs (all cells empty or missing)
[INFO] [tools] Cell loaded: (-2, -15) - 0 objects (native)
[INFO] [interaction] [DOOR_ATTACH] Ex_De_Shack_Door (dest='' teleport=false has_collision=true)
[INFO] [tools] Cell loaded: (-1, -15) - 0 objects (native)
[INFO] [interaction] [DOOR_ATTACH] Ex_De_Shack_Door (dest='' teleport=false has_collision=true)
WARNING: [WARN] [streaming] Frame overrun: 54.1ms [cellupd:0.0 unload:0.0 async:0.0 inst:4.0 promo:6.3 coll:0.0 defer:0.0 queue:0.0] (budget:8.0ms, overruns:1534)
   at: push_warning (core/variant/variant_utility.cpp:1034)
   GDScript backtrace (most recent call first):
       [0] _log (res://src/core/logging/logger.gd:80)
       [1] warn (res://src/core/logging/logger.gd:43)
       [2] _process (res://src/core/world/native_streaming_manager.gd:745)
[INFO] [tools] Cell loaded: (0, -15) - 0 objects (native)
WARNING: [WARN] [streaming] Door 'ex_cave_door_01' -> NO building found (seamless=false, non_seamless_match=true)
   at: push_warning (core/variant/variant_utility.cpp:1034)
   GDScript backtrace (most recent call first):
       [0] _log (res://src/core/logging/logger.gd:80)
       [1] warn (res://src/core/logging/logger.gd:43)
       [2] _identify_building_for_door (res://src/core/world/interior_pocket_manager.gd:572)
       [3] register_exterior_cell_doors (res://src/core/world/interior_pocket_manager.gd:421)
       [4] _on_native_cell_loaded (res://src/tools/world_explorer.gd:1936)
       [5] _process_async_completions (res://src/core/world/native_streaming_manager.gd:1565)
       [6] _process (res://src/core/world/native_streaming_manager.gd:663)
[INFO] [streaming] [POCKET] async complete: req=130 'Seyda Neen, Lighthouse' (43 children) → finish-up
[INFO] [streaming] Added lightbox: size=(13.6431, 17.0672, 18.68088) center=(-0.311574, -5.717604, 0.6415)
[INFO] [streaming] Interior pocket loaded: 'Seyda Neen, Lighthouse' (slot 1, 46 objects, 2 doors, 7 lights)
[INFO] [streaming] Portal candidate: 'Seyda Neen, Lighthouse' (dist=11.4m)
[INFO] [streaming] Portal candidate: 'Seyda Neen, Lighthouse' (dist=11.7m)
[INFO] [streaming] Portal candidate: 'Seyda Neen, Lighthouse' (dist=11.9m)
[INFO] [streaming] Portal candidate: 'Seyda Neen, Lighthouse' (dist=12.6m)
[INFO] [streaming] Portal candidate: 'Seyda Neen, Lighthouse' (dist=13.4m)
[INFO] [streaming] Portal candidate: 'Seyda Neen, Lighthouse' (dist=14.3m)
[INFO] [tools] Cell loaded: (2, -15) - 0 objects (native)
[INFO] [streaming] Portal candidate: 'Seyda Neen, Lighthouse' (dist=15.1m)
[INFO] [streaming] Portal candidate: 'Seyda Neen, Lighthouse' (dist=16.0m)
[INFO] [tools] Cell loaded: (1, -15) - 0 objects (native)
[INFO] [impostors] Benchmark: 51208 impostors, 256 tex layers, 0 pending cells, mm_instances=51208
[INFO] [streaming] Portal candidate: 'Seyda Neen, Lighthouse' (dist=16.8m)
[INFO] [tools] Cell loaded: (-7, -14) - 0 objects (native)
[INFO] [streaming] Portal candidate: 'Seyda Neen, Lighthouse' (dist=17.1m)
[INFO] [streaming] Portal candidate: 'Seyda Neen, Lighthouse' (dist=17.3m)
[INFO] [streaming] Portal candidate: 'Seyda Neen, Lighthouse' (dist=18.1m)
[INFO] [streaming] Portal candidate: 'Seyda Neen, Lighthouse' (dist=19.0m)
[INFO] [tools] Cell loaded: (3, -14) - 0 objects (native)
WARNING: [WARN] [streaming] Door 'Ex_V_palace_grate_02' -> NO building found (seamless=false, non_seamless_match=false)
   at: push_warning (core/variant/variant_utility.cpp:1034)
   GDScript backtrace (most recent call first):
       [0] _log (res://src/core/logging/logger.gd:80)
       [1] warn (res://src/core/logging/logger.gd:43)
       [2] _identify_building_for_door (res://src/core/world/interior_pocket_manager.gd:572)
       [3] register_exterior_cell_doors (res://src/core/world/interior_pocket_manager.gd:421)
       [4] _on_native_cell_loaded (res://src/tools/world_explorer.gd:1936)
       [5] _process_async_completions (res://src/core/world/native_streaming_manager.gd:1565)
       [6] _process (res://src/core/world/native_streaming_manager.gd:663)
WARNING: [WARN] [streaming] Frame overrun: 50.3ms [cellupd:0.0 unload:0.0 async:0.0 inst:0.0 promo:6.5 coll:0.0 defer:0.0 queue:0.0] (budget:8.0ms, overruns:1551)
   at: push_warning (core/variant/variant_utility.cpp:1034)
   GDScript backtrace (most recent call first):
       [0] _log (res://src/core/logging/logger.gd:80)
       [1] warn (res://src/core/logging/logger.gd:43)
       [2] _process (res://src/core/world/native_streaming_manager.gd:745)
[INFO] [streaming] heartbeat sec=294 frame=7165 fps=56.0 proc=74.2ms phys=0.9ms draws=1465 objs=2595 prims=963k loaded=129 loading=4 reg_batches=663 reg_slots=15530
WARNING: [WARN] [streaming] Frame overrun: 50.2ms [cellupd:0.0 unload:0.0 async:0.0 inst:0.0 promo:6.4 coll:0.0 defer:0.0 queue:0.0] (budget:8.0ms, overruns:1553)
   at: push_warning (core/variant/variant_utility.cpp:1034)
   GDScript backtrace (most recent call first):
       [0] _log (res://src/core/logging/logger.gd:80)
       [1] warn (res://src/core/logging/logger.gd:43)
       [2] _process (res://src/core/world/native_streaming_manager.gd:745)
WARNING: [WARN] [streaming] Frame overrun: 50.6ms [cellupd:0.0 unload:0.0 async:0.0 inst:0.0 promo:6.7 coll:0.0 defer:0.5 queue:0.0] (budget:8.0ms, overruns:1555)
   at: push_warning (core/variant/variant_utility.cpp:1034)
   GDScript backtrace (most recent call first):
       [0] _log (res://src/core/logging/logger.gd:80)
       [1] warn (res://src/core/logging/logger.gd:43)
       [2] _process (res://src/core/world/native_streaming_manager.gd:745)
WARNING: [Physics interpolation] Interpolated Camera3D triggered from outside physics process: "/root/StreamingDemo/FlyCamera" (possibly benign).
   at: _notification (scene/3d/camera_3d.cpp:205)
WARNING: [WARN] [streaming] Frame overrun: 50.6ms [cellupd:0.0 unload:0.0 async:0.0 inst:0.0 promo:6.5 coll:0.0 defer:0.0 queue:0.0] (budget:8.0ms, overruns:1556)
   at: push_warning (core/variant/variant_utility.cpp:1034)
   GDScript backtrace (most recent call first):
       [0] _log (res://src/core/logging/logger.gd:80)
       [1] warn (res://src/core/logging/logger.gd:43)
       [2] _process (res://src/core/world/native_streaming_manager.gd:745)
WARNING: [WARN] [streaming] Frame overrun: 44.2ms [cellupd:0.0 unload:0.0 async:0.0 inst:0.0 promo:0.0 coll:0.3 defer:0.0 queue:0.0] (budget:8.0ms, overruns:1557)
   at: push_warning (core/variant/variant_utility.cpp:1034)
   GDScript backtrace (most recent call first):
       [0] _log (res://src/core/logging/logger.gd:80)
       [1] warn (res://src/core/logging/logger.gd:43)
       [2] _process (res://src/core/world/native_streaming_manager.gd:745)
WARNING: [WARN] [streaming] Frame overrun: 43.6ms [cellupd:0.0 unload:0.0 async:0.0 inst:0.0 promo:0.0 coll:0.3 defer:0.0 queue:0.0] (budget:8.0ms, overruns:1558)
   at: push_warning (core/variant/variant_utility.cpp:1034)
   GDScript backtrace (most recent call first):
       [0] _log (res://src/core/logging/logger.gd:80)
       [1] warn (res://src/core/logging/logger.gd:43)
       [2] _process (res://src/core/world/native_streaming_manager.gd:745)
[INFO] [impostors] Benchmark: 51208 impostors, 256 tex layers, 0 pending cells, mm_instances=51208
WARNING: [WARN] [streaming] Frame overrun: 49.6ms [cellupd:0.0 unload:0.0 async:0.0 inst:0.0 promo:6.1 coll:0.0 defer:0.0 queue:0.0] (budget:8.0ms, overruns:1560)
   at: push_warning (core/variant/variant_utility.cpp:1034)
   GDScript backtrace (most recent call first):
       [0] _log (res://src/core/logging/logger.gd:80)
       [1] warn (res://src/core/logging/logger.gd:43)
       [2] _process (res://src/core/world/native_streaming_manager.gd:745)
[INFO] [tools] Cell unloaded: (1, -4) (native)
[INFO] [tools] Cell unloaded: (-5, -4) (native)
[INFO] [tools] Cell unloaded: (2, -4) (native)
[INFO] [tools] Cell unloaded: (-6, -4) (native)
[INFO] [tools] Cell unloaded: (3, -5) (native)
[INFO] [tools] Cell unloaded: (-7, -5) (native)
[INFO] [tools] Cell unloaded: (-2, -3) (native)
[INFO] [tools] Cell unloaded: (-3, -3) (native)
[INFO] [tools] Cell unloaded: (-1, -3) (native)
[INFO] [tools] Cell unloaded: (0, -3) (native)
[INFO] [tools] Cell unloaded: (-4, -3) (native)
[INFO] [streaming] _update_loaded_cells: 34.5ms [grid:0.8 reclaim:0.0 unload:18.9 queue:0.1]
[INFO] [streaming] HLOD update_for_camera: 23 desired chunks, 18 active, 0 pending, 0 queued (cell=(-2, -11))
[INFO] [streaming] HLOD chunk (-2, -14, 1): no ESM refs (all cells empty or missing)
[INFO] [streaming] HLOD chunk (-2, -8, 1): merging 120 inputs (skipped=0 type_rej=129 size_rej=394)
[INFO] [streaming] HLOD chunk (-4, -14, 1): no ESM refs (all cells empty or missing)
[INFO] [streaming] HLOD chunk (-4, -8, 1): merging 128 inputs (skipped=0 type_rej=79 size_rej=383)
[INFO] [streaming] heartbeat sec=299 frame=7612 fps=89.4 proc=60.1ms phys=0.2ms draws=703 objs=1623 prims=813k loaded=118 loading=4 reg_batches=663 reg_slots=15282
[INFO] [streaming] HLOD chunk (-6, -12, 1): no ESM refs (all cells empty or missing)
[INFO] [streaming] HLOD chunk (-2, -16, 1): no ESM refs (all cells empty or missing)
[INFO] [streaming] HLOD chunk (-8, -16, 2): no ESM refs (all cells empty or missing)
[INFO] [streaming] HLOD chunk (-4, -20, 2): no ESM refs (all cells empty or missing)
[INFO] [streaming] HLOD chunk (4, -16, 2): merging 16 inputs (skipped=0 type_rej=163 size_rej=1204)
[INFO] [streaming] HLOD chunk (-12, -12, 2): no ESM refs (all cells empty or missing)
[INFO] [tools] Cell loaded: (-1, -16) - 0 objects (native)
[INFO] [tools] Cell loaded: (0, -16) - 0 objects (native)
[INFO] [tools] Cell loaded: (1, -16) - 0 objects (native)
[INFO] [tools] Cell loaded: (2, -16) - 0 objects (native)
[INFO] [tools] Cell loaded: (3, -15) - 0 objects (native)
WARNING: [WARN] [streaming] Frame overrun: 44.2ms [cellupd:0.0 unload:0.0 async:0.0 inst:0.0 promo:6.3 coll:0.0 defer:0.0 queue:0.0] (budget:8.0ms, overruns:1580)
   at: push_warning (core/variant/variant_utility.cpp:1034)
   GDScript backtrace (most recent call first):
       [0] _log (res://src/core/logging/logger.gd:80)
       [1] warn (res://src/core/logging/logger.gd:43)
       [2] _process (res://src/core/world/native_streaming_manager.gd:745)
WARNING: [WARN] [streaming] Frame overrun: 43.4ms [cellupd:0.0 unload:0.0 async:0.0 inst:0.0 promo:5.7 coll:0.0 defer:0.0 queue:0.0] (budget:8.0ms, overruns:1582)
   at: push_warning (core/variant/variant_utility.cpp:1034)
   GDScript backtrace (most recent call first):
       [0] _log (res://src/core/logging/logger.gd:80)
       [1] warn (res://src/core/logging/logger.gd:43)
       [2] _process (res://src/core/world/native_streaming_manager.gd:745)
[INFO] [tools] StreamingBenchmark: CSV saved to user://benchmark_results/benchmark_2026-04-17_20-50-20.csv
[INFO] [tools] StreamingBenchmark: Events CSV saved to user://benchmark_results/events_2026-04-17_20-50-20.csv (548 events)
[INFO] [tools] ========== STREAMING BENCHMARK RESULTS ==========
Duration: 85.3s (4600 frames)

Frame Time:
  Average: 18.5ms (54 FPS)
  P50: 16.0ms
  P95: 35.6ms
  P99: 81.6ms
  Max: 141.3ms (frame 1603, segment: walk)

Time to Stable 60 FPS: 2088 frames (38.7s)

Loading:
  Peak instantiation queue: 322
  Peak loaded cells: 129
  Peak node count: 7620

Rendering:
  Average draw calls: 4319
  Peak draw calls: 12390

VRAM:
  Peak VRAM: 2556 MB
  Peak texture memory: 2270 MB

MID-Tier (StaticObjectRenderer):
  RS instances (final): 13824
  RS instances (min/max over run): 13716 / 16113
  RS instances freed during run: 2289 (cleanup working)
  Visible RS instances: 16657
  Registered mesh types: 830

Tier Transitions (Phase 5b):
  MID→NEAR promotions: 424
  NEAR→MID demotions: 60

Per-Segment Breakdown:
  settle:    avg  21.0ms  p99  34.4ms  (477 frames)
  idle:      avg  20.8ms  p99  31.3ms  (721 frames)
  walk:      avg  32.3ms  p99 108.3ms  (776 frames)
  vista:     avg  11.8ms  p99  17.4ms  (848 frames)
  pan:       avg  14.2ms  p99  24.4ms  (712 frames)
  run:       avg  14.1ms  p99  74.7ms  (1066 frames)

Streaming Events:
  visibility_drop: 485
  cell_loading: 23
  cell_loaded: 23
  cell_unloaded: 17
  Visibility drops (>5 objects): 485

Streaming Phase Timing (I/O stall analysis):
  Total streaming work: avg 6.59ms, max 304.19ms (4600 active frames)
  unload:        avg   0.01ms  max   5.15ms  ( 0.1%)
  async:         avg   0.05ms  max  14.68ms  ( 0.8%)
  instantiate:   avg   0.77ms  max  47.80ms  (11.7%)
  promote:       avg   3.38ms  max   9.88ms  (51.2%)
  collision:     avg   0.15ms  max   0.75ms  ( 2.2%)
  deferred:      avg   0.02ms  max   3.63ms  ( 0.3%)
  queue:         avg   0.02ms  max  12.29ms  ( 0.2%)
  cell_update:   avg   0.03ms  max  46.92ms  ( 0.4%)

CSV saved to: user://benchmark_results/benchmark_2026-04-17_20-50-20.csv
==================================================
[INFO] [tools] Summary JSON saved to user://benchmark_results/summary_2026-04-17_20-50-20.json
[INFO] [tools] [AUTOBENCH] flyby complete — CSV/JSON written under user://benchmark_results/
[INFO] [tools] [AUTOBENCH] scenario E (bench_teleport) — teleported to (-10,-10), sampling 20s
[INFO] [streaming] Teleport detected — re-entering startup burst mode
[INFO] [tools] Cell unloaded: (-2, -9) (native)
[INFO] [tools] Cell unloaded: (-2, -8) (native)
[INFO] [tools] Cell unloaded: (-2, -10) (native)
[INFO] [tools] Cell unloaded: (-1, -9) (native)
[INFO] [tools] Cell unloaded: (-1, -8) (native)
[INFO] [tools] Cell unloaded: (-1, -10) (native)
[INFO] [tools] Cell unloaded: (-2, -7) (native)
[INFO] [tools] Cell unloaded: (0, -9) (native)
[INFO] [tools] Cell unloaded: (-2, -11) (native)
[INFO] [tools] Cell unloaded: (-1, -7) (native)
[INFO] [tools] Cell unloaded: (-3, -7) (native)
[INFO] [tools] Cell unloaded: (0, -10) (native)
[INFO] [tools] Cell unloaded: (-1, -11) (native)
[INFO] [tools] Cell unloaded: (0, -8) (native)
[INFO] [tools] Cell unloaded: (0, -7) (native)
[INFO] [tools] Cell unloaded: (0, -11) (native)
[INFO] [tools] Cell unloaded: (-2, -12) (native)
[INFO] [tools] Cell unloaded: (1, -9) (native)
[INFO] [tools] Cell unloaded: (-2, -6) (native)
[INFO] [tools] Cell unloaded: (1, -8) (native)
[INFO] [tools] Cell unloaded: (1, -10) (native)
[INFO] [tools] Cell unloaded: (-1, -12) (native)
[INFO] [tools] Cell unloaded: (-3, -6) (native)
[INFO] [tools] Cell unloaded: (-1, -6) (native)
[INFO] [tools] Cell unloaded: (1, -11) (native)
[INFO] [tools] Cell unloaded: (0, -12) (native)
[INFO] [tools] Cell unloaded: (1, -7) (native)
[INFO] [tools] Cell unloaded: (0, -6) (native)
[INFO] [tools] Cell unloaded: (-2, -5) (native)
[INFO] [tools] Cell unloaded: (-2, -13) (native)
[INFO] [tools] Cell unloaded: (2, -9) (native)
[INFO] [tools] Cell unloaded: (2, -8) (native)
[INFO] [tools] Cell unloaded: (-1, -5) (native)
[INFO] [tools] Cell unloaded: (-3, -5) (native)
[INFO] [tools] Cell unloaded: (2, -10) (native)
[INFO] [tools] Cell unloaded: (-1, -13) (native)
[INFO] [tools] Cell unloaded: (-3, -13) (native)
[INFO] [tools] Cell unloaded: (1, -6) (native)
[INFO] [tools] Cell unloaded: (1, -12) (native)
[INFO] [tools] Cell unloaded: (0, -13) (native)
[INFO] [tools] Cell unloaded: (2, -7) (native)
[INFO] [tools] Cell unloaded: (0, -5) (native)
[INFO] [tools] Cell unloaded: (2, -11) (native)
[INFO] [tools] Cell unloaded: (-4, -5) (native)
[INFO] [tools] Cell unloaded: (1, -13) (native)
[INFO] [tools] Cell unloaded: (1, -5) (native)
[INFO] [tools] Cell unloaded: (2, -12) (native)
[INFO] [tools] Cell unloaded: (3, -9) (native)
[INFO] [tools] Cell unloaded: (-2, -4) (native)
[INFO] [tools] Cell unloaded: (2, -6) (native)
[INFO] [tools] Cell unloaded: (-2, -14) (native)
[INFO] [tools] Cell unloaded: (-3, -14) (native)
[INFO] [tools] Cell unloaded: (-1, -14) (native)
[INFO] [tools] Cell unloaded: (3, -8) (native)
[INFO] [tools] Cell unloaded: (-3, -4) (native)
[INFO] [tools] Cell unloaded: (3, -10) (native)
[INFO] [tools] Cell unloaded: (-1, -4) (native)
[INFO] [tools] Cell unloaded: (-4, -4) (native)
[INFO] [tools] Cell unloaded: (3, -11) (native)
[INFO] [tools] Cell unloaded: (0, -14) (native)
[INFO] [tools] Cell unloaded: (3, -7) (native)
[INFO] [tools] Cell unloaded: (0, -4) (native)
[INFO] [tools] Cell unloaded: (2, -13) (native)
[INFO] [tools] Cell unloaded: (2, -5) (native)
[INFO] [tools] Cell unloaded: (1, -14) (native)
[INFO] [tools] Cell unloaded: (3, -12) (native)
[INFO] [tools] Cell unloaded: (3, -6) (native)
[INFO] [tools] Cell unloaded: (3, -13) (native)
[INFO] [tools] Cell unloaded: (2, -14) (native)
[INFO] [tools] Cell unloaded: (-2, -15) (native)
[INFO] [tools] Cell unloaded: (-1, -15) (native)
[INFO] [tools] Cell unloaded: (0, -15) (native)
[INFO] [tools] Cell unloaded: (1, -15) (native)
[INFO] [tools] Cell unloaded: (2, -15) (native)
[INFO] [tools] Cell unloaded: (3, -14) (native)
[INFO] [tools] Cell unloaded: (-1, -16) (native)
[INFO] [tools] Cell unloaded: (0, -16) (native)
[INFO] [tools] Cell unloaded: (1, -16) (native)
[INFO] [tools] Cell unloaded: (2, -16) (native)
[INFO] [tools] Cell unloaded: (3, -15) (native)
[INFO] [streaming] _update_loaded_cells: 122.1ms [grid:0.8 reclaim:0.0 unload:104.9 queue:0.3]
[INFO] [tools] Cell loaded: (-10, -9) - 0 objects (native)
[INFO] [impostors] Benchmark: 51208 impostors, 256 tex layers, 0 pending cells, mm_instances=51208
[INFO] [tools] Cell loaded: (-9, -10) - 0 objects (native)
[INFO] [tools] Cell loaded: (-9, -11) - 0 objects (native)
[INFO] [tools] Cell loaded: (-9, -9) - 0 objects (native)
[INFO] [tools] Cell loaded: (-8, -10) - 0 objects (native)
[INFO] [tools] Cell loaded: (-10, -8) - 0 objects (native)
[INFO] [tools] Cell loaded: (-8, -9) - 0 objects (native)
[INFO] [tools] Cell loaded: (-9, -12) - 0 objects (native)
[INFO] [streaming] heartbeat sec=304 frame=7825 fps=42.6 proc=834.5ms phys=0.2ms draws=1608 objs=2714 prims=720k loaded=55 loading=5 reg_batches=663 reg_slots=13257
[INFO] [tools] Cell loaded: (-8, -11) - 0 objects (native)
[INFO] [tools] Cell loaded: (-9, -8) - 0 objects (native)
[INFO] [tools] Cell loaded: (-8, -12) - 0 objects (native)
[INFO] [tools] Cell loaded: (-8, -8) - 0 objects (native)
[INFO] [tools] Cell loaded: (-10, -7) - 0 objects (native)
[INFO] [tools] Cell loaded: (-9, -13) - 0 objects (native)
[INFO] [tools] Cell loaded: (-9, -7) - 0 objects (native)
[INFO] [tools] Cell loaded: (-8, -13) - 0 objects (native)
[INFO] [tools] Cell loaded: (-8, -7) - 0 objects (native)
[INFO] [tools] Cell loaded: (-10, -6) - 0 objects (native)
[INFO] [tools] Cell loaded: (-9, -6) - 0 objects (native)
[INFO] [tools] Cell loaded: (-9, -14) - 0 objects (native)
[INFO] [streaming] Startup phase complete after 23 frames, 67 cells loaded, 0 impostor cells remaining (inner ring: 11289/153 processed)
[INFO] [impostors] Queued 965 impostor cells for deferred loading (total pending: 965)
[INFO] [streaming] Deferred impostor update: 24.1ms
[INFO] [tools] Cell loaded: (-8, -14) - 0 objects (native)
[INFO] [streaming] Post-startup queue drained in 0.0s (7837 frames since loading screen)
[INFO] [tools] Cell loaded: (-8, -6) - 0 objects (native)
[INFO] [tools] Cell loaded: (-10, -5) - 0 objects (native)
[INFO] [tools] Cell loaded: (-9, -5) - 0 objects (native)
[INFO] [tools] Cell loaded: (-8, -5) - 0 objects (native)
[INFO] [tools] Cell loaded: (-15, -8) - 0 objects (native)
[INFO] [tools] Cell loaded: (-7, -5) - 2 objects (native)
WARNING: [WARN] [streaming] Frame overrun: 35.1ms [cellupd:0.0 unload:0.9 async:0.0 inst:0.0 promo:0.0 coll:0.0 defer:0.0 queue:0.0] (budget:8.0ms, overruns:1638)
   at: push_warning (core/variant/variant_utility.cpp:1034)
   GDScript backtrace (most recent call first):
       [0] _log (res://src/core/logging/logger.gd:80)
       [1] warn (res://src/core/logging/logger.gd:43)
       [2] _process (res://src/core/world/native_streaming_manager.gd:745)
[INFO] [impostors] Benchmark: 51208 impostors, 256 tex layers, 0 pending cells, mm_instances=51208
[INFO] [streaming] heartbeat sec=309 frame=8476 fps=130.2 proc=6.8ms phys=0.2ms draws=1603 objs=2580 prims=720k loaded=70 loading=1 reg_batches=663 reg_slots=3758
[INFO] [streaming] [audit +5s] fps=252 proc=11.4ms frame=0.3ms queue=0 burst=N | unload=0.0 async=0.0 inst=0.0 promo=0.2 coll=0.0 defer=0.0 (ms)
[INFO] [streaming] Evicting interior pocket: 'Seyda Neen, Arrille's Tradehouse' (slot 0)
[INFO] [streaming] Evicting interior pocket: 'Seyda Neen, Lighthouse' (slot 1)
[INFO] [impostors] Benchmark: 51208 impostors, 256 tex layers, 0 pending cells, mm_instances=51208
[INFO] [streaming] heartbeat sec=314 frame=9709 fps=246.6 proc=7.5ms phys=0.2ms draws=1387 objs=2118 prims=704k loaded=70 loading=1 reg_batches=663 reg_slots=3758
[INFO] [streaming] [audit +10s] fps=247 proc=19.6ms frame=0.3ms queue=0 burst=N | unload=0.0 async=0.0 inst=0.0 promo=0.3 coll=0.0 defer=0.0 (ms)
[INFO] [impostors] Benchmark: 51208 impostors, 256 tex layers, 0 pending cells, mm_instances=51208
[INFO] [streaming] heartbeat sec=319 frame=10962 fps=250.6 proc=7.0ms phys=0.2ms draws=1387 objs=2118 prims=704k loaded=70 loading=1 reg_batches=663 reg_slots=3758
[INFO] [streaming] [audit +15s] fps=256 proc=11.5ms frame=0.1ms queue=0 burst=N | unload=0.0 async=0.0 inst=0.0 promo=0.0 coll=0.0 defer=0.0 (ms)
[INFO] [tools] [AUTOBENCH] wrote user://benchmark_results/autobench_2026-04-17_20-30-38/bench_teleport.json (samples=21, summary={"chunks_tier_1_max":11,"chunks_tier_2_max":5,"draws_avg":1627.71428571429,"fps_avg":200.571428571429,"fps_max":264.0,"fps_min":11.0,"hlod_cells_max":16,"impostors_max":51208,"objs_avg":2586.7619047619,"registry_batches_max":663,"registry_slots_max":13824,"samples":21})
[INFO] [tools] [AUTOBENCH] hlod_disable => HLOD DISABLED — debug mode: NEAR only (0-150m), MID/HLOD/FAR off
[INFO] [streaming] Teleport detected — re-entering startup burst mode
[INFO] [tools] Cell unloaded: (-10, -9) (native)
[INFO] [tools] Cell unloaded: (-10, -8) (native)
[INFO] [tools] Cell unloaded: (-9, -12) (native)
[INFO] [tools] Cell unloaded: (-10, -7) (native)
[INFO] [tools] Cell unloaded: (-9, -13) (native)
[INFO] [tools] Cell unloaded: (-10, -6) (native)
[INFO] [tools] Cell unloaded: (-9, -6) (native)
[INFO] [tools] Cell unloaded: (-9, -14) (native)
[INFO] [tools] Cell unloaded: (-8, -14) (native)
[INFO] [tools] Cell unloaded: (-10, -5) (native)
[INFO] [tools] Cell unloaded: (-9, -5) (native)
[INFO] [tools] Cell unloaded: (-15, -8) (native)
[INFO] [streaming] _update_loaded_cells: 34.9ms [grid:1.1 reclaim:0.0 unload:14.4 queue:0.4]
WARNING: [WARN] [streaming] Frame overrun: 63.5ms [cellupd:35.7 unload:2.2 async:0.0 inst:0.0 promo:0.0 coll:0.0 defer:0.0 queue:0.0] (budget:8.0ms, overruns:1653)
   at: push_warning (core/variant/variant_utility.cpp:1034)
   GDScript backtrace (most recent call first):
       [0] _log (res://src/core/logging/logger.gd:80)
       [1] warn (res://src/core/logging/logger.gd:43)
       [2] _process (res://src/core/world/native_streaming_manager.gd:745)
[INFO] [impostors] Benchmark: 51208 impostors, 256 tex layers, 0 pending cells, mm_instances=51208
[INFO] [interaction] [DOOR_ATTACH] ex_common_door_01 (dest='Seyda Neen, Arrille's Tradehouse' teleport=true has_collision=true)
[INFO] [interaction] [DOOR_ATTACH] ex_nord_door_01-back (dest='Seyda Neen, Arrille's Tradehouse' teleport=true has_collision=true)
[INFO] [interaction] [DOOR_ATTACH] ex_nord_door_01 (dest='Seyda Neen, Fargoth's House' teleport=true has_collision=true)
[INFO] [interaction] [DOOR_ATTACH] ex_nord_door_01 (dest='Seyda Neen, Draren Thiralas' House' teleport=true has_collision=true)
[INFO] [interaction] [DOOR_ATTACH] Ex_De_Shack_Door (dest='Seyda Neen, Indrele Rathryon's Shack' teleport=true has_collision=true)
[INFO] [streaming] heartbeat sec=324 frame=12107 fps=229.0 proc=7.3ms phys=0.2ms draws=4166 objs=4942 prims=1014k loaded=60 loading=3 reg_batches=663 reg_slots=3796
[INFO] [interaction] [DOOR_ATTACH] ex_nord_door_01 (dest='Seyda Neen, Terurise Girvayne's House' teleport=true has_collision=true)
[INFO] [interaction] [DOOR_ATTACH] ex_nord_door_01 (dest='Seyda Neen, Eldafire's House' teleport=true has_collision=true)
[INFO] [interaction] [DOOR_ATTACH] Ex_De_Shack_Door (dest='Seyda Neen, Foryn Gilnith's Shack' teleport=true has_collision=true)
[INFO] [interaction] [DOOR_ATTACH] ex_nord_door_01 (dest='Seyda Neen, Vodunius Nuccius' House' teleport=true has_collision=true)
[INFO] [interaction] [DOOR_ATTACH] Ex_De_Shack_Door (dest='Seyda Neen, Erene Llenim's Shack' teleport=true has_collision=true)
[INFO] [interaction] [DOOR_ATTACH] Ex_De_Shack_Door (dest='Seyda Neen, Fine-Mouth's Shack' teleport=true has_collision=true)
[INFO] [interaction] [DOOR_ATTACH] PrisonMarker (dest='Seyda Neen, Census and Excise Office' teleport=true has_collision=true)
[INFO] [interaction] [DOOR_ATTACH] chargen door captain (dest='Seyda Neen, Census and Excise Office' teleport=true has_collision=true)
[INFO] [interaction] [DOOR_ATTACH] chargendoorjournal (dest='Seyda Neen, Census and Excise Office' teleport=true has_collision=true)
[INFO] [interaction] [DOOR_ATTACH] ex_nord_door_01 (dest='Seyda Neen, Census and Excise Office' teleport=true has_collision=true)
[INFO] [interaction] [DOOR_ATTACH] ex_nord_door_01 (dest='Seyda Neen, Census and Excise Warehouse' teleport=true has_collision=true)
[INFO] [interaction] [DOOR_ATTACH] chargen customs door (dest='Seyda Neen, Census and Excise Office' teleport=true has_collision=true)
[INFO] [interaction] [DOOR_ATTACH] ex_common_door_balcony (dest='Seyda Neen, Census and Excise Warehouse' teleport=true has_collision=true)
[INFO] [interaction] [DOOR_ATTACH] CharGen_ship_trapdoor (dest='Imperial Prison Ship' teleport=true has_collision=true)
[INFO] [streaming] Startup phase complete after 29 frames, 60 cells loaded, 0 impostor cells remaining (inner ring: 11289/153 processed)
[INFO] [impostors] Queued 965 impostor cells for deferred loading (total pending: 965)
[INFO] [streaming] Deferred impostor update: 22.9ms
[INFO] [tools] Cell loaded: (-2, -9) - 251 objects (native)
WARNING: [WARN] [streaming] Door 'CharGen_ship_trapdoor' -> NO building found (seamless=false, non_seamless_match=false)
   at: push_warning (core/variant/variant_utility.cpp:1034)
   GDScript backtrace (most recent call first):
       [0] _log (res://src/core/logging/logger.gd:80)
       [1] warn (res://src/core/logging/logger.gd:43)
       [2] _identify_building_for_door (res://src/core/world/interior_pocket_manager.gd:572)
       [3] register_exterior_cell_doors (res://src/core/world/interior_pocket_manager.gd:421)
       [4] _on_native_cell_loaded (res://src/tools/world_explorer.gd:1936)
       [5] _process_async_completions (res://src/core/world/native_streaming_manager.gd:1565)
       [6] _process (res://src/core/world/native_streaming_manager.gd:663)
[INFO] [streaming] Door 'PrisonMarker' -> building 'ex_nord_doorf_01' (ex_nord_doorf_01.nif, dist=2.2m, seamless=true)
[INFO] [streaming] Door 'chargen customs door' -> building 'ex_nord_doorf_01' (ex_nord_doorf_01.nif, dist=0.4m, seamless=true)
[INFO] [streaming] Door 'ex_nord_door_01' -> building 'ex_nord_doorf_01' (ex_nord_doorf_01.nif, dist=0.5m, seamless=true)
[INFO] [streaming] Door 'Ex_De_Shack_Door' -> building 'ex_de_shack_03' (ex_de_shack_03.nif, dist=2.8m, seamless=true)
[INFO] [streaming] Door 'ex_common_door_01' -> building 'ex_de_shack_plank_01' (ex_de_shack_plank_01.nif, dist=1.1m, seamless=true)
[INFO] [streaming] Door 'chargen door captain' -> building 'ex_nord_doorf_01' (ex_nord_doorf_01.nif, dist=0.5m, seamless=true)
[INFO] [streaming] Door 'chargendoorjournal' -> building 'ex_nord_doorf_01' (ex_nord_doorf_01.nif, dist=0.4m, seamless=true)
[INFO] [streaming] Door 'ex_nord_door_01-back' -> building 'ex_nord_doorf_01' (ex_nord_doorf_01.nif, dist=0.4m, seamless=true)
[INFO] [streaming] Door 'ex_common_door_balcony' -> building 'ex_common_balcony_01' (ex_common_balcony_01.nif, dist=0.8m, seamless=true)
[INFO] [streaming] Post-startup queue drained in 0.0s (12121 frames since loading screen)
[INFO] [streaming] [POCKET] Loading 'Seyda Neen, Arrille's Tradehouse' into slot 0
[INFO] [streaming] [POCKET] Cell record found: 'Seyda Neen, Arrille's Tradehouse' (207 references, interior=true)
[INFO] [streaming] [POCKET] async load started (req=172) for 'Seyda Neen, Arrille's Tradehouse'
[INFO] [tools] Cell loaded: (-2, -8) - 53 objects (native)
[INFO] [interaction] [DOOR_ATTACH] ex_cave_door_01 (dest='Addamasartus' teleport=true has_collision=true)
WARNING: [WARN] [streaming] Frame overrun: 31.4ms [cellupd:0.0 unload:0.0 async:0.0 inst:4.5 promo:4.4 coll:0.0 defer:0.0 queue:0.0] (budget:8.0ms, overruns:1701)
   at: push_warning (core/variant/variant_utility.cpp:1034)
   GDScript backtrace (most recent call first):
       [0] _log (res://src/core/logging/logger.gd:80)
       [1] warn (res://src/core/logging/logger.gd:43)
       [2] _process (res://src/core/world/native_streaming_manager.gd:745)
[INFO] [interaction] [DOOR_ATTACH] Ex_De_Shack_Door (dest='Seyda Neen, Lighthouse' teleport=true has_collision=true)
[INFO] [interaction] [DOOR_ATTACH] Ex_De_Shack_Door (dest='Seyda Neen, Lighthouse' teleport=true has_collision=true)
[INFO] [tools] Cell loaded: (-1, -8) - 6 objects (native)
WARNING: [WARN] [streaming] Frame overrun: 34.2ms [cellupd:0.0 unload:0.0 async:0.0 inst:11.9 promo:0.0 coll:0.0 defer:0.0 queue:0.0] (budget:8.0ms, overruns:1762)
   at: push_warning (core/variant/variant_utility.cpp:1034)
   GDScript backtrace (most recent call first):
       [0] _log (res://src/core/logging/logger.gd:80)
       [1] warn (res://src/core/logging/logger.gd:43)
       [2] _process (res://src/core/world/native_streaming_manager.gd:745)
[INFO] [tools] [AUTOBENCH] hlod_off pre-delay done, sampling 10s
[INFO] [tools] Cell loaded: (-2, -10) - 86 objects (native)
[INFO] [streaming] Door 'Ex_De_Shack_Door' -> building 'ex_common_lighthouse' (ex_common_lighthouse.nif, dist=3.9m, seamless=true)
[INFO] [impostors] Benchmark: 51208 impostors, 256 tex layers, 0 pending cells, mm_instances=51208
[INFO] [tools] Cell loaded: (-1, -9) - 95 objects (native)
[INFO] [streaming] Door 'ex_velothi_loaddoor_01' -> building 'ex_velothi_entrance_02' (ex_velothi_entrance_02.nif, dist=2.7m, seamless=true)
WARNING: [WARN] [streaming] Door 'ex_cave_door_01' -> NO building found (seamless=false, non_seamless_match=true)
   at: push_warning (core/variant/variant_utility.cpp:1034)
   GDScript backtrace (most recent call first):
       [0] _log (res://src/core/logging/logger.gd:80)
       [1] warn (res://src/core/logging/logger.gd:43)
       [2] _identify_building_for_door (res://src/core/world/interior_pocket_manager.gd:572)
       [3] register_exterior_cell_doors (res://src/core/world/interior_pocket_manager.gd:421)
       [4] _on_native_cell_loaded (res://src/tools/world_explorer.gd:1936)
       [5] _process_async_completions (res://src/core/world/native_streaming_manager.gd:1565)
       [6] _process (res://src/core/world/native_streaming_manager.gd:663)
[INFO] [tools] Cell loaded: (-1, -10) - 8 objects (native)
[INFO] [interaction] [DOOR_ATTACH] ex_nord_door_01 (dest='' teleport=false has_collision=true)
[INFO] [tools] Cell loaded: (-2, -11) - 0 objects (native)
WARNING: [WARN] [streaming] Door 'ex_de_ship_trapdoor' -> NO building found (seamless=false, non_seamless_match=false)
   at: push_warning (core/variant/variant_utility.cpp:1034)
   GDScript backtrace (most recent call first):
       [0] _log (res://src/core/logging/logger.gd:80)
       [1] warn (res://src/core/logging/logger.gd:43)
       [2] _identify_building_for_door (res://src/core/world/interior_pocket_manager.gd:572)
       [3] register_exterior_cell_doors (res://src/core/world/interior_pocket_manager.gd:421)
       [4] _on_native_cell_loaded (res://src/tools/world_explorer.gd:1936)
       [5] _process_async_completions (res://src/core/world/native_streaming_manager.gd:1565)
       [6] _process (res://src/core/world/native_streaming_manager.gd:663)
[INFO] [streaming] heartbeat sec=329 frame=12240 fps=26.6 proc=41.4ms phys=0.2ms draws=4710 objs=6070 prims=1288k loaded=69 loading=5 reg_batches=663 reg_slots=5326
[INFO] [tools] Cell loaded: (-2, -7) - 0 objects (native)
[INFO] [streaming] [audit +5s] fps=28 proc=63.5ms frame=33.9ms queue=358 burst=N | unload=0.0 async=7.6 inst=2.4 promo=0.0 coll=0.0 defer=0.0 (ms)
WARNING: [WARN] [streaming] Frame overrun: 31.6ms [cellupd:0.0 unload:0.0 async:0.0 inst:8.0 promo:0.0 coll:0.0 defer:0.0 queue:0.0] (budget:8.0ms, overruns:1802)
   at: push_warning (core/variant/variant_utility.cpp:1034)
   GDScript backtrace (most recent call first):
       [0] _log (res://src/core/logging/logger.gd:80)
       [1] warn (res://src/core/logging/logger.gd:43)
       [2] _process (res://src/core/world/native_streaming_manager.gd:745)
[INFO] [tools] Cell loaded: (0, -9) - 0 objects (native)
[INFO] [tools] Cell loaded: (0, -8) - 0 objects (native)
[INFO] [streaming] Door 'ex_nord_door_01' -> building 'ex_nord_house_03' (ex_nord_house_03.nif, dist=3.0m, seamless=true)
WARNING: [WARN] [streaming] Door 'ex_cave_door_01' -> NO building found (seamless=false, non_seamless_match=true)
   at: push_warning (core/variant/variant_utility.cpp:1034)
   GDScript backtrace (most recent call first):
       [0] _log (res://src/core/logging/logger.gd:80)
       [1] warn (res://src/core/logging/logger.gd:43)
       [2] _identify_building_for_door (res://src/core/world/interior_pocket_manager.gd:572)
       [3] register_exterior_cell_doors (res://src/core/world/interior_pocket_manager.gd:421)
       [4] _on_native_cell_loaded (res://src/tools/world_explorer.gd:1936)
       [5] _process_async_completions (res://src/core/world/native_streaming_manager.gd:1565)
       [6] _process (res://src/core/world/native_streaming_manager.gd:663)
[INFO] [streaming] Door 'ex_common_door_01' -> building 'ex_common_window_01' (ex_common_window_01.nif, dist=2.8m, seamless=true)
[INFO] [streaming] Door 'ex_nord_door_02' -> building 'ex_nord_doorrocks_01' (ex_nord_doorrocks_01.nif, dist=1.7m, seamless=true)
[INFO] [tools] Cell loaded: (-1, -11) - 0 objects (native)
WARNING: [WARN] [streaming] Door 'ex_cave_door_01' -> NO building found (seamless=false, non_seamless_match=true)
   at: push_warning (core/variant/variant_utility.cpp:1034)
   GDScript backtrace (most recent call first):
       [0] _log (res://src/core/logging/logger.gd:80)
       [1] warn (res://src/core/logging/logger.gd:43)
       [2] _identify_building_for_door (res://src/core/world/interior_pocket_manager.gd:572)
       [3] register_exterior_cell_doors (res://src/core/world/interior_pocket_manager.gd:421)
       [4] _on_native_cell_loaded (res://src/tools/world_explorer.gd:1936)
       [5] _process_async_completions (res://src/core/world/native_streaming_manager.gd:1565)
       [6] _process (res://src/core/world/native_streaming_manager.gd:663)
[INFO] [streaming] Door 'Ex_DE_ship_cabindoor' -> building 'Ex_barnacles_02' (ex_barnacles_02.nif, dist=2.7m, seamless=true)
[INFO] [tools] Cell loaded: (0, -10) - 0 objects (native)
WARNING: [WARN] [streaming] Door 'door_cavern_doors10' -> NO building found (seamless=false, non_seamless_match=true)
   at: push_warning (core/variant/variant_utility.cpp:1034)
   GDScript backtrace (most recent call first):
       [0] _log (res://src/core/logging/logger.gd:80)
       [1] warn (res://src/core/logging/logger.gd:43)
       [2] _identify_building_for_door (res://src/core/world/interior_pocket_manager.gd:572)
       [3] register_exterior_cell_doors (res://src/core/world/interior_pocket_manager.gd:421)
       [4] _on_native_cell_loaded (res://src/tools/world_explorer.gd:1936)
       [5] _process_async_completions (res://src/core/world/native_streaming_manager.gd:1565)
       [6] _process (res://src/core/world/native_streaming_manager.gd:663)
[INFO] [interaction] [DOOR_ATTACH] ex_nord_door_01 (dest='' teleport=false has_collision=true)
WARNING: [WARN] [streaming] Frame overrun: 29.9ms [cellupd:0.0 unload:0.0 async:0.0 inst:4.1 promo:0.0 coll:0.4 defer:0.0 queue:0.0] (budget:8.0ms, overruns:1849)
   at: push_warning (core/variant/variant_utility.cpp:1034)
   GDScript backtrace (most recent call first):
       [0] _log (res://src/core/logging/logger.gd:80)
       [1] warn (res://src/core/logging/logger.gd:43)
       [2] _process (res://src/core/world/native_streaming_manager.gd:745)
[INFO] [impostors] Benchmark: 51208 impostors, 256 tex layers, 0 pending cells, mm_instances=51208
[INFO] [streaming] heartbeat sec=334 frame=12384 fps=28.8 proc=47.0ms phys=0.2ms draws=4775 objs=6130 prims=1292k loaded=74 loading=5 reg_batches=663 reg_slots=6566
WARNING: [WARN] [streaming] Frame overrun: 49.0ms [cellupd:0.0 unload:0.0 async:0.0 inst:21.9 promo:0.0 coll:0.0 defer:0.0 queue:0.0] (budget:8.0ms, overruns:1910)
   at: push_warning (core/variant/variant_utility.cpp:1034)
   GDScript backtrace (most recent call first):
       [0] _log (res://src/core/logging/logger.gd:80)
       [1] warn (res://src/core/logging/logger.gd:43)
       [2] _process (res://src/core/world/native_streaming_manager.gd:745)
[INFO] [streaming] [audit +10s] fps=22 proc=55.0ms frame=49.0ms queue=263 burst=N | unload=0.0 async=0.0 inst=21.9 promo=0.0 coll=0.0 defer=0.0 (ms)
[INFO] [tools] Cell loaded: (-3, -7) - 0 objects (native)
[INFO] [streaming] Door 'ex_velothi_loaddoor_01' -> building 'ex_velothi_entrance_02' (ex_velothi_entrance_02.nif, dist=2.9m, seamless=false)
[INFO] [tools] Cell loaded: (-1, -7) - 0 objects (native)
[INFO] [streaming] Door 'ex_nord_door_01' -> building 'ex_nord_doorf_01' (ex_nord_doorf_01.nif, dist=0.5m, seamless=true)
[INFO] [tools] Cell loaded: (0, -7) - 14 objects (native)
[INFO] [streaming] Door 'PrisonMarker' -> building 'DivineMarker' (marker_divine.nif, dist=1.6m, seamless=true)
[INFO] [streaming] Door 'ex_nord_door_01' -> building 'ex_nord_doorf_01' (ex_nord_doorf_01.nif, dist=0.5m, seamless=true)
[INFO] [streaming] Door 'ex_common_door_01' -> building 'ex_common_entrance_02' (ex_common_entrance_02.nif, dist=0.2m, seamless=true)
[INFO] [streaming] Door 'Ex_imp_loaddoor_02' -> building 'ex_imp_wallent_02' (ex_imp_wallent_02.nif, dist=1.1m, seamless=true)
[INFO] [streaming] Door 'ex_imp_loaddoor_03' -> building 'ex_imp_kdoorframe_01' (ex_imp_kdoorframe_01.nif, dist=1.1m, seamless=true)
[INFO] [streaming] Door 'in_com_traptop_01' -> building 'ex_imp_towers_top_01' (ex_imp_towers_top_01.nif, dist=2.4m, seamless=true)
[INFO] [tools] Cell loaded: (0, -11) - 0 objects (native)
WARNING: [WARN] [streaming] Door 'door_cavern_doors10' -> NO building found (seamless=false, non_seamless_match=true)
   at: push_warning (core/variant/variant_utility.cpp:1034)
   GDScript backtrace (most recent call first):
       [0] _log (res://src/core/logging/logger.gd:80)
       [1] warn (res://src/core/logging/logger.gd:43)
       [2] _identify_building_for_door (res://src/core/world/interior_pocket_manager.gd:572)
       [3] register_exterior_cell_doors (res://src/core/world/interior_pocket_manager.gd:421)
       [4] _on_native_cell_loaded (res://src/tools/world_explorer.gd:1936)
       [5] _process_async_completions (res://src/core/world/native_streaming_manager.gd:1565)
       [6] _process (res://src/core/world/native_streaming_manager.gd:663)
[INFO] [streaming] [POCKET] async complete: req=172 'Seyda Neen, Arrille's Tradehouse' (138 children) → finish-up
[INFO] [streaming] Added lightbox: size=(15.33403, 22.54486, 92.44725) center=(-3.629655, 3.31273, 39.30863)
[INFO] [streaming] Interior pocket loaded: 'Seyda Neen, Arrille's Tradehouse' (slot 0, 141 objects, 2 doors, 16 lights)
[INFO] [streaming] Portal candidate: 'Seyda Neen, Arrille's Tradehouse' (dist=5.9m)
[INFO] [streaming] Portal candidate: 'Seyda Neen, Arrille's Tradehouse' (dist=5.9m)
[INFO] [streaming] Portal candidate: 'Seyda Neen, Arrille's Tradehouse' (dist=5.9m)
[INFO] [streaming] Portal candidate: 'Seyda Neen, Arrille's Tradehouse' (dist=5.9m)
[INFO] [streaming] Portal candidate: 'Seyda Neen, Arrille's Tradehouse' (dist=5.9m)
[INFO] [streaming] Portal candidate: 'Seyda Neen, Arrille's Tradehouse' (dist=5.9m)
[INFO] [streaming] Portal candidate: 'Seyda Neen, Arrille's Tradehouse' (dist=5.9m)
[INFO] [streaming] Portal candidate: 'Seyda Neen, Arrille's Tradehouse' (dist=5.9m)
[INFO] [streaming] Portal candidate: 'Seyda Neen, Arrille's Tradehouse' (dist=5.9m)
[INFO] [streaming] Portal candidate: 'Seyda Neen, Arrille's Tradehouse' (dist=5.9m)
[INFO] [streaming] Portal candidate: 'Seyda Neen, Arrille's Tradehouse' (dist=5.9m)
[INFO] [streaming] Portal candidate: 'Seyda Neen, Arrille's Tradehouse' (dist=5.9m)
[INFO] [streaming] Portal candidate: 'Seyda Neen, Arrille's Tradehouse' (dist=5.9m)
[INFO] [streaming] Portal candidate: 'Seyda Neen, Arrille's Tradehouse' (dist=5.9m)
[INFO] [streaming] Portal candidate: 'Seyda Neen, Arrille's Tradehouse' (dist=5.9m)
[INFO] [streaming] Portal candidate: 'Seyda Neen, Arrille's Tradehouse' (dist=5.9m)
[INFO] [streaming] Portal candidate: 'Seyda Neen, Arrille's Tradehouse' (dist=5.9m)
[INFO] [streaming] Portal candidate: 'Seyda Neen, Arrille's Tradehouse' (dist=5.9m)
[INFO] [streaming] Portal candidate: 'Seyda Neen, Arrille's Tradehouse' (dist=5.9m)
[INFO] [streaming] Portal candidate: 'Seyda Neen, Arrille's Tradehouse' (dist=5.9m)
[INFO] [streaming] Portal candidate: 'Seyda Neen, Arrille's Tradehouse' (dist=5.9m)
[INFO] [streaming] Portal candidate: 'Seyda Neen, Arrille's Tradehouse' (dist=5.9m)
[INFO] [streaming] Portal candidate: 'Seyda Neen, Arrille's Tradehouse' (dist=5.9m)
[INFO] [streaming] Portal candidate: 'Seyda Neen, Arrille's Tradehouse' (dist=5.9m)
[INFO] [streaming] Portal candidate: 'Seyda Neen, Arrille's Tradehouse' (dist=5.9m)
[INFO] [streaming] Portal candidate: 'Seyda Neen, Arrille's Tradehouse' (dist=5.9m)
[INFO] [streaming] Portal candidate: 'Seyda Neen, Arrille's Tradehouse' (dist=5.9m)
[INFO] [streaming] Portal candidate: 'Seyda Neen, Arrille's Tradehouse' (dist=5.9m)
[INFO] [streaming] Portal candidate: 'Seyda Neen, Arrille's Tradehouse' (dist=5.9m)
[INFO] [streaming] Portal candidate: 'Seyda Neen, Arrille's Tradehouse' (dist=5.9m)
[INFO] [streaming] Portal candidate: 'Seyda Neen, Arrille's Tradehouse' (dist=5.9m)
[INFO] [streaming] Portal candidate: 'Seyda Neen, Arrille's Tradehouse' (dist=5.9m)
[INFO] [streaming] Portal candidate: 'Seyda Neen, Arrille's Tradehouse' (dist=5.9m)
[INFO] [streaming] Portal candidate: 'Seyda Neen, Arrille's Tradehouse' (dist=5.9m)
[INFO] [streaming] Portal candidate: 'Seyda Neen, Arrille's Tradehouse' (dist=5.9m)
[INFO] [streaming] Portal candidate: 'Seyda Neen, Arrille's Tradehouse' (dist=5.9m)
[INFO] [streaming] Portal candidate: 'Seyda Neen, Arrille's Tradehouse' (dist=5.9m)
[INFO] [tools] Cell loaded: (-2, -6) - 0 objects (native)
WARNING: [WARN] [streaming] Door 'ex_cave_door_01' -> NO building found (seamless=false, non_seamless_match=true)
   at: push_warning (core/variant/variant_utility.cpp:1034)
   GDScript backtrace (most recent call first):
       [0] _log (res://src/core/logging/logger.gd:80)
       [1] warn (res://src/core/logging/logger.gd:43)
       [2] _identify_building_for_door (res://src/core/world/interior_pocket_manager.gd:572)
       [3] register_exterior_cell_doors (res://src/core/world/interior_pocket_manager.gd:421)
       [4] _on_native_cell_loaded (res://src/tools/world_explorer.gd:1936)
       [5] _process_async_completions (res://src/core/world/native_streaming_manager.gd:1565)
       [6] _process (res://src/core/world/native_streaming_manager.gd:663)
[INFO] [streaming] Portal candidate: 'Seyda Neen, Arrille's Tradehouse' (dist=5.9m)
[INFO] [tools] Cell loaded: (-2, -12) - 0 objects (native)
[INFO] [streaming] Portal candidate: 'Seyda Neen, Arrille's Tradehouse' (dist=5.9m)
[INFO] [streaming] Portal candidate: 'Seyda Neen, Arrille's Tradehouse' (dist=5.9m)
[INFO] [streaming] Portal candidate: 'Seyda Neen, Arrille's Tradehouse' (dist=5.9m)
WARNING: [WARN] [streaming] Frame overrun: 43.1ms [cellupd:0.0 unload:0.0 async:0.0 inst:15.7 promo:0.0 coll:0.0 defer:0.0 queue:0.0] (budget:8.0ms, overruns:1969)
   at: push_warning (core/variant/variant_utility.cpp:1034)
   GDScript backtrace (most recent call first):
       [0] _log (res://src/core/logging/logger.gd:80)
       [1] warn (res://src/core/logging/logger.gd:43)
       [2] _process (res://src/core/world/native_streaming_manager.gd:745)
[INFO] [streaming] Portal candidate: 'Seyda Neen, Arrille's Tradehouse' (dist=5.9m)
[INFO] [streaming] Portal candidate: 'Seyda Neen, Arrille's Tradehouse' (dist=5.9m)
[INFO] [streaming] Portal candidate: 'Seyda Neen, Arrille's Tradehouse' (dist=5.9m)
[INFO] [streaming] Portal candidate: 'Seyda Neen, Arrille's Tradehouse' (dist=5.9m)
[INFO] [tools] Cell loaded: (-1, -12) - 0 objects (native)
[INFO] [streaming] Portal candidate: 'Seyda Neen, Arrille's Tradehouse' (dist=5.9m)
[INFO] [streaming] Portal candidate: 'Seyda Neen, Arrille's Tradehouse' (dist=5.9m)
[INFO] [streaming] Portal candidate: 'Seyda Neen, Arrille's Tradehouse' (dist=5.9m)
[INFO] [streaming] Portal candidate: 'Seyda Neen, Arrille's Tradehouse' (dist=5.9m)
[INFO] [streaming] Portal candidate: 'Seyda Neen, Arrille's Tradehouse' (dist=5.9m)
[INFO] [streaming] Portal candidate: 'Seyda Neen, Arrille's Tradehouse' (dist=5.9m)
[INFO] [streaming] Portal candidate: 'Seyda Neen, Arrille's Tradehouse' (dist=5.9m)
[INFO] [streaming] Portal candidate: 'Seyda Neen, Arrille's Tradehouse' (dist=5.9m)
[INFO] [streaming] Portal candidate: 'Seyda Neen, Arrille's Tradehouse' (dist=5.9m)
[INFO] [streaming] Portal candidate: 'Seyda Neen, Arrille's Tradehouse' (dist=5.9m)
[INFO] [streaming] Portal candidate: 'Seyda Neen, Arrille's Tradehouse' (dist=5.9m)
[INFO] [streaming] Portal candidate: 'Seyda Neen, Arrille's Tradehouse' (dist=5.9m)
[INFO] [streaming] Portal candidate: 'Seyda Neen, Arrille's Tradehouse' (dist=5.9m)
[INFO] [streaming] Portal candidate: 'Seyda Neen, Arrille's Tradehouse' (dist=5.9m)
[INFO] [impostors] visibility_range_begin set to 980m (fade margin 20m)
[INFO] [tools] [AUTOBENCH] wrote user://benchmark_results/autobench_2026-04-17_20-30-38/bench_hlod_off.json (samples=11, summary={"chunks_tier_1_max":0,"chunks_tier_2_max":0,"draws_avg":4780.18181818182,"fps_avg":24.9090909090909,"fps_max":38.0,"fps_min":18.0,"hlod_cells_max":0,"impostors_max":51208,"objs_avg":6230.90909090909,"registry_batches_max":663,"registry_slots_max":7342,"samples":11})
[INFO] [tools] [AUTOBENCH] sequence complete — output dir: user://benchmark_results/autobench_2026-04-17_20-30-38 — quitting
[INFO] [streaming] Portal candidate: 'Seyda Neen, Arrille's Tradehouse' (dist=5.9m)
[INFO] [streaming] HLOD update_for_camera: 19 desired chunks, 0 active, 0 pending, 0 queued (cell=(-2, -9))
[INFO] [streaming] Portal candidate: 'Seyda Neen, Arrille's Tradehouse' (dist=5.9m)
[INFO] [streaming] HLOD chunk (0, -8, 1): merging 132 inputs (skipped=0 type_rej=127 size_rej=515)
[INFO] [streaming] HLOD chunk (-4, -12, 1): merging 5 inputs (skipped=0 type_rej=5 size_rej=12)
[INFO] [streaming] Portal candidate: 'Seyda Neen, Arrille's Tradehouse' (dist=5.9m)
[INFO] [streaming] HLOD chunk (-2, -6, 1): merging 116 inputs (skipped=0 type_rej=92 size_rej=394)
[INFO] [streaming] HLOD chunk (-6, -10, 1): merging 64 inputs (skipped=0 type_rej=73 size_rej=163)
[INFO] [impostors] Benchmark: 51208 impostors, 256 tex layers, 0 pending cells, mm_instances=51208
[INFO] [streaming] Portal candidate: 'Seyda Neen, Arrille's Tradehouse' (dist=5.9m)
[INFO] [streaming] heartbeat sec=339 frame=12481 fps=19.4 proc=60.2ms phys=0.2ms draws=4955 objs=6651 prims=2044k loaded=82 loading=6 reg_batches=663 reg_slots=7384
[INFO] [streaming] HLOD chunk (0, -12, 1): merging 36 inputs (skipped=0 type_rej=114 size_rej=485)
[INFO] [streaming] HLOD chunk (-4, -6, 1): merging 105 inputs (skipped=0 type_rej=55 size_rej=372)
[INFO] [streaming] Portal candidate: 'Seyda Neen, Arrille's Tradehouse' (dist=5.9m)
[INFO] [streaming] HLOD chunk (0, -6, 1): merging 38 inputs (skipped=0 type_rej=148 size_rej=472)
[INFO] [streaming] HLOD chunk (-6, -12, 1): no ESM refs (all cells empty or missing)
[INFO] [streaming] Portal candidate: 'Seyda Neen, Arrille's Tradehouse' (dist=5.9m)
[INFO] [streaming] HLOD chunk (2, -10, 1): merging 48 inputs (skipped=0 type_rej=107 size_rej=503)
[INFO] [streaming] HLOD chunk (2, -8, 1): merging 37 inputs (skipped=0 type_rej=116 size_rej=674)
[INFO] [streaming] Portal candidate: 'Seyda Neen, Arrille's Tradehouse' (dist=5.9m)
[INFO] [streaming] HLOD chunk (-8, -8, 2): merging 194 inputs (skipped=0 type_rej=370 size_rej=1841)
[INFO] [streaming] HLOD chunk (-4, -16, 2): no ESM refs (all cells empty or missing)
[INFO] [streaming] Portal candidate: 'Seyda Neen, Arrille's Tradehouse' (dist=5.9m)
[INFO] [streaming] HLOD chunk (-4, -4, 2): merging 195 inputs (skipped=0 type_rej=445 size_rej=1834)
[INFO] [streaming] HLOD chunk (0, -16, 2): merging 23 inputs (skipped=0 type_rej=293 size_rej=1583)
[INFO] [streaming] Portal candidate: 'Seyda Neen, Arrille's Tradehouse' (dist=5.9m)
[INFO] [streaming] HLOD chunk (-8, -16, 2): no ESM refs (all cells empty or missing)
[INFO] [streaming] HLOD chunk (0, -4, 2): merging 149 inputs (skipped=0 type_rej=313 size_rej=1578)
[INFO] [threading] BackgroundJobSystem stopped

================================================================
CrashHandlerException: Program crashed with signal 11
Engine version: Godot Engine v4.6.stable.mono.official (89cea143987d564363e15d207438530651d943ac)
Dumping the backtrace. Please include this when reporting the bug on: https://github.com/godotengine/godot/issues
[1] error(-1): no debug info in PE/COFF executable
[2] error(-1): no debug info in PE/COFF executable
[3] error(-1): no debug info in PE/COFF executable
[4] error(-1): no debug info in PE/COFF executable
[5] error(-1): no debug info in PE/COFF executable
[6] error(-1): no debug info in PE/COFF executable
[7] error(-1): no debug info in PE/COFF executable
[8] error(-1): no debug info in PE/COFF executable
[9] error(-1): no debug info in PE/COFF executable
[10] error(-1): no debug info in PE/COFF executable
[11] error(-1): no debug info in PE/COFF executable
[12] error(-1): no debug info in PE/COFF executable
[13] error(-1): no debug info in PE/COFF executable
[14] error(-1): no debug info in PE/COFF executable
[15] error(-1): no debug info in PE/COFF executable
[16] error(-1): no debug info in PE/COFF executable
[17] error(-1): no debug info in PE/COFF executable
[18] error(-1): no debug info in PE/COFF executable
[19] error(-1): no debug info in PE/COFF executable
[20] error(-1): no debug info in PE/COFF executable
[21] error(-1): no debug info in PE/COFF executable
[22] error(-1): no debug info in PE/COFF executable
[23] error(-1): no debug info in PE/COFF executable
[24] error(-1): no debug info in PE/COFF executable
[25] error(-1): no debug info in PE/COFF executable
[26] error(-1): no debug info in PE/COFF executable
[27] error(-1): no debug info in PE/COFF executable
-- END OF C++ BACKTRACE --
================================================================
