frame,time_ms,fps,node_count,draw_calls,rendered_objects,primitives,queue_size,loaded_cells,async_requests,cam_x,cam_y,cam_z,memory_static,segment,mid_instances,mid_mesh_types,vram_mb,texture_mem_mb,promoted_objects,stream_total_ms,phase_unload_us,phase_async_us,phase_inst_us,phase_promo_us,phase_coll_us,phase_defer_us,phase_queue_us,phase_cellupd_us
3214,21.50,52.0,7413,7124,8787,3248706,0,117,4,-175.5,5.0,994.7,2500695440,0,14378,795,2337.9,2098.0,424,7.10,1,17,17,6949,4,70,2,0
3215,24.43,52.0,7413,7124,8801,3248734,0,117,4,-175.5,5.0,994.7,2500705100,0,14378,795,2337.9,2098.0,424,0.46,1,39,27,5,343,2,1,0
3216,17.16,52.0,7413,7124,8801,3248734,0,117,4,-175.5,5.0,994.7,2500705300,0,14378,795,2337.9,2098.0,424,7.32,1,17,16,7221,6,3,3,0
3217,23.98,52.0,7413,7124,8801,3248734,0,117,4,-175.5,5.0,994.7,2500705620,0,14378,795,2337.9,2098.0,424,0.47,1,21,18,6,374,2,1,0
3218,17.27,52.0,7413,7124,8801,3248734,0,117,4,-175.5,5.0,994.7,2500706004,0,14378,795,2337.9,2098.0,424,7.62,2,29,34,7435,6,64,2,0
3219,49.30,52.0,7413,7124,8801,3248734,0,117,4,-175.5,5.0,994.7,2500706372,0,14378,795,2337.9,2098.0,424,0.46,1,19,17,6,372,2,2,0
3220,22.88,52.0,7413,7124,8801,3248734,0,117,4,-175.5,5.0,994.7,2500706884,0,14378,795,2337.9,2098.0,424,7.20,1,18,16,7105,5,2,1,0
3221,23.89,52.0,7413,7124,8801,3248734,0,117,4,-175.5,5.0,994.7,2500707252,0,14378,795,2337.9,2098.0,424,0.42,1,17,16,5,342,3,2,0
3222,17.18,52.0,7413,7124,8801,3248734,0,117,4,-175.5,5.0,994.7,2500707548,0,14378,795,2337.9,2098.0,424,7.23,1,18,16,7091,4,58,2,0
3223,23.65,52.0,7413,7124,8801,3248734,0,117,4,-175.5,5.0,994.7,2500707940,0,14378,795,2337.9,2098.0,424,0.61,1,27,22,11,495,3,2,0
3224,16.91,52.0,7413,7124,8801,3248734,0,117,4,-175.5,5.0,994.7,2500708292,0,14378,795,2337.9,2098.0,424,7.52,1,28,19,7405,9,4,3,0
3225,22.95,52.0,7413,7124,8801,3248734,0,117,4,-175.5,5.0,994.7,2500710652,0,14378,795,2337.9,2098.0,424,0.38,1,17,16,4,300,2,2,0
3226,16.50,52.0,7413,7124,8801,3248734,0,117,4,-175.5,5.0,994.7,2500708884,0,14378,795,2337.9,2098.0,424,7.91,1,39,28,7737,5,57,1,0
3227,23.33,52.0,7413,7124,8801,3248734,0,117,4,-175.5,5.0,994.7,2500711388,0,14378,795,2337.9,2098.0,424,0.38,1,17,16,5,306,2,1,0
3228,18.95,52.0,7413,7124,8801,3248734,0,117,4,-175.5,5.0,994.7,2500709620,0,14378,795,2337.9,2098.0,424,7.47,1,18,16,7365,7,6,6,0
3229,22.55,52.0,7413,7124,8801,3248734,0,117,4,-175.5,5.0,994.7,2500712124,0,14378,795,2337.9,2098.0,424,0.40,1,18,17,5,321,2,1,0
3230,17.73,52.0,7413,7124,8801,3248734,0,117,4,-175.5,5.0,994.7,2500710356,0,14378,795,2337.9,2098.0,424,7.83,2,30,16,7667,6,69,2,0
3231,25.11,52.0,7413,7124,8801,3248734,0,117,4,-175.5,5.0,994.7,2500710724,0,14378,795,2337.9,2098.0,424,0.39,1,17,17,5,318,2,2,0
3232,17.47,52.0,7413,7124,8801,3248734,0,117,4,-175.5,5.0,994.7,2500711164,0,14378,795,2337.9,2098.0,424,7.37,1,18,17,7286,6,3,3,0
3233,22.75,52.0,7413,7124,8801,3248734,0,117,4,-175.5,5.0,994.7,2500711676,0,14378,795,2337.9,2098.0,424,0.42,1,21,16,5,334,3,2,0
3234,19.29,52.0,7413,7124,8801,3248734,0,117,4,-175.5,5.0,994.7,2500712044,0,14378,795,2337.9,2098.0,424,7.52,1,19,15,7381,5,58,2,0
3235,23.70,52.0,7413,7124,8801,3248734,0,117,4,-175.5,5.0,994.7,2500712340,0,14378,795,2337.9,2098.0,424,0.42,0,17,16,5,340,3,2,0
3236,16.42,52.0,7413,7124,8801,3248734,0,117,4,-175.5,5.0,994.7,2500712636,0,14378,795,2337.9,2098.0,424,8.22,1,24,20,8117,0,0,0,0
3237,24.87,52.0,7413,7124,8801,3248734,0,117,4,-175.5,5.0,994.7,2500712932,0,14378,795,2337.9,2098.0,424,0.40,1,17,16,5,322,3,1,0
3238,18.19,52.0,7413,7124,8801,3248734,0,117,4,-175.5,5.0,994.7,2500713228,0,14378,795,2337.9,2098.0,424,7.64,2,19,17,7487,4,59,2,0
3239,24.13,52.0,7413,7124,8801,3248734,0,117,4,-175.5,5.0,994.7,2500713508,0,14378,795,2337.9,2098.0,424,0.40,1,16,16,6,328,2,2,0
3240,20.52,52.0,7413,7124,8801,3248734,0,117,4,-175.5,5.0,994.7,2500714236,0,14378,795,2337.9,2098.0,424,7.43,1,16,17,7347,5,3,2,0
3241,23.46,52.0,7413,7124,8801,3248734,0,117,4,-175.5,5.0,994.7,2500714100,0,14378,795,2337.9,2098.0,424,0.41,1,18,17,7,330,2,2,0
3242,18.07,52.0,7413,7124,8801,3248734,0,117,4,-175.5,5.0,994.7,2500714732,0,14378,795,2337.9,2098.0,424,7.80,1,18,16,7617,7,91,3,0
3243,24.41,52.0,7413,7124,8801,3248734,0,117,4,-175.5,5.0,994.7,2500715028,0,14378,795,2337.9,2098.0,424,0.41,1,24,16,6,315,2,2,0
3244,17.54,52.0,7413,7124,8801,3248734,0,117,4,-175.5,5.0,994.7,2500715324,0,14378,795,2337.9,2098.0,424,7.60,1,25,18,7494,7,4,2,0
3245,23.22,52.0,7413,7124,8801,3248734,0,117,4,-175.5,5.0,994.7,2500715620,0,14378,795,2337.9,2098.0,424,0.45,2,26,22,7,338,2,2,0
3246,16.70,52.0,7413,7124,8801,3248734,0,117,4,-175.5,5.0,994.7,2500715900,0,14378,795,2337.9,2098.0,424,7.73,1,17,15,7583,6,70,3,0
3247,24.15,52.0,7413,7124,8801,3248734,0,117,4,-175.5,5.0,994.7,2500718244,0,14378,795,2337.9,2098.0,424,0.37,1,17,15,5,293,3,1,0
3248,17.16,52.0,7413,7124,8801,3248734,0,117,4,-175.5,5.0,994.7,2500716492,0,14378,795,2337.9,2098.0,424,7.61,2,26,23,7489,7,4,2,0
3249,23.76,52.0,7413,7124,8801,3248734,0,117,4,-175.5,5.0,994.7,2500716788,0,14378,795,2337.9,2098.0,424,0.38,1,17,16,5,308,2,2,0
3250,17.86,52.0,7413,7124,8801,3248734,0,117,4,-175.5,5.0,994.7,2500717084,0,14378,795,2337.9,2098.0,424,7.92,1,17,16,7780,5,63,2,0
3251,25.07,52.0,7413,7124,8801,3248734,0,117,4,-175.5,5.0,994.7,2500717380,0,14378,795,2337.9,2098.0,424,0.41,1,16,15,5,331,2,1,0
3252,18.29,52.0,7413,7124,8801,3248734,0,117,4,-175.5,5.0,994.7,2500717676,0,14378,795,2337.9,2098.0,424,7.82,1,28,15,7720,7,3,2,0
3253,25.55,52.0,7413,7124,8801,3248734,0,117,4,-175.5,5.0,994.7,2500717972,0,14378,795,2337.9,2098.0,424,0.39,1,18,16,5,313,3,2,0
3254,19.89,52.0,7413,7124,8801,3248734,0,117,4,-175.5,5.0,994.7,2500718268,0,14378,795,2337.9,2098.0,424,7.04,1,22,20,6892,5,62,2,0
3255,23.87,52.0,7413,7124,8801,3248734,0,117,4,-175.5,5.0,994.7,2500718564,0,14378,795,2337.9,2098.0,424,0.42,1,25,16,13,324,2,2,0
3256,17.35,52.0,7413,7124,8801,3248734,0,117,4,-175.5,5.0,994.7,2500719364,0,14378,795,2337.9,2098.0,424,7.14,1,17,17,7055,7,3,2,0
3257,22.68,52.0,7413,7124,8801,3248734,0,117,4,-175.5,5.0,994.7,2500719644,0,14378,795,2337.9,2098.0,424,0.39,1,17,15,5,317,2,2,0
3258,17.45,46.0,7413,7124,8801,3248734,0,117,4,-175.5,5.0,994.7,2500719940,0,14378,795,2337.9,2098.0,424,7.97,1,17,17,7818,6,66,2,0
3259,24.44,46.0,7413,7124,8801,3248734,0,117,4,-175.5,5.0,994.7,2500720236,0,14378,795,2337.9,2098.0,424,0.41,0,18,16,5,327,2,1,0
3260,17.53,46.0,7413,7124,8801,3248734,0,117,4,-175.5,5.0,994.7,2500720532,0,14378,795,2337.9,2098.0,424,7.48,1,23,16,7382,7,4,3,0
3261,24.36,46.0,7413,7124,8801,3248734,0,117,4,-175.5,5.0,994.7,2500720828,0,14378,795,2337.9,2098.0,424,0.62,1,23,17,5,505,17,5,0
3262,17.03,46.0,7413,7124,8801,3248734,0,117,4,-175.5,5.0,994.7,2500721124,0,14378,795,2337.9,2098.0,424,7.31,1,17,16,7173,5,60,2,0
3263,23.37,46.0,7413,7124,8801,3248734,0,117,4,-175.5,5.0,994.7,2500721420,0,14378,795,2337.9,2098.0,424,0.47,2,27,24,8,358,2,2,0
3264,17.05,46.0,7413,7124,8801,3248734,0,117,4,-175.5,5.0,994.7,2500721716,0,14378,795,2337.9,2098.0,424,7.08,1,18,16,6979,5,3,2,0
3265,23.60,46.0,7413,7124,8801,3248734,0,117,4,-175.5,5.0,994.7,2500722012,0,14378,795,2337.9,2098.0,424,0.44,2,21,16,5,357,3,1,0
3266,16.94,46.0,7413,7124,8801,3248734,0,117,4,-175.5,5.0,994.7,2500722308,0,14378,795,2337.9,2098.0,424,7.54,1,19,17,7393,4,71,2,0
3267,24.95,46.0,7413,7124,8801,3248734,0,117,4,-175.5,5.0,994.7,2500722604,0,14378,795,2337.9,2098.0,424,0.60,2,27,24,8,486,3,2,0
3268,18.35,46.0,7413,7124,8801,3248734,0,117,4,-175.5,5.0,994.7,2500722900,0,14378,795,2337.9,2098.0,424,7.16,1,18,17,7059,7,3,2,0
3269,24.89,46.0,7413,7124,8801,3248734,0,117,4,-175.5,5.0,994.7,2500723196,0,14378,795,2337.9,2098.0,424,0.38,1,17,16,5,309,2,1,0
3270,18.90,46.0,7413,7124,8801,3248734,0,117,4,-175.5,5.0,994.7,2500723780,0,14378,795,2337.9,2098.0,424,7.31,1,17,17,7170,6,60,2,0
3271,23.76,46.0,7413,7124,8801,3248734,0,117,4,-175.5,5.0,994.7,2500723788,0,14378,795,2337.9,2098.0,424,0.40,1,18,16,5,321,6,2,0
3272,16.73,46.0,7413,7124,8801,3248734,0,117,4,-175.5,5.0,994.7,2500724068,0,14378,795,2337.9,2098.0,424,7.22,1,17,16,7141,5,3,2,0
3273,24.30,46.0,7413,7124,8801,3248734,0,117,4,-175.5,5.0,994.7,2500726396,0,14378,795,2337.9,2098.0,424,0.45,1,17,17,5,360,9,1,0
3274,17.02,46.0,7413,7124,8801,3248734,0,117,4,-175.5,5.0,994.7,2500724660,0,14378,795,2337.9,2098.0,424,7.28,2,17,15,7141,6,62,2,0
3275,23.91,46.0,7413,7124,8801,3248734,0,117,4,-175.5,5.0,994.7,2500726988,0,14378,795,2337.9,2098.0,424,0.38,1,17,16,6,299,2,2,0
3276,18.02,46.0,7413,7124,8801,3248734,0,117,4,-175.5,5.0,994.7,2500725252,0,14378,795,2337.9,2098.0,424,7.89,2,21,18,7798,6,3,2,0
3277,24.71,46.0,7413,7124,8801,3248734,0,117,4,-175.5,5.0,994.7,2500726292,0,14378,795,2337.9,2098.0,424,0.43,1,20,19,6,339,2,1,0
3278,16.64,46.0,7413,7124,8801,3248734,0,117,4,-175.5,5.0,994.7,2500726588,0,14378,795,2337.9,2098.0,424,7.54,3,26,25,7337,7,74,2,0
3279,24.49,46.0,7413,7124,8801,3248734,0,117,4,-175.5,5.0,994.7,2500726884,0,14378,795,2337.9,2098.0,424,0.41,2,23,17,5,319,3,1,0
3280,17.05,46.0,7413,7124,8801,3248734,0,117,4,-175.5,5.0,994.7,2500727180,0,14378,795,2337.9,2098.0,424,7.17,1,17,16,7089,6,2,2,0
3281,24.00,46.0,7413,7124,8801,3248734,0,117,4,-175.5,5.0,994.7,2500727476,0,14378,795,2337.9,2098.0,424,0.42,1,18,15,5,333,3,1,0
3282,17.61,46.0,7413,7124,8801,3248734,0,117,4,-175.5,5.0,994.7,2500727772,0,14378,795,2337.9,2098.0,424,7.32,1,18,16,7177,7,62,1,0
3283,24.03,46.0,7413,7124,8801,3248734,0,117,4,-175.5,5.0,994.7,2500728068,0,14378,795,2337.9,2098.0,424,0.42,1,18,16,5,344,4,2,0
3284,17.34,46.0,7413,7124,8801,3248734,0,117,4,-175.5,5.0,994.7,2500728364,0,14378,795,2337.9,2098.0,424,7.42,2,17,16,7340,6,2,3,0
3285,24.79,46.0,7413,7124,8801,3248734,0,117,4,-175.5,5.0,994.7,2500728660,0,14378,795,2337.9,2098.0,424,0.48,2,20,18,7,392,2,2,0
3286,17.27,46.0,7413,7124,8801,3248734,0,117,4,-175.5,5.0,994.7,2500728940,0,14378,795,2337.9,2098.0,424,7.39,1,24,17,7228,6,75,1,0
3287,24.14,46.0,7413,7124,8801,3248734,0,117,4,-175.5,5.0,994.7,2500729236,0,14378,795,2337.9,2098.0,424,0.41,1,22,24,6,318,2,2,0
3288,17.88,46.0,7413,7124,8801,3248734,0,117,4,-175.5,5.0,994.7,2500729532,0,14378,795,2337.9,2098.0,424,7.36,1,18,15,7274,8,3,2,0
3289,23.93,46.0,7413,7124,8801,3248734,0,117,4,-175.5,5.0,994.7,2500729828,0,14378,795,2337.9,2098.0,424,0.38,1,17,17,6,297,3,2,0
3290,17.43,46.0,7413,7124,8801,3248734,0,117,4,-175.5,5.0,994.7,2500730124,0,14378,795,2337.9,2098.0,424,7.82,1,18,16,7668,15,61,2,0
3291,24.15,46.0,7413,7124,8801,3248734,0,117,4,-175.5,5.0,994.7,2500730420,0,14378,795,2337.9,2098.0,424,0.43,0,18,16,5,351,2,2,0
3292,17.34,46.0,7413,7124,8801,3248734,0,117,4,-175.5,5.0,994.7,2500730716,0,14378,795,2337.9,2098.0,424,7.55,1,19,18,7456,6,3,2,0
3293,25.04,46.0,7413,7124,8801,3248734,0,117,4,-175.5,5.0,994.7,2500731012,0,14378,795,2337.9,2098.0,424,0.42,1,24,17,10,324,2,2,0
3294,18.44,46.0,7413,7124,8801,3248734,0,117,4,-175.5,5.0,994.7,2500731292,0,14378,795,2337.9,2098.0,424,8.16,1,21,20,8064,0,0,0,0
3295,24.43,46.0,7413,7124,8801,3248734,0,117,4,-175.5,5.0,994.7,2500733604,0,14378,795,2337.9,2098.0,424,0.43,1,24,26,6,334,3,2,0
3296,17.65,46.0,7413,7124,8801,3248734,0,117,4,-175.5,5.0,994.7,2500731884,0,14378,795,2337.9,2098.0,424,7.57,1,18,17,7476,7,3,2,0
3297,24.25,46.0,7413,7124,8801,3248734,0,117,4,-175.5,5.0,994.7,2500732180,0,14378,795,2337.9,2098.0,424,0.43,1,21,18,5,335,2,1,0
3298,20.47,46.0,7413,7124,8801,3248734,0,117,4,-175.5,5.0,994.7,2500732476,0,14378,795,2337.9,2098.0,424,7.49,1,17,16,7335,6,73,2,0
3299,25.01,46.0,7413,7124,8801,3248734,0,117,4,-175.5,5.0,994.7,2500732772,0,14378,795,2337.9,2098.0,424,0.50,1,25,23,8,376,5,2,0
3300,21.61,46.0,7413,7124,8801,3248734,0,117,4,-175.5,5.0,994.7,2500733340,0,14378,795,2337.9,2098.0,424,7.33,1,17,16,7240,7,3,2,0
3301,24.45,46.0,7413,7124,8801,3248734,0,117,4,-175.5,5.0,994.7,2500733348,0,14378,795,2337.9,2098.0,424,0.52,1,18,19,7,425,4,3,0
3302,17.22,46.0,7413,7124,8801,3248734,0,117,4,-175.5,5.0,994.7,2500733644,0,14378,795,2337.9,2098.0,424,7.16,0,18,15,7012,6,61,2,0
3303,24.43,46.0,7413,7124,8801,3248734,0,117,4,-175.5,5.0,994.7,2500733940,0,14378,795,2337.9,2098.0,424,0.38,2,18,16,5,306,3,1,0
3304,16.49,46.0,7413,7124,8801,3248734,0,117,4,-175.5,5.0,994.7,2500734236,0,14378,795,2337.9,2098.0,424,7.30,12,18,16,7181,9,4,3,0
3305,23.86,46.0,7413,7124,8801,3248734,0,117,4,-175.5,5.0,994.7,2500734532,0,14378,795,2337.9,2098.0,424,0.38,1,19,16,5,302,2,1,0
3306,17.78,48.0,7413,7124,8801,3248734,0,117,4,-175.5,5.0,994.7,2500734828,0,14378,795,2337.9,2098.0,424,7.80,2,19,17,7650,8,69,2,0
3307,24.42,48.0,7413,7124,8801,3248734,0,117,4,-175.5,5.0,994.7,2500735124,0,14378,795,2337.9,2098.0,424,0.40,1,17,15,5,311,2,1,0
3308,17.63,48.0,7413,7124,8801,3248734,0,117,4,-175.5,5.0,994.7,2500736548,0,14378,795,2337.9,2098.0,424,7.51,1,23,21,7408,7,3,2,0
3309,23.85,48.0,7413,7124,8801,3248734,0,117,4,-175.5,5.0,994.7,2500736844,0,14378,795,2337.9,2098.0,424,0.40,1,19,16,5,318,2,2,0
3310,16.75,48.0,7413,7124,8801,3248734,0,117,4,-175.5,5.0,994.7,2500737140,0,14378,795,2337.9,2098.0,424,7.50,1,17,16,7360,6,61,2,0
3311,24.22,48.0,7413,7124,8801,3248734,0,117,4,-175.5,5.0,994.7,2500737436,0,14378,795,2337.9,2098.0,424,0.51,1,22,19,6,418,2,2,0
3312,17.24,48.0,7413,7124,8801,3248734,0,117,4,-175.5,5.0,994.7,2500737716,0,14378,795,2337.9,2098.0,424,7.62,1,17,23,7527,6,3,2,0
3313,23.65,48.0,7413,7124,8801,3248734,0,117,4,-175.5,5.0,994.7,2500738012,0,14378,795,2337.9,2098.0,424,0.61,2,30,24,8,492,3,2,0
3314,34.37,48.0,7413,7124,8801,3248734,0,117,4,-175.5,5.0,994.7,2500738292,0,14378,795,2337.9,2098.0,424,7.81,1,18,17,7648,7,81,2,0
3315,24.76,48.0,7413,7124,8801,3248734,0,117,4,-175.5,5.0,994.7,2500738588,0,14378,795,2337.9,2098.0,424,0.68,2,28,25,8,548,8,5,0
3316,16.57,48.0,7413,7124,8801,3248734,0,117,4,-175.5,5.0,994.7,2500738884,0,14378,795,2337.9,2098.0,424,7.65,2,28,23,7541,5,3,2,0
3317,22.59,48.0,7413,7124,8801,3248734,0,117,4,-175.5,5.0,994.7,2500739180,0,14378,795,2337.9,2098.0,424,0.59,1,27,22,7,478,2,2,0
3318,16.94,48.0,7413,7124,8801,3248734,0,117,4,-175.5,5.0,994.7,2500739476,0,14378,795,2337.9,2098.0,424,7.61,2,26,22,7438,6,61,2,0
3319,24.01,48.0,7413,7124,8801,3248734,0,117,4,-175.5,5.0,994.7,2500739772,0,14378,795,2337.9,2098.0,424,0.41,1,18,16,5,333,3,2,0
3320,16.54,48.0,7413,7124,8801,3248734,0,117,4,-175.5,5.0,994.7,2500740068,0,14378,795,2337.9,2098.0,424,7.69,1,21,19,7592,8,3,2,0
3321,24.61,48.0,7413,7124,8801,3248734,0,117,4,-175.5,5.0,994.7,2500740364,0,14378,795,2337.9,2098.0,424,0.40,1,17,15,5,321,1,1,0
3322,16.42,48.0,7413,7124,8801,3248734,0,117,4,-175.5,5.0,994.7,2500740660,0,14378,795,2337.9,2098.0,424,7.64,1,17,23,7456,7,98,3,0
3323,24.27,48.0,7413,7124,8801,3248734,0,117,4,-175.5,5.0,994.7,2500740956,0,14378,795,2337.9,2098.0,424,0.37,1,18,15,5,294,2,2,0
3324,15.92,48.0,7413,7124,8801,3248734,0,117,4,-175.5,5.0,994.7,2500741252,0,14378,795,2337.9,2098.0,424,7.59,1,18,16,7504,6,3,2,0
3325,24.54,48.0,7413,7124,8801,3248734,0,117,4,-175.5,5.0,994.7,2500741548,0,14378,795,2337.9,2098.0,424,0.47,1,20,19,5,382,3,2,0
3326,16.24,48.0,7413,7124,8801,3248734,0,117,4,-175.5,5.0,994.7,2500741844,0,14378,795,2337.9,2098.0,424,7.41,2,19,16,7264,4,57,1,0
3327,23.82,48.0,7413,7124,8801,3248734,0,117,4,-175.5,5.0,994.7,2500742140,0,14378,795,2337.9,2098.0,424,0.40,1,18,17,5,321,3,2,0
3328,16.95,48.0,7413,7124,8801,3248734,0,117,4,-175.5,5.0,994.7,2500742420,0,14378,795,2337.9,2098.0,424,7.84,1,19,18,7746,7,3,2,0
3329,24.81,48.0,7413,7124,8801,3248734,0,117,4,-175.5,5.0,994.7,2500744700,0,14378,795,2337.9,2098.0,424,0.43,1,28,22,5,334,3,2,0
3330,19.07,48.0,7413,7124,8801,3248734,0,117,4,-175.5,5.0,994.7,2500743300,0,14378,795,2337.9,2098.0,424,7.18,1,16,16,7048,5,58,2,0
3331,23.57,48.0,7413,7124,8801,3248734,0,117,4,-175.5,5.0,994.7,2500743308,0,14378,795,2337.9,2098.0,424,0.61,1,28,24,8,494,3,2,0
3332,17.48,48.0,7413,7124,8801,3248734,0,117,4,-175.5,5.0,994.7,2500743604,0,14378,795,2337.9,2098.0,424,7.26,1,19,17,7164,7,4,2,0
3333,23.98,48.0,7413,7124,8801,3248734,0,117,4,-175.5,5.0,994.7,2500743900,0,14378,795,2337.9,2098.0,424,0.38,1,18,16,5,301,2,2,0
3334,16.74,48.0,7413,7124,8801,3248734,0,117,4,-175.5,5.0,994.7,2500744196,0,14378,795,2337.9,2098.0,424,7.50,2,19,16,7360,5,59,2,0
3335,23.65,48.0,7413,7124,8801,3248734,0,117,4,-175.5,5.0,994.7,2500744492,0,14378,795,2337.9,2098.0,424,0.45,2,24,16,5,361,2,1,0
3336,16.72,48.0,7413,7124,8801,3248734,0,117,4,-175.5,5.0,994.7,2500744788,0,14378,795,2337.9,2098.0,424,7.55,1,17,16,7463,6,3,2,0
3337,24.71,48.0,7413,7124,8801,3248734,0,117,4,-175.5,5.0,994.7,2500745084,0,14378,795,2337.9,2098.0,424,0.38,1,17,16,5,305,2,2,0
3338,16.40,48.0,7413,7124,8801,3248734,0,117,4,-175.5,5.0,994.7,2500745380,0,14378,795,2337.9,2098.0,424,7.25,1,16,16,7112,5,64,2,0
3339,23.48,48.0,7413,7124,8801,3248734,0,117,4,-175.5,5.0,994.7,2500745676,0,14378,795,2337.9,2098.0,424,0.42,1,35,16,6,320,2,2,0
3340,17.61,48.0,7413,7124,8801,3248734,0,117,4,-175.5,5.0,994.7,2500745972,0,14378,795,2337.9,2098.0,424,7.62,1,17,15,7523,8,4,3,0
3341,23.96,48.0,7413,7124,8801,3248734,0,117,4,-175.5,5.0,994.7,2500746268,0,14378,795,2337.9,2098.0,424,0.42,2,20,18,5,335,3,1,0
3342,16.04,48.0,7413,7124,8801,3248734,0,117,4,-175.5,5.0,994.7,2500746564,0,14378,795,2337.9,2098.0,424,7.43,2,22,19,7281,5,57,2,0
3343,24.90,48.0,7413,7124,8801,3248734,0,117,4,-175.5,5.0,994.7,2500746860,0,14378,795,2337.9,2098.0,424,0.46,1,17,17,5,373,3,1,0
3344,16.80,48.0,7413,7124,8801,3248734,0,117,4,-175.5,5.0,994.7,2500747140,0,14378,795,2337.9,2098.0,424,7.25,1,18,16,7164,4,3,2,0
3345,24.77,48.0,7413,7124,8801,3248734,0,117,4,-175.5,5.0,994.7,2500747436,0,14378,795,2337.9,2098.0,424,0.46,1,18,16,5,378,2,2,0
3346,16.90,48.0,7413,7124,8801,3248734,0,117,4,-175.5,5.0,994.7,2500747732,0,14378,795,2337.9,2098.0,424,7.34,1,20,35,7171,6,60,1,0
3347,24.25,48.0,7413,7124,8801,3248734,0,117,4,-175.5,5.0,994.7,2500748028,0,14378,795,2337.9,2098.0,424,0.40,1,17,16,5,320,2,2,0
3348,16.88,48.0,7413,7124,8801,3248734,0,117,4,-175.5,5.0,994.7,2500748324,0,14378,795,2337.9,2098.0,424,6.91,1,18,15,6828,6,3,3,0
3349,23.50,48.0,7413,7124,8801,3248734,0,117,4,-175.5,5.0,994.7,2500748620,0,14378,795,2337.9,2098.0,424,0.39,1,16,16,5,313,2,2,0
3350,17.87,48.0,7413,7124,8801,3248734,0,117,4,-175.5,5.0,994.7,2500748916,0,14378,795,2337.9,2098.0,424,7.37,2,34,22,7167,6,61,1,0
3351,24.72,48.0,7413,7124,8801,3248734,0,117,4,-175.5,5.0,994.7,2500749212,0,14378,795,2337.9,2098.0,424,0.39,1,17,16,5,309,1,1,0
3352,16.59,48.0,7413,7124,8801,3248734,0,117,4,-175.5,5.0,994.7,2500749508,0,14378,795,2337.9,2098.0,424,7.71,1,17,16,7627,6,3,2,0
3353,24.56,48.0,7413,7124,8801,3248734,0,117,4,-175.5,5.0,994.7,2500749804,0,14378,795,2337.9,2098.0,424,0.40,1,19,17,5,314,2,2,0
3354,18.55,48.0,7413,7124,8801,3248734,0,117,4,-175.5,5.0,994.7,2500750084,0,14378,795,2337.9,2098.0,424,7.38,1,27,25,7200,4,72,1,0
3355,23.39,48.0,7413,7124,8801,3248734,0,117,4,-175.5,5.0,994.7,2500754028,0,14378,795,2337.9,2098.0,424,0.39,1,18,16,5,296,2,2,0
3356,17.18,48.0,7413,7124,8801,3248734,0,117,4,-175.5,5.0,994.7,2500752356,0,14378,795,2337.9,2098.0,424,7.42,1,145,25,7187,5,3,2,0
3357,24.23,48.0,7413,7124,8801,3248734,0,117,4,-175.5,5.0,994.7,2500752652,0,14378,795,2337.9,2098.0,424,0.43,1,18,16,5,350,2,2,0
3358,18.09,48.0,7413,7124,8801,3248734,0,117,4,-175.5,5.0,994.7,2500752948,0,14378,795,2337.9,2098.0,424,7.30,1,17,16,7148,6,66,3,0
3359,23.89,48.0,7413,7124,8801,3248734,0,117,4,-175.5,5.0,994.7,2500753244,0,14378,795,2337.9,2098.0,424,0.51,1,16,20,14,405,4,2,0
3360,19.43,48.0,7413,7124,8801,3248734,0,117,4,-175.5,5.0,994.7,2500755796,0,14378,795,2337.9,2098.0,424,7.14,1,15,19,7056,5,3,2,0
3361,23.60,48.0,7413,7124,8801,3248734,0,117,4,-175.5,5.0,994.7,2500753852,0,14378,795,2337.9,2098.0,424,0.50,1,18,27,7,384,4,2,0
3362,16.65,48.0,7413,7124,8801,3248734,0,117,4,-175.5,5.0,994.7,2500754148,0,14378,795,2337.9,2098.0,424,7.21,1,21,22,7064,5,59,2,0
3363,23.67,48.0,7413,7124,8801,3248734,0,117,4,-175.5,5.0,994.7,2500754444,0,14378,795,2337.9,2098.0,424,0.41,1,19,17,5,330,2,2,0
3364,16.91,48.0,7413,7124,8801,3248734,0,117,4,-175.5,5.0,994.7,2500754740,0,14378,795,2337.9,2098.0,424,7.48,2,17,15,7394,7,2,2,0
3365,24.41,48.0,7413,7124,8801,3248734,0,117,4,-175.5,5.0,994.7,2500755036,0,14378,795,2337.9,2098.0,424,0.39,2,18,16,5,316,2,1,0
3366,16.81,48.0,7413,7124,8801,3248734,0,117,4,-175.5,5.0,994.7,2500755332,0,14378,795,2337.9,2098.0,424,7.00,1,17,17,6867,5,57,2,0
3367,24.40,48.0,7413,7124,8801,3248734,0,117,4,-175.5,5.0,994.7,2500755628,0,14378,795,2337.9,2098.0,424,0.59,1,25,23,8,483,2,2,0
3368,17.72,48.0,7413,7124,8801,3248734,0,117,4,-175.5,5.0,994.7,2500755924,0,14378,795,2337.9,2098.0,424,7.23,1,18,16,7149,6,2,2,0
3369,23.31,48.0,7413,7124,8801,3248734,0,117,4,-175.5,5.0,994.7,2500756220,0,14378,795,2337.9,2098.0,424,0.42,1,20,15,4,335,4,4,0
3370,16.72,48.0,7413,7124,8801,3248734,0,117,4,-175.5,5.0,994.7,2500756500,0,14378,795,2337.9,2098.0,424,7.48,1,18,16,7334,6,68,2,0
3371,23.18,48.0,7413,7124,8801,3248734,0,117,4,-175.5,5.0,994.7,2500758764,0,14378,795,2337.9,2098.0,424,0.40,2,19,16,5,313,2,2,0
3372,17.23,48.0,7413,7124,8801,3248734,0,117,4,-175.5,5.0,994.7,2500757092,0,14378,795,2337.9,2098.0,424,7.58,0,17,16,7489,7,3,2,0
3373,23.58,48.0,7413,7124,8801,3248734,0,117,4,-175.5,5.0,994.7,2500759356,0,14378,795,2337.9,2098.0,424,0.40,1,18,16,5,323,2,2,0
3374,17.62,48.0,7413,7124,8801,3248734,0,117,4,-175.5,5.0,994.7,2500757684,0,14378,795,2337.9,2098.0,424,8.06,1,16,16,7988,0,0,0,0
3375,24.02,48.0,7413,7124,8801,3248734,0,117,4,-175.5,5.0,994.7,2500757980,0,14378,795,2337.9,2098.0,424,0.38,1,17,16,5,304,3,2,0
3376,16.41,48.0,7413,7124,8801,3248734,0,117,4,-175.5,5.0,994.7,2500758276,0,14378,795,2337.9,2098.0,424,7.60,1,82,17,7451,6,3,2,0
3377,24.99,48.0,7413,7124,8801,3248734,0,117,4,-175.5,5.0,994.7,2500758572,0,14378,795,2337.9,2098.0,424,0.40,1,18,17,5,324,2,2,0
3378,16.63,48.0,7413,7124,8801,3248734,0,117,4,-175.5,5.0,994.7,2500758868,0,14378,795,2337.9,2098.0,424,7.50,1,17,16,7288,8,116,3,0
3379,24.00,48.0,7413,7124,8801,3248734,0,117,4,-175.5,5.0,994.7,2500759164,0,14378,795,2337.9,2098.0,424,0.44,1,18,17,5,344,2,1,0
3380,17.34,48.0,7413,7124,8801,3248734,0,117,4,-175.5,5.0,994.7,2500759460,0,14378,795,2337.9,2098.0,424,8.01,1,20,19,7932,0,0,0,0
3381,23.62,48.0,7413,7124,8801,3248734,0,117,4,-175.5,5.0,994.7,2500759756,0,14378,795,2337.9,2098.0,424,0.38,1,18,16,5,305,2,2,0
3382,16.91,48.0,7413,7124,8801,3248734,0,117,4,-175.5,5.0,994.7,2500760052,0,14378,795,2337.9,2098.0,424,7.07,1,19,19,6919,3,54,2,0
3383,23.57,48.0,7413,7124,8801,3248734,0,117,4,-175.5,5.0,994.7,2500760348,0,14378,795,2337.9,2098.0,424,0.40,2,18,16,6,328,2,2,0
3384,16.92,48.0,7413,7124,8801,3248734,0,117,4,-175.5,5.0,994.7,2500760628,0,14378,795,2337.9,2098.0,424,7.46,1,17,16,7369,7,4,3,0
3385,24.03,48.0,7413,7124,8801,3248734,0,117,4,-175.5,5.0,994.7,2500760924,0,14378,795,2337.9,2098.0,424,0.56,2,26,23,8,443,2,1,0
3386,16.91,48.0,7413,7124,8801,3248734,0,117,4,-175.5,5.0,994.7,2500761220,0,14378,795,2337.9,2098.0,424,7.30,3,21,16,7139,7,61,2,0
3387,23.67,48.0,7413,7124,8801,3248734,0,117,4,-175.5,5.0,994.7,2500761516,0,14378,795,2337.9,2098.0,424,0.40,1,18,16,5,319,3,2,0
3388,16.92,48.0,7413,7124,8801,3248734,0,117,4,-175.5,5.0,994.7,2500761812,0,14378,795,2337.9,2098.0,424,7.14,1,17,16,7065,4,2,2,0
3389,22.84,48.0,7413,7124,8801,3248734,0,117,4,-175.5,5.0,994.7,2500762108,0,14378,795,2337.9,2098.0,424,0.42,1,17,16,5,342,3,1,0
3390,18.55,48.0,7413,7124,8801,3248734,0,117,4,-175.5,5.0,994.7,2500762692,0,14378,795,2337.9,2098.0,424,7.61,1,16,15,7465,7,74,2,0
3391,24.28,48.0,7413,7124,8801,3248734,0,117,4,-175.5,5.0,994.7,2500762700,0,14378,795,2337.9,2098.0,424,0.40,1,18,15,5,325,3,1,0
3392,17.00,48.0,7413,7124,8801,3248734,0,117,4,-175.5,5.0,994.7,2500762996,0,14378,795,2337.9,2098.0,424,7.38,1,17,16,7301,6,3,1,0
3393,22.85,48.0,7413,7124,8801,3248734,0,117,4,-175.5,5.0,994.7,2500763292,0,14378,795,2337.9,2098.0,424,0.48,1,33,22,6,378,3,2,0
3394,16.82,48.0,7413,7124,8801,3248734,0,117,4,-175.5,5.0,994.7,2500763588,0,14378,795,2337.9,2098.0,424,7.10,1,17,16,6957,5,67,2,0
3395,23.09,48.0,7413,7124,8801,3248734,0,117,4,-175.5,5.0,994.7,2500763884,0,14378,795,2337.9,2098.0,424,0.42,1,19,17,5,336,2,2,0
3396,16.53,48.0,7413,7124,8801,3248734,0,117,4,-175.5,5.0,994.7,2500764164,0,14378,795,2337.9,2098.0,424,7.45,1,20,18,7359,6,3,2,0
3397,25.07,48.0,7413,7124,8801,3248734,0,117,4,-175.5,5.0,994.7,2500766412,0,14378,795,2337.9,2098.0,424,0.57,2,33,23,7,451,2,2,0
3398,17.16,48.0,7413,7124,8801,3248734,0,117,4,-175.5,5.0,994.7,2500764756,0,14378,795,2337.9,2098.0,424,7.16,2,17,23,7022,5,59,2,0
3399,24.40,48.0,7413,7124,8801,3248734,0,117,4,-175.5,5.0,994.7,2500765052,0,14378,795,2337.9,2098.0,424,0.40,1,17,16,5,314,2,2,0
3400,17.38,48.0,7413,7124,8801,3248734,0,117,4,-175.5,5.0,994.7,2500765348,0,14378,795,2337.9,2098.0,424,7.01,1,18,16,6928,5,2,2,0
3401,23.49,48.0,7413,7124,8801,3248734,0,117,4,-175.5,5.0,994.7,2500765644,0,14378,795,2337.9,2098.0,424,0.41,1,27,17,6,326,3,2,0
3402,16.49,48.0,7413,7124,8801,3248734,0,117,4,-175.5,5.0,994.7,2500765940,0,14378,795,2337.9,2098.0,424,7.38,1,17,16,7195,7,96,2,0
3403,23.36,48.0,7413,7124,8801,3248734,0,117,4,-175.5,5.0,994.7,2500766236,0,14378,795,2337.9,2098.0,424,0.44,1,19,18,5,353,2,1,0
3404,16.99,48.0,7413,7124,8801,3248734,0,117,4,-175.5,5.0,994.7,2500766532,0,14378,795,2337.9,2098.0,424,6.96,1,17,17,6874,5,3,1,0
3405,24.82,48.0,7413,7124,8801,3248734,0,117,4,-175.5,5.0,994.7,2500766828,0,14378,795,2337.9,2098.0,424,0.40,1,16,16,5,322,2,1,0
3406,18.00,48.0,7413,7124,8801,3248734,0,117,4,-175.5,5.0,994.7,2500767124,0,14378,795,2337.9,2098.0,424,8.07,2,26,23,7967,0,0,0,0
3407,23.96,48.0,7413,7124,8801,3248734,0,117,4,-175.5,5.0,994.7,2500767420,0,14378,795,2337.9,2098.0,424,0.39,1,18,23,5,305,3,1,0
3408,17.11,48.0,7413,7124,8801,3248734,0,117,4,-175.5,5.0,994.7,2500767700,0,14378,795,2337.9,2098.0,424,7.67,1,19,17,7569,4,2,4,0
3409,24.25,48.0,7413,7124,8801,3248734,0,117,4,-175.5,5.0,994.7,2500767996,0,14378,795,2337.9,2098.0,424,0.37,1,16,16,5,296,2,2,0
3410,18.93,48.0,7413,7124,8801,3248734,0,117,4,-175.5,5.0,994.7,2500768276,0,14378,795,2337.9,2098.0,424,8.09,2,29,24,7981,0,0,0,0
3411,47.55,48.0,7413,7124,8801,3248734,0,117,4,-175.5,5.0,994.7,2500768572,0,14378,795,2337.9,2098.0,424,0.38,1,18,16,6,306,2,2,0
3412,22.05,48.0,7413,7124,8801,3248734,0,117,4,-175.5,5.0,994.7,2500768868,0,14378,795,2337.9,2098.0,424,7.46,1,17,16,7376,5,3,2,0
3413,24.36,48.0,7413,7124,8801,3248734,0,117,4,-175.5,5.0,994.7,2500769148,0,14378,795,2337.9,2098.0,424,0.39,1,16,16,5,313,2,1,0
3414,16.38,48.0,7413,7124,8801,3248734,0,117,4,-175.5,5.0,994.7,2500769444,0,14378,795,2337.9,2098.0,424,7.30,1,17,16,7172,4,58,2,0
3415,22.86,48.0,7413,7124,8801,3248734,0,117,4,-175.5,5.0,994.7,2500769740,0,14378,795,2337.9,2098.0,424,0.39,2,17,17,5,312,3,2,0
3416,17.60,48.0,7413,7124,8801,3248734,0,117,4,-175.5,5.0,994.7,2500770036,0,14378,795,2337.9,2098.0,424,7.79,1,20,18,7701,6,3,3,0
3417,23.77,48.0,7413,7124,8801,3248734,0,117,4,-175.5,5.0,994.7,2500770332,0,14378,795,2337.9,2098.0,424,0.45,1,18,15,5,375,2,2,0
3418,17.71,48.0,7413,7124,8801,3248734,0,117,4,-175.5,5.0,994.7,2500770628,0,14378,795,2337.9,2098.0,424,7.38,2,28,23,7223,5,57,2,0
3419,24.28,48.0,7413,7124,8801,3248734,0,117,4,-175.5,5.0,994.7,2500770924,0,14378,795,2337.9,2098.0,424,0.41,1,18,16,5,317,2,2,0
3420,20.41,48.0,7413,7124,8801,3248734,0,117,4,-175.5,5.0,994.7,2500771508,0,14378,795,2337.9,2098.0,424,7.32,1,15,16,7238,5,3,2,0
3421,24.73,48.0,7413,7124,8801,3248734,0,117,4,-175.5,5.0,994.7,2500771516,0,14378,795,2337.9,2098.0,424,0.59,2,27,23,8,473,3,3,0
3422,17.50,48.0,7413,7124,8801,3248734,0,117,4,-175.5,5.0,994.7,2500771812,0,14378,795,2337.9,2098.0,424,7.58,1,26,19,7380,7,100,3,0
3423,23.16,48.0,7413,7124,8801,3248734,0,117,4,-175.5,5.0,994.7,2500772108,0,14378,795,2337.9,2098.0,424,0.40,1,27,18,5,310,3,2,0
3424,16.85,48.0,7413,7124,8801,3248734,0,117,4,-175.5,5.0,994.7,2500772388,0,14378,795,2337.9,2098.0,424,7.47,1,18,16,7379,5,3,2,0
3425,22.71,48.0,7413,7124,8801,3248734,0,117,4,-175.5,5.0,994.7,2500777124,0,14378,795,2337.9,2098.0,424,0.41,2,20,16,5,302,3,2,0
3426,18.26,48.0,7413,7124,8801,3248734,0,117,4,-175.5,5.0,994.7,2500775500,0,14378,795,2337.9,2098.0,424,7.03,1,17,16,6897,5,59,3,0
3427,23.29,48.0,7413,7124,8801,3248734,0,117,4,-175.5,5.0,994.7,2500777716,0,14378,795,2337.9,2098.0,424,0.47,1,19,17,6,383,2,1,0
3428,18.86,48.0,7413,7124,8801,3248734,0,117,4,-175.5,5.0,994.7,2500776092,0,14378,795,2337.9,2098.0,424,7.28,1,18,17,7192,6,3,2,0
3429,24.01,48.0,7413,7124,8801,3248734,0,117,4,-175.5,5.0,994.7,2500776388,0,14378,795,2337.9,2098.0,424,0.40,1,28,16,5,304,2,2,0
3430,17.34,48.0,7413,7124,8801,3248734,0,117,4,-175.5,5.0,994.7,2500776684,0,14378,795,2337.9,2098.0,424,7.79,1,18,17,7644,7,64,2,0
3431,23.85,48.0,7413,7124,8801,3248734,0,117,4,-175.5,5.0,994.7,2500776980,0,14378,795,2337.9,2098.0,424,0.47,1,21,18,6,379,2,1,0
3432,18.35,48.0,7413,7124,8801,3248734,0,117,4,-175.5,5.0,994.7,2500777276,0,14378,795,2337.9,2098.0,424,7.89,1,18,27,7779,5,14,2,0
3433,24.59,48.0,7413,7124,8801,3248734,0,117,4,-175.5,5.0,994.7,2500777572,0,14378,795,2337.9,2098.0,424,0.48,1,21,18,6,386,3,2,0
3434,18.32,48.0,7413,7124,8801,3248734,0,117,4,-175.5,5.0,994.7,2500777868,0,14378,795,2337.9,2098.0,424,7.01,1,20,19,6863,5,66,2,0
3435,25.29,48.0,7413,7124,8801,3248734,0,117,4,-175.5,5.0,994.7,2500778164,0,14378,795,2337.9,2098.0,424,0.45,2,20,18,6,346,2,2,0
3436,19.74,48.0,7413,7124,8801,3248734,0,117,4,-175.5,5.0,994.7,2500778444,0,14378,795,2337.9,2098.0,424,7.47,1,16,15,7387,7,4,3,0
3437,25.24,48.0,7413,7124,8801,3248734,0,117,4,-175.5,5.0,994.7,2500778740,0,14378,795,2337.9,2098.0,424,0.42,1,18,17,6,335,2,2,0
3438,19.10,48.0,7413,7124,8801,3248734,0,117,4,-175.5,5.0,994.7,2500779036,0,14378,795,2337.9,2098.0,424,7.83,1,18,16,7680,5,59,3,0
3439,24.85,48.0,7413,7124,8801,3248734,0,117,4,-175.5,5.0,994.7,2500779332,0,14378,795,2337.9,2098.0,424,0.38,1,18,16,4,305,2,1,0
3440,18.86,48.0,7413,7124,8801,3248734,0,117,4,-175.5,5.0,994.7,2500779612,0,14378,795,2337.9,2098.0,424,7.63,1,32,16,7530,7,3,2,0
3441,23.55,48.0,7413,7124,8801,3248734,0,117,4,-175.5,5.0,994.7,2500781812,0,14378,795,2337.9,2098.0,424,0.43,2,17,17,5,353,2,2,0
3442,16.42,48.0,7413,7124,8801,3248734,0,117,4,-175.5,5.0,994.7,2500780204,0,14378,795,2337.9,2098.0,424,7.27,1,23,21,7121,4,60,2,0
3443,22.47,48.0,7413,7124,8801,3248734,0,117,4,-175.5,5.0,994.7,2500782404,0,14378,795,2337.9,2098.0,424,0.46,2,26,25,8,344,2,1,0
3444,17.10,48.0,7413,7124,8801,3248734,0,117,4,-175.5,5.0,994.7,2500780796,0,14378,795,2337.9,2098.0,424,7.62,1,30,20,7510,7,3,2,0
3445,23.92,48.0,7413,7124,8801,3248734,0,117,4,-175.5,5.0,994.7,2500782996,0,14378,795,2337.9,2098.0,424,0.52,1,19,18,6,430,3,3,0
3446,17.25,48.0,7413,7124,8801,3248734,0,117,4,-175.5,5.0,994.7,2500781388,0,14378,795,2337.9,2098.0,424,7.95,1,16,16,7753,51,67,2,0
3447,24.03,48.0,7413,7124,8801,3248734,0,117,4,-175.5,5.0,994.7,2500783588,0,14378,795,2337.9,2098.0,424,0.46,1,22,19,7,369,3,2,0
3448,17.53,48.0,7413,7124,8801,3248734,0,117,4,-175.5,5.0,994.7,2500781980,0,14378,795,2337.9,2098.0,424,7.68,1,19,18,7600,5,3,1,0
3449,23.15,47.0,7413,7124,8801,3248734,0,117,4,-175.5,5.0,994.7,2500782276,0,14378,795,2337.9,2098.0,424,0.43,3,29,21,6,330,2,1,0
3450,19.45,47.0,7413,7124,8801,3248734,0,117,4,-175.5,5.0,994.7,2500782860,0,14378,795,2337.9,2098.0,424,7.86,2,17,16,7714,5,62,2,0
3451,24.13,47.0,7413,7124,8801,3248734,0,117,4,-175.5,5.0,994.7,2500784772,0,14378,795,2337.9,2098.0,424,0.60,2,27,23,8,469,2,4,0
3452,17.45,47.0,7413,7124,8801,3248734,0,117,4,-175.5,5.0,994.7,2500783164,0,14378,795,2337.9,2098.0,424,7.63,2,17,15,7536,7,4,3,0
3453,24.20,47.0,7413,7124,8801,3248734,0,117,4,-175.5,5.0,994.7,2500785364,0,14378,795,2337.9,2098.0,424,0.41,1,18,16,5,324,2,2,0
3454,17.00,47.0,7413,7124,8801,3248734,0,117,4,-175.5,5.0,994.7,2500783756,0,14378,795,2337.9,2098.0,424,7.12,1,19,16,6960,5,80,2,0
3455,22.96,47.0,7413,7124,8801,3248734,0,117,4,-175.5,5.0,994.7,2500785956,0,14378,795,2337.9,2098.0,424,0.43,1,34,16,6,331,2,2,0
3456,16.77,47.0,7413,7124,8801,3248734,0,117,4,-175.5,5.0,994.7,2500786252,0,14378,795,2337.9,2098.0,424,7.59,1,26,23,7478,7,3,2,0
3457,23.39,47.0,7413,7124,8801,3248734,0,117,4,-175.5,5.0,994.7,2500784676,0,14378,795,2337.9,2098.0,424,0.48,2,21,19,6,385,6,3,0
3458,16.35,47.0,7413,7124,8801,3248734,0,117,4,-175.5,5.0,994.7,2500784972,0,14378,795,2337.9,2098.0,424,7.37,1,20,17,7229,4,58,2,0
3459,24.33,47.0,7413,7124,8801,3248734,0,117,4,-175.5,5.0,994.7,2500785268,0,14378,795,2337.9,2098.0,424,0.39,1,19,17,5,308,2,1,0
3460,16.51,47.0,7413,7124,8801,3248734,0,117,4,-175.5,5.0,994.7,2500785564,0,14378,795,2337.9,2098.0,424,7.11,1,17,16,7010,6,3,2,0
3461,23.75,47.0,7413,7124,8801,3248734,0,117,4,-175.5,5.0,994.7,2500785860,0,14378,795,2337.9,2098.0,424,0.39,1,16,16,5,311,2,2,0
3462,16.31,47.0,7413,7124,8801,3248734,0,117,4,-175.5,5.0,994.7,2500786156,0,14378,795,2337.9,2098.0,424,7.73,1,18,16,7594,5,60,2,0
3463,23.53,47.0,7413,7124,8801,3248734,0,117,4,-175.5,5.0,994.7,2500786452,0,14378,795,2337.9,2098.0,424,0.39,1,17,16,5,313,3,2,0
3464,17.83,47.0,7413,7124,8801,3248734,0,117,4,-175.5,5.0,994.7,2500786748,0,14378,795,2337.9,2098.0,424,7.24,1,25,20,7122,7,4,2,0
3465,24.75,47.0,7413,7124,8801,3248734,0,117,4,-175.5,5.0,994.7,2500787044,0,14378,795,2337.9,2098.0,424,0.74,1,27,23,8,622,3,3,0
3466,16.94,47.0,7413,7124,8801,3248734,0,117,4,-175.5,5.0,994.7,2500787340,0,14378,795,2337.9,2098.0,424,7.76,2,35,23,7587,6,62,2,0
3467,24.64,47.0,7413,7124,8801,3248734,0,117,4,-175.5,5.0,994.7,2500787636,0,14378,795,2337.9,2098.0,424,0.55,1,27,22,8,442,2,2,0
3468,17.95,47.0,7413,7124,8801,3248734,0,117,4,-175.5,5.0,994.7,2500787932,0,14378,795,2337.9,2098.0,424,7.72,0,17,17,7642,5,3,2,0
3469,23.56,47.0,7413,7124,8801,3248734,0,117,4,-175.5,5.0,994.7,2500788228,0,14378,795,2337.9,2098.0,424,0.64,2,27,24,8,530,4,2,0
3470,18.18,47.0,7413,7124,8801,3248734,0,117,4,-175.5,5.0,994.7,2500788524,0,14378,795,2337.9,2098.0,424,7.97,1,18,17,7829,6,61,2,0
3471,23.68,47.0,7413,7124,8801,3248734,0,117,4,-175.5,5.0,994.7,2500788820,0,14378,795,2337.9,2098.0,424,0.38,1,17,16,4,300,2,2,0
3472,17.02,47.0,7413,7124,8801,3248734,0,117,4,-175.5,5.0,994.7,2500789116,0,14378,795,2337.9,2098.0,424,7.17,1,20,18,7067,5,6,5,0
3473,24.02,47.0,7413,7124,8801,3248734,0,117,4,-175.5,5.0,994.7,2500789412,0,14378,795,2337.9,2098.0,424,0.59,2,27,23,8,472,4,2,0
3474,17.67,47.0,7413,7124,8801,3248734,0,117,4,-175.5,5.0,994.7,2500789708,0,14378,795,2337.9,2098.0,424,7.81,1,26,25,7641,6,59,2,0
3475,25.73,47.0,7413,7124,8801,3248734,0,117,4,-175.5,5.0,994.7,2500790004,0,14378,795,2337.9,2098.0,424,0.42,2,18,15,5,342,2,1,0
3476,17.06,47.0,7413,7124,8801,3248734,0,117,4,-175.5,5.0,994.7,2500790300,0,14378,795,2337.9,2098.0,424,6.99,1,18,16,6904,4,3,2,0
3477,22.49,47.0,7413,7124,8801,3248734,0,117,4,-175.5,5.0,994.7,2500790596,0,14378,795,2337.9,2098.0,424,0.38,1,17,16,5,305,2,1,0
3478,16.74,47.0,7413,7124,8801,3248734,0,117,4,-175.5,5.0,994.7,2500790892,0,14378,795,2337.9,2098.0,424,7.71,2,28,23,7533,7,65,4,0
3479,24.06,47.0,7413,7124,8801,3248734,0,117,4,-175.5,5.0,994.7,2500791188,0,14378,795,2337.9,2098.0,424,0.39,2,22,17,6,305,1,1,0
3480,19.90,47.0,7413,7124,8801,3248734,0,117,4,-175.5,5.0,994.7,2500791628,0,14378,795,2337.9,2098.0,424,6.99,2,19,15,6901,4,2,2,0
3481,23.80,47.0,7413,7124,8801,3248734,0,117,4,-175.5,5.0,994.7,2500791780,0,14378,795,2337.9,2098.0,424,0.41,1,18,16,5,324,2,2,0
3482,17.79,47.0,7413,7124,8801,3248734,0,117,4,-175.5,5.0,994.7,2500792076,0,14378,795,2337.9,2098.0,424,7.09,1,26,16,6949,5,59,2,0
3483,22.75,47.0,7413,7124,8801,3248734,0,117,4,-175.5,5.0,994.7,2500794292,0,14378,795,2337.9,2098.0,424,0.38,1,17,17,5,307,2,2,0
3484,17.01,47.0,7413,7124,8801,3248734,0,117,4,-175.5,5.0,994.7,2500792668,0,14378,795,2337.9,2098.0,424,7.37,2,21,15,7271,9,4,3,0
3485,24.88,47.0,7413,7124,8801,3248734,0,117,4,-175.5,5.0,994.7,2500792964,0,14378,795,2337.9,2098.0,424,0.40,1,18,15,5,312,2,2,0
3486,17.07,47.0,7413,7124,8801,3248734,0,117,4,-175.5,5.0,994.7,2500793260,0,14378,795,2337.9,2098.0,424,7.86,1,17,17,7702,7,70,1,0
3487,24.01,47.0,7413,7124,8801,3248734,0,117,4,-175.5,5.0,994.7,2500793556,0,14378,795,2337.9,2098.0,424,0.39,1,18,17,5,309,2,2,0
3488,17.27,47.0,7413,7124,8801,3248734,0,117,4,-175.5,5.0,994.7,2500793852,0,14378,795,2337.9,2098.0,424,7.02,1,37,31,6897,4,3,2,0
3489,23.12,47.0,7413,7124,8801,3248734,0,117,4,-175.5,5.0,994.7,2500794148,0,14378,795,2337.9,2098.0,424,0.44,1,28,28,5,337,2,1,0
3490,16.54,47.0,7413,7124,8801,3248734,0,117,4,-175.5,5.0,994.7,2500794444,0,14378,795,2337.9,2098.0,424,7.40,2,26,24,7242,4,57,2,0
3491,24.94,47.0,7413,7124,8801,3248734,0,117,4,-175.5,5.0,994.7,2500796660,0,14378,795,2337.9,2098.0,424,0.56,1,27,22,7,426,4,2,0
3492,17.69,47.0,7413,7124,8801,3248734,0,117,4,-175.5,5.0,994.7,2500795036,0,14378,795,2337.9,2098.0,424,7.50,1,18,15,7413,5,2,2,0
3493,24.89,47.0,7413,7124,8801,3248734,0,117,4,-175.5,5.0,994.7,2500797252,0,14378,795,2337.9,2098.0,424,0.44,1,24,17,6,352,2,2,0
3494,16.98,47.0,7413,7124,8801,3248734,0,117,4,-175.5,5.0,994.7,2500795628,0,14378,795,2337.9,2098.0,424,7.82,1,17,17,7655,8,80,3,0
3495,23.77,47.0,7413,7124,8801,3248734,0,117,4,-175.5,5.0,994.7,2500797844,0,14378,795,2337.9,2098.0,424,0.48,1,20,17,6,385,2,2,0
3496,18.59,47.0,7413,7124,8801,3248734,0,117,4,-175.5,5.0,994.7,2500796220,0,14378,795,2337.9,2098.0,424,7.39,1,17,17,7305,6,3,3,0
3497,23.83,48.0,7413,7124,8801,3248734,0,117,4,-175.5,5.0,994.7,2500798436,0,14378,795,2337.9,2098.0,424,0.39,2,18,16,6,312,2,2,0
3498,17.65,48.0,7413,7124,8801,3248734,0,117,4,-175.5,5.0,994.7,2500796812,0,14378,795,2337.9,2098.0,424,7.94,1,28,23,7778,5,59,2,0
3499,23.89,48.0,7413,7124,8801,3248734,0,117,4,-175.5,5.0,994.7,2500799028,0,14378,795,2337.9,2098.0,424,0.39,1,18,16,5,307,2,2,0
3500,18.74,48.0,7413,7124,8801,3248734,0,117,4,-175.5,5.0,994.7,2500797404,0,14378,795,2337.9,2098.0,424,7.14,1,17,16,7053,6,3,1,0
3501,22.30,48.0,7413,7124,8801,3248734,0,117,4,-175.5,5.0,994.7,2500799620,0,14378,795,2337.9,2098.0,424,0.41,1,17,17,5,332,2,2,0
3502,18.01,48.0,7413,7124,8801,3248734,0,117,4,-175.5,5.0,994.7,2500797996,0,14378,795,2337.9,2098.0,424,7.84,1,17,15,7697,5,64,1,0
3503,25.93,48.0,7413,7124,8801,3248734,0,117,4,-175.5,5.0,994.7,2500798292,0,14378,795,2337.9,2098.0,424,0.40,1,23,16,5,316,3,2,0
3504,17.67,48.0,7413,7124,8801,3248734,0,117,4,-175.5,5.0,994.7,2500798588,0,14378,795,2337.9,2098.0,424,7.69,1,18,20,7595,6,3,2,0
3505,24.21,48.0,7413,7124,8801,3248734,0,117,4,-175.5,5.0,994.7,2500798868,0,14378,795,2337.9,2098.0,424,0.50,1,71,24,13,345,2,2,0
3506,39.07,48.0,7413,7124,8801,3248734,0,117,4,-175.5,5.0,994.7,2500799164,0,14378,795,2337.9,2098.0,424,7.96,0,17,15,7821,7,64,1,0
3507,25.08,48.0,7413,7124,8801,3248734,0,117,4,-175.5,5.0,994.7,2500799460,0,14378,795,2337.9,2098.0,424,0.41,2,20,18,6,329,3,1,0
3508,18.65,48.0,7413,7124,8801,3248734,0,117,4,-175.5,5.0,994.7,2500799756,0,14378,795,2337.9,2098.0,424,7.58,5,39,24,7443,5,3,3,0
3509,22.87,48.0,7413,7124,8801,3248734,0,117,4,-175.5,5.0,994.7,2500800052,0,14378,795,2337.9,2098.0,424,0.38,1,17,15,4,307,2,2,0
3510,17.79,48.0,7413,7124,8801,3248734,0,117,4,-175.5,5.0,994.7,2500800708,0,14378,795,2337.9,2098.0,424,6.88,1,15,16,6751,4,56,2,0
3511,23.88,48.0,7413,7124,8801,3248734,0,117,4,-175.5,5.0,994.7,2500800644,0,14378,795,2337.9,2098.0,424,0.37,1,17,16,5,295,1,1,0
3512,18.10,48.0,7413,7124,8801,3248734,0,117,4,-175.5,5.0,994.7,2500800940,0,14378,795,2337.9,2098.0,424,7.59,1,22,23,7492,5,3,2,0
3513,24.02,48.0,7413,7124,8801,3248734,0,117,4,-175.5,5.0,994.7,2500801236,0,14378,795,2337.9,2098.0,424,0.37,1,17,15,4,292,2,1,0
3514,17.25,48.0,7413,7124,8801,3248734,0,117,4,-175.5,5.0,994.7,2500801532,0,14378,795,2337.9,2098.0,424,7.32,1,18,18,7177,6,61,2,0
3515,23.83,48.0,7413,7124,8801,3248734,0,117,4,-175.5,5.0,994.7,2500801828,0,14378,795,2337.9,2098.0,424,0.38,1,17,16,5,303,2,2,0
3516,17.55,48.0,7413,7124,8801,3248734,0,117,4,-175.5,5.0,994.7,2500802124,0,14378,795,2337.9,2098.0,424,7.27,2,27,22,7164,5,3,2,0
3517,24.65,48.0,7413,7124,8801,3248734,0,117,4,-175.5,5.0,994.7,2500802420,0,14378,795,2337.9,2098.0,424,0.41,2,36,16,5,305,2,2,0
3518,17.34,48.0,7413,7124,8801,3248734,0,117,4,-175.5,5.0,994.7,2500802716,0,14378,795,2337.9,2098.0,424,7.01,1,35,33,6825,5,66,2,0
3519,24.14,48.0,7413,7124,8801,3248734,0,117,4,-175.5,5.0,994.7,2500803012,0,14378,795,2337.9,2098.0,424,0.59,2,26,23,8,473,3,2,0
3520,17.58,48.0,7413,7124,8801,3248734,0,117,4,-175.5,5.0,994.7,2500803308,0,14378,795,2337.9,2098.0,424,7.27,1,21,18,7169,5,3,4,0
3521,23.64,48.0,7413,7124,8801,3248734,0,117,4,-175.5,5.0,994.7,2500803604,0,14378,795,2337.9,2098.0,424,0.38,1,18,16,5,302,2,1,0
3522,16.12,48.0,7413,7124,8801,3248734,0,117,4,-175.5,5.0,994.7,2500803900,0,14378,795,2337.9,2098.0,424,7.69,2,26,22,7512,6,66,2,0
3523,24.12,48.0,7413,7124,8801,3248734,0,117,4,-175.5,5.0,994.7,2500804196,0,14378,795,2337.9,2098.0,424,0.59,1,27,24,7,478,3,2,0
3524,16.59,48.0,7413,7124,8801,3248734,0,117,4,-175.5,5.0,994.7,2500804492,0,14378,795,2337.9,2098.0,424,7.47,1,19,18,7377,7,3,3,0
3525,23.41,48.0,7413,7124,8801,3248734,0,117,4,-175.5,5.0,994.7,2500804788,0,14378,795,2337.9,2098.0,424,0.43,1,19,18,6,339,5,2,0
3526,19.49,48.0,7413,7124,8801,3248734,0,117,4,-175.5,5.0,994.7,2500805084,0,14378,795,2337.9,2098.0,424,7.41,1,18,17,7242,6,84,2,0
3527,24.20,48.0,7413,7124,8801,3248734,0,117,4,-175.5,5.0,994.7,2500805380,0,14378,795,2337.9,2098.0,424,0.40,1,18,18,6,315,2,1,0
3528,17.20,48.0,7413,7124,8801,3248734,0,117,4,-175.5,5.0,994.7,2500805676,0,14378,795,2337.9,2098.0,424,7.26,1,17,16,7177,4,3,2,0
3529,23.64,48.0,7413,7124,8801,3248734,0,117,4,-175.5,5.0,994.7,2500805972,0,14378,795,2337.9,2098.0,424,0.46,2,19,25,11,364,2,2,0
3530,16.90,48.0,7413,7124,8801,3248734,0,117,4,-175.5,5.0,994.7,2500810060,0,14378,795,2337.9,2098.0,424,7.25,1,17,15,7112,5,61,2,0
3531,23.75,48.0,7413,7124,8801,3248734,0,117,4,-175.5,5.0,994.7,2500810356,0,14378,795,2337.9,2098.0,424,0.42,1,19,17,6,341,2,1,0
3532,16.25,48.0,7413,7124,8801,3248734,0,117,4,-175.5,5.0,994.7,2500812556,0,14378,795,2337.9,2098.0,424,7.56,1,17,17,7466,9,4,3,0
3533,24.95,48.0,7413,7124,8801,3248734,0,117,4,-175.5,5.0,994.7,2500810948,0,14378,795,2337.9,2098.0,424,0.40,1,17,16,6,321,2,1,0
3534,15.92,48.0,7413,7124,8801,3248734,0,117,4,-175.5,5.0,994.7,2500813148,0,14378,795,2337.9,2098.0,424,7.15,1,17,16,6991,6,78,2,0
3535,24.19,48.0,7413,7124,8801,3248734,0,117,4,-175.5,5.0,994.7,2500811556,0,14378,795,2337.9,2098.0,424,0.43,0,18,16,5,354,2,2,0
3536,17.21,48.0,7413,7124,8801,3248734,0,117,4,-175.5,5.0,994.7,2500811852,0,14378,795,2337.9,2098.0,424,7.67,1,26,17,7572,9,4,2,0
3537,24.19,48.0,7413,7124,8801,3248734,0,117,4,-175.5,5.0,994.7,2500812148,0,14378,795,2337.9,2098.0,424,0.39,1,19,16,5,303,2,2,0
3538,16.91,48.0,7413,7124,8801,3248734,0,117,4,-175.5,5.0,994.7,2500812444,0,14378,795,2337.9,2098.0,424,6.91,1,19,17,6778,3,55,2,0
3539,24.22,48.0,7413,7124,8801,3248734,0,117,4,-175.5,5.0,994.7,2500812740,0,14378,795,2337.9,2098.0,424,0.43,1,20,18,6,329,2,1,0
3540,20.35,48.0,7413,7124,8801,3248734,0,117,4,-175.5,5.0,994.7,2500813324,0,14378,795,2337.9,2098.0,424,7.55,1,21,15,7461,4,3,2,0
3541,24.44,48.0,7413,7124,8801,3248734,0,117,4,-175.5,5.0,994.7,2500813332,0,14378,795,2337.9,2098.0,424,0.41,2,21,17,11,316,3,1,0
3542,17.27,48.0,7413,7124,8801,3248734,0,117,4,-175.5,5.0,994.7,2500813628,0,14378,795,2337.9,2098.0,424,8.22,1,19,18,8139,0,0,0,0
3543,23.83,48.0,7413,7124,8801,3248734,0,117,4,-175.5,5.0,994.7,2500813924,0,14378,795,2337.9,2098.0,424,0.41,1,17,16,5,324,2,2,0
3544,17.38,47.0,7413,7124,8801,3248734,0,117,4,-175.5,5.0,994.7,2500814220,0,14378,795,2337.9,2098.0,424,7.39,1,16,16,7310,5,3,2,0
3545,23.97,47.0,7413,7124,8801,3248734,0,117,4,-175.5,5.0,994.7,2500814516,0,14378,795,2337.9,2098.0,424,0.49,1,18,16,5,391,2,2,0
3546,17.00,47.0,7413,7124,8801,3248734,0,117,4,-175.5,5.0,994.7,2500814812,0,14378,795,2337.9,2098.0,424,7.55,1,16,15,7407,5,59,2,0
3547,23.79,47.0,7413,7124,8801,3248734,0,117,4,-175.5,5.0,994.7,2500815108,0,14378,795,2337.9,2098.0,424,0.51,1,17,32,5,402,7,2,0
3548,17.33,47.0,7413,7124,8801,3248734,0,117,4,-175.5,5.0,994.7,2500815404,0,14378,795,2337.9,2098.0,424,7.31,1,18,17,7220,7,3,2,0
3549,25.16,47.0,7413,7124,8801,3248734,0,117,4,-175.5,5.0,994.7,2500815700,0,14378,795,2337.9,2098.0,424,0.40,1,29,25,6,303,3,2,0
3550,16.99,47.0,7413,7124,8801,3248734,0,117,4,-175.5,5.0,994.7,2500815996,0,14378,795,2337.9,2098.0,424,7.66,2,23,18,7517,5,61,4,0
3551,23.43,47.0,7413,7124,8801,3248734,0,117,4,-175.5,5.0,994.7,2500816292,0,14378,795,2337.9,2098.0,424,0.44,1,18,16,5,357,3,2,0
3552,16.72,47.0,7413,7124,8801,3248734,0,117,4,-175.5,5.0,994.7,2500818508,0,14378,795,2337.9,2098.0,424,8.10,2,27,23,7995,0,0,0,0
3553,24.33,47.0,7413,7124,8801,3248734,0,117,4,-175.5,5.0,994.7,2500816900,0,14378,795,2337.9,2098.0,424,0.41,1,20,18,5,330,2,2,0
3554,16.09,47.0,7413,7124,8801,3248734,0,117,4,-175.5,5.0,994.7,2500817196,0,14378,795,2337.9,2098.0,424,7.47,1,18,16,7335,5,60,2,0
3555,25.50,47.0,7413,7124,8801,3248734,0,117,4,-175.5,5.0,994.7,2500817492,0,14378,795,2337.9,2098.0,424,0.39,1,17,17,17,306,3,2,0
3556,17.34,47.0,7413,7124,8801,3248734,0,117,4,-175.5,5.0,994.7,2500817772,0,14378,795,2337.9,2098.0,424,7.75,1,17,17,7659,8,4,3,0
3557,24.46,47.0,7413,7124,8801,3248734,0,117,4,-175.5,5.0,994.7,2500819988,0,14378,795,2337.9,2098.0,424,0.39,1,17,17,5,308,3,2,0
3558,17.70,47.0,7413,7124,8801,3248734,0,117,4,-175.5,5.0,994.7,2500818364,0,14378,795,2337.9,2098.0,424,7.86,1,18,16,7726,4,59,1,0
3559,24.94,47.0,7413,7124,8801,3248734,0,117,4,-175.5,5.0,994.7,2500820580,0,14378,795,2337.9,2098.0,424,0.49,1,45,17,5,373,3,1,0
3560,16.54,47.0,7413,7124,8801,3248734,0,117,4,-175.5,5.0,994.7,2500818956,0,14378,795,2337.9,2098.0,424,7.56,1,19,16,7471,6,4,2,0
3561,24.64,47.0,7413,7124,8801,3248734,0,117,4,-175.5,5.0,994.7,2500821172,0,14378,795,2337.9,2098.0,424,0.40,1,24,16,5,316,2,1,0
3562,18.02,47.0,7413,7124,8801,3248734,0,117,4,-175.5,5.0,994.7,2500819548,0,14378,795,2337.9,2098.0,424,7.03,1,27,23,6875,4,55,2,0
3563,24.53,47.0,7413,7124,8801,3248734,0,117,4,-175.5,5.0,994.7,2500821764,0,14378,795,2337.9,2098.0,424,0.39,1,17,17,5,314,3,2,0
3564,16.62,47.0,7413,7124,8801,3248734,0,117,4,-175.5,5.0,994.7,2500820140,0,14378,795,2337.9,2098.0,424,7.91,1,28,37,7762,9,4,3,0
3565,24.35,47.0,7413,7124,8801,3248734,0,117,4,-175.5,5.0,994.7,2500822356,0,14378,795,2337.9,2098.0,424,0.63,2,27,23,8,514,4,2,0
3566,16.82,47.0,7413,7124,8801,3248734,0,117,4,-175.5,5.0,994.7,2500820732,0,14378,795,2337.9,2098.0,424,7.44,2,19,35,7274,7,62,2,0
3567,23.33,47.0,7413,7124,8801,3248734,0,117,4,-175.5,5.0,994.7,2500822948,0,14378,795,2337.9,2098.0,424,0.45,2,26,23,8,339,2,1,0
3568,17.40,47.0,7413,7124,8801,3248734,0,117,4,-175.5,5.0,994.7,2500821324,0,14378,795,2337.9,2098.0,424,7.11,1,17,15,7029,7,3,2,0
3569,24.39,47.0,7413,7124,8801,3248734,0,117,4,-175.5,5.0,994.7,2500823540,0,14378,795,2337.9,2098.0,424,0.41,1,18,18,5,330,2,1,0
3570,18.32,47.0,7413,7124,8801,3248734,0,117,4,-175.5,5.0,994.7,2500822204,0,14378,795,2337.9,2098.0,424,7.68,1,15,15,7539,13,60,2,0
3571,24.90,47.0,7413,7124,8801,3248734,0,117,4,-175.5,5.0,994.7,2500824132,0,14378,795,2337.9,2098.0,424,0.48,1,21,18,6,375,3,2,0
3572,16.78,47.0,7413,7124,8801,3248734,0,117,4,-175.5,5.0,994.7,2500822508,0,14378,795,2337.9,2098.0,424,7.70,1,23,19,7582,10,3,3,0
3573,23.94,47.0,7413,7124,8801,3248734,0,117,4,-175.5,5.0,994.7,2500824724,0,14378,795,2337.9,2098.0,424,0.38,1,18,15,5,295,2,2,0
3574,17.08,47.0,7413,7124,8801,3248734,0,117,4,-175.5,5.0,994.7,2500823100,0,14378,795,2337.9,2098.0,424,6.93,1,17,16,6791,5,61,2,0
3575,23.77,47.0,7413,7124,8801,3248734,0,117,4,-175.5,5.0,994.7,2500825316,0,14378,795,2337.9,2098.0,424,0.44,2,32,23,8,324,3,3,0
3576,17.91,47.0,7413,7124,8801,3248734,0,117,4,-175.5,5.0,994.7,2500823692,0,14378,795,2337.9,2098.0,424,7.35,1,21,19,7255,7,3,3,0
3577,24.12,47.0,7413,7124,8801,3248734,0,117,4,-175.5,5.0,994.7,2500823988,0,14378,795,2337.9,2098.0,424,0.41,1,16,17,5,331,2,2,0
3578,17.00,47.0,7413,7124,8801,3248734,0,117,4,-175.5,5.0,994.7,2500824284,0,14378,795,2337.9,2098.0,424,7.14,1,18,16,6961,6,96,3,0
3579,23.79,47.0,7413,7124,8801,3248734,0,117,4,-175.5,5.0,994.7,2500824580,0,14378,795,2337.9,2098.0,424,0.41,1,17,15,5,336,2,1,0
3580,16.95,47.0,7413,7124,8801,3248734,0,117,4,-175.5,5.0,994.7,2500824876,0,14378,795,2337.9,2098.0,424,7.31,1,18,16,7223,7,4,3,0
3581,24.45,47.0,7413,7124,8801,3248734,0,117,4,-175.5,5.0,994.7,2500825172,0,14378,795,2337.9,2098.0,424,0.40,1,18,23,13,306,2,2,0
3582,16.78,47.0,7413,7124,8801,3248734,0,117,4,-175.5,5.0,994.7,2500825468,0,14378,795,2337.9,2098.0,424,7.67,2,18,17,7531,5,56,2,0
3583,23.85,47.0,7413,7124,8801,3248734,0,117,4,-175.5,5.0,994.7,2500825764,0,14378,795,2337.9,2098.0,424,0.40,2,17,16,5,322,2,2,0
3584,16.97,47.0,7413,7124,8801,3248734,0,117,4,-175.5,5.0,994.7,2500826060,0,14378,795,2337.9,2098.0,424,7.86,1,17,15,7762,11,3,3,0
3585,24.24,47.0,7413,7124,8801,3248734,0,117,4,-175.5,5.0,994.7,2500826356,0,14378,795,2337.9,2098.0,424,0.62,1,27,23,7,501,6,3,0
3586,17.77,47.0,7413,7124,8801,3248734,0,117,4,-175.5,5.0,994.7,2500826652,0,14378,795,2337.9,2098.0,424,7.37,2,22,16,7216,5,63,1,0
3587,24.56,47.0,7413,7124,8801,3248734,0,117,4,-175.5,5.0,994.7,2500826948,0,14378,795,2337.9,2098.0,424,0.48,2,59,18,5,358,2,1,0
3588,17.47,47.0,7413,7124,8801,3248734,0,117,4,-175.5,5.0,994.7,2500827244,0,14378,795,2337.9,2098.0,424,7.24,1,34,16,7132,6,2,2,0
3589,24.17,47.0,7413,7124,8801,3248734,0,117,4,-175.5,5.0,994.7,2500827540,0,14378,795,2337.9,2098.0,424,0.42,1,19,17,6,332,2,1,0
3590,16.76,47.0,7413,7124,8801,3248734,0,117,4,-175.5,5.0,994.7,2500827836,0,14378,795,2337.9,2098.0,424,7.35,1,17,16,7168,8,96,3,0
3591,24.58,47.0,7413,7124,8801,3248734,0,117,4,-175.5,5.0,994.7,2500828132,0,14378,795,2337.9,2098.0,424,0.62,1,36,29,9,477,4,3,0
3592,17.46,48.0,7413,7124,8801,3248734,0,117,4,-175.5,5.0,994.7,2500828428,0,14378,795,2337.9,2098.0,424,6.98,1,18,17,6884,6,4,3,0
3593,23.43,48.0,7413,7124,8801,3248734,0,117,4,-175.5,5.0,994.7,2500830644,0,14378,795,2337.9,2098.0,424,0.38,1,17,17,5,305,2,2,0
3594,17.15,48.0,7413,7124,8801,3248734,0,117,4,-175.5,5.0,994.7,2500829020,0,14378,795,2337.9,2098.0,424,7.57,1,17,17,7434,5,58,2,0
3595,25.09,48.0,7413,7124,8801,3248734,0,117,4,-175.5,5.0,994.7,2500829316,0,14378,795,2337.9,2098.0,424,0.38,1,17,16,5,304,2,2,0
3596,17.28,48.0,7413,7124,8801,3248734,0,117,4,-175.5,5.0,994.7,2500829612,0,14378,795,2337.9,2098.0,424,7.47,1,18,16,7393,4,3,2,0
3597,25.04,48.0,7413,7124,8801,3248734,0,117,4,-175.5,5.0,994.7,2500829908,0,14378,795,2337.9,2098.0,424,0.45,1,20,18,6,369,3,1,0
3598,17.19,48.0,7413,7124,8801,3248734,0,117,4,-175.5,5.0,994.7,2500830204,0,14378,795,2337.9,2098.0,424,7.21,1,17,17,7021,7,108,3,0
3599,23.43,48.0,7413,7124,8801,3248734,0,117,4,-175.5,5.0,994.7,2500832420,0,14378,795,2337.9,2098.0,424,0.42,0,17,22,14,335,2,1,0
3600,19.28,48.0,7413,7124,8801,3248734,0,117,4,-175.5,5.0,994.7,2500831084,0,14378,795,2337.9,2098.0,424,7.51,1,15,16,7421,7,3,2,0
3601,25.50,48.0,7413,7124,8801,3248734,0,117,4,-175.5,5.0,994.7,2500831076,0,14378,795,2337.9,2098.0,424,0.49,2,29,25,8,369,3,1,0
3602,37.41,48.0,7413,7124,8801,3248734,0,117,4,-175.5,5.0,994.7,2500831372,0,14378,795,2337.9,2098.0,424,7.27,1,26,18,7095,6,72,3,0
3603,24.81,48.0,7413,7124,8801,3248734,0,117,4,-175.5,5.0,994.7,2500831668,0,14378,795,2337.9,2098.0,424,0.41,2,18,16,5,335,3,2,0
3604,17.10,48.0,7413,7124,8801,3248734,0,117,4,-175.5,5.0,994.7,2500831964,0,14378,795,2337.9,2098.0,424,7.23,2,19,21,7134,7,3,2,0
3605,23.18,48.0,7413,7124,8801,3248734,0,117,4,-175.5,5.0,994.7,2500832260,0,14378,795,2337.9,2098.0,424,0.60,1,21,21,8,502,4,2,0
3606,18.46,48.0,7413,7124,8801,3248734,0,117,4,-175.5,5.0,994.7,2500832556,0,14378,795,2337.9,2098.0,424,7.77,2,27,22,7607,5,58,2,0
3607,24.07,48.0,7413,7124,8801,3248734,0,117,4,-175.5,5.0,994.7,2500832852,0,14378,795,2337.9,2098.0,424,0.45,1,19,18,6,359,3,2,0
3608,18.70,48.0,7413,7124,8801,3248734,0,117,4,-175.5,5.0,994.7,2500833148,0,14378,795,2337.9,2098.0,424,7.30,1,26,16,7204,7,3,2,0
3609,23.60,48.0,7413,7124,8801,3248734,0,117,4,-175.5,5.0,994.7,2500833444,0,14378,795,2337.9,2098.0,424,0.38,1,17,15,5,307,3,1,0
3610,16.60,48.0,7413,7124,8801,3248734,0,117,4,-175.5,5.0,994.7,2500833740,0,14378,795,2337.9,2098.0,424,7.22,1,17,16,7067,14,68,2,0
3611,24.02,48.0,7413,7124,8801,3248734,0,117,4,-175.5,5.0,994.7,2500834036,0,14378,795,2337.9,2098.0,424,0.40,1,17,16,5,321,3,1,0
3612,16.98,48.0,7413,7124,8801,3248734,0,117,4,-175.5,5.0,994.7,2500834332,0,14378,795,2337.9,2098.0,424,7.09,1,19,17,7002,4,3,3,0
3613,24.63,48.0,7413,7124,8801,3248734,0,117,4,-175.5,5.0,994.7,2500834628,0,14378,795,2337.9,2098.0,424,0.40,1,17,16,5,313,2,13,0
3614,17.31,48.0,7413,7124,8801,3248734,0,117,4,-175.5,5.0,994.7,2500834924,0,14378,795,2337.9,2098.0,424,7.67,2,38,19,7494,7,66,2,0
3615,24.96,48.0,7413,7124,8801,3248734,0,117,4,-175.5,5.0,994.7,2500835220,0,14378,795,2337.9,2098.0,424,0.37,1,17,16,5,296,2,2,0
3616,16.96,48.0,7413,7124,8801,3248734,0,117,4,-175.5,5.0,994.7,2500835516,0,14378,795,2337.9,2098.0,424,7.55,1,19,17,7463,5,3,3,0
3617,23.21,48.0,7413,7124,8801,3248734,0,117,4,-175.5,5.0,994.7,2500835812,0,14378,795,2337.9,2098.0,424,0.39,1,17,17,6,308,2,2,0
3618,17.33,48.0,7413,7124,8801,3248734,0,117,4,-175.5,5.0,994.7,2500836108,0,14378,795,2337.9,2098.0,424,7.97,1,32,23,7802,5,57,2,0
3619,25.23,48.0,7413,7124,8801,3248734,0,117,4,-175.5,5.0,994.7,2500836404,0,14378,795,2337.9,2098.0,424,0.38,1,16,16,5,307,2,1,0
3620,16.48,48.0,7413,7124,8801,3248734,0,117,4,-175.5,5.0,994.7,2500836700,0,14378,795,2337.9,2098.0,424,7.52,1,18,17,7438,7,3,2,0
3621,23.34,48.0,7413,7124,8801,3248734,0,117,4,-175.5,5.0,994.7,2500836996,0,14378,795,2337.9,2098.0,424,0.42,1,20,18,6,341,2,2,0
3622,16.73,48.0,7413,7124,8801,3248734,0,117,4,-175.5,5.0,994.7,2500837292,0,14378,795,2337.9,2098.0,424,7.68,1,17,16,7486,8,107,3,0
3623,23.39,48.0,7413,7124,8801,3248734,0,117,4,-175.5,5.0,994.7,2500837588,0,14378,795,2337.9,2098.0,424,0.42,1,18,16,5,336,2,2,0
3624,19.54,48.0,7413,7124,8801,3248734,0,117,4,-175.5,5.0,994.7,2500837884,0,14378,795,2337.9,2098.0,424,7.42,2,18,17,7312,6,3,2,0
3625,27.04,48.0,7413,7124,8801,3248734,0,117,4,-175.5,5.0,994.7,2500838180,0,14378,795,2337.9,2098.0,424,0.43,1,21,18,6,339,3,2,0
3626,17.61,48.0,7413,7124,8801,3248734,0,117,4,-175.5,5.0,994.7,2500838460,0,14378,795,2337.9,2098.0,424,7.15,1,17,16,7011,6,62,2,0
3627,23.65,48.0,7413,7124,8801,3248734,0,117,4,-175.5,5.0,994.7,2500840660,0,14378,795,2337.9,2098.0,424,0.40,1,18,16,5,321,2,1,0
3628,16.97,48.0,7413,7124,8801,3248734,0,117,4,-175.5,5.0,994.7,2500839068,0,14378,795,2337.9,2098.0,424,7.85,1,18,16,7767,5,3,2,0
3629,24.93,48.0,7413,7124,8801,3248734,0,117,4,-175.5,5.0,994.7,2500839364,0,14378,795,2337.9,2098.0,424,0.41,1,17,16,5,329,2,2,0
3630,17.89,48.0,7413,7124,8801,3248734,0,117,4,-175.5,5.0,994.7,2500839932,0,14378,795,2337.9,2098.0,424,7.53,1,15,16,7397,6,58,2,0
3631,24.45,48.0,7413,7124,8801,3248734,0,117,4,-175.5,5.0,994.7,2500841844,0,14378,795,2337.9,2098.0,424,0.39,1,18,16,5,308,2,2,0
3632,17.23,48.0,7413,7124,8801,3248734,0,117,4,-175.5,5.0,994.7,2500840236,0,14378,795,2337.9,2098.0,424,7.34,2,19,17,7251,6,2,2,0
3633,24.55,48.0,7413,7124,8801,3248734,0,117,4,-175.5,5.0,994.7,2500842436,0,14378,795,2337.9,2098.0,424,0.49,1,21,22,12,388,3,2,0
3634,18.15,48.0,7413,7124,8801,3248734,0,117,4,-175.5,5.0,994.7,2500840828,0,14378,795,2337.9,2098.0,424,8.18,2,27,22,8075,0,0,0,0
3635,23.88,48.0,7413,7124,8801,3248734,0,117,4,-175.5,5.0,994.7,2500843028,0,14378,795,2337.9,2098.0,424,0.44,1,18,16,4,348,5,4,0
3636,17.84,48.0,7413,7124,8801,3248734,0,117,4,-175.5,5.0,994.7,2500841420,0,14378,795,2337.9,2098.0,424,7.67,1,18,16,7583,6,3,2,0
3637,24.44,48.0,7413,7124,8801,3248734,0,117,4,-175.5,5.0,994.7,2500843620,0,14378,795,2337.9,2098.0,424,0.44,2,20,26,6,341,2,1,0
3638,18.14,48.0,7413,7124,8801,3248734,0,117,4,-175.5,5.0,994.7,2500842012,0,14378,795,2337.9,2098.0,424,7.21,1,18,16,7077,4,56,2,0
3639,24.45,47.0,7413,7124,8801,3248734,0,117,4,-175.5,5.0,994.7,2500842308,0,14378,795,2337.9,2098.0,424,0.41,2,18,16,4,332,2,1,0
3640,17.24,47.0,7413,7124,8801,3248734,0,117,4,-175.5,5.0,994.7,2500842604,0,14378,795,2337.9,2098.0,424,7.21,1,18,23,7116,5,3,3,0
3641,24.89,47.0,7413,7124,8801,3248734,0,117,4,-175.5,5.0,994.7,2500842900,0,14378,795,2337.9,2098.0,424,0.42,1,32,18,5,325,2,2,0
3642,16.73,47.0,7413,7124,8801,3248734,0,117,4,-175.5,5.0,994.7,2500843196,0,14378,795,2337.9,2098.0,424,7.98,2,27,23,7818,5,58,1,0
3643,25.21,47.0,7413,7124,8801,3248734,0,117,4,-175.5,5.0,994.7,2500843492,0,14378,795,2337.9,2098.0,424,0.41,1,17,17,5,326,2,2,0
3644,16.56,47.0,7413,7124,8801,3248734,0,117,4,-175.5,5.0,994.7,2500843788,0,14378,795,2337.9,2098.0,424,7.48,2,18,15,7393,9,4,3,0
3645,23.95,47.0,7413,7124,8801,3248734,0,117,4,-175.5,5.0,994.7,2500844084,0,14378,795,2337.9,2098.0,424,0.41,1,17,17,6,335,2,3,0
3646,16.10,47.0,7413,7124,8801,3248734,0,117,4,-175.5,5.0,994.7,2500844380,0,14378,795,2337.9,2098.0,424,7.62,2,21,19,7476,5,59,2,0
3647,24.37,47.0,7413,7124,8801,3248734,0,117,4,-175.5,5.0,994.7,2500846580,0,14378,795,2337.9,2098.0,424,0.45,1,20,25,5,356,2,2,0
3648,16.38,47.0,7413,7124,8801,3248734,0,117,4,-175.5,5.0,994.7,2500846876,0,14378,795,2337.9,2098.0,424,7.14,1,19,18,7055,4,2,2,0
3649,24.05,47.0,7413,7124,8801,3248734,0,117,4,-175.5,5.0,994.7,2500845300,0,14378,795,2337.9,2098.0,424,0.45,1,24,17,6,341,3,3,0
3650,16.90,47.0,7413,7124,8801,3248734,0,117,4,-175.5,5.0,994.7,2500845596,0,14378,795,2337.9,2098.0,424,7.33,2,19,17,7184,6,63,2,0
3651,24.14,47.0,7413,7124,8801,3248734,0,117,4,-175.5,5.0,994.7,2500845892,0,14378,795,2337.9,2098.0,424,0.46,2,28,19,6,362,2,2,0
3652,16.37,47.0,7413,7124,8801,3248734,0,117,4,-175.5,5.0,994.7,2500846188,0,14378,795,2337.9,2098.0,424,7.61,1,16,17,7532,5,3,2,0
3653,23.62,47.0,7413,7124,8801,3248734,0,117,4,-175.5,5.0,994.7,2500846484,0,14378,795,2337.9,2098.0,424,0.39,1,18,16,5,310,2,2,0
3654,17.12,47.0,7413,7124,8801,3248734,0,117,4,-175.5,5.0,994.7,2500846780,0,14378,795,2337.9,2098.0,424,7.96,1,19,16,7809,4,74,2,0
3655,25.24,47.0,7413,7124,8801,3248734,0,117,4,-175.5,5.0,994.7,2500847076,0,14378,795,2337.9,2098.0,424,0.45,1,27,22,8,343,3,1,0
3656,16.72,47.0,7413,7124,8801,3248734,0,117,4,-175.5,5.0,994.7,2500847372,0,14378,795,2337.9,2098.0,424,7.61,1,18,16,7523,7,3,2,0
3657,23.35,47.0,7413,7124,8801,3248734,0,117,4,-175.5,5.0,994.7,2500847668,0,14378,795,2337.9,2098.0,424,0.41,1,18,18,5,331,3,2,0
3658,17.22,47.0,7413,7124,8801,3248734,0,117,4,-175.5,5.0,994.7,2500847964,0,14378,795,2337.9,2098.0,424,7.36,2,17,16,7170,15,99,3,0
3659,23.25,47.0,7413,7124,8801,3248734,0,117,4,-175.5,5.0,994.7,2500848260,0,14378,795,2337.9,2098.0,424,0.59,1,47,20,7,465,3,2,0
3660,20.33,47.0,7413,7124,8801,3248734,0,117,4,-175.5,5.0,994.7,2500848700,0,14378,795,2337.9,2098.0,424,7.33,1,14,16,7260,4,3,2,0
3661,23.86,47.0,7413,7124,8801,3248734,0,117,4,-175.5,5.0,994.7,2500848852,0,14378,795,2337.9,2098.0,424,0.38,1,18,16,5,302,2,2,0
3662,16.27,47.0,7413,7124,8801,3248734,0,117,4,-175.5,5.0,994.7,2500849148,0,14378,795,2337.9,2098.0,424,8.32,1,27,23,8218,0,0,0,0
3663,24.28,47.0,7413,7124,8801,3248734,0,117,4,-175.5,5.0,994.7,2500849444,0,14378,795,2337.9,2098.0,424,0.47,1,18,15,4,395,3,2,0
3664,16.22,47.0,7413,7124,8801,3248734,0,117,4,-175.5,5.0,994.7,2500849740,0,14378,795,2337.9,2098.0,424,7.20,1,24,23,7112,5,2,1,0
3665,23.02,47.0,7413,7124,8801,3248734,0,117,4,-175.5,5.0,994.7,2500850036,0,14378,795,2337.9,2098.0,424,0.60,2,25,29,7,482,5,3,0
3666,16.92,47.0,7413,7124,8801,3248734,0,117,4,-175.5,5.0,994.7,2500850332,0,14378,795,2337.9,2098.0,424,7.44,1,17,26,7251,7,93,3,0
3667,23.34,47.0,7413,7124,8801,3248734,0,117,4,-175.5,5.0,994.7,2500850628,0,14378,795,2337.9,2098.0,424,0.47,1,19,20,15,371,2,2,0
3668,16.95,47.0,7413,7124,8801,3248734,0,117,4,-175.5,5.0,994.7,2500850924,0,14378,795,2337.9,2098.0,424,7.33,1,17,16,7251,5,3,1,0
3669,23.77,47.0,7413,7124,8801,3248734,0,117,4,-175.5,5.0,994.7,2500851220,0,14378,795,2337.9,2098.0,424,0.40,1,19,18,5,316,2,2,0
3670,17.11,47.0,7413,7124,8801,3248734,0,117,4,-175.5,5.0,994.7,2500851516,0,14378,795,2337.9,2098.0,424,7.23,1,17,16,7092,5,58,2,0
3671,23.30,47.0,7413,7124,8801,3248734,0,117,4,-175.5,5.0,994.7,2500851812,0,14378,795,2337.9,2098.0,424,0.58,2,27,24,8,467,4,2,0
3672,17.68,47.0,7413,7124,8801,3248734,0,117,4,-175.5,5.0,994.7,2500852108,0,14378,795,2337.9,2098.0,424,8.02,1,26,23,7887,6,0,0,0
3673,25.33,47.0,7413,7124,8801,3248734,0,117,4,-175.5,5.0,994.7,2500852404,0,14378,795,2337.9,2098.0,424,0.39,1,17,15,5,303,4,1,0
3674,17.98,47.0,7413,7124,8801,3248734,0,117,4,-175.5,5.0,994.7,2500852700,0,14378,795,2337.9,2098.0,424,7.44,1,27,23,7260,5,75,2,0
3675,24.42,47.0,7413,7124,8801,3248734,0,117,4,-175.5,5.0,994.7,2500854916,0,14378,795,2337.9,2098.0,424,0.46,1,20,19,6,368,3,2,0
3676,17.73,47.0,7413,7124,8801,3248734,0,117,4,-175.5,5.0,994.7,2500853292,0,14378,795,2337.9,2098.0,424,7.10,1,18,16,7012,6,3,2,0
3677,23.81,47.0,7413,7124,8801,3248734,0,117,4,-175.5,5.0,994.7,2500855508,0,14378,795,2337.9,2098.0,424,0.41,1,18,28,6,319,2,2,0
3678,17.13,47.0,7413,7124,8801,3248734,0,117,4,-175.5,5.0,994.7,2500853884,0,14378,795,2337.9,2098.0,424,7.41,1,17,16,7262,6,68,2,0
3679,24.11,47.0,7413,7124,8801,3248734,0,117,4,-175.5,5.0,994.7,2500856100,0,14378,795,2337.9,2098.0,424,0.41,1,18,15,5,328,2,2,0
3680,16.88,47.0,7413,7124,8801,3248734,0,117,4,-175.5,5.0,994.7,2500854476,0,14378,795,2337.9,2098.0,424,7.24,1,19,30,7141,6,2,2,0
3681,22.92,47.0,7413,7124,8801,3248734,0,117,4,-175.5,5.0,994.7,2500856692,0,14378,795,2337.9,2098.0,424,0.42,1,17,15,5,333,2,2,0
3682,18.88,47.0,7413,7124,8801,3248734,0,117,4,-175.5,5.0,994.7,2500855068,0,14378,795,2337.9,2098.0,424,7.38,0,18,16,7229,16,58,2,0
3683,25.45,47.0,7413,7124,8801,3248734,0,117,4,-175.5,5.0,994.7,2500857284,0,14378,795,2337.9,2098.0,424,0.45,1,19,19,11,360,2,2,0
3684,17.87,47.0,7413,7124,8801,3248734,0,117,4,-175.5,5.0,994.7,2500855660,0,14378,795,2337.9,2098.0,424,7.46,1,18,15,7371,8,3,2,0
3685,24.42,47.0,7413,7124,8801,3248734,0,117,4,-175.5,5.0,994.7,2500857876,0,14378,795,2337.9,2098.0,424,0.45,1,17,16,5,376,2,2,0
3686,16.06,47.0,7413,7124,8801,3248734,0,117,4,-175.5,5.0,994.7,2500856252,0,14378,795,2337.9,2098.0,424,7.26,1,19,18,7123,5,58,2,0
3687,23.37,47.0,7413,7124,8801,3248734,0,117,4,-175.5,5.0,994.7,2500858468,0,14378,795,2337.9,2098.0,424,0.38,0,17,15,5,301,3,1,0
3688,16.62,49.0,7413,7124,8801,3248734,0,117,4,-175.5,5.0,994.7,2500862532,0,14378,795,2337.9,2098.0,424,7.47,1,26,23,7355,5,2,2,0
3689,23.99,49.0,7413,7124,8801,3248734,0,117,4,-175.5,5.0,994.7,2500864748,0,14378,795,2337.9,2098.0,424,0.41,1,17,15,5,338,2,1,0
3690,18.27,49.0,7413,7124,8801,3248734,0,117,4,-175.5,5.0,994.7,2500863412,0,14378,795,2337.9,2098.0,424,7.44,1,26,17,7275,5,65,2,0
3691,24.55,49.0,7413,7124,8799,3248730,0,117,4,-175.5,5.0,994.7,2500865248,1,14378,795,2337.9,2098.0,424,0.58,1,27,24,9,464,3,2,0
3692,16.14,49.0,7413,7124,8799,3248730,0,117,4,-175.5,5.0,994.7,2500863312,1,14378,795,2337.9,2098.0,424,7.44,1,27,23,7313,8,3,3,0
3693,23.88,49.0,7413,7124,8799,3248730,0,117,4,-175.5,5.0,994.7,2500865528,1,14378,795,2337.9,2098.0,424,0.40,1,18,16,5,309,2,2,0
3694,16.09,49.0,7413,7124,8799,3248730,0,117,4,-175.5,5.0,994.7,2500863904,1,14378,795,2337.9,2098.0,424,7.19,1,18,16,7037,5,59,2,0
3695,23.44,49.0,7413,7124,8799,3248730,0,117,4,-175.5,5.0,994.7,2500866120,1,14378,795,2337.9,2098.0,424,0.42,1,23,27,5,319,2,1,0
3696,16.30,49.0,7413,7124,8799,3248730,0,117,4,-175.5,5.0,994.7,2500864496,1,14378,795,2337.9,2098.0,424,6.99,1,17,17,6902,6,4,3,0
3697,22.47,49.0,7413,7124,8799,3248730,0,117,4,-175.5,5.0,994.7,2500866712,1,14378,795,2337.9,2098.0,424,0.62,3,44,23,8,484,3,2,0
3698,17.29,49.0,7413,7124,8799,3248730,0,117,4,-175.5,5.0,994.7,2500865088,1,14378,795,2337.9,2098.0,424,7.33,1,33,17,7126,8,98,3,0
3699,35.65,49.0,7413,7124,8799,3248730,0,117,4,-175.5,5.0,994.7,2500865384,1,14378,795,2337.9,2098.0,424,0.39,1,17,16,4,312,2,2,0
3700,17.57,49.0,7413,7124,8799,3248730,0,117,4,-175.5,5.0,994.7,2500865680,1,14378,795,2337.9,2098.0,424,7.99,1,27,38,7852,5,3,2,0
3701,23.97,49.0,7413,7124,8799,3248730,0,117,4,-175.5,5.0,994.7,2500865976,1,14378,795,2337.9,2098.0,424,0.46,1,20,17,7,373,2,2,0
3702,16.87,49.0,7413,7124,8799,3248730,0,117,4,-175.5,5.0,994.7,2500866272,1,14378,795,2337.9,2098.0,424,7.50,2,19,17,7366,5,57,1,0
3703,24.24,49.0,7413,7124,8799,3248730,0,117,4,-175.5,5.0,994.7,2500866568,1,14378,795,2337.9,2098.0,424,0.43,1,19,18,6,345,4,1,0
3704,16.26,49.0,7413,7124,8799,3248730,0,117,4,-175.5,5.0,994.7,2500866864,1,14378,795,2337.9,2098.0,424,7.09,1,18,16,7013,5,3,2,0
3705,22.82,49.0,7413,7124,8799,3248730,0,117,4,-175.5,5.0,994.7,2500867160,1,14378,795,2337.9,2098.0,424,0.43,1,17,16,4,343,2,11,0
3706,17.12,49.0,7413,7124,8799,3248730,0,117,4,-175.5,5.0,994.7,2500867456,1,14378,795,2337.9,2098.0,424,7.26,1,17,16,7108,7,70,4,0
3707,24.19,49.0,7413,7124,8799,3248730,0,117,4,-175.5,5.0,994.7,2500867752,1,14378,795,2337.9,2098.0,424,0.42,1,18,15,5,339,2,3,0
3708,16.71,49.0,7413,7124,8799,3248730,0,117,4,-175.5,5.0,994.7,2500868048,1,14378,795,2337.9,2098.0,424,7.42,1,20,18,7304,7,4,3,0
3709,24.27,49.0,7413,7124,8799,3248730,0,117,4,-175.5,5.0,994.7,2500868344,1,14378,795,2337.9,2098.0,424,0.39,1,16,16,5,304,3,3,0
3710,16.58,49.0,7413,7124,8799,3248730,0,117,4,-175.5,5.0,994.7,2500868640,1,14378,795,2337.9,2098.0,424,7.49,1,19,18,7325,7,80,2,0
3711,22.92,49.0,7413,7124,8799,3248730,0,117,4,-175.5,5.0,994.7,2500868936,1,14378,795,2337.9,2098.0,424,0.40,1,17,17,6,320,3,2,0
3712,17.93,49.0,7413,7124,8799,3248730,0,117,4,-175.5,5.0,994.7,2500869232,1,14378,795,2337.9,2098.0,424,8.09,2,26,24,7993,0,0,0,0
3713,23.98,49.0,7413,7124,8799,3248730,0,117,4,-175.5,5.0,994.7,2500869528,1,14378,795,2337.9,2098.0,424,0.41,1,17,16,4,329,2,2,0
3714,16.92,49.0,7413,7124,8799,3248730,0,117,4,-175.5,5.0,994.7,2500869824,1,14378,795,2337.9,2098.0,424,7.88,1,17,16,7717,5,74,2,0
3715,23.73,49.0,7413,7124,8799,3248730,0,117,4,-175.5,5.0,994.7,2500870120,1,14378,795,2337.9,2098.0,424,0.40,1,17,15,5,324,1,1,0
3716,16.85,49.0,7413,7124,8799,3248730,0,117,4,-175.5,5.0,994.7,2500870416,1,14378,795,2337.9,2098.0,424,7.45,2,26,22,7338,6,2,2,0
3717,23.46,49.0,7413,7124,8799,3248730,0,117,4,-175.5,5.0,994.7,2500870712,1,14378,795,2337.9,2098.0,424,0.66,2,35,37,8,496,10,2,0
3718,17.76,49.0,7413,7124,8799,3248730,0,117,4,-175.5,5.0,994.7,2500871008,1,14378,795,2337.9,2098.0,424,7.30,1,18,17,7126,8,94,3,0
3719,23.82,49.0,7413,7124,8799,3248730,0,117,4,-175.5,5.0,994.7,2500871304,1,14378,795,2337.9,2098.0,424,0.40,1,17,16,5,322,2,2,0
3720,19.76,49.0,7413,7124,8799,3248730,0,117,4,-175.5,5.0,994.7,2500871888,1,14378,795,2337.9,2098.0,424,7.50,0,15,16,7419,6,2,2,0
3721,24.55,49.0,7413,7124,8799,3248730,0,117,4,-175.5,5.0,994.7,2500871896,1,14378,795,2337.9,2098.0,424,0.42,1,21,18,6,330,2,2,0
3722,16.81,49.0,7413,7124,8799,3248730,0,117,4,-175.5,5.0,994.7,2500872192,1,14378,795,2337.9,2098.0,424,7.30,1,18,16,7145,10,66,2,0
3723,24.60,49.0,7413,7124,8799,3248730,0,117,4,-175.5,5.0,994.7,2500872488,1,14378,795,2337.9,2098.0,424,0.43,1,17,22,8,340,2,2,0
3724,17.33,49.0,7413,7124,8799,3248730,0,117,4,-175.5,5.0,994.7,2500872784,1,14378,795,2337.9,2098.0,424,7.01,1,17,24,6924,5,3,2,0
3725,23.22,49.0,7413,7124,8799,3248730,0,117,4,-175.5,5.0,994.7,2500873080,1,14378,795,2337.9,2098.0,424,0.39,1,17,16,4,310,3,1,0
3726,17.03,49.0,7413,7124,8799,3248730,0,117,4,-175.5,5.0,994.7,2500873376,1,14378,795,2337.9,2098.0,424,7.58,1,18,21,7417,15,68,2,0
3727,23.76,49.0,7413,7124,8799,3248730,0,117,4,-175.5,5.0,994.7,2500873672,1,14378,795,2337.9,2098.0,424,0.39,1,17,15,5,300,2,2,0
3728,16.39,49.0,7413,7124,8799,3248730,0,117,4,-175.5,5.0,994.7,2500873968,1,14378,795,2337.9,2098.0,424,6.88,1,20,17,6801,4,2,2,0
3729,23.11,49.0,7413,7124,8799,3248730,0,117,4,-175.5,5.0,994.7,2500874264,1,14378,795,2337.9,2098.0,424,0.67,1,27,23,8,537,5,3,0
3730,16.63,49.0,7413,7124,8799,3248730,0,117,4,-175.5,5.0,994.7,2500874560,1,14378,795,2337.9,2098.0,424,7.28,2,18,17,7117,5,59,1,0
3731,24.13,49.0,7413,7124,8799,3248730,0,117,4,-175.5,5.0,994.7,2500876776,1,14378,795,2337.9,2098.0,424,0.40,1,16,15,5,326,1,1,0
3732,17.52,49.0,7413,7124,8799,3248730,0,117,4,-175.5,5.0,994.7,2500875152,1,14378,795,2337.9,2098.0,424,7.12,1,17,16,7037,6,2,2,0
3733,24.46,49.0,7413,7124,8799,3248730,0,117,4,-175.5,5.0,994.7,2500875448,1,14378,795,2337.9,2098.0,424,0.71,1,28,31,8,571,7,3,0
3734,17.67,49.0,7413,7124,8799,3248730,0,117,4,-175.5,5.0,994.7,2500875744,1,14378,795,2337.9,2098.0,424,7.11,1,17,16,6968,6,66,2,0
3735,23.58,49.0,7413,7124,8799,3248730,0,117,4,-175.5,5.0,994.7,2500877960,1,14378,795,2337.9,2098.0,424,0.39,1,18,16,5,315,2,2,0
3736,16.32,48.0,7413,7124,8799,3248730,0,117,4,-175.5,5.0,994.7,2500876336,1,14378,795,2337.9,2098.0,424,7.35,1,25,16,7248,6,3,4,0
3737,23.79,48.0,7413,7124,8799,3248730,0,117,4,-175.5,5.0,994.7,2500878552,1,14378,795,2337.9,2098.0,424,0.40,1,17,16,5,322,2,1,0
3738,16.74,48.0,7413,7124,8799,3248730,0,117,4,-175.5,5.0,994.7,2500876928,1,14378,795,2337.9,2098.0,424,7.83,1,27,22,7648,6,60,2,0
3739,23.26,48.0,7413,7124,8799,3248730,0,117,4,-175.5,5.0,994.7,2500879144,1,14378,795,2337.9,2098.0,424,0.41,1,18,17,5,326,2,1,0
3740,16.71,48.0,7413,7124,8799,3248730,0,117,4,-175.5,5.0,994.7,2500877520,1,14378,795,2337.9,2098.0,424,7.22,1,17,16,7132,5,3,2,0
3741,23.02,48.0,7413,7124,8799,3248730,0,117,4,-175.5,5.0,994.7,2500879736,1,14378,795,2337.9,2098.0,424,0.47,1,17,21,5,390,3,1,0
3742,16.21,48.0,7413,7124,8799,3248730,0,117,4,-175.5,5.0,994.7,2500878128,1,14378,795,2337.9,2098.0,424,7.20,1,19,17,7066,4,55,1,0
3743,23.16,48.0,7413,7124,8799,3248730,0,117,4,-175.5,5.0,994.7,2500878424,1,14378,795,2337.9,2098.0,424,0.42,1,18,17,5,300,2,1,0
3744,16.91,48.0,7413,7124,8799,3248730,0,117,4,-175.5,5.0,994.7,2500878720,1,14378,795,2337.9,2098.0,424,7.70,1,18,17,7616,5,3,2,0
3745,23.56,48.0,7413,7124,8799,3248730,0,117,4,-175.5,5.0,994.7,2500880936,1,14378,795,2337.9,2098.0,424,0.44,2,25,23,7,331,2,2,0
3746,17.00,48.0,7413,7124,8799,3248730,0,117,4,-175.5,5.0,994.7,2500879328,1,14378,795,2337.9,2098.0,424,7.20,1,16,16,7030,7,77,4,0
3747,24.61,48.0,7413,7124,8799,3248730,0,117,4,-175.5,5.0,994.7,2500879624,1,14378,795,2337.9,2098.0,424,0.41,1,19,17,6,328,3,2,0
3748,17.30,48.0,7413,7124,8799,3248730,0,117,4,-175.5,5.0,994.7,2500879920,1,14378,795,2337.9,2098.0,424,7.32,1,17,16,7231,7,4,3,0
3749,22.76,48.0,7413,7124,8799,3248730,0,117,4,-175.5,5.0,994.7,2500880216,1,14378,795,2337.9,2098.0,424,0.42,1,17,25,12,328,3,1,0
3750,18.59,48.0,7413,7124,8799,3248730,0,117,4,-175.5,5.0,994.7,2500880800,1,14378,795,2337.9,2098.0,424,7.49,1,17,17,7345,5,57,1,0
3751,23.83,48.0,7413,7124,8799,3248730,0,117,4,-175.5,5.0,994.7,2500880808,1,14378,795,2337.9,2098.0,424,0.40,1,18,16,5,325,2,2,0
3752,16.54,48.0,7413,7124,8799,3248730,0,117,4,-175.5,5.0,994.7,2500881104,1,14378,795,2337.9,2098.0,424,7.33,2,21,19,7242,5,3,3,0
3753,23.16,48.0,7413,7124,8799,3248730,0,117,4,-175.5,5.0,994.7,2500881400,1,14378,795,2337.9,2098.0,424,0.44,1,18,18,6,349,2,1,0
3754,16.86,48.0,7413,7124,8799,3248730,0,117,4,-175.5,5.0,994.7,2500881696,1,14378,795,2337.9,2098.0,424,7.19,1,17,16,7008,7,99,3,0
3755,24.02,48.0,7413,7124,8799,3248730,0,117,4,-175.5,5.0,994.7,2500881992,1,14378,795,2337.9,2098.0,424,0.60,2,26,22,8,491,3,2,0
3756,16.55,48.0,7413,7124,8799,3248730,0,117,4,-175.5,5.0,994.7,2500882288,1,14378,795,2337.9,2098.0,424,7.66,0,18,15,7581,5,3,3,0
3757,24.61,48.0,7413,7124,8799,3248730,0,117,4,-175.5,5.0,994.7,2500882584,1,14378,795,2337.9,2098.0,424,0.50,2,33,23,8,367,3,1,0
3758,17.52,48.0,7413,7124,8799,3248730,0,117,4,-175.5,5.0,994.7,2500882880,1,14378,795,2337.9,2098.0,424,7.21,1,17,16,7068,5,65,2,0
3759,23.19,48.0,7413,7124,8799,3248730,0,117,4,-175.5,5.0,994.7,2500883176,1,14378,795,2337.9,2098.0,424,0.61,4,37,27,8,483,2,1,0
3760,15.91,48.0,7413,7124,8799,3248730,0,117,4,-175.5,5.0,994.7,2500883472,1,14378,795,2337.9,2098.0,424,7.00,1,31,23,6887,3,2,1,0
3761,23.88,48.0,7413,7124,8799,3248730,0,117,4,-175.5,5.0,994.7,2500883768,1,14378,795,2337.9,2098.0,424,0.39,1,18,17,5,315,2,2,0
3762,16.99,48.0,7413,7124,8799,3248730,0,117,4,-175.5,5.0,994.7,2500884064,1,14378,795,2337.9,2098.0,424,7.61,2,20,18,7464,5,58,2,0
3763,24.02,48.0,7413,7124,8799,3248730,0,117,4,-175.5,5.0,994.7,2500884360,1,14378,795,2337.9,2098.0,424,0.40,1,16,15,5,321,2,2,0
3764,16.03,48.0,7413,7124,8799,3248730,0,117,4,-175.5,5.0,994.7,2500884656,1,14378,795,2337.9,2098.0,424,7.88,2,27,23,7772,5,3,3,0
3765,23.72,48.0,7413,7124,8799,3248730,0,117,4,-175.5,5.0,994.7,2500884952,1,14378,795,2337.9,2098.0,424,0.46,1,17,15,5,321,2,2,0
3766,17.14,48.0,7413,7124,8799,3248730,0,117,4,-175.5,5.0,994.7,2500885248,1,14378,795,2337.9,2098.0,424,7.75,1,17,16,7616,6,60,2,0
3767,23.66,48.0,7413,7124,8799,3248730,0,117,4,-175.5,5.0,994.7,2500887480,1,14378,795,2337.9,2098.0,424,0.44,1,17,16,5,356,3,1,0
3768,16.79,48.0,7413,7124,8799,3248730,0,117,4,-175.5,5.0,994.7,2500885840,1,14378,795,2337.9,2098.0,424,7.77,2,22,19,7676,4,3,2,0
3769,24.06,48.0,7413,7124,8799,3248730,0,117,4,-175.5,5.0,994.7,2500888072,1,14378,795,2337.9,2098.0,424,0.48,1,28,26,9,362,2,1,0
3770,15.60,48.0,7413,7124,8799,3248730,0,117,4,-175.5,5.0,994.7,2500886432,1,14378,795,2337.9,2098.0,424,7.78,1,31,31,7561,8,92,3,0
3771,23.70,48.0,7413,7124,8799,3248730,0,117,4,-175.5,5.0,994.7,2500888664,1,14378,795,2337.9,2098.0,424,0.38,1,17,17,6,300,2,2,0
3772,16.14,48.0,7413,7124,8799,3248730,0,117,4,-175.5,5.0,994.7,2500887024,1,14378,795,2337.9,2098.0,424,8.00,1,18,16,7916,5,3,2,0
3773,23.32,48.0,7413,7124,8799,3248730,0,117,4,-175.5,5.0,994.7,2500889256,1,14378,795,2337.9,2098.0,424,0.44,1,17,17,6,341,2,2,0
3774,16.79,48.0,7413,7124,8799,3248730,0,117,4,-175.5,5.0,994.7,2500887616,1,14378,795,2337.9,2098.0,424,7.50,1,16,16,7362,5,59,2,0
3775,23.70,48.0,7413,7124,8799,3248730,0,117,4,-175.5,5.0,994.7,2500889848,1,14378,795,2337.9,2098.0,424,0.54,1,21,19,7,454,3,2,0
3776,19.24,48.0,7413,7124,8799,3248730,0,117,4,-175.5,5.0,994.7,2500888208,1,14378,795,2337.9,2098.0,424,7.54,2,25,23,7430,5,3,2,0
3777,23.70,48.0,7413,7124,8799,3248730,0,117,4,-175.5,5.0,994.7,2500890440,1,14378,795,2337.9,2098.0,424,0.60,1,26,24,8,476,5,5,0
3778,16.86,48.0,7413,7124,8799,3248730,0,117,4,-175.5,5.0,994.7,2500888800,1,14378,795,2337.9,2098.0,424,7.94,1,28,24,7758,4,71,1,0
3779,23.66,48.0,7413,7124,8799,3248730,0,117,4,-175.5,5.0,994.7,2500891032,1,14378,795,2337.9,2098.0,424,0.42,2,18,18,6,324,2,2,0
3780,20.28,48.0,7413,7124,8799,3248730,0,117,4,-175.5,5.0,994.7,2500889536,1,14378,795,2337.9,2098.0,424,7.27,1,15,16,7188,4,2,2,0
3781,24.65,48.0,7413,7124,8799,3248730,0,117,4,-175.5,5.0,994.7,2500891624,1,14378,795,2337.9,2098.0,424,0.39,1,18,17,6,312,2,1,0
3782,17.46,48.0,7413,7124,8799,3248730,0,117,4,-175.5,5.0,994.7,2500889984,1,14378,795,2337.9,2098.0,424,8.07,1,18,16,7999,0,0,0,0
3783,23.87,48.0,7413,7124,8799,3248730,0,117,4,-175.5,5.0,994.7,2500892216,1,14378,795,2337.9,2098.0,424,0.38,1,16,15,4,303,2,1,0
3784,16.61,48.0,7413,7124,8799,3248730,0,117,4,-175.5,5.0,994.7,2500890576,1,14378,795,2337.9,2098.0,424,7.57,2,27,23,7427,15,7,3,0
3785,23.53,49.0,7413,7124,8799,3248730,0,117,4,-175.5,5.0,994.7,2500892808,1,14378,795,2337.9,2098.0,424,0.41,1,18,18,5,324,3,2,0
3786,16.72,49.0,7413,7124,8799,3248730,0,117,4,-175.5,5.0,994.7,2500891168,1,14378,795,2337.9,2098.0,424,7.21,1,17,16,7057,15,60,2,0
3787,23.13,49.0,7413,7124,8799,3248730,0,117,4,-175.5,5.0,994.7,2500893400,1,14378,795,2337.9,2098.0,424,0.41,1,16,15,5,336,2,2,0
3788,16.51,49.0,7413,7124,8799,3248730,0,117,4,-175.5,5.0,994.7,2500891760,1,14378,795,2337.9,2098.0,424,7.21,1,17,16,7118,7,4,2,0
3789,24.59,49.0,7413,7124,8799,3248730,0,117,4,-175.5,5.0,994.7,2500893992,1,14378,795,2337.9,2098.0,424,0.39,1,21,16,5,303,1,1,0
3790,16.61,49.0,7413,7124,8799,3248730,0,117,4,-175.5,5.0,994.7,2500892352,1,14378,795,2337.9,2098.0,424,7.33,1,19,16,7186,5,67,2,0
3791,24.19,49.0,7413,7124,8799,3248730,0,117,4,-175.5,5.0,994.7,2500894584,1,14378,795,2337.9,2098.0,424,0.48,1,26,23,12,368,2,2,0
3792,17.36,49.0,7413,7124,8799,3248730,0,117,4,-175.5,5.0,994.7,2500892944,1,14378,795,2337.9,2098.0,424,7.07,1,18,16,6973,5,2,2,0
3793,24.61,49.0,7413,7124,8799,3248730,0,117,4,-175.5,5.0,994.7,2500895176,1,14378,795,2337.9,2098.0,424,0.43,1,19,17,6,343,2,2,0
3794,15.90,49.0,7413,7124,8799,3248730,0,117,4,-175.5,5.0,994.7,2500893536,1,14378,795,2337.9,2098.0,424,7.47,1,23,17,7327,6,59,2,0
3795,22.58,49.0,7413,7124,8799,3248730,0,117,4,-175.5,5.0,994.7,2500893816,1,14378,795,2337.9,2098.0,424,0.61,2,32,24,8,483,3,3,0
3796,45.78,49.0,7413,7124,8799,3248730,0,117,4,-175.5,5.0,994.7,2500894112,1,14378,795,2337.9,2098.0,424,7.94,1,16,16,7845,11,2,2,0
3797,24.00,49.0,7413,7124,8799,3248730,0,117,4,-175.5,5.0,994.7,2500894408,1,14378,795,2337.9,2098.0,424,0.39,2,17,16,5,309,2,1,0
3798,16.62,49.0,7413,7124,8799,3248730,0,117,4,-175.5,5.0,994.7,2500894704,1,14378,795,2337.9,2098.0,424,8.12,2,27,24,8001,0,0,0,0
3799,23.82,49.0,7413,7124,8799,3248730,0,117,4,-175.5,5.0,994.7,2500895000,1,14378,795,2337.9,2098.0,424,0.41,1,16,15,5,334,2,2,0
3800,16.11,49.0,7413,7124,8799,3248730,0,117,4,-175.5,5.0,994.7,2500897216,1,14378,795,2337.9,2098.0,424,7.17,1,17,21,7083,5,3,2,0
3801,23.96,49.0,7413,7124,8799,3248730,0,117,4,-175.5,5.0,994.7,2500895608,1,14378,795,2337.9,2098.0,424,0.40,1,26,17,5,300,2,1,0
3802,15.91,49.0,7413,7124,8799,3248730,0,117,4,-175.5,5.0,994.7,2500895904,1,14378,795,2337.9,2098.0,424,7.38,1,19,27,7214,5,61,2,0
3803,23.47,49.0,7413,7124,8799,3248730,0,117,4,-175.5,5.0,994.7,2500896200,1,14378,795,2337.9,2098.0,424,0.40,1,19,16,5,316,3,2,0
3804,16.64,49.0,7413,7124,8799,3248730,0,117,4,-175.5,5.0,994.7,2500896496,1,14378,795,2337.9,2098.0,424,7.40,0,19,17,7316,5,3,2,0
3805,23.69,49.0,7413,7124,8799,3248730,0,117,4,-175.5,5.0,994.7,2500896792,1,14378,795,2337.9,2098.0,424,0.60,1,27,23,8,489,3,2,0
3806,17.53,49.0,7413,7124,8799,3248730,0,117,4,-175.5,5.0,994.7,2500897088,1,14378,795,2337.9,2098.0,424,7.63,1,17,15,7489,10,62,2,0
3807,24.04,49.0,7413,7124,8799,3248730,0,117,4,-175.5,5.0,994.7,2500897384,1,14378,795,2337.9,2098.0,424,0.40,1,19,17,6,324,2,2,0
3808,16.96,49.0,7413,7124,8799,3248730,0,117,4,-175.5,5.0,994.7,2500897680,1,14378,795,2337.9,2098.0,424,7.44,1,22,15,7360,5,2,2,0
3809,23.72,49.0,7413,7124,8799,3248730,0,117,4,-175.5,5.0,994.7,2500897976,1,14378,795,2337.9,2098.0,424,0.40,1,23,15,5,314,2,2,0
3810,18.66,49.0,7413,7124,8799,3248730,0,117,4,-175.5,5.0,994.7,2500898560,1,14378,795,2337.9,2098.0,424,7.35,1,15,16,7218,5,58,2,0
3811,25.93,49.0,7413,7124,8799,3248730,0,117,4,-175.5,5.0,994.7,2500898568,1,14378,795,2337.9,2098.0,424,0.72,2,21,23,8,609,9,4,0
3812,16.86,49.0,7413,7124,8799,3248730,0,117,4,-175.5,5.0,994.7,2500898864,1,14378,795,2337.9,2098.0,424,7.70,3,45,23,7568,5,3,2,0
3813,23.13,49.0,7413,7124,8799,3248730,0,117,4,-175.5,5.0,994.7,2500899160,1,14378,795,2337.9,2098.0,424,0.39,1,17,16,5,313,2,2,0
3814,17.33,49.0,7413,7124,8799,3248730,0,117,4,-175.5,5.0,994.7,2500899456,1,14378,795,2337.9,2098.0,424,7.08,1,18,17,6932,6,64,2,0
3815,22.32,49.0,7413,7124,8799,3248730,0,117,4,-175.5,5.0,994.7,2500899752,1,14378,795,2337.9,2098.0,424,0.42,1,17,16,5,340,3,2,0
3816,16.49,49.0,7413,7124,8799,3248730,0,117,4,-175.5,5.0,994.7,2500900048,1,14378,795,2337.9,2098.0,424,7.85,2,36,28,7728,5,3,3,0
3817,24.36,49.0,7413,7124,8799,3248730,0,117,4,-175.5,5.0,994.7,2500900344,1,14378,795,2337.9,2098.0,424,0.41,1,17,17,5,336,2,1,0
3818,17.39,49.0,7413,7124,8799,3248730,0,117,4,-175.5,5.0,994.7,2500900640,1,14378,795,2337.9,2098.0,424,7.60,1,20,17,7445,5,61,2,0
3819,24.78,49.0,7413,7124,8799,3248730,0,117,4,-175.5,5.0,994.7,2500900936,1,14378,795,2337.9,2098.0,424,0.42,1,17,29,8,324,2,2,0
3820,16.80,49.0,7413,7124,8799,3248730,0,117,4,-175.5,5.0,994.7,2500901232,1,14378,795,2337.9,2098.0,424,7.54,2,28,55,7376,8,4,2,0
3821,24.38,49.0,7413,7124,8799,3248730,0,117,4,-175.5,5.0,994.7,2500901528,1,14378,795,2337.9,2098.0,424,0.45,1,22,16,5,357,8,1,0
3822,16.97,49.0,7413,7124,8799,3248730,0,117,4,-175.5,5.0,994.7,2500901824,1,14378,795,2337.9,2098.0,424,7.48,1,20,19,7334,4,59,4,0
3823,24.00,49.0,7413,7124,8799,3248730,0,117,4,-175.5,5.0,994.7,2500902120,1,14378,795,2337.9,2098.0,424,0.40,1,17,23,5,311,2,2,0
3824,16.13,49.0,7413,7124,8799,3248730,0,117,4,-175.5,5.0,994.7,2500902416,1,14378,795,2337.9,2098.0,424,7.20,1,17,17,7121,6,3,2,0
3825,22.90,49.0,7413,7124,8799,3248730,0,117,4,-175.5,5.0,994.7,2500902712,1,14378,795,2337.9,2098.0,424,0.59,1,27,23,8,458,2,4,0
3826,17.22,49.0,7413,7124,8799,3248730,0,117,4,-175.5,5.0,994.7,2500903008,1,14378,795,2337.9,2098.0,424,7.58,1,19,17,7442,5,55,2,0
3827,23.62,49.0,7413,7124,8799,3248730,0,117,4,-175.5,5.0,994.7,2500903304,1,14378,795,2337.9,2098.0,424,0.48,1,21,19,6,390,3,2,0
3828,16.98,49.0,7413,7124,8799,3248730,0,117,4,-175.5,5.0,994.7,2500903600,1,14378,795,2337.9,2098.0,424,7.17,2,31,22,7054,5,2,2,0
3829,24.23,49.0,7413,7124,8799,3248730,0,117,4,-175.5,5.0,994.7,2500903896,1,14378,795,2337.9,2098.0,424,0.39,1,18,17,5,311,2,1,0
3830,16.31,49.0,7413,7124,8799,3248730,0,117,4,-175.5,5.0,994.7,2500904192,1,14378,795,2337.9,2098.0,424,7.96,2,23,18,7780,11,76,2,0
3831,23.47,49.0,7413,7124,8799,3248730,0,117,4,-175.5,5.0,994.7,2500904488,1,14378,795,2337.9,2098.0,424,0.86,2,201,34,16,535,4,2,0
3832,17.15,49.0,7413,7124,8799,3248730,0,117,4,-175.5,5.0,994.7,2500904784,1,14378,795,2337.9,2098.0,424,7.60,1,21,17,7501,8,3,2,0
3833,24.97,48.0,7413,7124,8799,3248730,0,117,4,-175.5,5.0,994.7,2500905080,1,14378,795,2337.9,2098.0,424,0.46,3,20,17,6,362,2,2,0
3834,17.57,48.0,7413,7124,8799,3248730,0,117,4,-175.5,5.0,994.7,2500905376,1,14378,795,2337.9,2098.0,424,7.59,1,17,16,7403,10,103,2,0
3835,23.66,48.0,7413,7124,8799,3248730,0,117,4,-175.5,5.0,994.7,2500905672,1,14378,795,2337.9,2098.0,424,0.45,1,19,17,6,343,2,2,0
3836,17.27,48.0,7413,7124,8799,3248730,0,117,4,-175.5,5.0,994.7,2500905968,1,14378,795,2337.9,2098.0,424,7.40,1,24,16,7295,7,4,5,0
3837,23.66,48.0,7413,7124,8799,3248730,0,117,4,-175.5,5.0,994.7,2500906264,1,14378,795,2337.9,2098.0,424,0.52,2,26,23,8,407,2,1,0
3838,16.77,48.0,7413,7124,8799,3248730,0,117,4,-175.5,5.0,994.7,2500906560,1,14378,795,2337.9,2098.0,424,7.01,1,18,16,6872,3,60,2,0
3839,22.52,48.0,7413,7124,8799,3248730,0,117,4,-175.5,5.0,994.7,2500906856,1,14378,795,2337.9,2098.0,424,0.45,0,23,20,5,364,3,1,0
3840,18.55,48.0,7413,7124,8799,3248730,0,117,4,-175.5,5.0,994.7,2500907512,1,14378,795,2337.9,2098.0,424,7.36,1,15,16,7279,5,3,2,0
3841,24.75,48.0,7413,7124,8799,3248730,0,117,4,-175.5,5.0,994.7,2500907448,1,14378,795,2337.9,2098.0,424,0.39,1,17,20,5,308,2,2,0
3842,16.96,48.0,7413,7124,8799,3248730,0,117,4,-175.5,5.0,994.7,2500909680,1,14378,795,2337.9,2098.0,424,7.14,1,19,17,6994,5,66,2,0
3843,23.32,48.0,7413,7124,8799,3248730,0,117,4,-175.5,5.0,994.7,2500908056,1,14378,795,2337.9,2098.0,424,0.40,1,19,17,4,316,2,2,0
3844,16.51,48.0,7413,7124,8799,3248730,0,117,4,-175.5,5.0,994.7,2500908352,1,14378,795,2337.9,2098.0,424,7.24,3,19,16,7135,5,2,2,0
3845,23.35,48.0,7413,7124,8799,3248730,0,117,4,-175.5,5.0,994.7,2500908648,1,14378,795,2337.9,2098.0,424,0.60,2,26,24,8,485,3,2,0
3846,16.97,48.0,7413,7124,8799,3248730,0,117,4,-175.5,5.0,994.7,2500908944,1,14378,795,2337.9,2098.0,424,7.27,2,17,16,7134,5,59,2,0
3847,22.77,48.0,7413,7124,8799,3248730,0,117,4,-175.5,5.0,994.7,2500909240,1,14378,795,2337.9,2098.0,424,0.56,1,17,17,5,464,4,2,0
3848,16.20,48.0,7413,7124,8799,3248730,0,117,4,-175.5,5.0,994.7,2500909536,1,14378,795,2337.9,2098.0,424,7.29,1,23,17,7194,7,3,2,0
3849,23.52,48.0,7413,7124,8799,3248730,0,117,4,-175.5,5.0,994.7,2500909832,1,14378,795,2337.9,2098.0,424,0.38,1,18,16,5,296,3,2,0
3850,16.40,48.0,7413,7124,8799,3248730,0,117,4,-175.5,5.0,994.7,2500912064,1,14378,795,2337.9,2098.0,424,7.47,1,17,16,7335,5,59,2,0
3851,22.54,48.0,7413,7124,8799,3248730,0,117,4,-175.5,5.0,994.7,2500910440,1,14378,795,2337.9,2098.0,424,0.40,1,17,16,6,315,2,2,0
3852,17.24,48.0,7413,7124,8799,3248730,0,117,4,-175.5,5.0,994.7,2500910736,1,14378,795,2337.9,2098.0,424,7.07,1,17,15,6992,5,2,1,0
3853,22.76,48.0,7413,7124,8799,3248730,0,117,4,-175.5,5.0,994.7,2500911032,1,14378,795,2337.9,2098.0,424,0.45,1,18,16,5,355,2,2,0
3854,17.41,48.0,7413,7124,8799,3248730,0,117,4,-175.5,5.0,994.7,2500911328,1,14378,795,2337.9,2098.0,424,7.20,1,17,16,7051,5,74,2,0
3855,23.46,48.0,7413,7124,8799,3248730,0,117,4,-175.5,5.0,994.7,2500911624,1,14378,795,2337.9,2098.0,424,0.49,1,18,16,5,408,4,2,0
3856,16.75,48.0,7413,7124,8799,3248730,0,117,4,-175.5,5.0,994.7,2500911920,1,14378,795,2337.9,2098.0,424,7.70,2,27,23,7570,8,4,5,0
3857,25.65,48.0,7413,7124,8799,3248730,0,117,4,-175.5,5.0,994.7,2500912216,1,14378,795,2337.9,2098.0,424,0.45,2,20,18,5,364,2,2,0
3858,16.20,48.0,7413,7124,8799,3248730,0,117,4,-175.5,5.0,994.7,2500912512,1,14378,795,2337.9,2098.0,424,8.10,1,27,34,7972,0,0,0,0
3859,24.14,48.0,7413,7124,8799,3248730,0,117,4,-175.5,5.0,994.7,2500912808,1,14378,795,2337.9,2098.0,424,0.38,1,17,15,5,302,2,1,0
3860,16.54,48.0,7413,7124,8799,3248730,0,117,4,-175.5,5.0,994.7,2500913104,1,14378,795,2337.9,2098.0,424,7.45,1,18,16,7361,6,2,3,0
3861,23.54,48.0,7413,7124,8799,3248730,0,117,4,-175.5,5.0,994.7,2500913400,1,14378,795,2337.9,2098.0,424,0.45,1,19,18,6,361,3,1,0
3862,16.55,48.0,7413,7124,8799,3248730,0,117,4,-175.5,5.0,994.7,2500913696,1,14378,795,2337.9,2098.0,424,7.44,1,27,24,7273,4,57,2,0
3863,24.17,48.0,7413,7124,8799,3248730,0,117,4,-175.5,5.0,994.7,2500913992,1,14378,795,2337.9,2098.0,424,0.43,1,19,16,6,350,2,2,0
3864,17.26,48.0,7413,7124,8799,3248730,0,117,4,-175.5,5.0,994.7,2500914288,1,14378,795,2337.9,2098.0,424,7.85,1,24,20,7726,8,4,3,0
3865,25.01,48.0,7413,7124,8799,3248730,0,117,4,-175.5,5.0,994.7,2500914584,1,14378,795,2337.9,2098.0,424,0.44,1,19,18,6,358,2,2,0
3866,16.52,48.0,7413,7124,8799,3248730,0,117,4,-175.5,5.0,994.7,2500914880,1,14378,795,2337.9,2098.0,424,7.20,1,23,16,7002,10,103,2,0
3867,22.81,48.0,7413,7124,8799,3248730,0,117,4,-175.5,5.0,994.7,2500915176,1,14378,795,2337.9,2098.0,424,0.53,2,27,23,8,417,2,2,0
3868,16.83,48.0,7413,7124,8799,3248730,0,117,4,-175.5,5.0,994.7,2500915472,1,14378,795,2337.9,2098.0,424,7.50,2,25,22,7376,12,3,2,0
3869,24.02,48.0,7413,7124,8799,3248730,0,117,4,-175.5,5.0,994.7,2500915768,1,14378,795,2337.9,2098.0,424,0.41,3,29,16,4,321,3,1,0
3870,18.17,48.0,7413,7124,8799,3248730,0,117,4,-175.5,5.0,994.7,2500916352,1,14378,795,2337.9,2098.0,424,7.83,1,16,16,7690,5,58,2,0
3871,24.43,48.0,7413,7124,8799,3248730,0,117,4,-175.5,5.0,994.7,2500916360,1,14378,795,2337.9,2098.0,424,0.40,1,17,16,5,309,2,4,0
3872,16.61,48.0,7413,7124,8799,3248730,0,117,4,-175.5,5.0,994.7,2500916656,1,14378,795,2337.9,2098.0,424,6.93,1,19,17,6840,4,2,2,0
3873,23.31,48.0,7413,7124,8799,3248730,0,117,4,-175.5,5.0,994.7,2500916952,1,14378,795,2337.9,2098.0,424,0.42,1,17,28,6,332,3,1,0
3874,17.60,48.0,7413,7124,8799,3248730,0,117,4,-175.5,5.0,994.7,2500917248,1,14378,795,2337.9,2098.0,424,7.82,1,23,16,7675,6,59,1,0
3875,24.19,48.0,7413,7124,8799,3248730,0,117,4,-175.5,5.0,994.7,2500917544,1,14378,795,2337.9,2098.0,424,0.40,1,18,16,5,320,2,2,0
3876,16.02,48.0,7413,7124,8799,3248730,0,117,4,-175.5,5.0,994.7,2500917840,1,14378,795,2337.9,2098.0,424,7.04,1,34,19,6941,4,3,2,0
3877,23.36,48.0,7413,7124,8799,3248730,0,117,4,-175.5,5.0,994.7,2500918136,1,14378,795,2337.9,2098.0,424,0.71,2,26,23,9,591,4,2,0
3878,16.52,48.0,7413,7124,8799,3248730,0,117,4,-175.5,5.0,994.7,2500918432,1,14378,795,2337.9,2098.0,424,7.61,1,18,16,7477,5,58,1,0
3879,23.54,48.0,7413,7124,8799,3248730,0,117,4,-175.5,5.0,994.7,2500920680,1,14378,795,2337.9,2098.0,424,0.47,1,19,18,11,378,3,1,0
3880,16.29,48.0,7413,7124,8799,3248730,0,117,4,-175.5,5.0,994.7,2500919024,1,14378,795,2337.9,2098.0,424,7.81,2,27,23,7702,6,3,2,0
3881,23.72,48.0,7413,7124,8799,3248730,0,117,4,-175.5,5.0,994.7,2500921272,1,14378,795,2337.9,2098.0,424,0.47,0,20,17,5,381,4,2,0
3882,17.26,49.0,7413,7124,8799,3248730,0,117,4,-175.5,5.0,994.7,2500919616,1,14378,795,2337.9,2098.0,424,7.79,1,17,16,7658,4,59,2,0
3883,23.54,49.0,7413,7124,8799,3248730,0,117,4,-175.5,5.0,994.7,2500921864,1,14378,795,2337.9,2098.0,424,0.42,1,19,27,5,326,5,3,0
3884,16.75,49.0,7413,7124,8799,3248730,0,117,4,-175.5,5.0,994.7,2500920208,1,14378,795,2337.9,2098.0,424,7.56,2,27,23,7444,6,3,2,0
3885,24.14,49.0,7413,7124,8799,3248730,0,117,4,-175.5,5.0,994.7,2500922456,1,14378,795,2337.9,2098.0,424,0.41,1,18,16,5,331,2,1,0
3886,17.07,49.0,7413,7124,8799,3248730,0,117,4,-175.5,5.0,994.7,2500920800,1,14378,795,2337.9,2098.0,424,7.56,2,17,16,7418,5,63,2,0
3887,23.68,49.0,7413,7124,8799,3248730,0,117,4,-175.5,5.0,994.7,2500923048,1,14378,795,2337.9,2098.0,424,0.59,1,27,23,8,482,3,2,0
3888,16.58,49.0,7413,7124,8799,3248730,0,117,4,-175.5,5.0,994.7,2500921392,1,14378,795,2337.9,2098.0,424,7.47,1,21,23,7369,7,4,3,0
3889,24.49,49.0,7413,7124,8799,3248730,0,117,4,-175.5,5.0,994.7,2500923640,1,14378,795,2337.9,2098.0,424,0.39,1,17,15,5,318,2,1,0
3890,16.49,49.0,7413,7124,8799,3248730,0,117,4,-175.5,5.0,994.7,2500921984,1,14378,795,2337.9,2098.0,424,7.81,1,19,16,7665,5,66,2,0
3891,23.60,49.0,7413,7124,8799,3248730,0,117,4,-175.5,5.0,994.7,2500924232,1,14378,795,2337.9,2098.0,424,0.40,1,17,20,5,310,2,2,0
3892,16.44,49.0,7413,7124,8799,3248730,0,117,4,-175.5,5.0,994.7,2500922576,1,14378,795,2337.9,2098.0,424,7.25,2,18,20,7159,7,3,2,0
3893,23.14,49.0,7413,7124,8799,3248730,0,117,4,-175.5,5.0,994.7,2500922872,1,14378,795,2337.9,2098.0,424,0.55,1,33,26,8,430,2,2,0
3894,38.26,49.0,7413,7124,8799,3248730,0,117,4,-175.5,5.0,994.7,2500923168,1,14378,795,2337.9,2098.0,424,7.27,1,18,16,7127,5,59,1,0
3895,23.99,49.0,7413,7124,8799,3248730,0,117,4,-175.5,5.0,994.7,2500923464,1,14378,795,2337.9,2098.0,424,0.45,1,19,17,5,370,2,2,0
3896,16.67,49.0,7413,7124,8799,3248730,0,117,4,-175.5,5.0,994.7,2500923760,1,14378,795,2337.9,2098.0,424,7.16,1,18,16,7080,5,3,2,0
3897,22.73,49.0,7413,7124,8799,3248730,0,117,4,-175.5,5.0,994.7,2500924056,1,14378,795,2337.9,2098.0,424,0.41,1,18,22,5,324,5,2,0
3898,16.62,49.0,7413,7124,8799,3248730,0,117,4,-175.5,5.0,994.7,2500924352,1,14378,795,2337.9,2098.0,424,7.32,1,18,16,7177,6,65,1,0
3899,23.47,49.0,7413,7124,8799,3248730,0,117,4,-175.5,5.0,994.7,2500924648,1,14378,795,2337.9,2098.0,424,0.46,1,18,17,6,366,3,2,0
3900,19.86,49.0,7413,7124,8799,3248730,0,117,4,-175.5,5.0,994.7,2500925088,1,14378,795,2337.9,2098.0,424,7.60,0,15,15,7526,5,3,2,0
3901,24.06,49.0,7413,7124,8799,3248730,0,117,4,-175.5,5.0,994.7,2500925240,1,14378,795,2337.9,2098.0,424,0.42,1,17,16,5,342,2,1,0
3902,16.89,49.0,7413,7124,8799,3248730,0,117,4,-175.5,5.0,994.7,2500925536,1,14378,795,2337.9,2098.0,424,7.36,2,26,23,7207,3,54,1,0
3903,23.83,49.0,7413,7124,8799,3248730,0,117,4,-175.5,5.0,994.7,2500925832,1,14378,795,2337.9,2098.0,424,0.40,1,18,16,5,320,3,1,0
3904,16.05,49.0,7413,7124,8799,3248730,0,117,4,-175.5,5.0,994.7,2500926128,1,14378,795,2337.9,2098.0,424,6.94,1,17,18,6848,5,3,2,0
3905,23.53,49.0,7413,7124,8799,3248730,0,117,4,-175.5,5.0,994.7,2500926424,1,14378,795,2337.9,2098.0,424,0.39,1,18,17,5,305,2,2,0
3906,15.86,49.0,7413,7124,8799,3248730,0,117,4,-175.5,5.0,994.7,2500926720,1,14378,795,2337.9,2098.0,424,7.00,2,17,16,6864,6,57,2,0
3907,22.00,49.0,7413,7124,8799,3248730,0,117,4,-175.5,5.0,994.7,2500927016,1,14378,795,2337.9,2098.0,424,0.51,1,36,18,5,404,3,2,0
3908,16.48,49.0,7413,7124,8799,3248730,0,117,4,-175.5,5.0,994.7,2500927312,1,14378,795,2337.9,2098.0,424,7.13,1,17,16,7057,5,3,2,0
3909,23.15,49.0,7413,7124,8799,3248730,0,117,4,-175.5,5.0,994.7,2500927608,1,14378,795,2337.9,2098.0,424,0.50,1,26,22,7,397,2,2,0
3910,16.40,49.0,7413,7124,8799,3248730,0,117,4,-175.5,5.0,994.7,2500927904,1,14378,795,2337.9,2098.0,424,7.31,1,17,16,7172,5,63,1,0
3911,22.85,49.0,7413,7124,8799,3248730,0,117,4,-175.5,5.0,994.7,2500928200,1,14378,795,2337.9,2098.0,424,0.41,1,17,16,5,330,2,1,0
3912,17.13,49.0,7413,7124,8799,3248730,0,117,4,-175.5,5.0,994.7,2500928496,1,14378,795,2337.9,2098.0,424,7.37,1,18,18,7269,11,3,3,0
3913,23.90,49.0,7413,7124,8799,3248730,0,117,4,-175.5,5.0,994.7,2500928792,1,14378,795,2337.9,2098.0,424,0.41,1,17,16,5,326,2,2,0
3914,17.07,49.0,7413,7124,8799,3248730,0,117,4,-175.5,5.0,994.7,2500929088,1,14378,795,2337.9,2098.0,424,7.82,1,18,15,7666,5,76,2,0
3915,23.86,49.0,7413,7124,8799,3248730,0,117,4,-175.5,5.0,994.7,2500929384,1,14378,795,2337.9,2098.0,424,0.40,1,27,15,5,316,2,1,0
3916,17.13,49.0,7413,7124,8799,3248730,0,117,4,-175.5,5.0,994.7,2500929680,1,14378,795,2337.9,2098.0,424,7.52,1,18,18,7433,5,2,1,0
3917,23.14,49.0,7413,7124,8799,3248730,0,117,4,-175.5,5.0,994.7,2500929976,1,14378,795,2337.9,2098.0,424,0.45,1,23,17,5,365,3,2,0
3918,17.14,49.0,7413,7124,8799,3248730,0,117,4,-175.5,5.0,994.7,2500930272,1,14378,795,2337.9,2098.0,424,7.54,1,28,23,7381,5,57,1,0
3919,23.79,49.0,7413,7124,8799,3248730,0,117,4,-175.5,5.0,994.7,2500930568,1,14378,795,2337.9,2098.0,424,0.43,1,25,30,5,331,2,2,0
3920,16.61,49.0,7413,7124,8799,3248730,0,117,4,-175.5,5.0,994.7,2500930864,1,14378,795,2337.9,2098.0,424,7.21,1,18,16,7123,5,3,2,0
3921,22.55,49.0,7413,7124,8799,3248730,0,117,4,-175.5,5.0,994.7,2500931160,1,14378,795,2337.9,2098.0,424,0.46,1,28,23,8,350,2,1,0
3922,16.97,49.0,7413,7124,8799,3248730,0,117,4,-175.5,5.0,994.7,2500931456,1,14378,795,2337.9,2098.0,424,7.25,3,36,17,7071,5,70,1,0
3923,23.42,49.0,7413,7124,8799,3248730,0,117,4,-175.5,5.0,994.7,2500931752,1,14378,795,2337.9,2098.0,424,0.67,1,27,22,7,563,3,2,0
3924,16.74,49.0,7413,7124,8799,3248730,0,117,4,-175.5,5.0,994.7,2500932048,1,14378,795,2337.9,2098.0,424,7.39,1,22,18,7298,6,3,2,0
3925,23.96,49.0,7413,7124,8799,3248730,0,117,4,-175.5,5.0,994.7,2500940864,1,14378,795,2337.9,2098.0,424,0.46,1,19,18,6,339,24,1,0
3926,17.08,49.0,7413,7124,8799,3248730,0,117,4,-175.5,5.0,994.7,2500941160,1,14378,795,2337.9,2098.0,424,6.92,1,16,16,6793,3,54,1,0
3927,22.52,49.0,7413,7124,8799,3248730,0,117,4,-175.5,5.0,994.7,2500943408,1,14378,795,2337.9,2098.0,424,0.44,1,17,16,6,365,2,2,0
3928,16.47,49.0,7413,7124,8799,3248730,0,117,4,-175.5,5.0,994.7,2500941752,1,14378,795,2337.9,2098.0,424,7.23,1,17,17,7148,6,3,2,0
3929,22.87,49.0,7413,7124,8799,3248730,0,117,4,-175.5,5.0,994.7,2500944000,1,14378,795,2337.9,2098.0,424,0.41,1,24,24,5,325,2,2,0
3930,17.92,48.0,7413,7124,8799,3248730,0,117,4,-175.5,5.0,994.7,2500942632,1,14378,795,2337.9,2098.0,424,7.36,1,15,16,7224,5,59,2,0
3931,23.78,48.0,7413,7124,8799,3248730,0,117,4,-175.5,5.0,994.7,2500944592,1,14378,795,2337.9,2098.0,424,0.45,1,33,16,5,354,2,1,0
3932,16.78,48.0,7413,7124,8799,3248730,0,117,4,-175.5,5.0,994.7,2500942936,1,14378,795,2337.9,2098.0,424,7.20,1,18,20,7114,5,3,2,0
3933,24.40,48.0,7413,7124,8799,3248730,0,117,4,-175.5,5.0,994.7,2500945184,1,14378,795,2337.9,2098.0,424,0.42,1,17,17,6,324,2,1,0
3934,16.30,48.0,7413,7124,8799,3248730,0,117,4,-175.5,5.0,994.7,2500943528,1,14378,795,2337.9,2098.0,424,7.75,2,27,23,7573,6,69,2,0
3935,24.38,48.0,7413,7124,8799,3248730,0,117,4,-175.5,5.0,994.7,2500945776,1,14378,795,2337.9,2098.0,424,0.38,1,24,16,5,300,3,1,0
3936,16.87,48.0,7413,7124,8799,3248730,0,117,4,-175.5,5.0,994.7,2500944120,1,14378,795,2337.9,2098.0,424,7.06,1,21,20,6963,6,4,4,0
3937,22.16,48.0,7413,7124,8799,3248730,0,117,4,-175.5,5.0,994.7,2500946368,1,14378,795,2337.9,2098.0,424,0.49,1,20,62,11,336,3,2,0
3938,16.16,48.0,7413,7124,8799,3248730,0,117,4,-175.5,5.0,994.7,2500944712,1,14378,795,2337.9,2098.0,424,7.72,1,20,18,7561,6,73,2,0
3939,23.88,48.0,7413,7124,8799,3248730,0,117,4,-175.5,5.0,994.7,2500946960,1,14378,795,2337.9,2098.0,424,0.47,2,20,32,6,361,2,2,0
3940,16.10,48.0,7413,7124,8799,3248730,0,117,4,-175.5,5.0,994.7,2500945304,1,14378,795,2337.9,2098.0,424,7.80,1,17,16,7718,6,3,2,0
3941,23.26,48.0,7413,7124,8799,3248730,0,117,4,-175.5,5.0,994.7,2500947552,1,14378,795,2337.9,2098.0,424,0.47,1,27,23,7,364,3,1,0
3942,17.41,48.0,7413,7124,8799,3248730,0,117,4,-175.5,5.0,994.7,2500945912,1,14378,795,2337.9,2098.0,424,7.53,1,18,23,7356,5,87,3,0
3943,23.96,48.0,7413,7124,8799,3248730,0,117,4,-175.5,5.0,994.7,2500946208,1,14378,795,2337.9,2098.0,424,0.49,1,21,18,6,395,3,2,0
3944,17.04,48.0,7413,7124,8799,3248730,0,117,4,-175.5,5.0,994.7,2500946504,1,14378,795,2337.9,2098.0,424,7.11,1,16,15,7032,5,3,2,0
3945,24.31,48.0,7413,7124,8799,3248730,0,117,4,-175.5,5.0,994.7,2500946800,1,14378,795,2337.9,2098.0,424,0.41,1,18,17,5,329,3,1,0
3946,16.84,48.0,7413,7124,8799,3248730,0,117,4,-175.5,5.0,994.7,2500947096,1,14378,795,2337.9,2098.0,424,7.57,1,18,16,7396,7,91,2,0
3947,24.75,48.0,7413,7124,8799,3248730,0,117,4,-175.5,5.0,994.7,2500947392,1,14378,795,2337.9,2098.0,424,0.59,1,27,24,8,475,3,3,0
3948,17.87,48.0,7413,7124,8799,3248730,0,117,4,-175.5,5.0,994.7,2500947688,1,14378,795,2337.9,2098.0,424,6.88,0,17,15,6806,5,2,2,0
3949,22.93,48.0,7413,7124,8799,3248730,0,117,4,-175.5,5.0,994.7,2500947984,1,14378,795,2337.9,2098.0,424,0.41,2,20,17,6,329,2,2,0
3950,17.82,48.0,7413,7124,8799,3248730,0,117,4,-175.5,5.0,994.7,2500948280,1,14378,795,2337.9,2098.0,424,7.11,1,17,16,6976,5,62,2,0
3951,23.46,48.0,7413,7124,8799,3248730,0,117,4,-175.5,5.0,994.7,2500948576,1,14378,795,2337.9,2098.0,424,0.40,2,18,17,5,317,3,2,0
3952,17.09,48.0,7413,7124,8799,3248730,0,117,4,-175.5,5.0,994.7,2500948872,1,14378,795,2337.9,2098.0,424,7.99,1,19,18,7909,5,3,3,0
3953,23.58,48.0,7413,7124,8799,3248730,0,117,4,-175.5,5.0,994.7,2500949168,1,14378,795,2337.9,2098.0,424,0.40,1,18,15,5,323,2,1,0
3954,16.93,48.0,7413,7124,8799,3248730,0,117,4,-175.5,5.0,994.7,2500949464,1,14378,795,2337.9,2098.0,424,7.46,1,17,16,7306,7,76,2,0
3955,23.13,48.0,7413,7124,8799,3248730,0,117,4,-175.5,5.0,994.7,2500949760,1,14378,795,2337.9,2098.0,424,0.40,1,17,15,5,323,2,1,0
3956,17.60,48.0,7413,7124,8799,3248730,0,117,4,-175.5,5.0,994.7,2500950056,1,14378,795,2337.9,2098.0,424,7.02,2,19,17,6909,5,3,2,0
3957,24.46,48.0,7413,7124,8799,3248730,0,117,4,-175.5,5.0,994.7,2500950352,1,14378,795,2337.9,2098.0,424,0.38,1,18,17,5,305,2,2,0
3958,17.97,48.0,7413,7124,8799,3248730,0,117,4,-175.5,5.0,994.7,2500950648,1,14378,795,2337.9,2098.0,424,7.84,2,26,23,7668,4,64,2,0
3959,24.06,48.0,7413,7124,8799,3248730,0,117,4,-175.5,5.0,994.7,2500950944,1,14378,795,2337.9,2098.0,424,0.41,1,17,16,5,322,2,2,0
3960,19.35,48.0,7413,7124,8799,3248730,0,117,4,-175.5,5.0,994.7,2500951528,1,14378,795,2337.9,2098.0,424,7.16,1,15,16,7089,5,2,2,0
3961,24.43,48.0,7413,7124,8799,3248730,0,117,4,-175.5,5.0,994.7,2500951536,1,14378,795,2337.9,2098.0,424,0.44,1,18,17,10,355,3,2,0
3962,16.49,48.0,7413,7124,8799,3248730,0,117,4,-175.5,5.0,994.7,2500951832,1,14378,795,2337.9,2098.0,424,7.57,1,18,16,7381,7,97,2,0
3963,23.87,48.0,7413,7124,8799,3248730,0,117,4,-175.5,5.0,994.7,2500952128,1,14378,795,2337.9,2098.0,424,0.43,2,18,16,5,350,2,2,0
3964,16.90,48.0,7413,7124,8799,3248730,0,117,4,-175.5,5.0,994.7,2500952424,1,14378,795,2337.9,2098.0,424,7.32,1,19,18,7221,5,5,4,0
3965,23.49,48.0,7413,7124,8799,3248730,0,117,4,-175.5,5.0,994.7,2500952720,1,14378,795,2337.9,2098.0,424,0.45,1,17,27,5,361,2,2,0
3966,16.34,48.0,7413,7124,8799,3248730,0,117,4,-175.5,5.0,994.7,2500953016,1,14378,795,2337.9,2098.0,424,9.96,1,18,16,9878,0,0,0,0
3967,26.49,48.0,7413,7124,8799,3248730,0,117,4,-175.5,5.0,994.7,2500953312,1,14378,795,2337.9,2098.0,424,0.45,2,17,18,10,360,3,2,0
3968,16.29,48.0,7413,7124,8799,3248730,0,117,4,-175.5,5.0,994.7,2500953608,1,14378,795,2337.9,2098.0,424,7.49,1,18,16,7408,5,2,2,0
3969,24.65,48.0,7413,7124,8799,3248730,0,117,4,-175.5,5.0,994.7,2500953904,1,14378,795,2337.9,2098.0,424,0.39,1,18,17,6,309,2,1,0
3970,16.79,48.0,7413,7124,8799,3248730,0,117,4,-175.5,5.0,994.7,2500954200,1,14378,795,2337.9,2098.0,424,6.97,1,20,18,6835,4,53,2,0
3971,22.89,48.0,7413,7124,8799,3248730,0,117,4,-175.5,5.0,994.7,2500954496,1,14378,795,2337.9,2098.0,424,0.40,1,17,17,6,319,2,1,0
3972,17.29,48.0,7413,7124,8799,3248730,0,117,4,-175.5,5.0,994.7,2500954792,1,14378,795,2337.9,2098.0,424,7.91,1,17,16,7822,7,3,3,0
3973,24.57,48.0,7413,7124,8799,3248730,0,117,4,-175.5,5.0,994.7,2500955088,1,14378,795,2337.9,2098.0,424,0.51,2,27,23,7,401,4,1,0
3974,17.70,48.0,7413,7124,8799,3248730,0,117,4,-175.5,5.0,994.7,2500955384,1,14378,795,2337.9,2098.0,424,7.53,1,19,17,7378,4,73,2,0
3975,24.47,48.0,7413,7124,8799,3248730,0,117,4,-175.5,5.0,994.7,2500955680,1,14378,795,2337.9,2098.0,424,0.39,1,17,16,5,311,2,1,0
3976,18.00,48.0,7413,7124,8799,3248730,0,117,4,-175.5,5.0,994.7,2500955976,1,14378,795,2337.9,2098.0,424,7.46,1,20,18,7356,6,15,3,0
3977,24.29,48.0,7413,7124,8799,3248730,0,117,4,-175.5,5.0,994.7,2500956272,1,14378,795,2337.9,2098.0,424,0.39,1,17,16,5,315,2,1,0
3978,17.81,48.0,7413,7124,8799,3248730,0,117,4,-175.5,5.0,994.7,2500956568,1,14378,795,2337.9,2098.0,424,8.03,1,20,18,7887,6,59,0,0
3979,24.73,49.0,7413,7124,8799,3248730,0,117,4,-175.5,5.0,994.7,2500956864,1,14378,795,2337.9,2098.0,424,0.71,2,26,23,8,602,2,2,0
3980,17.70,49.0,7413,7124,8799,3248730,0,117,4,-175.5,5.0,994.7,2500957144,1,14378,795,2337.9,2098.0,424,7.69,2,27,23,7575,6,3,1,0
3981,24.27,49.0,7413,7124,8799,3248730,0,117,4,-175.5,5.0,994.7,2500959392,1,14378,795,2337.9,2098.0,424,0.51,2,20,18,5,408,4,2,0
3982,17.46,49.0,7413,7124,8799,3248730,0,117,4,-175.5,5.0,994.7,2500957736,1,14378,795,2337.9,2098.0,424,6.91,1,17,16,6780,5,57,1,0
3983,22.80,49.0,7413,7124,8799,3248730,0,117,4,-175.5,5.0,994.7,2500959984,1,14378,795,2337.9,2098.0,424,0.42,0,18,16,5,341,2,2,0
3984,17.59,49.0,7413,7124,8799,3248730,0,117,4,-175.5,5.0,994.7,2500958328,1,14378,795,2337.9,2098.0,424,7.59,1,17,16,7507,7,3,2,0
3985,25.49,49.0,7413,7124,8799,3248730,0,117,4,-175.5,5.0,994.7,2500960576,1,14378,795,2337.9,2098.0,424,0.43,0,19,18,6,353,2,1,0
3986,18.34,49.0,7413,7124,8799,3248730,0,117,4,-175.5,5.0,994.7,2500958920,1,14378,795,2337.9,2098.0,424,7.80,2,26,23,7631,5,58,2,0
3987,23.39,49.0,7413,7124,8799,3248730,0,117,4,-175.5,5.0,994.7,2500959216,1,14378,795,2337.9,2098.0,424,0.44,1,17,16,5,353,3,2,0
3988,16.37,49.0,7413,7124,8799,3248730,0,117,4,-175.5,5.0,994.7,2500959512,1,14378,795,2337.9,2098.0,424,7.14,1,21,19,7023,4,2,26,0
3989,22.99,49.0,7413,7124,8799,3248730,0,117,4,-175.5,5.0,994.7,2500961760,1,14378,795,2337.9,2098.0,424,0.38,1,16,16,5,293,2,3,0
3990,17.96,49.0,7413,7124,8799,3248730,0,117,4,-175.5,5.0,994.7,2500960392,1,14378,795,2337.9,2098.0,424,8.00,1,15,16,7871,5,57,2,0
3991,24.90,49.0,7413,7124,8799,3248730,0,117,4,-175.5,5.0,994.7,2500960400,1,14378,795,2337.9,2098.0,424,0.63,2,43,23,7,508,3,3,0
3992,22.23,49.0,7413,7124,8799,3248730,0,117,4,-175.5,5.0,994.7,2500960696,1,14378,795,2337.9,2098.0,424,7.25,1,18,16,7173,5,2,2,0
3993,23.32,49.0,7413,7124,8799,3248730,0,117,4,-175.5,5.0,994.7,2500960992,1,14378,795,2337.9,2098.0,424,0.40,1,19,17,5,317,3,1,0
3994,16.98,49.0,7413,7124,8799,3248730,0,117,4,-175.5,5.0,994.7,2500961288,1,14378,795,2337.9,2098.0,424,7.59,1,28,24,7414,5,72,1,0
3995,23.63,49.0,7413,7124,8799,3248730,0,117,4,-175.5,5.0,994.7,2500961584,1,14378,795,2337.9,2098.0,424,0.40,1,17,23,8,307,2,2,0
3996,17.30,49.0,7413,7124,8799,3248730,0,117,4,-175.5,5.0,994.7,2500961880,1,14378,795,2337.9,2098.0,424,7.18,1,17,16,7093,7,3,2,0
3997,24.49,49.0,7413,7124,8799,3248730,0,117,4,-175.5,5.0,994.7,2500962176,1,14378,795,2337.9,2098.0,424,0.42,1,17,16,5,339,2,1,0
3998,17.35,49.0,7413,7124,8799,3248730,0,117,4,-175.5,5.0,994.7,2500962472,1,14378,795,2337.9,2098.0,424,7.55,1,19,17,7415,5,57,2,0
3999,24.84,49.0,7413,7124,8799,3248730,0,117,4,-175.5,5.0,994.7,2500962768,1,14378,795,2337.9,2098.0,424,0.43,1,18,17,5,340,2,2,0
4000,17.45,49.0,7413,7124,8799,3248730,0,117,4,-175.5,5.0,994.7,2500963064,1,14378,795,2337.9,2098.0,424,7.92,2,26,23,7814,6,2,1,0
4001,25.13,49.0,7413,7124,8799,3248730,0,117,4,-175.5,5.0,994.7,2500963360,1,14378,795,2337.9,2098.0,424,0.38,1,17,16,5,308,2,1,0
4002,17.21,49.0,7413,7124,8799,3248730,0,117,4,-175.5,5.0,994.7,2500963656,1,14378,795,2337.9,2098.0,424,7.70,1,18,17,7555,6,65,2,0
4003,24.07,49.0,7413,7124,8799,3248730,0,117,4,-175.5,5.0,994.7,2500963952,1,14378,795,2337.9,2098.0,424,0.39,1,17,16,6,316,2,2,0
4004,16.98,49.0,7413,7124,8799,3248730,0,117,4,-175.5,5.0,994.7,2500964248,1,14378,795,2337.9,2098.0,424,7.46,1,18,16,7385,4,2,2,0
4005,23.24,49.0,7413,7124,8799,3248730,0,117,4,-175.5,5.0,994.7,2500964544,1,14378,795,2337.9,2098.0,424,0.38,1,18,16,5,304,3,1,0
4006,16.79,49.0,7413,7124,8799,3248730,0,117,4,-175.5,5.0,994.7,2500964840,1,14378,795,2337.9,2098.0,424,7.74,1,19,22,7600,5,55,2,0
4007,23.99,49.0,7413,7124,8799,3248730,0,117,4,-175.5,5.0,994.7,2500965136,1,14378,795,2337.9,2098.0,424,0.40,1,16,23,5,313,3,2,0
4008,17.02,49.0,7413,7124,8799,3248730,0,117,4,-175.5,5.0,994.7,2500965432,1,14378,795,2337.9,2098.0,424,7.16,1,18,16,7075,4,3,2,0
4009,23.51,49.0,7413,7124,8799,3248730,0,117,4,-175.5,5.0,994.7,2500965728,1,14378,795,2337.9,2098.0,424,0.38,1,17,16,5,300,2,2,0
4010,15.42,49.0,7413,7124,8799,3248730,0,117,4,-175.5,5.0,994.7,2500966024,1,14378,795,2337.9,2098.0,424,7.64,1,17,31,7486,6,60,2,0
4011,23.76,49.0,7413,7124,8799,3248730,0,117,4,-175.5,5.0,994.7,2500966320,1,14378,795,2337.9,2098.0,424,0.41,1,17,22,8,326,3,2,0
4012,17.06,49.0,7413,7124,8799,3248730,0,117,4,-175.5,5.0,994.7,2500966616,1,14378,795,2337.9,2098.0,424,7.18,1,17,16,7103,5,3,2,0
4013,23.59,49.0,7413,7124,8799,3248730,0,117,4,-175.5,5.0,994.7,2500966912,1,14378,795,2337.9,2098.0,424,0.56,1,19,19,8,463,6,3,0
4014,16.66,49.0,7413,7124,8799,3248730,0,117,4,-175.5,5.0,994.7,2500967208,1,14378,795,2337.9,2098.0,424,7.45,1,17,23,7305,6,60,2,0
4015,23.47,49.0,7413,7124,8799,3248730,0,117,4,-175.5,5.0,994.7,2500967504,1,14378,795,2337.9,2098.0,424,0.40,1,17,17,5,321,3,1,0
4016,17.40,49.0,7413,7124,8799,3248730,0,117,4,-175.5,5.0,994.7,2500967800,1,14378,795,2337.9,2098.0,424,7.10,1,17,17,7024,4,2,2,0
4017,23.55,49.0,7413,7124,8799,3248730,0,117,4,-175.5,5.0,994.7,2500968096,1,14378,795,2337.9,2098.0,424,0.40,1,18,16,5,321,3,1,0
4018,16.32,49.0,7413,7124,8799,3248730,0,117,4,-175.5,5.0,994.7,2500968392,1,14378,795,2337.9,2098.0,424,7.68,1,17,15,7498,7,102,2,0
4019,24.31,49.0,7413,7124,8799,3248730,0,117,4,-175.5,5.0,994.7,2500968688,1,14378,795,2337.9,2098.0,424,0.40,3,28,16,5,305,3,2,0
4020,19.01,49.0,7413,7124,8799,3248730,0,117,4,-175.5,5.0,994.7,2500969272,1,14378,795,2337.9,2098.0,424,7.61,0,15,15,7536,6,3,2,0
4021,23.83,49.0,7413,7124,8799,3248730,0,117,4,-175.5,5.0,994.7,2500969280,1,14378,795,2337.9,2098.0,424,0.44,1,17,16,5,361,4,2,0
4022,16.44,49.0,7413,7124,8799,3248730,0,117,4,-175.5,5.0,994.7,2500969576,1,14378,795,2337.9,2098.0,424,7.30,1,18,16,7135,11,69,3,0
4023,23.31,49.0,7413,7124,8799,3248730,0,117,4,-175.5,5.0,994.7,2500969872,1,14378,795,2337.9,2098.0,424,0.47,2,41,20,5,351,2,1,0
4024,17.69,49.0,7413,7124,8799,3248730,0,117,4,-175.5,5.0,994.7,2500970168,1,14378,795,2337.9,2098.0,424,6.86,1,18,15,6774,4,3,2,0
4025,24.06,49.0,7413,7124,8799,3248730,0,117,4,-175.5,5.0,994.7,2500970464,1,14378,795,2337.9,2098.0,424,0.40,1,32,17,6,312,2,1,0
4026,16.01,49.0,7413,7124,8799,3248730,0,117,4,-175.5,5.0,994.7,2500970760,1,14378,795,2337.9,2098.0,424,7.48,1,18,18,7343,5,59,2,0
4027,23.30,49.0,7413,7124,8799,3248730,0,117,4,-175.5,5.0,994.7,2500971056,1,14378,795,2337.9,2098.0,424,0.40,1,17,16,4,325,2,2,0
4028,17.61,49.0,7413,7124,8799,3248730,0,117,4,-175.5,5.0,994.7,2500971352,1,14378,795,2337.9,2098.0,424,7.13,1,17,21,7040,5,2,2,0
4029,23.25,49.0,7413,7124,8799,3248730,0,117,4,-175.5,5.0,994.7,2500971648,1,14378,795,2337.9,2098.0,424,0.39,1,18,16,5,307,2,2,0
4030,17.02,49.0,7413,7124,8799,3248730,0,117,4,-175.5,5.0,994.7,2500971944,1,14378,795,2337.9,2098.0,424,7.81,2,29,16,7660,5,57,2,0
4031,24.74,49.0,7413,7124,8799,3248730,0,117,4,-175.5,5.0,994.7,2500972240,1,14378,795,2337.9,2098.0,424,0.44,1,17,16,5,365,2,1,0
4032,16.62,49.0,7413,7124,8799,3248730,0,117,4,-175.5,5.0,994.7,2500972536,1,14378,795,2337.9,2098.0,424,7.79,0,18,16,7714,5,2,2,0
4033,23.29,49.0,7413,7124,8799,3248730,0,117,4,-175.5,5.0,994.7,2500972832,1,14378,795,2337.9,2098.0,424,0.45,1,17,17,6,368,3,2,0
4034,18.13,49.0,7413,7124,8799,3248730,0,117,4,-175.5,5.0,994.7,2500973128,1,14378,795,2337.9,2098.0,424,7.59,1,25,17,7398,7,97,3,0
4035,25.18,49.0,7413,7124,8799,3248730,0,117,4,-175.5,5.0,994.7,2500973424,1,14378,795,2337.9,2098.0,424,0.51,2,27,18,6,396,2,2,0
4036,17.77,49.0,7413,7124,8799,3248730,0,117,4,-175.5,5.0,994.7,2500973720,1,14378,795,2337.9,2098.0,424,7.90,2,20,17,7811,5,3,2,0
4037,23.12,49.0,7413,7124,8799,3248730,0,117,4,-175.5,5.0,994.7,2500974016,1,14378,795,2337.9,2098.0,424,0.43,1,20,18,6,342,3,2,0
4038,16.81,49.0,7413,7124,8799,3248730,0,117,4,-175.5,5.0,994.7,2500976264,1,14378,795,2337.9,2098.0,424,7.77,1,28,23,7606,5,61,2,0
4039,24.29,49.0,7413,7124,8799,3248730,0,117,4,-175.5,5.0,994.7,2500974624,1,14378,795,2337.9,2098.0,424,0.40,1,17,16,5,317,2,1,0
4040,17.93,49.0,7413,7124,8799,3248730,0,117,4,-175.5,5.0,994.7,2500974920,1,14378,795,2337.9,2098.0,424,7.51,1,17,15,7398,7,4,31,0
4041,23.20,49.0,7413,7124,8799,3248730,0,117,4,-175.5,5.0,994.7,2500975216,1,14378,795,2337.9,2098.0,424,0.56,2,26,23,8,447,4,3,0
4042,19.22,49.0,7413,7124,8799,3248730,0,117,4,-175.5,5.0,994.7,2500975512,1,14378,795,2337.9,2098.0,424,7.01,1,19,26,6856,2,54,2,0
4043,24.40,49.0,7413,7124,8799,3248730,0,117,4,-175.5,5.0,994.7,2500975808,1,14378,795,2337.9,2098.0,424,0.52,1,22,20,7,402,4,2,0
4044,17.52,49.0,7413,7124,8799,3248730,0,117,4,-175.5,5.0,994.7,2500976104,1,14378,795,2337.9,2098.0,424,7.37,1,17,16,7286,5,3,2,0
4045,23.50,49.0,7413,7124,8799,3248730,0,117,4,-175.5,5.0,994.7,2500976400,1,14378,795,2337.9,2098.0,424,0.41,2,20,17,5,325,3,3,0
4046,16.46,49.0,7413,7124,8799,3248730,0,117,4,-175.5,5.0,994.7,2500976696,1,14378,795,2337.9,2098.0,424,7.09,1,18,16,6921,4,86,3,0
4047,23.31,49.0,7413,7124,8799,3248730,0,117,4,-175.5,5.0,994.7,2500976992,1,14378,795,2337.9,2098.0,424,0.50,1,26,28,7,380,4,2,0
4048,17.01,49.0,7413,7124,8799,3248730,0,117,4,-175.5,5.0,994.7,2500977288,1,14378,795,2337.9,2098.0,424,8.26,2,26,23,8161,0,0,0,0
4049,24.24,49.0,7413,7124,8799,3248730,0,117,4,-175.5,5.0,994.7,2500977584,1,14378,795,2337.9,2098.0,424,0.39,1,16,16,5,313,3,1,0
4050,18.61,49.0,7413,7124,8799,3248730,0,117,4,-175.5,5.0,994.7,2500978168,1,14378,795,2337.9,2098.0,424,7.50,1,16,16,7360,5,59,2,0
4051,24.44,49.0,7413,7124,8799,3248730,0,117,4,-175.5,5.0,994.7,2500978176,1,14378,795,2337.9,2098.0,424,0.40,2,17,16,5,315,1,1,0
4052,17.05,49.0,7413,7124,8799,3248730,0,117,4,-175.5,5.0,994.7,2500978472,1,14378,795,2337.9,2098.0,424,7.46,2,20,19,7361,5,3,2,0
4053,24.53,49.0,7413,7124,8799,3248730,0,117,4,-175.5,5.0,994.7,2500978768,1,14378,795,2337.9,2098.0,424,0.41,2,21,19,9,319,2,2,0
4054,16.63,49.0,7413,7124,8799,3248730,0,117,4,-175.5,5.0,994.7,2500979064,1,14378,795,2337.9,2098.0,424,7.78,1,27,24,7611,5,66,2,0
4055,24.51,49.0,7413,7124,8799,3248730,0,117,4,-175.5,5.0,994.7,2500979360,1,14378,795,2337.9,2098.0,424,0.40,1,18,16,6,321,2,2,0
4056,17.78,49.0,7413,7124,8799,3248730,0,117,4,-175.5,5.0,994.7,2500979656,1,14378,795,2337.9,2098.0,424,7.00,1,17,22,6914,5,3,2,0
4057,22.79,49.0,7413,7124,8799,3248730,0,117,4,-175.5,5.0,994.7,2500979952,1,14378,795,2337.9,2098.0,424,0.58,1,28,22,7,466,3,2,0
4058,17.10,49.0,7413,7124,8799,3248730,0,117,4,-175.5,5.0,994.7,2500980248,1,14378,795,2337.9,2098.0,424,7.37,1,18,15,7223,6,58,2,0
4059,23.49,49.0,7413,7124,8799,3248730,0,117,4,-175.5,5.0,994.7,2500980544,1,14378,795,2337.9,2098.0,424,0.40,1,19,16,5,327,2,2,0
4060,16.37,49.0,7413,7124,8799,3248730,0,117,4,-175.5,5.0,994.7,2500980840,1,14378,795,2337.9,2098.0,424,7.10,1,19,19,7014,6,3,1,0
4061,22.61,49.0,7413,7124,8799,3248730,0,117,4,-175.5,5.0,994.7,2500981136,1,14378,795,2337.9,2098.0,424,0.40,1,17,16,5,314,2,1,0
4062,17.09,49.0,7413,7124,8799,3248730,0,117,4,-175.5,5.0,994.7,2500981432,1,14378,795,2337.9,2098.0,424,7.39,1,17,16,7253,5,63,2,0
4063,23.58,49.0,7413,7124,8799,3248730,0,117,4,-175.5,5.0,994.7,2500981728,1,14378,795,2337.9,2098.0,424,0.39,1,17,16,5,311,2,2,0
4064,16.75,49.0,7413,7124,8799,3248730,0,117,4,-175.5,5.0,994.7,2500982024,1,14378,795,2337.9,2098.0,424,7.07,1,17,17,6985,6,3,2,0
4065,23.30,49.0,7413,7124,8799,3248730,0,117,4,-175.5,5.0,994.7,2500982320,1,14378,795,2337.9,2098.0,424,0.37,1,17,17,6,296,2,2,0
4066,16.19,49.0,7413,7124,8799,3248730,0,117,4,-175.5,5.0,994.7,2500982616,1,14378,795,2337.9,2098.0,424,7.53,1,19,17,7380,6,69,2,0
4067,22.92,49.0,7413,7124,8799,3248730,0,117,4,-175.5,5.0,994.7,2500982912,1,14378,795,2337.9,2098.0,424,0.57,2,27,23,7,460,3,2,0
4068,17.10,49.0,7413,7124,8799,3248730,0,117,4,-175.5,5.0,994.7,2500983208,1,14378,795,2337.9,2098.0,424,7.31,1,34,23,7198,4,2,3,0
4069,24.16,49.0,7413,7124,8799,3248730,0,117,4,-175.5,5.0,994.7,2500983504,1,14378,795,2337.9,2098.0,424,0.42,1,19,18,6,336,2,2,0
4070,17.53,49.0,7413,7124,8799,3248730,0,117,4,-175.5,5.0,994.7,2500983800,1,14378,795,2337.9,2098.0,424,7.97,1,21,18,7788,6,94,2,0
4071,24.54,49.0,7413,7124,8799,3248730,0,117,4,-175.5,5.0,994.7,2500984096,1,14378,795,2337.9,2098.0,424,0.47,0,19,17,6,377,2,2,0
4072,16.75,49.0,7413,7124,8799,3248730,0,117,4,-175.5,5.0,994.7,2500984392,1,14378,795,2337.9,2098.0,424,7.91,1,17,17,7814,5,3,2,0
4073,23.98,49.0,7413,7124,8799,3248730,0,117,4,-175.5,5.0,994.7,2500984688,1,14378,795,2337.9,2098.0,424,0.37,2,18,16,5,295,1,1,0
4074,17.90,49.0,7413,7124,8799,3248730,0,117,4,-175.5,5.0,994.7,2500984984,1,14378,795,2337.9,2098.0,424,7.42,1,17,16,7269,5,58,2,0
4075,24.58,49.0,7413,7124,8799,3248730,0,117,4,-175.5,5.0,994.7,2500985280,1,14378,795,2337.9,2098.0,424,0.41,2,25,17,5,317,2,2,0
4076,16.98,48.0,7413,7124,8799,3248730,0,117,4,-175.5,5.0,994.7,2500985576,1,14378,795,2337.9,2098.0,424,6.92,0,17,16,6826,3,2,2,0
4077,22.84,48.0,7413,7124,8799,3248730,0,117,4,-175.5,5.0,994.7,2500985872,1,14378,795,2337.9,2098.0,424,0.40,1,17,16,5,319,3,1,0
4078,16.51,48.0,7413,7124,8799,3248730,0,117,4,-175.5,5.0,994.7,2500986168,1,14378,795,2337.9,2098.0,424,7.09,1,17,16,6957,5,57,2,0
4079,23.13,48.0,7413,7124,8799,3248730,0,117,4,-175.5,5.0,994.7,2500986464,1,14378,795,2337.9,2098.0,424,0.44,1,17,33,5,337,3,2,0
4080,20.60,48.0,7413,7124,8799,3248730,0,117,4,-175.5,5.0,994.7,2500987048,1,14378,795,2337.9,2098.0,424,7.79,1,15,15,7701,5,5,3,0
4081,24.27,48.0,7413,7124,8799,3248730,0,117,4,-175.5,5.0,994.7,2500987056,1,14378,795,2337.9,2098.0,424,0.60,1,28,24,8,488,4,2,0
4082,16.65,48.0,7413,7124,8799,3248730,0,117,4,-175.5,5.0,994.7,2500987352,1,14378,795,2337.9,2098.0,424,7.46,1,17,16,7319,5,64,2,0
4083,24.37,48.0,7413,7124,8799,3248730,0,117,4,-175.5,5.0,994.7,2500987648,1,14378,795,2337.9,2098.0,424,0.59,2,27,33,8,470,3,2,0
4084,16.72,48.0,7413,7124,8799,3248730,0,117,4,-175.5,5.0,994.7,2500987944,1,14378,795,2337.9,2098.0,424,6.95,1,18,16,6856,4,2,1,0
4085,23.13,48.0,7413,7124,8799,3248730,0,117,4,-175.5,5.0,994.7,2500988240,1,14378,795,2337.9,2098.0,424,0.43,1,18,16,6,348,4,2,0
4086,18.63,48.0,7413,7124,8799,3248730,0,117,4,-175.5,5.0,994.7,2500988536,1,14378,795,2337.9,2098.0,424,7.97,1,19,18,7776,7,102,3,0
4087,24.37,48.0,7413,7124,8799,3248730,0,117,4,-175.5,5.0,994.7,2500988832,1,14378,795,2337.9,2098.0,424,0.52,1,23,24,11,414,2,1,0
4088,18.09,48.0,7413,7124,8799,3248730,0,117,4,-175.5,5.0,994.7,2500989112,1,14378,795,2337.9,2098.0,424,7.47,1,42,24,7348,5,3,2,0
4089,45.96,48.0,7413,7124,8799,3248730,0,117,4,-175.5,5.0,994.7,2500989392,1,14378,795,2337.9,2098.0,424,0.63,1,20,53,6,510,3,2,0
4090,22.58,48.0,7413,7124,8799,3248730,0,117,4,-175.5,5.0,994.7,2500989688,1,14378,795,2337.9,2098.0,424,7.58,1,17,16,7427,5,77,2,0
4091,23.15,48.0,7413,7124,8799,3248730,0,117,4,-175.5,5.0,994.7,2500989984,1,14378,795,2337.9,2098.0,424,0.41,1,17,17,5,329,2,2,0
4092,17.86,48.0,7413,7124,8799,3248730,0,117,4,-175.5,5.0,994.7,2500990280,1,14378,795,2337.9,2098.0,424,6.84,1,18,23,6754,5,3,2,0
4093,24.29,48.0,7413,7124,8799,3248730,0,117,4,-175.5,5.0,994.7,2500990576,1,14378,795,2337.9,2098.0,424,0.45,2,24,21,7,345,2,2,0
4094,16.76,48.0,7413,7124,8799,3248730,0,117,4,-175.5,5.0,994.7,2500990872,1,14378,795,2337.9,2098.0,424,7.74,1,27,24,7564,5,58,2,0
4095,24.55,48.0,7413,7124,8799,3248730,0,117,4,-175.5,5.0,994.7,2500991168,1,14378,795,2337.9,2098.0,424,0.38,1,18,16,5,304,2,2,0
4096,16.55,48.0,7413,7124,8799,3248730,0,117,4,-175.5,5.0,994.7,2500991464,1,14378,795,2337.9,2098.0,424,7.56,2,18,24,7475,6,3,2,0
4097,23.89,48.0,7413,7124,8799,3248730,0,117,4,-175.5,5.0,994.7,2500991760,1,14378,795,2337.9,2098.0,424,0.42,1,18,22,11,330,2,1,0
4098,16.79,48.0,7413,7124,8799,3248730,0,117,4,-175.5,5.0,994.7,2500992056,1,14378,795,2337.9,2098.0,424,7.41,1,28,23,7236,4,65,2,0
4099,25.80,48.0,7413,7124,8799,3248730,0,117,4,-175.5,5.0,994.7,2500992352,1,14378,795,2337.9,2098.0,424,0.41,1,19,17,6,324,2,1,0
4100,16.98,48.0,7413,7124,8799,3248730,0,117,4,-175.5,5.0,994.7,2500992648,1,14378,795,2337.9,2098.0,424,6.97,1,18,15,6890,4,3,2,0
4101,22.60,48.0,7413,7124,8799,3248730,0,117,4,-175.5,5.0,994.7,2500992944,1,14378,795,2337.9,2098.0,424,0.47,2,26,22,8,357,2,2,0
4102,17.45,48.0,7413,7124,8799,3248730,0,117,4,-175.5,5.0,994.7,2500993240,1,14378,795,2337.9,2098.0,424,7.49,1,20,18,7297,9,97,3,0
4103,23.87,48.0,7413,7124,8799,3248730,0,117,4,-175.5,5.0,994.7,2500993536,1,14378,795,2337.9,2098.0,424,0.38,1,17,16,4,306,2,2,0
4104,15.95,48.0,7413,7124,8799,3248730,0,117,4,-175.5,5.0,994.7,2500993832,1,14378,795,2337.9,2098.0,424,7.60,1,21,18,7506,5,3,2,0
4105,23.45,48.0,7413,7124,8799,3248730,0,117,4,-175.5,5.0,994.7,2500994128,1,14378,795,2337.9,2098.0,424,0.40,1,18,15,5,330,1,1,0
4106,17.23,48.0,7413,7124,8799,3248730,0,117,4,-175.5,5.0,994.7,2500994424,1,14378,795,2337.9,2098.0,424,7.46,1,17,17,7324,6,64,1,0
4107,24.15,48.0,7413,7124,8799,3248730,0,117,4,-175.5,5.0,994.7,2500994720,1,14378,795,2337.9,2098.0,424,0.45,1,19,33,6,335,2,2,0
4108,17.04,48.0,7413,7124,8799,3248730,0,117,4,-175.5,5.0,994.7,2500995016,1,14378,795,2337.9,2098.0,424,7.72,1,18,15,7632,4,3,3,0
4109,23.39,48.0,7413,7124,8799,3248730,0,117,4,-175.5,5.0,994.7,2500995312,1,14378,795,2337.9,2098.0,424,0.44,2,29,17,4,341,8,4,0
4110,19.04,48.0,7413,7124,8799,3248730,0,117,4,-175.5,5.0,994.7,2500995752,1,14378,795,2337.9,2098.0,424,8.00,1,16,28,7852,4,58,1,0
4111,25.34,48.0,7413,7124,8799,3248730,0,117,4,-175.5,5.0,994.7,2500995904,1,14378,795,2337.9,2098.0,424,0.37,1,17,16,5,299,2,2,0
4112,18.18,48.0,7413,7124,8799,3248730,0,117,4,-175.5,5.0,994.7,2500996200,1,14378,795,2337.9,2098.0,424,7.18,1,18,17,7095,5,2,2,0
4113,24.19,48.0,7413,7124,8799,3248730,0,117,4,-175.5,5.0,994.7,2500996496,1,14378,795,2337.9,2098.0,424,0.39,1,17,17,6,317,2,2,0
4114,16.76,48.0,7413,7124,8799,3248730,0,117,4,-175.5,5.0,994.7,2500996792,1,14378,795,2337.9,2098.0,424,7.47,1,18,17,7339,4,58,2,0
4115,24.10,48.0,7413,7124,8799,3248730,0,117,4,-175.5,5.0,994.7,2500997088,1,14378,795,2337.9,2098.0,424,0.47,1,17,15,5,391,2,2,0
4116,17.44,48.0,7413,7124,8799,3248730,0,117,4,-175.5,5.0,994.7,2500997384,1,14378,795,2337.9,2098.0,424,7.69,1,17,16,7609,4,3,2,0
4117,25.35,48.0,7413,7124,8799,3248730,0,117,4,-175.5,5.0,994.7,2500997680,1,14378,795,2337.9,2098.0,424,0.40,1,18,16,5,326,2,2,0
4118,17.23,48.0,7413,7124,8799,3248730,0,117,4,-175.5,5.0,994.7,2500997976,1,14378,795,2337.9,2098.0,424,7.48,3,24,17,7316,6,75,3,0
4119,23.55,48.0,7413,7124,8799,3248730,0,117,4,-175.5,5.0,994.7,2500998272,1,14378,795,2337.9,2098.0,424,0.45,1,21,18,7,359,3,2,0
4120,17.14,48.0,7413,7124,8799,3248730,0,117,4,-175.5,5.0,994.7,2500998568,1,14378,795,2337.9,2098.0,424,7.81,1,19,16,7714,5,3,2,0
4121,23.22,48.0,7413,7124,8799,3248730,0,117,4,-175.5,5.0,994.7,2500998864,1,14378,795,2337.9,2098.0,424,0.42,1,21,19,6,329,2,2,0
4122,18.25,48.0,7413,7124,8799,3248730,0,117,4,-175.5,5.0,994.7,2500999160,1,14378,795,2337.9,2098.0,424,7.20,2,27,24,7042,3,52,1,0
4123,22.95,47.0,7413,7124,8799,3248730,0,117,4,-175.5,5.0,994.7,2500999456,1,14378,795,2337.9,2098.0,424,0.47,2,21,19,6,377,3,2,0
4124,17.58,47.0,7413,7124,8799,3248730,0,117,4,-175.5,5.0,994.7,2500999752,1,14378,795,2337.9,2098.0,424,7.71,1,18,16,7612,6,2,2,0
4125,23.57,47.0,7413,7124,8799,3248730,0,117,4,-175.5,5.0,994.7,2501000048,1,14378,795,2337.9,2098.0,424,0.49,1,21,19,7,399,2,2,0
4126,17.25,47.0,7413,7124,8799,3248730,0,117,4,-175.5,5.0,994.7,2501000344,1,14378,795,2337.9,2098.0,424,7.67,1,21,31,7399,5,69,103,0
4127,25.35,47.0,7413,7124,8799,3248730,0,117,4,-175.5,5.0,994.7,2501000640,1,14378,795,2337.9,2098.0,424,0.39,1,18,16,5,315,2,2,0
4128,17.22,47.0,7413,7124,8799,3248730,0,117,4,-175.5,5.0,994.7,2501000936,1,14378,795,2337.9,2098.0,424,7.36,1,17,16,7274,7,4,3,0
4129,23.95,47.0,7413,7124,8799,3248730,0,117,4,-175.5,5.0,994.7,2501001232,1,14378,795,2337.9,2098.0,424,0.38,1,17,16,5,299,2,2,0
4130,16.98,47.0,7413,7124,8799,3248730,0,117,4,-175.5,5.0,994.7,2501001528,1,14378,795,2337.9,2098.0,424,7.61,1,17,15,7457,5,69,2,0
4131,24.52,47.0,7413,7124,8799,3248730,0,117,4,-175.5,5.0,994.7,2501001824,1,14378,795,2337.9,2098.0,424,0.41,2,20,16,5,328,3,1,0
4132,16.79,47.0,7413,7124,8799,3248730,0,117,4,-175.5,5.0,994.7,2501002104,1,14378,795,2337.9,2098.0,424,7.77,1,17,16,7689,4,3,2,0
4133,24.23,47.0,7413,7124,8799,3248730,0,117,4,-175.5,5.0,994.7,2501004336,1,14378,795,2337.9,2098.0,424,0.41,1,18,16,5,328,3,2,0
4134,18.47,47.0,7413,7124,8799,3248730,0,117,4,-175.5,5.0,994.7,2501002712,1,14378,795,2337.9,2098.0,424,7.65,1,19,18,7444,7,117,2,0
4135,24.10,47.0,7413,7124,8799,3248730,0,117,4,-175.5,5.0,994.7,2501004944,1,14378,795,2337.9,2098.0,424,0.59,1,27,23,7,485,3,1,0
4136,18.15,47.0,7413,7124,8799,3248730,0,117,4,-175.5,5.0,994.7,2501003304,1,14378,795,2337.9,2098.0,424,7.39,2,18,16,7281,7,3,2,0
4137,23.51,47.0,7413,7124,8799,3248730,0,117,4,-175.5,5.0,994.7,2501005536,1,14378,795,2337.9,2098.0,424,0.40,1,17,16,6,319,2,2,0
4138,17.72,47.0,7413,7124,8799,3248730,0,117,4,-175.5,5.0,994.7,2501003896,1,14378,795,2337.9,2098.0,424,7.64,1,17,16,7497,4,56,2,0
4139,23.51,47.0,7413,7124,8799,3248730,0,117,4,-175.5,5.0,994.7,2501004192,1,14378,795,2337.9,2098.0,424,0.39,1,17,16,6,310,3,2,0
4140,18.51,47.0,7413,7124,8799,3248730,0,117,4,-175.5,5.0,994.7,2501004776,1,14378,795,2337.9,2098.0,424,6.85,1,14,16,6782,3,2,2,0
4141,23.56,47.0,7413,7124,8799,3248730,0,117,4,-175.5,5.0,994.7,2501004784,1,14378,795,2337.9,2098.0,424,0.44,1,17,17,5,345,2,1,0
4142,17.00,47.0,7413,7124,8799,3248730,0,117,4,-175.5,5.0,994.7,2501005080,1,14378,795,2337.9,2098.0,424,7.36,1,16,16,7222,6,65,1,0
4143,23.53,47.0,7413,7124,8799,3248730,0,117,4,-175.5,5.0,994.7,2501005376,1,14378,795,2337.9,2098.0,424,0.43,1,20,18,5,337,2,1,0
4144,16.95,47.0,7413,7124,8799,3248730,0,117,4,-175.5,5.0,994.7,2501005672,1,14378,795,2337.9,2098.0,424,7.42,1,20,18,7334,4,3,2,0
4145,24.57,47.0,7413,7124,8799,3248730,0,117,4,-175.5,5.0,994.7,2501005968,1,14378,795,2337.9,2098.0,424,0.38,1,17,17,5,302,2,2,0
4146,16.72,47.0,7413,7124,8799,3248730,0,117,4,-175.5,5.0,994.7,2501006264,1,14378,795,2337.9,2098.0,424,6.96,1,17,16,6813,4,54,2,0
4147,23.65,47.0,7413,7124,8799,3248730,0,117,4,-175.5,5.0,994.7,2501006560,1,14378,795,2337.9,2098.0,424,0.42,1,18,15,5,335,2,2,0
4148,16.06,47.0,7413,7124,8799,3248730,0,117,4,-175.5,5.0,994.7,2501006856,1,14378,795,2337.9,2098.0,424,7.13,1,19,17,7050,4,2,3,0
4149,23.22,47.0,7413,7124,8799,3248730,0,117,4,-175.5,5.0,994.7,2501007152,1,14378,795,2337.9,2098.0,424,0.46,1,18,16,6,380,2,1,0
4150,16.71,47.0,7413,7124,8799,3248730,0,117,4,-175.5,5.0,994.7,2501007448,1,14378,795,2337.9,2098.0,424,7.64,1,20,18,7503,5,56,2,0
4151,26.11,47.0,7413,7124,8799,3248730,0,117,4,-175.5,5.0,994.7,2501007744,1,14378,795,2337.9,2098.0,424,0.41,1,20,20,5,323,3,1,0
4152,17.40,47.0,7413,7124,8799,3248730,0,117,4,-175.5,5.0,994.7,2501008040,1,14378,795,2337.9,2098.0,424,7.38,1,22,31,7270,5,3,1,0
4153,23.60,47.0,7413,7124,8799,3248730,0,117,4,-175.5,5.0,994.7,2501008336,1,14378,795,2337.9,2098.0,424,0.42,2,30,15,5,333,2,1,0
4154,17.34,47.0,7413,7124,8799,3248730,0,117,4,-175.5,5.0,994.7,2501008632,1,14378,795,2337.9,2098.0,424,7.60,1,20,18,7463,5,57,2,0
4155,23.32,47.0,7413,7124,8799,3248730,0,117,4,-175.5,5.0,994.7,2501008928,1,14378,795,2337.9,2098.0,424,0.38,1,18,16,6,303,2,2,0
4156,16.31,47.0,7413,7124,8799,3248730,0,117,4,-175.5,5.0,994.7,2501009224,1,14378,795,2337.9,2098.0,424,6.83,1,18,18,6751,4,2,2,0
4157,23.13,47.0,7413,7124,8799,3248730,0,117,4,-175.5,5.0,994.7,2501009520,1,14378,795,2337.9,2098.0,424,0.38,1,17,15,5,305,2,2,0
4158,17.99,47.0,7413,7124,8799,3248730,0,117,4,-175.5,5.0,994.7,2501009816,1,14378,795,2337.9,2098.0,424,7.61,1,17,16,7471,8,60,2,0
4159,23.64,47.0,7413,7124,8799,3248730,0,117,4,-175.5,5.0,994.7,2501010112,1,14378,795,2337.9,2098.0,424,0.41,1,19,24,5,322,2,2,0
4160,18.16,47.0,7413,7124,8799,3248730,0,117,4,-175.5,5.0,994.7,2501010408,1,14378,795,2337.9,2098.0,424,7.48,1,18,17,7380,6,4,2,0
4161,22.95,47.0,7413,7124,8799,3248730,0,117,4,-175.5,5.0,994.7,2501010704,1,14378,795,2337.9,2098.0,424,0.40,1,18,28,6,307,2,1,0
4162,17.25,47.0,7413,7124,8799,3248730,0,117,4,-175.5,5.0,994.7,2501011000,1,14378,795,2337.9,2098.0,424,7.14,0,18,16,6997,6,65,2,0
4163,23.00,47.0,7413,7124,8799,3248730,0,117,4,-175.5,5.0,994.7,2501011296,1,14378,795,2337.9,2098.0,424,0.42,1,19,17,6,336,3,2,0
4164,17.29,47.0,7413,7124,8799,3248730,0,117,4,-175.5,5.0,994.7,2501011592,1,14378,795,2337.9,2098.0,424,7.56,2,27,24,7435,6,3,2,0
4165,23.36,47.0,7413,7124,8799,3248730,0,117,4,-175.5,5.0,994.7,2501011888,1,14378,795,2337.9,2098.0,424,0.59,2,27,23,8,476,3,3,0
4166,17.68,47.0,7413,7124,8799,3248730,0,117,4,-175.5,5.0,994.7,2501012184,1,14378,795,2337.9,2098.0,424,8.15,1,27,34,8042,0,0,0,0
4167,24.96,47.0,7413,7124,8799,3248730,0,117,4,-175.5,5.0,994.7,2501012480,1,14378,795,2337.9,2098.0,424,0.42,1,19,16,5,342,3,1,0
4168,15.98,47.0,7413,7124,8799,3248730,0,117,4,-175.5,5.0,994.7,2501012776,1,14378,795,2337.9,2098.0,424,7.35,1,16,16,7267,5,3,2,0
4169,24.16,47.0,7413,7124,8799,3248730,0,117,4,-175.5,5.0,994.7,2501013072,1,14378,795,2337.9,2098.0,424,0.41,1,32,16,5,319,2,2,0
4170,18.80,47.0,7413,7124,8799,3248730,0,117,4,-175.5,5.0,994.7,2501013584,1,14378,795,2337.9,2098.0,424,7.80,1,15,16,7664,5,59,2,0
4171,24.06,47.0,7413,7124,8799,3248730,0,117,4,-175.5,5.0,994.7,2501013664,1,14378,795,2337.9,2098.0,424,0.58,1,24,23,8,483,3,2,0
4172,16.88,49.0,7413,7124,8799,3248730,0,117,4,-175.5,5.0,994.7,2501013960,1,14378,795,2337.9,2098.0,424,7.29,2,27,23,7185,4,2,2,0
4173,24.29,49.0,7413,7124,8799,3248730,0,117,4,-175.5,5.0,994.7,2501014256,1,14378,795,2337.9,2098.0,424,0.42,1,18,17,5,337,5,3,0
4174,17.34,49.0,7413,7124,8799,3248730,0,117,4,-175.5,5.0,994.7,2501014552,1,14378,795,2337.9,2098.0,424,7.59,1,18,16,7429,5,75,2,0
4175,23.95,49.0,7413,7124,8799,3248730,0,117,4,-175.5,5.0,994.7,2501014848,1,14378,795,2337.9,2098.0,424,0.42,1,28,23,6,307,2,2,0
4176,17.70,49.0,7413,7124,8799,3248730,0,117,4,-175.5,5.0,994.7,2501015144,1,14378,795,2337.9,2098.0,424,7.16,1,19,17,7070,5,4,3,0
4177,23.37,49.0,7413,7124,8799,3248730,0,117,4,-175.5,5.0,994.7,2501015440,1,14378,795,2337.9,2098.0,424,0.43,1,28,21,8,317,3,1,0
4178,16.79,49.0,7413,7124,8799,3248730,0,117,4,-175.5,5.0,994.7,2501015736,1,14378,795,2337.9,2098.0,424,7.77,1,18,18,7615,4,76,2,0
4179,24.22,49.0,7413,7124,8799,3248730,0,117,4,-175.5,5.0,994.7,2501016032,1,14378,795,2337.9,2098.0,424,0.39,1,18,15,5,299,1,1,0
4180,17.28,49.0,7413,7124,8799,3248730,0,117,4,-175.5,5.0,994.7,2501016312,1,14378,795,2337.9,2098.0,424,7.40,1,17,15,7317,4,3,2,0
4181,23.91,49.0,7413,7124,8799,3248730,0,117,4,-175.5,5.0,994.7,2501018544,1,14378,795,2337.9,2098.0,424,0.76,1,28,28,8,639,2,2,0
4182,18.14,49.0,7413,7124,8799,3248730,0,117,4,-175.5,5.0,994.7,2501016904,1,14378,795,2337.9,2098.0,424,7.92,1,17,17,7788,5,59,2,0
4183,26.31,49.0,7413,7124,8799,3248730,0,117,4,-175.5,5.0,994.7,2501019136,1,14378,795,2337.9,2098.0,424,0.41,1,19,18,6,328,2,1,0
4184,16.99,49.0,7413,7124,8799,3248730,0,117,4,-175.5,5.0,994.7,2501017480,1,14378,795,2337.9,2098.0,424,7.83,1,20,16,7718,8,4,3,0
4185,51.35,49.0,7413,7124,8799,3248730,0,117,4,-175.5,5.0,994.7,2501017776,1,14378,795,2337.9,2098.0,424,0.41,1,19,27,5,321,2,2,0
4186,23.28,49.0,7413,7124,8799,3248730,0,117,4,-175.5,5.0,994.7,2501018072,1,14378,795,2337.9,2098.0,424,7.37,1,24,16,7215,5,65,2,0
4187,23.92,49.0,7413,7124,8799,3248730,0,117,4,-175.5,5.0,994.7,2501018368,1,14378,795,2337.9,2098.0,424,0.40,1,29,16,5,317,3,1,0
4188,16.04,49.0,7413,7124,8799,3248730,0,117,4,-175.5,5.0,994.7,2501018664,1,14378,795,2337.9,2098.0,424,7.49,1,18,17,7403,5,3,2,0
4189,23.01,49.0,7413,7124,8799,3248730,0,117,4,-175.5,5.0,994.7,2501018960,1,14378,795,2337.9,2098.0,424,0.59,2,27,24,10,466,4,2,0
4190,17.52,49.0,7413,7124,8799,3248730,0,117,4,-175.5,5.0,994.7,2501019256,1,14378,795,2337.9,2098.0,424,7.24,1,19,17,7085,4,58,2,0
4191,22.95,49.0,7413,7124,8799,3248730,0,117,4,-175.5,5.0,994.7,2501019552,1,14378,795,2337.9,2098.0,424,0.39,1,16,22,5,313,2,1,0
4192,17.93,49.0,7413,7124,8799,3248730,0,117,4,-175.5,5.0,994.7,2501019848,1,14378,795,2337.9,2098.0,424,7.80,1,17,21,7712,5,2,2,0
4193,24.29,49.0,7413,7124,8799,3248730,0,117,4,-175.5,5.0,994.7,2501020144,1,14378,795,2337.9,2098.0,424,0.42,0,18,16,5,323,2,1,0
4194,16.92,49.0,7413,7124,8799,3248730,0,117,4,-175.5,5.0,994.7,2501020440,1,14378,795,2337.9,2098.0,424,6.98,1,20,18,6842,4,54,2,0
4195,23.10,49.0,7413,7124,8799,3248730,0,117,4,-175.5,5.0,994.7,2501020736,1,14378,795,2337.9,2098.0,424,0.50,2,27,24,8,385,2,1,0
4196,16.56,49.0,7413,7124,8799,3248730,0,117,4,-175.5,5.0,994.7,2501021032,1,14378,795,2337.9,2098.0,424,7.18,1,19,19,7091,5,3,2,0
4197,24.81,49.0,7413,7124,8799,3248730,0,117,4,-175.5,5.0,994.7,2501021328,1,14378,795,2337.9,2098.0,424,0.53,1,17,15,5,446,3,2,0
4198,17.18,49.0,7413,7124,8799,3248730,0,117,4,-175.5,5.0,994.7,2501021624,1,14378,795,2337.9,2098.0,424,7.36,1,30,20,7204,5,59,1,0
4199,24.22,49.0,7413,7124,8799,3248730,0,117,4,-175.5,5.0,994.7,2501021920,1,14378,795,2337.9,2098.0,424,0.42,1,17,19,9,316,7,5,0
4200,18.67,49.0,7413,7124,8799,3248730,0,117,4,-175.5,5.0,994.7,2501022504,1,14378,795,2337.9,2098.0,424,7.77,1,23,157,7537,5,3,2,0
4201,24.55,49.0,7413,7124,8799,3248730,0,117,4,-175.5,5.0,994.7,2501022512,1,14378,795,2337.9,2098.0,424,0.44,1,19,18,9,349,2,2,0
4202,16.91,49.0,7413,7124,8799,3248730,0,117,4,-175.5,5.0,994.7,2501022808,1,14378,795,2337.9,2098.0,424,7.22,1,19,17,7073,6,66,2,0
4203,22.97,49.0,7413,7124,8799,3248730,0,117,4,-175.5,5.0,994.7,2501023104,1,14378,795,2337.9,2098.0,424,0.39,1,17,17,5,310,2,2,0
4204,16.33,49.0,7413,7124,8799,3248730,0,117,4,-175.5,5.0,994.7,2501023400,1,14378,795,2337.9,2098.0,424,7.46,1,23,18,7340,9,6,4,0
4205,24.20,49.0,7413,7124,8799,3248730,0,117,4,-175.5,5.0,994.7,2501023696,1,14378,795,2337.9,2098.0,424,0.50,1,27,23,8,393,2,2,0
4206,17.53,49.0,7413,7124,8799,3248730,0,117,4,-175.5,5.0,994.7,2501023992,1,14378,795,2337.9,2098.0,424,7.03,1,18,15,6882,10,66,2,0
4207,22.73,49.0,7413,7124,8799,3248730,0,117,4,-175.5,5.0,994.7,2501024288,1,14378,795,2337.9,2098.0,424,0.47,3,21,18,5,383,3,2,0
4208,16.90,49.0,7413,7124,8799,3248730,0,117,4,-175.5,5.0,994.7,2501024584,1,14378,795,2337.9,2098.0,424,7.60,1,18,15,7519,5,2,2,0
4209,23.23,49.0,7413,7124,8799,3248730,0,117,4,-175.5,5.0,994.7,2501024880,1,14378,795,2337.9,2098.0,424,0.39,1,18,17,5,311,2,1,0
4210,16.78,49.0,7413,7124,8799,3248730,0,117,4,-175.5,5.0,994.7,2501025176,1,14378,795,2337.9,2098.0,424,7.80,2,27,23,7641,4,59,2,0
4211,24.56,49.0,7413,7124,8799,3248730,0,117,4,-175.5,5.0,994.7,2501025472,1,14378,795,2337.9,2098.0,424,0.57,1,21,19,6,474,4,2,0
4212,17.24,49.0,7413,7124,8799,3248730,0,117,4,-175.5,5.0,994.7,2501025768,1,14378,795,2337.9,2098.0,424,6.86,1,24,19,6769,4,2,2,0
4213,23.41,49.0,7413,7124,8799,3248730,0,117,4,-175.5,5.0,994.7,2501026064,1,14378,795,2337.9,2098.0,424,0.37,1,17,16,5,297,2,2,0
4214,17.81,49.0,7413,7124,8799,3248730,0,117,4,-175.5,5.0,994.7,2501026360,1,14378,795,2337.9,2098.0,424,7.19,0,17,16,7039,6,68,2,0
4215,24.49,49.0,7413,7124,8799,3248730,0,117,4,-175.5,5.0,994.7,2501026656,1,14378,795,2337.9,2098.0,424,0.68,1,20,23,8,580,5,2,0
4216,17.49,49.0,7413,7124,8799,3248730,0,117,4,-175.5,5.0,994.7,2501026952,1,14378,795,2337.9,2098.0,424,7.27,1,21,20,7174,7,3,2,0
4217,23.71,49.0,7413,7124,8799,3248730,0,117,4,-175.5,5.0,994.7,2501027248,1,14378,795,2337.9,2098.0,424,0.41,1,18,22,5,325,2,1,0
4218,17.02,49.0,7413,7124,8799,3248730,0,117,4,-175.5,5.0,994.7,2501027544,1,14378,795,2337.9,2098.0,424,7.43,1,17,21,7249,15,91,2,0
4219,31.23,47.0,7413,7124,8799,3248730,0,117,4,-175.5,5.0,994.7,2501027840,1,14378,795,2337.9,2098.0,424,0.52,1,20,22,6,421,3,2,0
4220,17.74,47.0,7413,7124,8799,3248730,0,117,4,-175.5,5.0,994.7,2501028136,1,14378,795,2337.9,2098.0,424,7.67,1,44,40,7507,8,4,3,0
4221,24.25,47.0,7413,7124,8799,3248730,0,117,4,-175.5,5.0,994.7,2501028432,1,14378,795,2337.9,2098.0,424,0.57,2,26,29,8,451,3,2,0
4222,16.94,47.0,7413,7124,8799,3248730,0,117,4,-175.5,5.0,994.7,2501028728,1,14378,795,2337.9,2098.0,424,7.29,1,21,19,7128,6,75,2,0
4223,23.83,47.0,7413,7124,8799,3248730,0,117,4,-175.5,5.0,994.7,2501029024,1,14378,795,2337.9,2098.0,424,0.38,1,18,16,5,296,2,2,0
4224,22.50,47.0,7413,7124,8799,3248730,0,117,4,-175.5,5.0,994.7,2501029304,1,14378,795,2337.9,2098.0,424,7.41,1,17,15,7324,7,3,2,0
4225,31.87,47.0,7413,7124,8799,3248730,0,117,4,-175.5,5.0,994.7,2501031520,1,14378,795,2337.9,2098.0,424,0.44,1,17,16,8,359,2,1,0
4226,17.43,47.0,7413,7124,8799,3248730,0,117,4,-175.5,5.0,994.7,2501029896,1,14378,795,2337.9,2098.0,424,7.59,1,26,18,7436,7,63,2,0
4227,24.02,47.0,7413,7124,8799,3248730,0,117,4,-175.5,5.0,994.7,2501030192,1,14378,795,2337.9,2098.0,424,0.62,2,33,28,11,489,3,2,0
4228,17.06,47.0,7413,7124,8799,3248730,0,117,4,-175.5,5.0,994.7,2501030488,1,14378,795,2337.9,2098.0,424,7.24,1,18,17,7152,6,3,3,0
4229,24.73,47.0,7413,7124,8799,3248730,0,117,4,-175.5,5.0,994.7,2501030784,1,14378,795,2337.9,2098.0,424,0.40,1,20,18,6,307,3,1,0
4230,19.17,47.0,7413,7124,8799,3248730,0,117,4,-175.5,5.0,994.7,2501031368,1,14378,795,2337.9,2098.0,424,7.41,1,16,15,7267,6,63,2,0
4231,25.09,47.0,7413,7124,8799,3248730,0,117,4,-175.5,5.0,994.7,2501033296,1,14378,795,2337.9,2098.0,424,0.40,1,17,22,5,312,2,1,0
4232,17.90,47.0,7413,7124,8799,3248730,0,117,4,-175.5,5.0,994.7,2501031672,1,14378,795,2337.9,2098.0,424,7.73,1,17,17,7634,6,3,2,0
4233,24.51,47.0,7413,7124,8799,3248730,0,117,4,-175.5,5.0,994.7,2501031968,1,14378,795,2337.9,2098.0,424,0.40,0,17,16,5,322,2,2,0
4234,17.88,47.0,7413,7124,8799,3248730,0,117,4,-175.5,5.0,994.7,2501032264,1,14378,795,2337.9,2098.0,424,7.60,1,17,16,7442,6,80,2,0
4235,23.74,47.0,7413,7124,8799,3248730,0,117,4,-175.5,5.0,994.7,2501032560,1,14378,795,2337.9,2098.0,424,0.41,1,27,16,5,321,2,1,0
4236,17.05,47.0,7413,7124,8799,3248730,0,117,4,-175.5,5.0,994.7,2501032856,1,14378,795,2337.9,2098.0,424,7.43,1,18,18,7335,8,3,2,0
4237,25.11,47.0,7413,7124,8799,3248730,0,117,4,-175.5,5.0,994.7,2501033152,1,14378,795,2337.9,2098.0,424,0.40,1,17,16,5,320,2,2,0
4238,16.85,47.0,7413,7124,8799,3248730,0,117,4,-175.5,5.0,994.7,2501033448,1,14378,795,2337.9,2098.0,424,7.76,1,27,23,7596,6,60,2,0
4239,24.26,47.0,7413,7124,8799,3248730,0,117,4,-175.5,5.0,994.7,2501033744,1,14378,795,2337.9,2098.0,424,0.42,1,17,16,6,348,2,1,0
4240,16.73,47.0,7413,7124,8799,3248730,0,117,4,-175.5,5.0,994.7,2501034040,1,14378,795,2337.9,2098.0,424,7.48,1,16,19,7388,7,4,3,0
4241,23.45,47.0,7413,7124,8799,3248730,0,117,4,-175.5,5.0,994.7,2501036256,1,14378,795,2337.9,2098.0,424,0.87,1,27,23,8,747,5,3,0
4242,18.08,47.0,7413,7124,8799,3248730,0,117,4,-175.5,5.0,994.7,2501034632,1,14378,795,2337.9,2098.0,424,7.22,1,17,16,7073,6,71,3,0
4243,24.08,47.0,7413,7124,8799,3248730,0,117,4,-175.5,5.0,994.7,2501034928,1,14378,795,2337.9,2098.0,424,0.44,1,17,16,5,345,6,3,0
4244,16.84,47.0,7413,7124,8799,3248730,0,117,4,-175.5,5.0,994.7,2501035224,1,14378,795,2337.9,2098.0,424,7.22,1,16,16,7136,5,2,2,0
4245,24.11,47.0,7413,7124,8799,3248730,0,117,4,-175.5,5.0,994.7,2501035520,1,14378,795,2337.9,2098.0,424,0.73,2,26,22,7,613,4,3,0
4246,16.34,47.0,7413,7124,8799,3248730,0,117,4,-175.5,5.0,994.7,2501035816,1,14378,795,2337.9,2098.0,424,7.21,1,17,16,7070,12,60,2,0
4247,23.69,47.0,7413,7124,8799,3248730,0,117,4,-175.5,5.0,994.7,2501036112,1,14378,795,2337.9,2098.0,424,0.43,1,17,16,5,351,2,1,0
4248,17.99,47.0,7413,7124,8799,3248730,0,117,4,-175.5,5.0,994.7,2501036408,1,14378,795,2337.9,2098.0,424,7.26,1,19,17,7162,8,3,3,0
4249,23.36,47.0,7413,7124,8799,3248730,0,117,4,-175.5,5.0,994.7,2501036704,1,14378,795,2337.9,2098.0,424,0.61,2,25,26,7,459,4,3,0
4250,17.05,47.0,7413,7124,8799,3248730,0,117,4,-175.5,5.0,994.7,2501037000,1,14378,795,2337.9,2098.0,424,7.46,2,20,19,7242,6,88,2,0
4251,23.64,47.0,7413,7124,8799,3248730,0,117,4,-175.5,5.0,994.7,2501037296,1,14378,795,2337.9,2098.0,424,0.43,1,26,15,7,342,2,2,0
4252,17.36,47.0,7413,7124,8799,3248730,0,117,4,-175.5,5.0,994.7,2501037592,1,14378,795,2337.9,2098.0,424,7.71,1,19,17,7622,4,3,2,0
4253,23.84,47.0,7413,7124,8799,3248730,0,117,4,-175.5,5.0,994.7,2501037888,1,14378,795,2337.9,2098.0,424,0.38,1,18,17,5,304,2,2,0
4254,16.74,47.0,7413,7124,8799,3248730,0,117,4,-175.5,5.0,994.7,2501038184,1,14378,795,2337.9,2098.0,424,7.48,1,28,24,7308,5,58,2,0
4255,23.63,47.0,7413,7124,8799,3248730,0,117,4,-175.5,5.0,994.7,2501038480,1,14378,795,2337.9,2098.0,424,0.43,1,17,16,11,344,2,2,0
4256,16.75,47.0,7413,7124,8799,3248730,0,117,4,-175.5,5.0,994.7,2501038776,1,14378,795,2337.9,2098.0,424,7.42,1,17,16,7336,5,2,2,0
4257,23.57,47.0,7413,7124,8799,3248730,0,117,4,-175.5,5.0,994.7,2501039072,1,14378,795,2337.9,2098.0,424,0.53,2,30,24,12,406,2,2,0
4258,16.35,47.0,7413,7124,8799,3248730,0,117,4,-175.5,5.0,994.7,2501039368,1,14378,795,2337.9,2098.0,424,7.59,1,17,17,7439,5,65,2,0
4259,24.28,47.0,7413,7124,8799,3248730,0,117,4,-175.5,5.0,994.7,2501039664,1,14378,795,2337.9,2098.0,424,0.39,1,22,15,5,312,2,1,0
4260,18.99,47.0,7413,7124,8799,3248730,0,117,4,-175.5,5.0,994.7,2501040248,1,14378,795,2337.9,2098.0,424,7.01,1,15,16,6934,4,3,2,0
4261,23.74,47.0,7413,7124,8799,3248730,0,117,4,-175.5,5.0,994.7,2501040256,1,14378,795,2337.9,2098.0,424,0.40,1,17,16,5,323,2,1,0
4262,16.71,47.0,7413,7124,8799,3248730,0,117,4,-175.5,5.0,994.7,2501040552,1,14378,795,2337.9,2098.0,424,7.16,1,19,30,7008,5,58,2,0
4263,23.07,47.0,7413,7124,8799,3248730,0,117,4,-175.5,5.0,994.7,2501040848,1,14378,795,2337.9,2098.0,424,0.57,2,20,16,6,473,4,2,0
4264,17.38,47.0,7413,7124,8799,3248730,0,117,4,-175.5,5.0,994.7,2501041144,1,14378,795,2337.9,2098.0,424,7.61,1,18,16,7526,5,2,2,0
4265,23.44,47.0,7413,7124,8799,3248730,0,117,4,-175.5,5.0,994.7,2501041440,1,14378,795,2337.9,2098.0,424,0.44,1,19,18,5,355,3,1,0
4266,16.62,47.0,7413,7124,8799,3248730,0,117,4,-175.5,5.0,994.7,2501041736,1,14378,795,2337.9,2098.0,424,7.27,1,23,17,7107,5,66,7,0
4267,23.29,47.0,7413,7124,8799,3248730,0,117,4,-175.5,5.0,994.7,2501042032,1,14378,795,2337.9,2098.0,424,0.39,0,17,16,5,297,2,2,0
4268,15.86,47.0,7413,7124,8799,3248730,0,117,4,-175.5,5.0,994.7,2501042328,1,14378,795,2337.9,2098.0,424,7.11,2,27,23,7008,4,2,3,0
4269,23.43,47.0,7413,7124,8799,3248730,0,117,4,-175.5,5.0,994.7,2501042624,1,14378,795,2337.9,2098.0,424,0.71,1,25,22,8,597,3,2,0
4270,16.82,47.0,7413,7124,8799,3248730,0,117,4,-175.5,5.0,994.7,2501042920,1,14378,795,2337.9,2098.0,424,7.96,1,27,23,7782,6,60,2,0
4271,23.77,47.0,7413,7124,8799,3248730,0,117,4,-175.5,5.0,994.7,2501043216,1,14378,795,2337.9,2098.0,424,0.42,2,24,16,5,328,2,1,0
4272,17.25,47.0,7413,7124,8799,3248730,0,117,4,-175.5,5.0,994.7,2501043512,1,14378,795,2337.9,2098.0,424,7.10,1,16,16,7016,4,2,3,0
4273,23.77,47.0,7413,7124,8799,3248730,0,117,4,-175.5,5.0,994.7,2501045728,1,14378,795,2337.9,2098.0,424,0.72,2,26,22,7,603,4,3,0
4274,16.86,47.0,7413,7124,8799,3248730,0,117,4,-175.5,5.0,994.7,2501044104,1,14378,795,2337.9,2098.0,424,7.85,1,20,18,7704,6,61,2,0
4275,24.34,47.0,7413,7124,8799,3248730,0,117,4,-175.5,5.0,994.7,2501046320,1,14378,795,2337.9,2098.0,424,0.44,1,19,17,6,352,2,2,0
4276,16.62,47.0,7413,7124,8799,3248730,0,117,4,-175.5,5.0,994.7,2501044696,1,14378,795,2337.9,2098.0,424,7.40,1,17,16,7301,11,4,3,0
4277,23.23,47.0,7413,7124,8799,3248730,0,117,4,-175.5,5.0,994.7,2501046912,1,14378,795,2337.9,2098.0,424,0.53,2,28,22,8,408,2,2,0
4278,17.80,47.0,7413,7124,8799,3248730,0,117,4,-175.5,5.0,994.7,2501045288,1,14378,795,2337.9,2098.0,424,7.26,1,24,16,7096,7,77,2,0
4279,23.95,47.0,7413,7124,8799,3248730,0,117,4,-175.5,5.0,994.7,2501047504,1,14378,795,2337.9,2098.0,424,0.50,3,23,19,6,403,3,2,0
4280,18.46,47.0,7413,7124,8799,3248730,0,117,4,-175.5,5.0,994.7,2501058672,1,14378,795,2337.9,2098.0,424,7.39,1,21,20,7271,7,3,2,0
4281,39.36,47.0,7413,7124,8799,3248730,0,117,4,-175.5,5.0,994.7,2501058968,1,14378,795,2337.9,2098.0,424,0.47,2,26,22,8,360,2,2,0
4282,17.19,47.0,7413,7124,8799,3248730,0,117,4,-175.5,5.0,994.7,2501059264,1,14378,795,2337.9,2098.0,424,7.16,1,17,16,7014,5,65,2,0
4283,23.46,47.0,7413,7124,8799,3248730,0,117,4,-175.5,5.0,994.7,2501059560,1,14378,795,2337.9,2098.0,424,0.64,1,28,30,10,513,3,1,0
4284,16.95,47.0,7413,7124,8799,3248730,0,117,4,-175.5,5.0,994.7,2501059856,1,14378,795,2337.9,2098.0,424,7.02,2,17,16,6944,5,3,2,0
4285,25.35,47.0,7413,7124,8799,3248730,0,117,4,-175.5,5.0,994.7,2501060152,1,14378,795,2337.9,2098.0,424,0.52,1,19,18,5,429,3,2,0
4286,17.44,47.0,7413,7124,8799,3248730,0,117,4,-175.5,5.0,994.7,2501060448,1,14378,795,2337.9,2098.0,424,7.43,1,20,18,7281,5,59,2,0
4287,24.29,47.0,7413,7124,8799,3248730,0,117,4,-175.5,5.0,994.7,2501060744,1,14378,795,2337.9,2098.0,424,0.42,1,18,16,9,335,2,1,0
4288,16.67,47.0,7413,7124,8799,3248730,0,117,4,-175.5,5.0,994.7,2501061040,1,14378,795,2337.9,2098.0,424,7.23,2,30,17,7115,6,3,3,0
4289,23.16,47.0,7413,7124,8799,3248730,0,117,4,-175.5,5.0,994.7,2501061336,1,14378,795,2337.9,2098.0,424,0.40,3,24,16,5,299,2,2,0
4290,18.04,47.0,7413,7124,8799,3248730,0,117,4,-175.5,5.0,994.7,2501061776,1,14378,795,2337.9,2098.0,424,7.43,1,18,17,7287,12,59,2,0
4291,25.15,47.0,7413,7124,8799,3248730,0,117,4,-175.5,5.0,994.7,2501061928,1,14378,795,2337.9,2098.0,424,0.45,2,27,24,8,336,2,2,0
4292,18.57,47.0,7413,7124,8799,3248730,0,117,4,-175.5,5.0,994.7,2501062224,1,14378,795,2337.9,2098.0,424,7.13,1,26,16,7037,4,2,2,0
4293,24.09,47.0,7413,7124,8799,3248730,0,117,4,-175.5,5.0,994.7,2501062520,1,14378,795,2337.9,2098.0,424,0.41,1,17,16,5,331,2,2,0
4294,17.00,47.0,7413,7124,8799,3248730,0,117,4,-175.5,5.0,994.7,2501062816,1,14378,795,2337.9,2098.0,424,7.14,1,18,16,6904,7,150,3,0
4295,24.28,47.0,7413,7124,8799,3248730,0,117,4,-175.5,5.0,994.7,2501063112,1,14378,795,2337.9,2098.0,424,0.53,1,27,24,8,425,2,2,0
4296,17.10,47.0,7413,7124,8799,3248730,0,117,4,-175.5,5.0,994.7,2501063408,1,14378,795,2337.9,2098.0,424,7.77,1,17,16,7687,6,2,2,0
4297,25.71,47.0,7413,7124,8799,3248730,0,117,4,-175.5,5.0,994.7,2501063688,1,14378,795,2337.9,2098.0,424,0.40,2,18,16,5,321,2,2,0
4298,16.97,47.0,7413,7124,8799,3248730,0,117,4,-175.5,5.0,994.7,2501063984,1,14378,795,2337.9,2098.0,424,7.55,1,17,17,7409,6,60,2,0
4299,23.92,47.0,7413,7124,8799,3248730,0,117,4,-175.5,5.0,994.7,2501064280,1,14378,795,2337.9,2098.0,424,0.44,1,19,18,6,342,2,2,0
4300,16.35,47.0,7413,7124,8799,3248730,0,117,4,-175.5,5.0,994.7,2501064576,1,14378,795,2337.9,2098.0,424,6.99,1,17,33,6893,4,2,2,0
4301,23.40,47.0,7413,7124,8799,3248730,0,117,4,-175.5,5.0,994.7,2501064872,1,14378,795,2337.9,2098.0,424,0.45,2,28,31,14,327,3,1,0
4302,17.70,47.0,7413,7124,8799,3248730,0,117,4,-175.5,5.0,994.7,2501065168,1,14378,795,2337.9,2098.0,424,7.69,1,18,33,7478,8,108,2,0
4303,23.64,47.0,7413,7124,8799,3248730,0,117,4,-175.5,5.0,994.7,2501065464,1,14378,795,2337.9,2098.0,424,0.40,1,18,16,5,321,2,1,0
4304,16.39,47.0,7413,7124,8799,3248730,0,117,4,-175.5,5.0,994.7,2501065760,1,14378,795,2337.9,2098.0,424,7.83,2,23,17,7730,6,4,3,0
4305,23.69,47.0,7413,7124,8799,3248730,0,117,4,-175.5,5.0,994.7,2501066056,1,14378,795,2337.9,2098.0,424,0.47,1,20,19,5,380,5,2,0
4306,16.72,47.0,7413,7124,8799,3248730,0,117,4,-175.5,5.0,994.7,2501066352,1,14378,795,2337.9,2098.0,424,7.97,2,26,23,7802,6,59,2,0
4307,24.61,47.0,7413,7124,8799,3248730,0,117,4,-175.5,5.0,994.7,2501066648,1,14378,795,2337.9,2098.0,424,0.40,1,18,17,5,324,2,2,0
4308,17.09,47.0,7413,7124,8799,3248730,0,117,4,-175.5,5.0,994.7,2501066944,1,14378,795,2337.9,2098.0,424,7.55,1,16,15,7464,6,2,2,0
4309,24.14,47.0,7413,7124,8799,3248730,0,117,4,-175.5,5.0,994.7,2501067240,1,14378,795,2337.9,2098.0,424,0.40,1,17,15,6,327,2,1,0
4310,17.14,47.0,7413,7124,8799,3248730,0,117,4,-175.5,5.0,994.7,2501067536,1,14378,795,2337.9,2098.0,424,8.01,1,27,28,7821,5,79,0,0
4311,23.62,47.0,7413,7124,8799,3248730,0,117,4,-175.5,5.0,994.7,2501067832,1,14378,795,2337.9,2098.0,424,0.59,2,26,23,8,473,4,2,0
4312,16.62,47.0,7413,7124,8799,3248730,0,117,4,-175.5,5.0,994.7,2501068128,1,14378,795,2337.9,2098.0,424,7.07,1,17,30,6978,4,3,2,0
4313,24.04,47.0,7413,7124,8799,3248730,0,117,4,-175.5,5.0,994.7,2501068424,1,14378,795,2337.9,2098.0,424,0.45,1,27,20,10,341,2,2,0
4314,18.41,48.0,7413,7124,8799,3248730,0,117,4,-175.5,5.0,994.7,2501068720,1,14378,795,2337.9,2098.0,424,7.48,1,19,20,7323,11,69,1,0
4315,24.48,48.0,7413,7124,8799,3248730,0,117,4,-175.5,5.0,994.7,2501069016,1,14378,795,2337.9,2098.0,424,0.42,1,18,21,6,334,2,1,0
4316,17.14,48.0,7413,7124,8799,3248730,0,117,4,-175.5,5.0,994.7,2501069312,1,14378,795,2337.9,2098.0,424,7.40,0,17,16,7298,6,3,3,0
4317,24.03,48.0,7413,7124,8799,3248730,0,117,4,-175.5,5.0,994.7,2501069608,1,14378,795,2337.9,2098.0,424,0.39,1,19,16,5,303,2,1,0
4318,16.58,48.0,7413,7124,8799,3248730,0,117,4,-175.5,5.0,994.7,2501069904,1,14378,795,2337.9,2098.0,424,7.35,2,28,17,7179,7,77,2,0
4319,24.11,48.0,7413,7124,8799,3248730,0,117,4,-175.5,5.0,994.7,2501070200,1,14378,795,2337.9,2098.0,424,0.39,1,18,16,5,313,2,1,0
4320,19.01,48.0,7413,7124,8799,3248730,0,117,4,-175.5,5.0,994.7,2501070784,1,14378,795,2337.9,2098.0,424,7.75,1,15,16,7672,8,3,3,0
4321,24.75,48.0,7413,7124,8799,3248730,0,117,4,-175.5,5.0,994.7,2501070792,1,14378,795,2337.9,2098.0,424,0.41,1,18,16,5,322,5,3,0
4322,17.29,48.0,7413,7124,8799,3248730,0,117,4,-175.5,5.0,994.7,2501071088,1,14378,795,2337.9,2098.0,424,7.43,1,17,16,7296,5,59,2,0
4323,24.00,48.0,7413,7124,8799,3248730,0,117,4,-175.5,5.0,994.7,2501071384,1,14378,795,2337.9,2098.0,424,0.45,1,19,16,6,364,4,2,0
4324,18.27,48.0,7413,7124,8799,3248730,0,117,4,-175.5,5.0,994.7,2501071680,1,14378,795,2337.9,2098.0,424,7.56,1,17,16,7474,7,3,3,0
4325,23.90,48.0,7413,7124,8799,3248730,0,117,4,-175.5,5.0,994.7,2501071976,1,14378,795,2337.9,2098.0,424,0.39,1,17,16,5,312,2,2,0
4326,16.45,48.0,7413,7124,8799,3248730,0,117,4,-175.5,5.0,994.7,2501074176,1,14378,795,2337.9,2098.0,424,7.47,1,21,17,7318,6,62,2,0
4327,23.53,48.0,7413,7124,8799,3248730,0,117,4,-175.5,5.0,994.7,2501074472,1,14378,795,2337.9,2098.0,424,0.47,1,24,16,6,375,6,4,0
4328,16.81,48.0,7413,7124,8799,3248730,0,117,4,-175.5,5.0,994.7,2501072896,1,14378,795,2337.9,2098.0,424,7.13,1,18,16,7041,6,2,2,0
4329,24.51,48.0,7413,7124,8799,3248730,0,117,4,-175.5,5.0,994.7,2501073192,1,14378,795,2337.9,2098.0,424,0.40,1,18,16,5,320,5,2,0
4330,17.48,48.0,7413,7124,8799,3248730,0,117,4,-175.5,5.0,994.7,2501073472,1,14378,795,2337.9,2098.0,424,7.74,1,28,23,7564,7,61,1,0
4331,31.35,48.0,7413,7124,8799,3248730,0,117,4,-175.5,5.0,994.7,2501073768,1,14378,795,2337.9,2098.0,424,0.41,1,19,18,6,328,2,2,0
4332,18.04,48.0,7413,7124,8799,3248730,0,117,4,-175.5,5.0,994.7,2501074064,1,14378,795,2337.9,2098.0,424,7.05,1,17,16,6966,6,2,2,0
4333,23.93,48.0,7413,7124,8799,3248730,0,117,4,-175.5,5.0,994.7,2501074360,1,14378,795,2337.9,2098.0,424,0.42,1,19,16,9,325,2,4,0
4334,17.06,48.0,7413,7124,8799,3248730,0,117,4,-175.5,5.0,994.7,2501074656,1,14378,795,2337.9,2098.0,424,7.30,2,25,26,7128,5,61,4,0
4335,25.84,48.0,7413,7124,8799,3248730,0,117,4,-175.5,5.0,994.7,2501074952,1,14378,795,2337.9,2098.0,424,0.39,1,18,17,5,316,2,2,0
4336,17.01,48.0,7413,7124,8799,3248730,0,117,4,-175.5,5.0,994.7,2501075248,1,14378,795,2337.9,2098.0,424,7.76,1,28,23,7635,8,4,3,0
4337,25.24,48.0,7413,7124,8799,3248730,0,117,4,-175.5,5.0,994.7,2501075544,1,14378,795,2337.9,2098.0,424,0.42,1,39,15,5,322,2,2,0
4338,17.30,48.0,7413,7124,8799,3248730,0,117,4,-175.5,5.0,994.7,2501075840,1,14378,795,2337.9,2098.0,424,7.69,1,20,18,7533,6,69,2,0
4339,25.56,48.0,7413,7124,8799,3248730,0,117,4,-175.5,5.0,994.7,2501076136,1,14378,795,2337.9,2098.0,424,0.41,1,18,16,5,324,3,1,0
4340,17.31,48.0,7413,7124,8799,3248730,0,117,4,-175.5,5.0,994.7,2501076432,1,14378,795,2337.9,2098.0,424,7.15,1,17,16,7064,7,2,2,0
4341,23.89,48.0,7413,7124,8799,3248730,0,117,4,-175.5,5.0,994.7,2501076728,1,14378,795,2337.9,2098.0,424,0.38,1,18,17,5,304,2,2,0
4342,17.30,48.0,7413,7124,8799,3248730,0,117,4,-175.5,5.0,994.7,2501077024,1,14378,795,2337.9,2098.0,424,7.32,1,17,16,7149,7,76,2,0
4343,24.72,48.0,7413,7124,8799,3248730,0,117,4,-175.5,5.0,994.7,2501077320,1,14378,795,2337.9,2098.0,424,0.40,1,18,22,5,310,3,2,0
4344,17.74,48.0,7413,7124,8799,3248730,0,117,4,-175.5,5.0,994.7,2501077616,1,14378,795,2337.9,2098.0,424,7.32,2,21,16,7221,9,3,3,0
4345,31.22,48.0,7413,7124,8799,3248730,0,117,4,-175.5,5.0,994.7,2501077912,1,14378,795,2337.9,2098.0,424,0.41,2,20,17,6,322,2,1,0
4346,18.12,48.0,7413,7124,8799,3248730,0,117,4,-175.5,5.0,994.7,2501078192,1,14378,795,2337.9,2098.0,424,7.66,1,19,18,7512,6,60,2,0
4347,23.62,48.0,7413,7124,8799,3248730,0,117,4,-175.5,5.0,994.7,2501078488,1,14378,795,2337.9,2098.0,424,0.41,1,34,19,6,308,2,1,0
4348,17.32,48.0,7413,7124,8799,3248730,0,117,4,-175.5,5.0,994.7,2501080688,1,14378,795,2337.9,2098.0,424,7.20,2,18,16,7116,7,3,2,0
4349,23.99,48.0,7413,7124,8799,3248730,0,117,4,-175.5,5.0,994.7,2501079096,1,14378,795,2337.9,2098.0,424,0.42,0,17,16,5,321,3,3,0
4350,18.67,48.0,7413,7124,8799,3248730,0,117,4,-175.5,5.0,994.7,2501079680,1,14378,795,2337.9,2098.0,424,7.67,2,26,23,7502,6,59,1,0
4351,26.23,48.0,7413,7124,8799,3248730,0,117,4,-175.5,5.0,994.7,2501079672,1,14378,795,2337.9,2098.0,424,0.41,1,19,16,5,328,3,1,0
4352,17.70,48.0,7413,7124,8799,3248730,0,117,4,-175.5,5.0,994.7,2501079968,1,14378,795,2337.9,2098.0,424,6.99,1,17,16,6912,5,2,2,0
4353,24.13,48.0,7413,7124,8799,3248730,0,117,4,-175.5,5.0,994.7,2501080264,1,14378,795,2337.9,2098.0,424,0.43,1,18,30,6,340,2,2,0
4354,18.54,48.0,7413,7124,8799,3248730,0,117,4,-175.5,5.0,994.7,2501080560,1,14378,795,2337.9,2098.0,424,7.25,1,16,23,7092,11,62,2,0
4355,24.36,48.0,7413,7124,8799,3248730,0,117,4,-175.5,5.0,994.7,2501080856,1,14378,795,2337.9,2098.0,424,0.41,1,17,22,10,326,2,2,0
4356,17.28,48.0,7413,7124,8799,3248730,0,117,4,-175.5,5.0,994.7,2501081152,1,14378,795,2337.9,2098.0,424,7.21,1,18,16,7119,6,4,4,0
4357,23.58,48.0,7413,7124,8799,3248730,0,117,4,-175.5,5.0,994.7,2501081448,1,14378,795,2337.9,2098.0,424,0.41,1,18,16,6,329,4,2,0
4358,17.21,48.0,7413,7124,8799,3248730,0,117,4,-175.5,5.0,994.7,2501081744,1,14378,795,2337.9,2098.0,424,7.86,2,26,22,7699,5,58,2,0
4359,24.40,48.0,7413,7124,8799,3248730,0,117,4,-175.5,5.0,994.7,2501082040,1,14378,795,2337.9,2098.0,424,0.61,3,28,24,7,491,3,2,0
4360,17.66,48.0,7413,7124,8799,3248730,0,117,4,-175.5,5.0,994.7,2501082336,1,14378,795,2337.9,2098.0,424,7.26,1,20,17,7157,9,4,3,0
4361,24.05,47.0,7413,7124,8799,3248730,0,117,4,-175.5,5.0,994.7,2501082632,1,14378,795,2337.9,2098.0,424,0.37,1,17,16,5,297,2,1,0
4362,17.27,47.0,7413,7124,8799,3248730,0,117,4,-175.5,5.0,994.7,2501082928,1,14378,795,2337.9,2098.0,424,7.78,2,26,22,7606,6,65,2,0
4363,24.08,47.0,7413,7124,8799,3248730,0,117,4,-175.5,5.0,994.7,2501083224,1,14378,795,2337.9,2098.0,424,0.39,1,18,16,5,313,2,1,0
4364,17.09,47.0,7413,7124,8799,3248730,0,117,4,-175.5,5.0,994.7,2501083520,1,14378,795,2337.9,2098.0,424,7.71,1,18,16,7616,8,4,3,0
4365,24.72,47.0,7413,7124,8799,3248730,0,117,4,-175.5,5.0,994.7,2501083816,1,14378,795,2337.9,2098.0,424,0.61,1,28,23,8,491,3,3,0
4366,17.13,47.0,7413,7124,8799,3248730,0,117,4,-175.5,5.0,994.7,2501084112,1,14378,795,2337.9,2098.0,424,7.62,1,21,19,7466,6,63,2,0
4367,24.18,47.0,7413,7124,8799,3248730,0,117,4,-175.5,5.0,994.7,2501084408,1,14378,795,2337.9,2098.0,424,0.43,1,20,17,6,340,3,1,0
4368,18.76,47.0,7413,7124,8799,3248730,0,117,4,-175.5,5.0,994.7,2501084704,1,14378,795,2337.9,2098.0,424,7.70,3,34,25,7570,8,3,3,0
4369,25.43,47.0,7413,7124,8799,3248730,0,117,4,-175.5,5.0,994.7,2501085000,1,14378,795,2337.9,2098.0,424,0.38,1,18,16,5,304,3,2,0
4370,17.40,47.0,7413,7124,8799,3248730,0,117,4,-175.5,5.0,994.7,2501085296,1,14378,795,2337.9,2098.0,424,7.28,1,20,23,7116,7,71,2,0
4371,24.06,47.0,7413,7124,8799,3248730,0,117,4,-175.5,5.0,994.7,2501085592,1,14378,795,2337.9,2098.0,424,0.43,1,23,17,6,340,2,2,0
4372,18.00,47.0,7413,7124,8799,3248730,0,117,4,-175.5,5.0,994.7,2501085888,1,14378,795,2337.9,2098.0,424,7.66,1,18,15,7578,7,3,2,0
4373,24.84,47.0,7413,7124,8799,3248730,0,117,4,-175.5,5.0,994.7,2501086184,1,14378,795,2337.9,2098.0,424,0.39,1,18,17,5,313,2,2,0
4374,17.53,47.0,7413,7124,8799,3248730,0,117,4,-175.5,5.0,994.7,2501086480,1,14378,795,2337.9,2098.0,424,7.47,1,20,23,7318,7,64,1,0
4375,24.99,47.0,7413,7124,8799,3248730,0,117,4,-175.5,5.0,994.7,2501086776,1,14378,795,2337.9,2098.0,424,0.40,1,18,17,4,315,2,2,0
4376,18.43,47.0,7413,7124,8799,3248730,0,117,4,-175.5,5.0,994.7,2501087072,1,14378,795,2337.9,2098.0,424,7.29,1,18,15,7207,8,2,2,0
4377,23.59,47.0,7413,7124,8799,3248730,0,117,4,-175.5,5.0,994.7,2501087368,1,14378,795,2337.9,2098.0,424,0.38,1,17,17,5,297,3,2,0
4378,17.67,47.0,7413,7124,8799,3248730,0,117,4,-175.5,5.0,994.7,2501087664,1,14378,795,2337.9,2098.0,424,7.64,1,21,23,7474,6,72,2,0
4379,24.17,47.0,7413,7124,8799,3248730,0,117,4,-175.5,5.0,994.7,2501087960,1,14378,795,2337.9,2098.0,424,0.42,1,17,23,6,326,6,3,0
4380,21.32,47.0,7413,7124,8799,3248730,0,117,4,-175.5,5.0,994.7,2501088544,1,14378,795,2337.9,2098.0,424,7.63,1,16,16,7555,6,3,2,0
4381,25.28,47.0,7413,7124,8799,3248730,0,117,4,-175.5,5.0,994.7,2501088552,1,14378,795,2337.9,2098.0,424,0.38,1,18,16,5,300,3,2,0
4382,17.21,47.0,7413,7124,8799,3248730,0,117,4,-175.5,5.0,994.7,2501088848,1,14378,795,2337.9,2098.0,424,8.09,2,31,22,7939,0,0,0,0
4383,24.89,47.0,7413,7124,8799,3248730,0,117,4,-175.5,5.0,994.7,2501089144,1,14378,795,2337.9,2098.0,424,0.58,1,27,23,8,469,3,2,0
4384,18.30,47.0,7413,7124,8799,3248730,0,117,4,-175.5,5.0,994.7,2501089424,1,14378,795,2337.9,2098.0,424,8.18,1,27,22,8080,0,0,0,0
4385,24.94,47.0,7413,7124,8799,3248730,0,117,4,-175.5,5.0,994.7,2501091624,1,14378,795,2337.9,2098.0,424,0.41,1,18,24,4,324,2,2,0
4386,16.72,47.0,7413,7124,8799,3248730,0,117,4,-175.5,5.0,994.7,2501090016,1,14378,795,2337.9,2098.0,424,7.47,1,26,21,7249,7,109,3,0
4387,23.15,47.0,7413,7124,8799,3248730,0,117,4,-175.5,5.0,994.7,2501092216,1,14378,795,2337.9,2098.0,424,0.47,1,21,20,5,386,3,2,0
4388,17.36,47.0,7413,7124,8799,3248730,0,117,4,-175.5,5.0,994.7,2501090624,1,14378,795,2337.9,2098.0,424,7.40,1,17,16,7319,6,3,2,0
4389,25.61,47.0,7413,7124,8799,3248730,0,117,4,-175.5,5.0,994.7,2501090920,1,14378,795,2337.9,2098.0,424,0.41,1,17,17,5,332,2,2,0
4390,17.16,47.0,7413,7124,8799,3248730,0,117,4,-175.5,5.0,994.7,2501091200,1,14378,795,2337.9,2098.0,424,7.32,3,17,15,7163,6,71,2,0
4391,23.46,47.0,7413,7124,8799,3248730,0,117,4,-175.5,5.0,994.7,2501093400,1,14378,795,2337.9,2098.0,424,0.41,1,19,18,7,328,2,2,0
4392,16.82,47.0,7413,7124,8799,3248730,0,117,4,-175.5,5.0,994.7,2501091792,1,14378,795,2337.9,2098.0,424,7.74,0,18,16,7658,6,3,2,0
4393,25.20,47.0,7413,7124,8799,3248730,0,117,4,-175.5,5.0,994.7,2501093992,1,14378,795,2337.9,2098.0,424,0.44,1,19,17,5,363,2,1,0
4394,17.33,47.0,7413,7124,8799,3248730,0,117,4,-175.5,5.0,994.7,2501092384,1,14378,795,2337.9,2098.0,424,7.21,1,18,16,7021,9,96,7,0
4395,24.06,47.0,7413,7124,8799,3248730,0,117,4,-175.5,5.0,994.7,2501094584,1,14378,795,2337.9,2098.0,424,0.45,1,21,19,9,361,2,2,0
4396,17.50,47.0,7413,7124,8799,3248730,0,117,4,-175.5,5.0,994.7,2501092976,1,14378,795,2337.9,2098.0,424,7.86,1,18,17,7771,8,3,2,0
4397,25.51,47.0,7413,7124,8799,3248730,0,117,4,-175.5,5.0,994.7,2501095176,1,14378,795,2337.9,2098.0,424,0.39,1,18,16,5,308,2,1,0
4398,17.84,47.0,7413,7124,8799,3248730,0,117,4,-175.5,5.0,994.7,2501093568,1,14378,795,2337.9,2098.0,424,7.64,1,19,18,7483,7,65,2,0
4399,25.76,47.0,7413,7124,8799,3248730,0,117,4,-175.5,5.0,994.7,2501093864,1,14378,795,2337.9,2098.0,424,0.39,1,17,16,5,304,2,2,0
4400,16.95,47.0,7413,7124,8799,3248730,0,117,4,-175.5,5.0,994.7,2501094160,1,14378,795,2337.9,2098.0,424,7.12,2,20,18,7027,7,3,3,0
4401,25.09,47.0,7413,7124,8799,3248730,0,117,4,-175.5,5.0,994.7,2501094456,1,14378,795,2337.9,2098.0,424,0.58,1,26,23,8,469,3,2,0
4402,16.03,47.0,7413,7124,8799,3248730,0,117,4,-175.5,5.0,994.7,2501094752,1,14378,795,2337.9,2098.0,424,9.29,1,41,17,9190,0,0,0,0
4403,26.11,47.0,7413,7124,8799,3248730,0,117,4,-175.5,5.0,994.7,2501095048,1,14378,795,2337.9,2098.0,424,0.42,1,17,16,4,350,2,2,0
4404,17.12,47.0,7413,7124,8799,3248730,0,117,4,-175.5,5.0,994.7,2501095344,1,14378,795,2337.9,2098.0,424,7.59,1,19,17,7498,7,3,2,0
4405,23.44,47.0,7413,7124,8799,3248730,0,117,4,-175.5,5.0,994.7,2501095640,1,14378,795,2337.9,2098.0,424,0.59,2,27,24,9,474,4,2,0
4406,17.27,47.0,7413,7124,8799,3248730,0,117,4,-175.5,5.0,994.7,2501095936,1,14378,795,2337.9,2098.0,424,7.14,1,25,24,6993,5,58,2,0
4407,24.36,47.0,7413,7124,8799,3248730,0,117,4,-175.5,5.0,994.7,2501096232,1,14378,795,2337.9,2098.0,424,0.48,1,23,19,6,383,3,2,0
4408,16.25,47.0,7413,7124,8799,3248730,0,117,4,-175.5,5.0,994.7,2501096528,1,14378,795,2337.9,2098.0,424,7.46,2,18,15,7374,8,4,2,0
4409,23.42,47.0,7413,7124,8799,3248730,0,117,4,-175.5,5.0,994.7,2501096824,1,14378,795,2337.9,2098.0,424,0.42,1,23,20,5,337,2,2,0
4410,17.73,47.0,7413,7124,8799,3248730,0,117,4,-175.5,5.0,994.7,2501097408,1,14378,795,2337.9,2098.0,424,7.24,1,16,17,7095,6,67,1,0
4411,25.19,47.0,7413,7124,8799,3248730,0,117,4,-175.5,5.0,994.7,2501097416,1,14378,795,2337.9,2098.0,424,0.40,1,18,21,5,304,2,2,0
4412,17.04,47.0,7413,7124,8799,3248730,0,117,4,-175.5,5.0,994.7,2501098240,2,14378,795,2337.9,2098.0,424,7.56,1,18,16,7470,7,4,2,0
4413,23.83,47.0,7413,7124,8799,3248730,0,117,4,-175.5,5.0,994.6,2501098224,2,14378,795,2337.9,2098.0,424,0.60,1,19,23,11,496,4,2,0
4414,17.37,47.0,7413,7122,8799,3248922,0,117,4,-175.5,5.0,994.5,2501098520,2,14378,795,2337.9,2098.0,424,7.51,2,26,24,7347,5,57,1,0
4415,24.85,47.0,7413,7120,8797,3247563,0,117,4,-175.5,5.0,994.3,2501114396,2,14378,795,2337.9,2098.0,424,0.60,2,26,22,8,476,3,3,0
4416,17.59,47.0,7413,7120,8797,3247563,0,117,4,-175.5,5.0,994.2,2501114804,2,14378,795,2337.9,2098.0,424,7.34,2,17,16,7251,6,3,2,0
4417,23.13,47.0,7413,7118,8797,3247563,0,117,4,-175.5,5.0,994.0,2501115100,2,14378,795,2337.9,2098.0,424,0.39,1,17,16,5,311,2,2,0
4418,16.94,47.0,7413,7118,8797,3247803,0,117,4,-175.5,5.0,993.9,2501115468,2,14378,795,2337.9,2098.0,424,7.25,3,38,16,7058,7,68,1,0
4419,24.28,47.0,7413,7122,8801,3248179,0,117,4,-175.5,5.0,993.8,2501115764,2,14378,795,2337.9,2098.0,424,0.47,1,23,19,6,375,2,2,0
4420,16.92,47.0,7413,7121,8800,3248005,0,117,4,-175.5,5.0,993.6,2501116060,2,14378,795,2337.9,2098.0,424,7.15,1,19,17,7042,8,6,3,0
4421,24.20,47.0,7413,7115,8800,3248005,0,117,4,-175.5,5.0,993.5,2501118260,2,14378,795,2337.9,2098.0,424,0.41,1,20,18,4,322,2,2,0
4422,17.04,47.0,7413,7115,8764,3245952,0,117,4,-175.5,5.0,993.3,2501118628,2,14378,795,2337.9,2098.0,424,7.27,1,19,18,7115,6,68,2,0
4423,24.33,47.0,7413,7117,8763,3246405,0,117,4,-175.5,5.0,993.2,2501118136,2,14378,795,2337.9,2098.0,424,0.49,1,20,19,5,397,2,1,0
4424,17.36,47.0,7413,7117,8763,3246405,0,117,4,-175.5,5.0,993.0,2501118432,2,14378,795,2337.9,2098.0,424,7.13,1,17,15,7023,5,3,2,0
4425,22.43,47.0,7413,7093,8724,3242557,0,117,4,-175.5,5.0,992.9,2501118728,2,14378,795,2337.9,2098.0,424,0.44,1,19,17,6,350,2,1,0
4426,17.08,47.0,7413,7092,8723,3242529,0,117,4,-175.5,5.0,992.7,2501120100,2,14378,795,2337.9,2098.0,424,7.47,1,19,18,7317,6,61,1,0
4427,23.84,47.0,7413,7101,8716,3242417,0,117,4,-175.5,5.0,992.6,2501120396,2,14378,795,2337.9,2098.0,424,0.44,1,24,18,6,350,2,2,0
4428,17.70,47.0,7413,7100,8715,3242293,0,117,4,-175.5,5.0,992.4,2501121720,2,14378,795,2337.9,2098.0,424,7.52,1,20,18,7400,13,4,4,0
4429,25.62,47.0,7413,7166,8781,3248602,0,117,4,-175.5,5.0,992.3,2501122016,2,14378,795,2337.9,2098.0,424,0.41,1,18,16,5,322,2,1,0
4430,17.21,47.0,7413,7172,8781,3248602,0,117,4,-175.5,5.0,992.1,2501122384,2,14378,795,2337.9,2098.0,424,7.65,3,18,16,7489,6,62,2,0
4431,24.13,47.0,7413,7165,8781,3248726,0,117,4,-175.5,5.0,992.0,2501122680,2,14378,795,2337.9,2098.0,424,0.42,1,18,17,6,333,3,2,0
4432,18.45,47.0,7413,7165,8781,3248726,0,117,4,-175.5,5.0,991.9,2501122976,2,14378,795,2337.9,2098.0,424,7.19,1,17,16,7107,5,3,2,0
4433,23.52,47.0,7413,7163,8772,3241904,0,117,4,-175.5,5.0,991.7,2501123272,2,14378,795,2337.9,2098.0,424,0.46,1,20,18,6,347,2,2,0
4434,17.43,47.0,7413,7154,8764,3241616,0,117,4,-175.5,5.0,991.6,2501124620,2,14378,795,2337.9,2098.0,424,7.31,2,26,44,7119,5,59,2,0
4435,23.94,47.0,7413,7152,8759,3241806,0,117,4,-175.5,5.0,991.4,2501125920,2,14378,795,2337.9,2098.0,424,0.39,1,18,16,5,310,2,1,0
4436,15.97,47.0,7413,7152,8759,3241806,0,117,4,-175.5,5.0,991.3,2501126216,2,14378,795,2337.9,2098.0,424,7.02,2,27,23,6904,5,3,2,0
4437,23.11,47.0,7413,7152,8759,3241806,0,117,4,-175.5,5.0,991.2,2501126512,2,14378,795,2337.9,2098.0,424,0.60,1,27,23,8,479,3,2,0
4438,18.68,47.0,7413,7156,8731,3241544,0,117,4,-175.5,5.0,991.0,2501126808,2,14378,795,2337.9,2098.0,424,7.41,2,26,24,7233,6,62,2,0
4439,24.77,47.0,7413,7156,8731,3241544,0,117,4,-175.5,5.0,990.9,2501128180,2,14378,795,2337.9,2098.0,424,0.44,1,17,16,6,344,2,1,0
4440,18.93,47.0,7413,7159,8728,3241402,0,117,4,-175.5,5.0,990.7,2501128908,2,14378,795,2337.9,2098.0,424,7.41,0,21,18,7318,5,3,2,0
4441,24.61,47.0,7413,7149,8698,3240558,0,117,4,-175.5,5.0,990.6,2501128772,2,14378,795,2337.9,2098.0,424,0.44,1,28,17,6,340,3,2,0
4442,17.59,47.0,7413,7148,8697,3239858,0,117,4,-175.5,5.0,990.4,2501130072,2,14378,795,2337.9,2098.0,424,7.48,1,17,16,7332,6,69,1,0
4443,23.31,47.0,7413,6884,8429,3223002,0,117,4,-175.5,5.0,990.3,2501130368,2,14378,795,2337.9,2098.0,424,0.46,1,19,17,6,370,2,1,0
4444,16.56,47.0,7413,6884,8429,3223002,0,117,4,-175.5,5.0,990.1,2501131668,2,14378,795,2337.9,2098.0,424,6.83,1,18,16,6749,4,3,2,0
4445,23.05,47.0,7413,6884,8425,3222946,0,117,4,-175.5,5.0,990.0,2501131964,2,14378,795,2337.9,2098.0,424,0.41,1,17,23,5,317,2,2,0
4446,15.72,47.0,7413,6884,8421,3222890,0,117,4,-175.5,5.0,989.8,2501132260,2,14378,795,2337.9,2098.0,424,7.13,1,17,16,6994,5,58,2,0
4447,22.77,47.0,7413,6885,8418,3222924,0,117,4,-175.5,5.0,989.7,2501132556,2,14378,795,2337.9,2098.0,424,0.40,1,18,18,9,316,2,2,0
4448,17.78,47.0,7413,6882,8388,3222232,0,117,4,-175.5,5.0,989.6,2501132852,2,14378,795,2337.9,2098.0,424,7.14,1,17,16,7036,17,3,3,0
4449,23.00,47.0,7413,6877,8388,3222336,0,117,4,-175.5,5.0,989.4,2501134248,2,14378,795,2337.9,2098.0,424,0.44,1,20,17,5,355,2,1,0
4450,15.85,47.0,7413,6877,8388,3222336,0,117,4,-175.5,5.0,989.3,2501134544,2,14378,795,2337.9,2098.0,424,7.33,1,17,15,7173,11,69,2,0
4451,23.18,47.0,7413,6877,8384,3222280,0,117,4,-175.5,5.0,989.2,2501134840,2,14378,795,2337.9,2098.0,424,0.39,1,17,16,5,299,2,2,0
4452,16.08,47.0,7413,6873,8380,3222108,0,117,4,-175.5,5.0,989.0,2501135136,2,14378,795,2337.9,2098.0,424,7.12,1,17,22,7025,4,2,2,0
4453,23.36,47.0,7413,6869,8376,3222052,0,117,4,-175.5,5.0,988.9,2501135432,2,14378,795,2337.9,2098.0,424,0.41,1,17,17,5,308,21,5,0
4454,17.00,47.0,7413,6869,8376,3222052,0,117,4,-175.5,5.0,988.7,2501135728,2,14378,795,2337.9,2098.0,424,8.38,1,26,23,8270,0,0,0,0
4455,25.26,47.0,7413,6869,8376,3222052,0,117,4,-175.5,5.0,988.6,2501136024,2,14378,795,2337.9,2098.0,424,0.58,2,28,23,8,462,3,3,0
4456,16.32,47.0,7413,6867,8376,3222052,0,117,4,-175.5,5.0,988.4,2501136320,2,14378,795,2337.9,2098.0,424,7.25,1,17,16,7162,7,4,3,0
4457,22.22,49.0,7413,6865,8372,3221797,0,117,4,-175.5,5.0,988.3,2501136616,2,14378,795,2337.9,2098.0,424,0.46,2,20,17,6,355,2,1,0
4458,16.46,49.0,7413,6864,8370,3226311,0,117,4,-175.5,5.0,988.2,2501136912,2,14378,795,2337.9,2098.0,424,7.17,1,18,16,7029,5,59,3,0
4459,24.09,49.0,7413,6873,8372,3227305,0,117,4,-175.5,5.0,988.0,2501139128,2,14378,795,2337.9,2098.0,424,0.42,1,22,27,5,324,2,2,0
4460,17.77,49.0,7413,6876,8369,3227163,0,117,4,-175.5,5.0,987.9,2501137504,2,14378,795,2337.9,2098.0,424,7.17,1,18,16,7074,19,3,2,0
4461,22.90,49.0,7413,6876,8369,3227163,0,117,4,-175.5,5.0,987.7,2501139720,2,14378,795,2337.9,2098.0,424,0.73,1,28,23,8,612,4,3,0
4462,16.58,49.0,7413,6879,8369,3227163,0,117,4,-175.5,5.0,987.6,2501138096,2,14378,795,2337.9,2098.0,424,7.31,1,18,21,7154,15,57,2,0
4463,22.93,49.0,7413,6890,8360,3226721,0,117,4,-175.5,5.0,987.5,2501140312,2,14378,795,2337.9,2098.0,424,0.61,2,28,23,8,487,3,2,0
4464,18.08,49.0,7413,6886,8360,3226721,0,117,4,-175.5,5.0,987.3,2501139708,2,14378,795,2337.9,2098.0,424,7.14,2,18,17,7046,5,3,2,0
4465,24.42,49.0,7413,6848,8322,3221717,0,117,4,-175.5,5.0,987.2,2501140004,2,14378,795,2337.9,2098.0,424,0.40,0,17,19,11,307,2,2,0
4466,17.50,49.0,7413,6845,8319,3221297,0,117,4,-175.5,5.0,987.0,2501141304,2,14378,795,2337.9,2098.0,424,7.25,1,17,17,7110,5,57,2,0
4467,22.66,49.0,7413,6850,8319,3221297,0,117,4,-175.5,5.0,986.9,2501141600,2,14378,795,2337.9,2098.0,424,0.43,1,21,17,6,341,2,1,0
4468,17.32,49.0,7413,6844,8313,3221105,0,117,4,-175.5,5.0,986.7,2501141896,2,14378,795,2337.9,2098.0,424,7.44,1,18,16,7357,5,2,2,0
4469,23.50,49.0,7413,6845,8314,3221195,0,117,4,-175.5,5.0,986.6,2501143196,2,14378,795,2337.9,2098.0,424,0.37,0,16,16,5,292,2,2,0
4470,18.78,49.0,7413,6849,8318,3221337,0,117,4,-175.5,5.0,986.4,2501143852,2,14378,795,2337.9,2098.0,424,7.08,0,16,19,6948,4,52,2,0
4471,25.06,49.0,7413,6844,8317,3221267,0,117,4,-175.5,5.0,986.3,2501143788,2,14378,795,2337.9,2098.0,424,0.47,1,19,30,9,367,2,2,0
4472,36.26,49.0,7413,6844,8317,3221267,0,117,4,-175.5,5.0,986.1,2501144068,2,14378,795,2337.9,2098.0,424,7.46,1,24,16,7365,6,3,2,0
4473,23.33,49.0,7413,6845,8318,3225875,0,117,4,-175.5,5.0,985.9,2501146284,2,14378,795,2337.9,2098.0,424,0.42,1,18,16,5,330,3,2,0
4474,17.31,49.0,7413,6844,8319,3225829,0,117,4,-175.5,5.0,985.7,2501144660,2,14378,795,2337.9,2098.0,424,7.48,1,28,21,7309,5,73,2,0
4475,23.14,49.0,7413,6845,8320,3226009,0,117,4,-175.5,5.0,985.6,2501146876,2,14378,795,2337.9,2098.0,424,0.43,0,21,19,6,327,3,1,0
4476,16.02,49.0,7413,6845,8320,3226009,0,117,4,-175.5,5.0,985.4,2501145252,2,14378,795,2337.9,2098.0,424,7.51,1,18,22,7410,5,3,2,0
4477,24.27,49.0,7413,6845,8320,3226009,0,117,4,-175.5,5.0,985.3,2501147468,2,14378,795,2337.9,2098.0,424,0.38,1,18,15,5,293,3,2,0
4478,15.58,49.0,7413,6847,8322,3226209,0,117,4,-175.5,5.0,985.2,2501145860,2,14378,795,2337.9,2098.0,424,7.37,1,18,17,7224,5,61,1,0
4479,22.89,49.0,7413,6849,8320,3226090,0,117,4,-175.5,5.0,985.0,2501146156,2,14378,795,2337.9,2098.0,424,0.42,1,18,17,5,337,2,1,0
4480,20.46,49.0,7413,6846,8311,3225664,0,117,4,-175.5,5.0,984.9,2501146436,2,14378,795,2337.9,2098.0,424,7.63,1,18,15,7534,7,2,1,0
4481,25.11,49.0,7413,6846,8311,3225664,0,117,4,-175.5,5.0,984.7,2502936728,2,14378,795,2337.9,2098.0,424,88.37,1,18,16,6,315,3,2,0
4482,115.97,49.0,7413,7045,8512,3248180,0,117,4,-175.5,5.0,984.6,2503150180,2,14378,795,2337.9,2098.0,424,7.36,1,17,16,7209,5,66,2,0
4483,23.93,49.0,7413,7230,8700,3290199,0,117,4,-175.5,5.0,983.8,2503150592,2,14378,795,2337.9,2098.0,424,0.45,1,27,21,4,349,2,2,0
4484,18.36,49.0,7413,7207,8676,3289442,0,117,4,-175.5,5.0,983.6,2503150772,2,14378,795,2337.9,2098.0,424,7.41,1,17,17,7324,5,3,2,0
4485,23.45,49.0,7413,7210,8681,3289542,0,117,4,-175.5,5.0,983.5,2503152072,2,14378,795,2337.9,2098.0,424,0.53,1,26,22,12,400,2,1,0
4486,16.96,49.0,7413,7198,8664,3287629,0,117,4,-175.5,5.0,983.3,2503152368,2,14378,795,2337.9,2098.0,424,7.61,1,19,17,7447,6,58,2,0
4487,24.16,49.0,7413,7203,8664,3287629,0,117,4,-175.5,5.0,983.2,2503153668,2,14378,795,2337.9,2098.0,424,0.46,1,18,16,5,377,3,2,0
4488,17.79,49.0,7413,7200,8664,3287533,0,117,4,-175.5,5.0,983.0,2503153964,2,14378,795,2337.9,2098.0,424,7.26,2,20,16,7148,5,3,3,0
4489,22.97,49.0,7413,7200,8664,3287533,0,117,4,-175.5,5.0,982.9,2503154260,2,14378,795,2337.9,2098.0,424,0.47,1,17,16,5,391,3,1,0
4490,17.98,49.0,7413,7204,8665,3285980,0,117,4,-175.5,5.0,982.7,2503154556,2,14378,795,2337.9,2098.0,424,7.95,2,18,18,7785,5,68,2,0
4491,24.61,49.0,7413,7207,8665,3285980,0,117,4,-175.5,5.0,982.6,2503154836,2,14378,795,2337.9,2098.0,424,0.40,1,17,16,4,315,2,1,0
4492,17.60,49.0,7413,7207,8665,3285980,0,117,4,-175.5,5.0,982.4,2503155132,2,14378,795,2337.9,2098.0,424,7.27,1,16,16,7181,6,3,3,0
4493,24.61,49.0,7413,7203,8661,3283058,0,117,4,-175.5,5.0,982.3,2503155428,2,14378,795,2337.9,2098.0,424,0.44,1,18,16,5,358,2,2,0
4494,18.30,49.0,7413,7200,8661,3283058,0,117,4,-175.5,5.0,982.1,2503155724,2,14378,795,2337.9,2098.0,424,7.47,2,21,16,7322,5,58,1,0
4495,23.99,49.0,7413,7200,8661,3283058,0,117,4,-175.5,5.0,982.0,2503156020,2,14378,795,2337.9,2098.0,424,0.40,1,18,17,5,314,1,1,0
4496,16.42,49.0,7413,7198,8658,3282988,0,117,4,-175.5,5.0,981.8,2503156316,2,14378,795,2337.9,2098.0,424,7.75,1,31,28,7624,5,3,2,0
4497,24.82,49.0,7413,7198,8658,3282988,0,117,4,-175.5,5.0,981.7,2503156612,2,14378,795,2337.9,2098.0,424,0.39,1,17,16,5,300,3,1,0
4498,16.91,49.0,7413,7199,8655,3282466,0,117,4,-175.5,5.0,981.5,2503156908,2,14378,795,2337.9,2098.0,424,7.46,1,17,16,7314,5,61,2,0
4499,23.80,49.0,7413,7199,8655,3282466,0,117,4,-175.5,5.0,981.4,2503157204,2,14378,795,2337.9,2098.0,424,0.45,1,15,15,5,353,2,2,0
4500,18.97,43.0,7413,7198,8655,3282466,0,117,4,-175.5,5.0,981.3,2503157932,2,14378,795,2337.9,2098.0,424,8.18,1,17,18,8095,0,0,0,0
4501,25.52,43.0,7413,7195,8646,3282040,0,117,4,-175.5,5.0,981.1,2503157796,2,14378,795,2337.9,2098.0,424,0.40,1,17,17,5,315,2,2,0
4502,16.93,43.0,7413,7189,8637,3281758,0,117,4,-175.5,5.0,980.9,2503159096,2,14378,795,2337.9,2098.0,424,7.88,1,35,21,7661,8,92,3,0
4503,24.45,43.0,7413,7189,8637,3281758,0,117,4,-175.5,5.0,980.8,2503160396,2,14378,795,2337.9,2098.0,424,0.41,1,16,16,5,317,7,3,0
4504,16.86,43.0,7413,7189,8637,3281758,0,117,4,-175.5,5.0,980.7,2503160692,2,14378,795,2337.9,2098.0,424,7.67,2,25,35,7529,5,3,2,0
4505,24.64,43.0,7413,7190,8636,3281728,0,117,4,-175.5,5.0,980.5,2503160988,2,14378,795,2337.9,2098.0,424,0.42,1,16,20,10,331,3,1,0
4506,16.92,43.0,7413,7190,8636,3282103,0,117,4,-175.5,5.0,980.4,2503161284,2,14378,795,2337.9,2098.0,424,7.04,1,15,24,6900,3,52,2,0
4507,22.97,43.0,7413,7185,8636,3282103,0,117,4,-175.5,5.0,980.2,2503161580,2,14378,795,2337.9,2098.0,424,0.45,2,20,17,6,351,3,2,0
4508,15.65,43.0,7413,7185,8636,3282103,0,117,4,-175.5,5.0,980.1,2503161876,2,14378,795,2337.9,2098.0,424,7.25,1,15,16,7149,11,3,2,0
4509,22.99,43.0,7413,7174,8611,3281075,0,117,4,-175.5,5.0,980.0,2503162172,2,14378,795,2337.9,2098.0,424,0.39,1,16,16,5,305,2,2,0
4510,15.75,43.0,7413,7170,8611,3281075,0,117,4,-175.5,5.0,979.8,2503163472,2,14378,795,2337.9,2098.0,424,7.37,2,19,17,7226,5,56,2,0
4511,24.20,43.0,7413,7170,8611,3281075,0,117,4,-175.5,5.0,979.7,2503163768,2,14378,795,2337.9,2098.0,424,0.39,1,16,16,6,306,2,1,0
4512,15.57,43.0,7413,7166,8607,3280739,0,117,4,-175.5,5.0,979.5,2503164064,2,14378,795,2337.9,2098.0,424,7.23,1,16,16,7147,6,2,2,0
4513,23.21,43.0,7413,7166,8607,3280739,0,117,4,-175.5,5.0,979.4,2503164360,2,14378,795,2337.9,2098.0,424,0.41,1,16,16,5,323,2,1,0
4514,15.24,43.0,7413,7170,8607,3280739,0,117,4,-175.5,5.0,979.3,2503166528,2,14378,795,2337.9,2098.0,424,7.12,1,15,33,6957,3,63,2,0
4515,23.15,43.0,7413,7168,8608,3280747,0,117,4,-175.5,5.0,979.2,2503164968,2,14378,795,2337.9,2098.0,424,0.41,0,16,16,6,329,4,1,0
4516,15.53,43.0,7413,7168,8608,3280747,0,117,4,-175.5,5.0,979.0,2503165264,2,14378,795,2337.9,2098.0,424,7.13,1,15,17,7048,5,3,2,0
4517,22.61,43.0,7413,7165,8604,3280609,0,117,4,-175.5,5.0,978.9,2503167448,2,14378,795,2337.9,2098.0,424,0.41,1,15,16,5,330,2,2,0
4518,15.49,43.0,7413,7159,8594,3279927,0,117,4,-175.5,5.0,978.7,2503165856,2,14378,795,2337.9,2098.0,424,7.03,0,16,15,6902,3,53,2,0
4519,23.08,43.0,7413,7159,8591,3279756,0,117,4,-175.5,5.0,978.6,2503169260,2,14378,795,2337.9,2098.0,424,0.39,1,16,16,5,309,2,1,0
4520,15.90,43.0,7413,7159,8591,3279756,0,117,4,-175.5,5.0,978.5,2503167668,2,14378,795,2337.9,2098.0,424,7.27,1,16,16,7185,4,3,2,0
4521,22.84,43.0,7413,7158,8591,3279756,0,117,4,-175.5,5.0,978.3,2503169852,2,14378,795,2337.9,2098.0,424,0.39,1,15,16,5,308,2,2,0
4522,15.03,43.0,7413,7155,8590,3279721,0,117,4,-175.5,5.0,978.2,2503168276,2,14378,795,2337.9,2098.0,424,7.01,1,16,16,6874,3,53,2,0
4523,22.05,43.0,7413,7155,8590,3279721,0,117,4,-175.5,5.0,978.1,2503168572,2,14378,795,2337.9,2098.0,424,0.42,1,29,17,5,331,2,1,0
4524,14.87,43.0,7413,7155,8586,3279543,0,117,4,-175.5,5.0,977.9,2503168868,2,14378,795,2337.9,2098.0,424,7.04,1,15,16,6961,4,3,2,0
4525,22.58,43.0,7413,7156,8586,3279543,0,117,4,-175.5,5.0,977.8,2503169164,2,14378,795,2337.9,2098.0,424,0.38,1,16,16,6,300,2,1,0
4526,16.35,43.0,7413,7152,8577,3279117,0,117,4,-175.5,5.0,977.7,2503169460,2,14378,795,2337.9,2098.0,424,7.32,1,18,16,7147,7,66,1,0
4527,23.88,43.0,7413,7152,8577,3279117,0,117,4,-175.5,5.0,977.6,2503170760,2,14378,795,2337.9,2098.0,424,0.43,1,21,16,5,346,2,2,0
4528,15.94,43.0,7413,7152,8577,3279117,0,117,4,-175.5,5.0,977.4,2503171056,2,14378,795,2337.9,2098.0,424,6.97,1,16,16,6894,3,2,1,0
4529,22.39,43.0,7413,7152,8577,3279117,0,117,4,-175.5,5.0,977.3,2503171352,2,14378,795,2337.9,2098.0,424,0.46,2,17,24,6,364,3,1,0
4530,17.23,43.0,7413,7154,8577,3279213,0,117,4,-175.5,5.0,977.1,2503172008,2,14378,795,2337.9,2098.0,424,7.54,1,14,15,7400,4,57,2,0
4531,24.06,43.0,7413,7154,8577,3279213,0,117,4,-175.5,5.0,977.0,2503171944,2,14378,795,2337.9,2098.0,424,0.46,1,15,16,5,375,4,2,0
4532,16.89,43.0,7413,7158,8577,3279213,0,117,4,-175.5,5.0,976.8,2503172240,2,14378,795,2337.9,2098.0,424,7.11,1,16,16,7017,6,3,5,0
4533,23.24,43.0,7413,7158,8577,3279213,0,117,4,-175.5,5.0,976.7,2503174424,2,14378,795,2337.9,2098.0,424,0.41,1,23,16,5,321,2,2,0
4534,16.05,43.0,7413,7158,8577,3279213,0,117,4,-175.5,5.0,976.5,2503172848,2,14378,795,2337.9,2098.0,424,7.49,1,16,17,7340,5,67,2,0
4535,22.49,43.0,7413,7156,8577,3279213,0,117,4,-175.5,5.0,976.4,2503173144,2,14378,795,2337.9,2098.0,424,0.39,1,16,16,5,305,2,1,0
4536,15.96,43.0,7413,7159,8572,3278984,0,117,4,-175.5,5.0,976.3,2503173440,2,14378,795,2337.9,2098.0,424,8.13,1,23,17,8027,0,0,0,0
4537,24.53,43.0,7413,7159,8572,3278984,0,117,4,-175.5,5.0,976.2,2503173736,2,14378,795,2337.9,2098.0,424,0.43,1,16,18,5,349,2,2,0
4538,16.43,43.0,7413,7157,8572,3278984,0,117,4,-175.5,5.0,976.0,2503174032,2,14378,795,2337.9,2098.0,424,7.00,1,16,16,6863,4,54,2,0
4539,23.82,43.0,7413,7157,8572,3278984,0,117,4,-175.5,5.0,975.9,2503174328,2,14378,795,2337.9,2098.0,424,0.43,1,15,16,5,347,2,2,0
4540,16.14,43.0,7413,7169,8568,3278823,0,117,4,-175.5,5.0,975.7,2503174624,2,14378,795,2337.9,2098.0,424,7.14,1,16,17,7057,4,3,2,0
4541,22.38,43.0,7413,7169,8568,3278823,0,117,4,-175.5,5.0,975.6,2503174920,2,14378,795,2337.9,2098.0,424,0.39,1,15,16,5,308,2,2,0
4542,16.02,43.0,7413,7210,8609,3311505,0,117,4,-175.5,5.0,975.4,2503175216,2,14378,795,2337.9,2098.0,424,7.01,1,16,16,6878,3,53,2,0
4543,22.80,43.0,7413,7210,8609,3311505,0,117,4,-175.5,5.0,975.3,2503175512,2,14378,795,2337.9,2098.0,424,0.42,1,17,17,5,333,2,1,0
4544,17.28,43.0,7413,7210,8609,3311505,0,117,4,-175.5,5.0,975.2,2503175808,2,14378,795,2337.9,2098.0,424,7.41,1,16,16,7327,5,3,2,0
4545,23.31,43.0,7413,7210,8609,3311505,0,117,4,-175.5,5.0,975.0,2503176104,2,14378,795,2337.9,2098.0,424,0.41,1,15,16,5,324,2,1,0
4546,16.06,43.0,7413,7214,8616,3312522,0,117,4,-175.5,5.0,974.9,2503176400,2,14378,795,2337.9,2098.0,424,6.87,1,15,17,6739,3,57,2,0
4547,22.63,43.0,7413,7214,8616,3312522,0,117,4,-175.5,5.0,974.8,2503176696,2,14378,795,2337.9,2098.0,424,0.39,1,15,16,8,310,2,2,0
4548,16.00,43.0,7413,7216,8616,3312522,0,117,4,-175.5,5.0,974.6,2504965872,2,14378,795,2337.9,2098.0,424,45.03,1,15,16,7024,4,2,2,0
4549,71.64,43.0,7413,7311,8713,3328857,0,117,4,-175.5,5.0,974.5,2505051284,2,14378,795,2337.9,2098.0,424,0.40,1,17,18,11,305,2,2,0
4550,17.89,50.0,7413,7313,8713,3328857,0,117,4,-175.5,5.0,974.0,2505051580,2,14378,795,2337.9,2098.0,424,6.95,1,15,17,6815,4,55,2,0
4551,23.16,50.0,7413,7299,8691,3328009,0,117,4,-175.5,5.0,973.9,2505051876,2,14378,795,2337.9,2098.0,424,0.38,1,16,15,5,298,2,1,0
4552,16.39,50.0,7413,7297,8688,3328513,0,117,4,-175.5,5.0,973.7,2505053176,2,14378,795,2337.9,2098.0,424,7.29,1,15,16,7207,4,3,2,0
4553,23.22,50.0,7413,7297,8692,3328707,0,117,4,-175.5,5.0,973.6,2505053472,2,14378,795,2337.9,2098.0,424,0.39,1,16,16,6,309,2,1,0
4554,16.40,50.0,7413,7297,8692,3328707,0,117,4,-175.5,5.0,973.4,2505053768,2,14378,795,2337.9,2098.0,424,7.13,1,15,16,6994,5,56,2,0
4555,23.37,50.0,7413,7297,8692,3328707,0,117,4,-175.5,5.0,973.3,2505054064,2,14378,795,2337.9,2098.0,424,0.39,1,17,16,6,304,2,2,0
4556,15.99,50.0,7413,7297,8692,3328707,0,117,4,-175.5,5.0,973.2,2505054360,2,14378,795,2337.9,2098.0,424,7.51,1,15,16,7425,4,4,2,0
4557,23.36,50.0,7413,7293,8688,3328567,0,117,4,-175.5,5.0,973.0,2505054656,2,14378,795,2337.9,2098.0,424,0.43,1,16,16,5,346,2,2,0
4558,16.76,50.0,7413,7292,8679,3323433,0,117,4,-175.5,5.0,972.9,2505054952,2,14378,795,2337.9,2098.0,424,7.01,1,16,23,6871,3,53,2,0
4559,22.73,50.0,7413,7292,8679,3323433,0,117,4,-175.5,5.0,972.8,2505056252,2,14378,795,2337.9,2098.0,424,0.41,1,17,16,5,309,2,2,0
4560,19.23,50.0,7413,7292,8679,3323433,0,117,4,-175.5,5.0,972.6,2505056980,2,14378,795,2337.9,2098.0,424,7.04,1,14,16,6945,12,5,2,0
4561,23.94,50.0,7413,7288,8675,3321620,0,117,4,-175.5,5.0,972.5,2505056844,2,14378,795,2337.9,2098.0,424,0.41,1,15,16,6,334,2,2,0
4562,16.71,50.0,7413,7289,8674,3321536,0,117,4,-175.5,5.0,972.3,2505057140,2,14378,795,2337.9,2098.0,424,6.90,1,16,17,6766,4,53,1,0
4563,23.18,50.0,7413,7287,8672,3321410,0,117,4,-175.5,5.0,972.2,2505057436,2,14378,795,2337.9,2098.0,424,0.39,1,16,16,5,310,3,2,0
4564,16.70,50.0,7413,7287,8672,3321410,0,117,4,-175.5,5.0,972.0,2505057732,2,14378,795,2337.9,2098.0,424,7.29,1,18,21,7194,5,3,1,0
4565,22.88,50.0,7413,7287,8672,3321410,0,117,4,-175.5,5.0,971.9,2505058028,2,14378,795,2337.9,2098.0,424,0.39,1,15,16,5,307,3,2,0
4566,18.22,50.0,7418,7287,8672,3321548,0,117,4,-175.5,5.0,971.7,2502620512,2,14377,795,2337.9,2098.0,424,46.19,1,17,18,7157,4,1111,0,0
4567,63.64,50.0,7418,7291,8680,3329522,0,117,4,-175.5,5.0,971.6,2502621956,2,14377,795,2337.9,2098.0,424,0.44,1,16,16,6,353,2,2,0
4568,16.45,50.0,7418,7291,8680,3329522,0,117,4,-175.5,5.0,971.2,2502622252,2,14377,795,2337.9,2098.0,424,7.04,1,15,16,6948,4,2,3,0
4569,23.98,50.0,7418,7291,8680,3329522,0,117,4,-175.5,5.0,971.1,2502622548,2,14377,795,2337.9,2098.0,424,0.57,2,24,23,8,444,2,1,0
4570,16.29,50.0,7418,7280,8663,3329012,0,117,4,-175.5,5.0,970.9,2502622844,2,14377,795,2337.9,2098.0,424,6.95,1,16,16,6810,3,52,2,0
4571,23.55,50.0,7418,7280,8663,3329012,0,117,4,-175.5,5.0,970.8,2502624144,2,14377,795,2337.9,2098.0,424,0.38,1,16,16,5,297,2,1,0
4572,17.40,50.0,7418,7272,8656,3328566,0,117,4,-175.5,5.0,970.6,2502624440,2,14377,795,2337.9,2098.0,424,7.16,1,16,16,7076,5,2,2,0
4573,22.88,50.0,7418,7272,8656,3328566,0,117,4,-175.5,5.0,970.5,2502625740,2,14377,795,2337.9,2098.0,424,0.40,0,15,16,5,317,2,2,0
4574,17.32,50.0,7418,7272,8652,3328311,0,117,4,-175.5,5.0,970.3,2502626036,2,14377,795,2337.9,2098.0,424,7.52,1,16,16,7376,4,64,1,0
4575,23.16,50.0,7418,7268,8639,3327619,0,117,4,-175.5,5.0,970.2,2502626332,2,14377,795,2337.9,2098.0,424,0.48,1,21,21,7,380,2,2,0
4576,17.10,50.0,7418,7267,8632,3326459,0,117,4,-175.5,5.0,970.0,2502627632,2,14377,795,2337.9,2098.0,424,6.85,1,16,19,6759,4,2,2,0
4577,22.94,50.0,7418,7262,8621,3325955,0,117,4,-175.5,5.0,969.9,2502628932,2,14377,795,2337.9,2098.0,424,0.40,1,15,16,5,317,2,1,0
4578,16.49,50.0,7418,7258,8617,3325619,0,117,4,-175.5,5.0,969.8,2502630232,2,14377,795,2337.9,2098.0,424,7.14,1,15,15,6995,5,56,2,0
4579,22.27,50.0,7418,7250,8601,3324975,0,117,4,-175.5,5.0,969.7,2502632400,2,14377,795,2337.9,2098.0,424,0.42,1,16,17,5,332,3,2,0
4580,17.88,50.0,7418,7250,8601,3324975,0,117,4,-175.5,5.0,969.5,2502632180,2,14377,795,2337.9,2098.0,424,6.85,1,16,17,6767,3,3,2,0
4581,22.61,50.0,7418,7230,8581,3323835,0,117,4,-175.5,5.0,969.4,2502632476,2,14377,795,2337.9,2098.0,424,0.40,1,15,16,6,316,2,1,0
4582,16.81,50.0,7418,7233,8581,3323835,0,117,4,-175.5,5.0,969.2,2502633776,2,14377,795,2337.9,2098.0,424,7.29,1,24,22,7128,6,65,2,0
4583,22.57,50.0,7418,7228,8577,3323594,0,117,4,-175.5,5.0,969.1,2502634072,2,14377,795,2337.9,2098.0,424,0.39,2,16,16,5,310,3,1,0
4584,16.60,50.0,7418,7225,8577,3323594,0,117,4,-175.5,5.0,968.9,2502634368,2,14377,795,2337.9,2098.0,424,6.90,1,15,16,6816,3,3,2,0
4585,22.81,50.0,7418,7225,8577,3323594,0,117,4,-175.5,5.0,968.8,2502634664,2,14377,795,2337.9,2098.0,424,0.45,1,23,15,5,358,2,2,0
4586,17.10,50.0,7418,7227,8576,3323564,0,117,4,-175.5,5.0,968.7,2502634960,2,14377,795,2337.9,2098.0,424,7.34,2,16,16,7201,5,56,2,0
4587,22.78,50.0,7418,7227,8576,3323564,0,117,4,-175.5,5.0,968.5,2502635256,2,14377,795,2337.9,2098.0,424,0.39,1,26,16,5,303,2,2,0
4588,16.33,50.0,7418,7227,8576,3323564,0,117,4,-175.5,5.0,968.4,2502635552,2,14377,795,2337.9,2098.0,424,7.41,1,15,16,7326,4,2,1,0
4589,22.81,50.0,7418,7230,8576,3323564,0,117,4,-175.5,5.0,968.3,2502635848,2,14377,795,2337.9,2098.0,424,0.40,0,16,16,5,318,2,2,0
4590,17.56,50.0,7418,7235,8572,3323364,0,117,4,-175.5,5.0,968.1,2502636576,2,14377,795,2337.9,2098.0,424,6.93,1,16,17,6771,4,69,2,0
4591,23.22,50.0,7418,7218,8563,3322594,0,117,4,-175.5,5.0,968.0,2502638328,2,14377,795,2337.9,2098.0,424,0.43,1,15,16,5,339,1,1,0
4592,17.20,50.0,7418,7218,8563,3322594,0,117,4,-175.5,5.0,967.8,2502637740,2,14377,795,2337.9,2098.0,424,7.04,1,16,16,6952,6,3,2,0
4593,21.99,50.0,7418,7210,8546,3322124,0,117,4,-175.5,5.0,967.7,2502639924,2,14377,795,2337.9,2098.0,424,0.39,1,15,16,5,308,2,1,0
4594,16.43,50.0,7418,7206,8542,3322004,0,117,4,-175.5,5.0,967.5,2502639336,2,14377,795,2337.9,2098.0,424,7.59,1,16,17,7443,4,68,2,0
4595,23.36,50.0,7418,7206,8543,3326612,0,117,4,-175.5,5.0,967.4,2502641520,2,14377,795,2337.9,2098.0,424,0.41,1,16,17,5,316,4,5,0
4596,16.61,46.0,7418,7207,8542,3326542,0,117,4,-175.5,5.0,967.3,2502639928,2,14377,795,2337.9,2098.0,424,7.05,1,15,20,6955,5,2,2,0
4597,23.66,46.0,7418,7207,8542,3326542,0,117,4,-175.5,5.0,967.2,2502642112,2,14377,795,2337.9,2098.0,424,0.39,1,16,16,5,308,1,2,0
4598,16.53,46.0,7418,7207,8542,3326542,0,117,4,-175.5,5.0,967.0,2502640536,2,14377,795,2337.9,2098.0,424,7.55,1,15,16,7397,4,61,3,0
4599,24.06,46.0,7418,7207,8542,3326542,0,117,4,-175.5,5.0,966.9,2502640832,2,14377,795,2337.9,2098.0,424,0.40,1,15,17,5,321,1,2,0
4600,16.14,46.0,7418,7196,8530,3326262,0,117,4,-175.5,5.0,966.7,2502641128,2,14377,795,2337.9,2098.0,424,7.70,1,16,15,7613,5,2,2,0
4601,23.44,46.0,7418,7199,8530,3326262,0,117,4,-175.5,5.0,966.6,2502642428,2,14377,795,2337.9,2098.0,424,0.41,1,16,22,10,312,2,2,0
4602,16.62,46.0,7418,7199,8530,3326262,0,117,4,-175.5,5.0,966.4,2502642724,2,14377,795,2337.9,2098.0,424,7.01,2,15,17,6873,3,51,2,0
4603,22.74,46.0,7418,7199,8530,3326262,0,117,4,-175.5,5.0,966.3,2502643020,2,14377,795,2337.9,2098.0,424,0.45,1,23,24,5,340,2,2,0
4604,18.10,46.0,7418,7201,8523,3325900,0,117,4,-175.5,5.0,966.2,2502643328,2,14377,795,2337.9,2098.0,424,7.17,1,16,17,7087,4,3,2,0
4605,22.70,46.0,7418,7198,8516,3325538,0,117,4,-175.5,5.0,966.0,2502644628,2,14377,795,2337.9,2098.0,424,0.42,1,16,16,6,336,2,2,0
4606,15.91,46.0,7418,7194,8508,3324670,0,117,4,-175.5,5.0,965.9,2502645928,2,14377,795,2337.9,2098.0,424,7.08,1,16,15,6926,5,71,2,0
4607,23.79,46.0,7418,7201,8512,3325836,0,117,4,-175.5,5.0,965.8,2502647228,2,14377,795,2337.9,2098.0,424,0.39,0,16,16,5,311,2,1,0
4608,15.93,46.0,7418,7201,8512,3325836,0,117,4,-175.5,5.0,965.6,2502647524,2,14377,795,2337.9,2098.0,424,7.38,1,16,17,7290,5,3,2,0
4609,23.74,46.0,7418,7201,8512,3325836,0,117,4,-175.5,5.0,965.5,2502647820,2,14377,795,2337.9,2098.0,424,0.39,1,15,16,5,309,2,2,0
4610,15.97,46.0,7418,7201,8512,3325836,0,117,4,-175.5,5.0,965.3,2502648116,2,14377,795,2337.9,2098.0,424,7.20,1,15,16,7062,5,62,2,0
4611,22.58,46.0,7418,7201,8512,3325836,0,117,4,-175.5,5.0,965.2,2502648412,2,14377,795,2337.9,2098.0,424,0.39,1,15,16,5,307,2,2,0
4612,15.99,46.0,7418,7193,8505,3325768,0,117,4,-175.5,5.0,965.0,2502650596,2,14377,795,2337.9,2098.0,424,7.40,1,18,17,7301,6,3,1,0
4613,23.07,46.0,7418,7194,8501,3325568,0,117,4,-175.5,5.0,964.9,2502650024,2,14377,795,2337.9,2098.0,424,0.39,0,16,23,5,301,2,1,0
4614,16.58,46.0,7418,7194,8501,3325568,0,117,4,-175.5,5.0,964.8,2502650320,2,14377,795,2337.9,2098.0,424,7.25,1,16,16,7080,4,67,1,0
4615,23.46,46.0,7418,7194,8501,3325568,0,117,4,-175.5,5.0,964.7,2502650616,2,14377,795,2337.9,2098.0,424,0.38,1,16,16,6,303,2,1,0
4616,15.58,46.0,7418,7197,8498,3325885,0,117,4,-175.5,5.0,964.5,2502650912,2,14377,795,2337.9,2098.0,424,6.94,1,16,17,6842,3,2,2,0
4617,23.02,46.0,7418,7194,8495,3325633,0,117,4,-175.5,5.0,964.4,2502651208,2,14377,795,2337.9,2098.0,424,0.39,1,16,16,5,305,3,1,0
4618,17.03,46.0,7418,7194,8495,3325633,0,117,4,-175.5,5.0,964.2,2502651504,2,14377,795,2337.9,2098.0,424,7.81,1,16,17,7671,5,56,2,0
4619,23.28,46.0,7418,7197,8492,3325515,0,117,4,-175.5,5.0,964.1,2502651800,2,14377,795,2337.9,2098.0,424,0.40,1,24,16,5,299,2,1,0
4620,18.62,46.0,7418,7197,8492,3325523,0,117,4,-175.5,5.0,963.9,2502652456,2,14377,795,2337.9,2098.0,424,7.34,1,15,19,7252,4,3,2,0
4621,23.60,46.0,7418,7197,8492,3325523,0,117,4,-175.5,5.0,963.8,2502652392,2,14377,795,2337.9,2098.0,424,0.40,1,18,28,5,306,2,1,0
4622,15.57,46.0,7418,7197,8492,3325523,0,117,4,-175.5,5.0,963.6,2502652688,2,14377,795,2337.9,2098.0,424,7.21,1,16,16,7068,4,56,2,0
4623,23.27,46.0,7418,7197,8492,3325523,0,117,4,-175.5,5.0,963.5,2502654888,2,14377,795,2337.9,2098.0,424,0.49,1,15,16,5,412,2,2,0
4624,16.27,46.0,7418,7197,8492,3325523,0,117,4,-175.5,5.0,963.4,2502653280,2,14377,795,2337.9,2098.0,424,6.91,1,17,18,6821,3,3,2,0
4625,23.01,46.0,7418,7196,8489,3325352,0,117,4,-175.5,5.0,963.3,2502655480,2,14377,795,2337.9,2098.0,424,0.46,2,28,19,6,345,3,2,0
4626,16.62,46.0,7418,7103,8396,3300940,0,117,4,-175.5,5.0,963.1,2502653872,2,14377,795,2337.9,2098.0,424,7.17,2,17,17,7010,4,69,2,0
4627,22.92,46.0,7418,7087,8380,3300524,0,117,4,-175.5,5.0,963.0,2502657076,2,14377,795,2337.9,2098.0,424,0.40,2,16,16,6,320,2,1,0
4628,15.52,46.0,7418,7087,8380,3300524,0,117,4,-175.5,5.0,962.8,2502656472,2,14377,795,2337.9,2098.0,424,7.07,1,17,21,6979,4,3,2,0
4629,22.24,46.0,7418,7086,8379,3300454,0,117,4,-175.5,5.0,962.7,2502658672,2,14377,795,2337.9,2098.0,424,0.44,1,16,16,5,358,2,1,0
4630,16.98,46.0,7418,7086,8379,3300454,0,117,4,-175.5,5.0,962.6,2502657080,2,14377,795,2337.9,2098.0,424,7.50,3,43,30,7269,4,64,2,0
4631,22.90,46.0,7418,7086,8380,3305062,0,117,4,-175.5,5.0,962.4,2502657376,2,14377,795,2337.9,2098.0,424,0.41,1,15,28,6,314,2,1,0
4632,16.72,46.0,7418,7059,8348,3297314,0,117,4,-175.5,5.0,962.3,2502657672,2,14377,795,2337.9,2098.0,424,6.83,1,15,17,6751,3,3,2,0
4633,23.42,46.0,7418,7059,8345,3297172,0,117,4,-175.5,5.0,962.2,2502658972,2,14377,795,2337.9,2098.0,424,0.41,1,16,20,6,315,2,2,0
4634,18.22,46.0,7418,7019,8305,3294444,0,117,4,-175.5,5.0,962.0,2502659268,2,14377,795,2337.9,2098.0,424,7.11,1,15,22,6976,3,53,2,0
4635,22.84,46.0,7418,7014,8290,3293734,0,117,4,-175.5,5.0,961.9,2502660568,2,14377,795,2337.9,2098.0,424,0.40,2,15,15,5,319,1,1,0
4636,16.28,46.0,7418,7011,8287,3293722,0,117,4,-175.5,5.0,961.7,2504384492,2,14377,795,2337.9,2098.0,424,44.80,0,16,16,7061,4,2,3,0
4637,71.72,46.0,7418,7081,8357,3307601,0,117,4,-175.5,5.0,961.6,2504453000,2,14377,795,2337.9,2098.0,424,0.38,1,16,17,5,298,2,3,0
4638,18.25,46.0,7418,7085,8357,3307601,0,117,4,-175.5,5.0,961.1,2504453296,2,14377,795,2337.9,2098.0,424,7.30,0,15,17,7150,5,73,1,0
4639,25.62,46.0,7418,7077,8350,3306829,0,117,4,-175.5,5.0,961.0,2504453592,2,14377,795,2337.9,2098.0,424,0.39,1,16,16,5,310,2,2,0
4640,16.54,46.0,7418,7078,8346,3306651,0,117,4,-175.5,5.0,960.8,2504455396,2,14377,795,2337.9,2098.0,424,7.28,1,16,17,7197,3,3,2,0
4641,25.01,46.0,7418,7078,8346,3306651,0,117,4,-175.5,5.0,960.7,2504455692,2,14377,795,2337.9,2098.0,424,0.46,1,23,23,7,342,2,2,0
4642,16.16,46.0,7418,7073,8346,3306651,0,117,4,-175.5,5.0,960.5,2504455988,2,14377,795,2337.9,2098.0,424,7.06,1,15,16,6920,5,57,1,0
4643,22.89,46.0,7418,7069,8342,3306315,0,117,4,-175.5,5.0,960.4,2504456284,2,14377,795,2337.9,2098.0,424,0.38,1,15,16,5,303,2,2,0
4644,17.21,48.0,7418,7069,8342,3306315,0,117,4,-175.5,5.0,960.2,2504456580,2,14377,795,2337.9,2098.0,424,7.40,1,21,19,7293,7,3,2,0
4645,22.25,48.0,7418,7069,8342,3306940,0,117,4,-175.5,5.0,960.1,2504456876,2,14377,795,2337.9,2098.0,424,0.39,1,14,15,5,305,2,1,0
4646,15.72,48.0,7418,7069,8334,3306540,0,117,4,-175.5,5.0,959.9,2504457172,2,14377,795,2337.9,2098.0,424,7.20,1,15,16,7057,5,57,2,0
4647,23.06,48.0,7418,7069,8334,3306540,0,117,4,-175.5,5.0,959.8,2504458472,2,14377,795,2337.9,2098.0,424,0.42,0,16,17,6,328,4,3,0
4648,16.36,48.0,7418,7063,8322,3306068,0,117,4,-175.5,5.0,959.7,2504458768,2,14377,795,2337.9,2098.0,424,6.79,1,15,16,6708,4,2,1,0
4649,22.69,48.0,7418,7057,8310,3305500,0,117,4,-175.5,5.0,959.6,2504460068,2,14377,795,2337.9,2098.0,424,0.38,0,15,15,5,297,3,2,0
4650,19.31,48.0,7418,7057,8310,3305500,0,117,4,-175.5,5.0,959.4,2504461800,2,14377,795,2337.9,2098.0,424,6.89,1,14,16,6766,2,52,2,0
4651,23.05,48.0,7418,7054,8307,3305290,0,117,4,-175.5,5.0,959.3,2504461664,2,14377,795,2337.9,2098.0,424,0.42,1,23,16,5,333,2,1,0
4652,17.37,48.0,7418,7052,8297,3304746,0,117,4,-175.5,5.0,959.1,2504461960,2,14377,795,2337.9,2098.0,424,7.49,1,17,17,7398,5,3,2,0
4653,23.43,48.0,7418,7049,8286,3303824,0,117,4,-175.5,5.0,959.0,2504463260,2,14377,795,2337.9,2098.0,424,0.39,1,16,16,5,310,2,2,0
4654,16.51,48.0,7418,7049,8278,3303424,0,117,4,-175.5,5.0,958.8,2504464560,2,14377,795,2337.9,2098.0,424,6.99,1,29,15,6829,4,53,1,0
4655,23.06,48.0,7418,7049,8278,3303424,0,117,4,-175.5,5.0,958.7,2504465860,2,14377,795,2337.9,2098.0,424,0.39,1,16,16,5,304,1,1,0
4656,16.25,48.0,7418,7048,8257,3302483,0,117,4,-175.5,5.0,958.5,2504466156,2,14377,795,2337.9,2098.0,424,7.38,1,16,16,7292,6,2,2,0
4657,22.91,48.0,7418,7048,8257,3302483,0,117,4,-175.5,5.0,958.4,2504467456,2,14377,795,2337.9,2098.0,424,0.38,1,15,16,5,302,3,2,0
4658,15.56,48.0,7418,7048,8257,3302483,0,117,4,-175.5,5.0,958.3,2504467752,2,14377,795,2337.9,2098.0,424,7.39,1,16,17,7229,4,62,3,0
4659,23.91,48.0,7418,7048,8245,3301905,0,117,4,-175.5,5.0,958.2,2504468048,2,14377,795,2337.9,2098.0,424,0.40,1,15,17,5,322,2,2,0
4660,16.30,48.0,7418,7048,8245,3301905,0,117,4,-175.5,5.0,958.0,2504469348,2,14377,795,2337.9,2098.0,424,7.04,1,15,16,6955,4,3,2,0
4661,22.89,48.0,7418,7040,8237,3301505,0,117,4,-175.5,5.0,957.9,2504469644,2,14377,795,2337.9,2098.0,424,0.40,1,14,15,5,323,2,2,0
4662,16.49,48.0,7418,7028,8226,3301075,0,117,4,-175.5,5.0,957.7,2504470944,2,14377,795,2337.9,2098.0,424,7.24,1,19,27,7075,4,62,2,0
4663,22.84,48.0,7418,7028,8226,3301075,0,117,4,-175.5,5.0,957.6,2504474132,2,14377,795,2337.9,2098.0,424,0.40,1,16,15,5,315,3,1,0
4664,16.48,48.0,7418,7028,8226,3301075,0,117,4,-175.5,5.0,957.4,2504472556,2,14377,795,2337.9,2098.0,424,7.20,1,16,17,7113,4,3,1,0
4665,22.75,48.0,7418,7185,8383,3347491,0,117,4,-175.5,5.0,957.3,2504472836,2,14377,795,2337.9,2098.0,424,0.45,0,18,16,4,358,7,1,0
4666,23.50,48.0,7418,7186,8382,3347407,0,117,4,-175.5,5.0,957.2,2504473132,2,14377,795,2337.9,2098.0,424,7.18,1,15,16,7042,7,55,1,0
4667,22.62,48.0,7418,7186,8382,3347407,0,117,4,-175.5,5.0,957.0,2504473428,2,14377,795,2337.9,2098.0,424,0.40,1,15,17,5,315,2,1,0
4668,17.27,48.0,7418,7186,8382,3347407,0,117,4,-175.5,5.0,956.8,2504475612,2,14377,795,2337.9,2098.0,424,7.02,2,23,23,6904,4,3,2,0
4669,22.43,48.0,7418,7181,8379,3347179,0,117,4,-175.5,5.0,956.7,2504474036,2,14377,795,2337.9,2098.0,424,0.40,1,16,16,5,318,2,1,0
4670,16.68,48.0,7418,7181,8379,3347179,0,117,4,-175.5,5.0,956.6,2504474332,2,14377,795,2337.9,2098.0,424,7.00,1,16,16,6862,5,55,2,0
4671,22.83,48.0,7418,7181,8379,3347179,0,117,4,-175.5,5.0,956.4,2504474628,2,14377,795,2337.9,2098.0,424,0.38,1,15,16,5,300,2,2,0
4672,15.80,48.0,7418,7181,8379,3347179,0,117,4,-175.5,5.0,956.3,2504474924,2,14377,795,2337.9,2098.0,424,6.93,1,16,15,6850,3,2,2,0
4673,23.10,48.0,7418,7181,8379,3347179,0,117,4,-175.5,5.0,956.2,2504475220,2,14377,795,2337.9,2098.0,424,0.41,1,15,16,5,312,3,2,0
4674,16.61,48.0,7418,7181,8379,3347179,0,117,4,-175.5,5.0,956.0,2504475516,2,14377,795,2337.9,2098.0,424,7.44,1,15,16,7304,5,55,1,0
4675,23.94,48.0,7418,7181,8374,3346950,0,117,4,-175.5,5.0,955.9,2504475812,2,14377,795,2337.9,2098.0,424,0.40,2,22,15,5,304,2,1,0
4676,15.77,48.0,7418,7169,8361,3346362,0,117,4,-175.5,5.0,955.7,2504476108,2,14377,795,2337.9,2098.0,424,6.89,1,16,15,6814,4,3,2,0
4677,22.09,48.0,7418,7169,8361,3346362,0,117,4,-175.5,5.0,955.6,2504477408,2,14377,795,2337.9,2098.0,424,0.39,0,16,17,5,307,2,1,0
4678,15.74,48.0,7418,7169,8361,3346362,0,117,4,-175.5,5.0,955.5,2504477704,2,14377,795,2337.9,2098.0,424,7.11,1,20,22,6954,4,53,2,0
4679,23.19,48.0,7418,7169,8361,3346362,0,117,4,-175.5,5.0,955.4,2504478000,2,14377,795,2337.9,2098.0,424,0.39,1,16,16,5,306,3,2,0
4680,18.53,48.0,7418,6707,7901,3067074,0,117,4,-175.5,5.0,955.2,2504478728,2,14377,795,2337.9,2098.0,424,7.26,1,15,16,7176,5,3,1,0
4681,23.69,48.0,7418,6707,7900,3067004,0,117,4,-175.5,5.0,955.1,2504479596,2,14377,795,2337.9,2098.0,424,0.38,1,15,16,5,303,2,2,0
4682,14.94,48.0,7418,6691,7883,3064420,0,117,4,-175.5,5.0,954.9,2504479892,2,14377,795,2337.9,2098.0,424,6.92,1,16,17,6792,3,53,1,0
4683,22.42,48.0,7418,6691,7883,3064420,0,117,4,-175.5,5.0,954.8,2504481192,2,14377,795,2337.9,2098.0,424,0.44,0,16,17,14,338,2,2,0
4684,14.97,48.0,7418,6691,7883,3064580,0,117,4,-175.5,5.0,954.6,2504481488,2,14377,795,2337.9,2098.0,424,7.20,1,16,16,7113,6,2,2,0
4685,22.11,48.0,7418,6691,7883,3064580,0,117,4,-175.5,5.0,954.5,2504481784,2,14377,795,2337.9,2098.0,424,0.44,0,19,16,7,348,3,2,0
4686,16.26,48.0,7418,6691,7883,3064580,0,117,4,-175.5,5.0,954.4,2504482080,2,14377,795,2337.9,2098.0,424,7.59,1,16,17,7434,5,71,2,0
4687,23.19,48.0,7418,6687,7879,3064244,0,117,4,-175.5,5.0,954.3,2504482376,2,14377,795,2337.9,2098.0,424,0.40,1,15,16,5,318,2,2,0
4688,15.35,48.0,7418,6682,7874,3063894,0,117,4,-175.5,5.0,954.1,2504482672,2,14377,795,2337.9,2098.0,424,6.93,1,16,15,6850,3,2,2,0
4689,21.53,48.0,7418,6682,7874,3063894,0,117,4,-175.5,5.0,954.0,2504484872,2,14377,795,2337.9,2098.0,424,0.43,1,16,16,11,341,2,1,0
4690,14.82,48.0,7418,6682,7874,3063894,0,117,4,-175.5,5.0,953.8,2504483264,2,14377,795,2337.9,2098.0,424,7.14,2,20,26,6978,4,54,2,0
4691,22.91,48.0,7418,6682,7874,3063894,0,117,4,-175.5,5.0,953.7,2504485464,2,14377,795,2337.9,2098.0,424,0.42,1,15,16,11,340,3,1,0
4692,15.07,48.0,7418,6682,7874,3063894,0,117,4,-175.5,5.0,953.6,2504483872,2,14377,795,2337.9,2098.0,424,6.92,1,15,16,6840,3,2,2,0
4693,22.55,48.0,7418,6682,7874,3063894,0,117,4,-175.5,5.0,953.5,2504484168,2,14377,795,2337.9,2098.0,424,0.40,0,16,16,5,321,2,2,0
4694,16.16,50.0,7418,6679,7870,3063668,0,117,4,-175.5,5.0,953.3,2504484464,2,14377,795,2337.9,2098.0,424,7.55,1,15,16,7403,5,68,2,0
4695,23.14,50.0,7418,6675,7866,3063388,0,117,4,-175.5,5.0,953.2,2504484760,2,14377,795,2337.9,2098.0,424,0.39,1,16,16,5,310,2,1,0
4696,15.95,50.0,7418,6659,7850,3061432,0,117,4,-175.5,5.0,953.0,2504485056,2,14377,795,2337.9,2098.0,424,7.22,1,16,16,7134,5,3,3,0
4697,22.20,50.0,7418,6662,7853,3061982,0,117,4,-175.5,5.0,952.9,2504486356,2,14377,795,2337.9,2098.0,424,0.41,1,15,16,4,325,2,2,0
4698,15.11,50.0,7418,6662,7853,3061982,0,117,4,-175.5,5.0,952.8,2504486652,2,14377,795,2337.9,2098.0,424,7.74,1,17,16,7604,5,56,2,0
4699,22.61,50.0,7418,6662,7853,3061982,0,117,4,-175.5,5.0,952.7,2504486948,2,14377,795,2337.9,2098.0,424,0.39,1,15,16,5,308,1,1,0
4700,15.36,50.0,7418,6662,7853,3061982,0,117,4,-175.5,5.0,952.5,2504487244,2,14377,795,2337.9,2098.0,424,6.97,1,23,22,6879,4,3,1,0
4701,22.36,50.0,7418,6662,7853,3061982,0,117,4,-175.5,5.0,952.4,2504487540,2,14377,795,2337.9,2098.0,424,0.40,1,15,16,5,322,3,1,0
4702,15.75,50.0,7418,6662,7853,3061982,0,117,4,-175.5,5.0,952.2,2504487836,2,14377,795,2337.9,2098.0,424,7.26,1,16,17,7128,4,56,2,0
4703,22.08,50.0,7418,6662,7853,3061982,0,117,4,-175.5,5.0,952.1,2504488132,2,14377,795,2337.9,2098.0,424,0.43,1,17,19,5,340,4,2,0
4704,16.49,50.0,7418,6662,7853,3061982,0,117,4,-175.5,5.0,952.0,2504488428,2,14377,795,2337.9,2098.0,424,7.58,1,15,16,7500,5,3,3,0
4705,22.38,50.0,7418,6658,7849,3061702,0,117,4,-175.5,5.0,951.9,2504488724,2,14377,795,2337.9,2098.0,424,0.41,3,25,16,5,313,2,2,0
4706,15.34,50.0,7418,6658,7849,3061702,0,117,4,-175.5,5.0,951.7,2504489020,2,14377,795,2337.9,2098.0,424,7.52,2,16,23,7375,5,56,2,0
4707,22.44,50.0,7418,6658,7849,3061702,0,117,4,-175.5,5.0,951.6,2502037828,2,14377,795,2337.9,2098.0,424,38.64,1,15,16,10,333,2,2,0
4708,64.07,50.0,7418,6706,7898,3078435,0,117,4,-175.5,5.0,951.4,2502081596,2,14377,795,2337.9,2098.0,424,6.84,3,28,16,6746,3,3,2,0
4709,22.38,50.0,7418,6706,7898,3078435,0,117,4,-175.5,5.0,951.0,2502083900,2,14377,795,2337.9,2098.0,424,0.39,2,16,16,5,292,1,1,0
4710,17.50,50.0,7418,6699,7893,3078195,0,117,4,-175.5,5.0,950.8,2502082724,2,14377,795,2337.9,2098.0,424,7.78,1,15,15,7638,6,65,2,0
4711,23.83,50.0,7418,6685,7878,3077485,0,117,4,-175.5,5.0,950.7,2502084492,2,14377,795,2337.9,2098.0,424,0.42,1,16,28,5,321,2,2,0
4712,15.01,50.0,7418,6681,7874,3077149,0,117,4,-175.5,5.0,950.5,2502083888,2,14377,795,2337.9,2098.0,424,6.89,1,16,16,6812,4,3,2,0
4713,22.24,50.0,7418,6677,7870,3076869,0,117,4,-175.5,5.0,950.4,2502086088,2,14377,795,2337.9,2098.0,424,0.45,2,27,27,5,326,2,1,0
4714,15.55,50.0,7418,6677,7870,3076869,0,117,4,-175.5,5.0,950.3,2502084480,2,14377,795,2337.9,2098.0,424,7.18,1,15,15,7030,4,60,1,0
4715,22.32,50.0,7418,6677,7870,3076869,0,117,4,-175.5,5.0,950.2,2502086680,2,14377,795,2337.9,2098.0,424,0.42,1,20,17,5,307,1,1,0
4716,15.34,50.0,7418,6677,7870,3076869,0,117,4,-175.5,5.0,950.0,2502085088,2,14377,795,2337.9,2098.0,424,6.96,1,15,17,6861,3,3,2,0
4717,22.28,50.0,7418,6677,7870,3076869,0,117,4,-175.5,5.0,949.9,2502085384,2,14377,795,2337.9,2098.0,424,0.39,1,15,18,9,304,2,1,0
4718,16.87,50.0,7418,6677,7869,3072261,0,117,4,-175.5,5.0,949.8,2502085680,2,14377,795,2337.9,2098.0,424,6.90,1,16,15,6756,3,51,1,0
4719,21.24,50.0,7418,6677,7869,3072261,0,117,4,-175.5,5.0,949.6,2502087880,2,14377,795,2337.9,2098.0,424,0.38,1,15,16,5,303,2,1,0
4720,15.37,50.0,7418,6677,7869,3072261,0,117,4,-175.5,5.0,949.5,2502088176,2,14377,795,2337.9,2098.0,424,7.18,1,16,16,7097,6,3,2,0
4721,22.67,50.0,7418,6673,7865,3071981,0,117,4,-175.5,5.0,949.4,2502088472,2,14377,795,2337.9,2098.0,424,0.38,1,16,16,5,303,2,1,0
4722,15.41,50.0,7418,6669,7861,3071517,0,117,4,-175.5,5.0,949.2,2502088768,2,14377,795,2337.9,2098.0,424,6.95,1,15,16,6816,4,53,1,0
4723,22.50,50.0,7418,6669,7861,3071517,0,117,4,-175.5,5.0,949.1,2502089064,2,14377,795,2337.9,2098.0,424,0.40,1,15,17,6,318,2,2,0
4724,16.38,50.0,7418,6669,7861,3071517,0,117,4,-175.5,5.0,949.0,2502087536,2,14377,795,2337.9,2098.0,424,7.13,0,16,16,7046,5,3,2,0
4725,22.29,50.0,7418,6669,7861,3071517,0,117,4,-175.5,5.0,948.8,2502087832,2,14377,795,2337.9,2098.0,424,0.40,1,16,16,6,316,2,1,0
4726,15.62,50.0,7418,6669,7861,3071517,0,117,4,-175.5,5.0,948.7,2502088128,2,14377,795,2337.9,2098.0,424,7.33,1,22,22,7151,5,63,2,0
4727,23.45,50.0,7418,6669,7861,3071517,0,117,4,-175.5,5.0,948.6,2502090376,2,14377,795,2337.9,2098.0,424,0.40,1,31,15,6,308,2,1,0
4728,15.94,50.0,7418,6661,7853,3071003,0,117,4,-175.5,5.0,948.4,2502088720,2,14377,795,2337.9,2098.0,424,7.48,1,15,15,7397,5,3,3,0
4729,23.13,50.0,7418,6661,7853,3071003,0,117,4,-175.5,5.0,948.3,2502091972,2,14377,795,2337.9,2098.0,424,0.38,0,16,15,5,301,2,1,0
4730,15.72,50.0,7418,6663,7855,3072691,0,117,4,-175.5,5.0,948.1,2502090316,2,14377,795,2337.9,2098.0,424,7.33,1,15,27,7179,5,56,2,0
4731,23.16,50.0,7418,6663,7855,3072691,0,117,4,-175.5,5.0,948.0,2502092564,2,14377,795,2337.9,2098.0,424,0.40,1,16,16,5,319,2,2,0
4732,15.92,50.0,7418,6663,7855,3072691,0,117,4,-175.5,5.0,947.9,2502090908,2,14377,795,2337.9,2098.0,424,7.70,1,30,16,7586,5,2,2,0
4733,22.93,50.0,7418,6663,7855,3072691,0,117,4,-175.5,5.0,947.8,2502093156,2,14377,795,2337.9,2098.0,424,0.39,1,15,16,9,310,2,2,0
4734,14.79,50.0,7418,6658,7850,3072285,0,117,4,-175.5,5.0,947.6,2502091516,2,14377,795,2337.9,2098.0,424,7.05,1,16,16,6919,4,54,2,0
4735,22.32,50.0,7418,6658,7850,3072285,0,117,4,-175.5,5.0,947.5,2502091812,2,14377,795,2337.9,2098.0,424,0.38,1,15,17,5,298,2,1,0
4736,14.93,50.0,7418,6656,7849,3072215,0,117,4,-175.5,5.0,947.3,2502092108,2,14377,795,2337.9,2098.0,424,7.24,1,16,17,7154,4,3,2,0
4737,21.94,50.0,7418,6656,7849,3072215,0,117,4,-175.5,5.0,947.2,2502092404,2,14377,795,2337.9,2098.0,424,0.46,1,17,16,6,374,3,2,0
4738,16.97,50.0,7418,6656,7849,3072215,0,117,4,-175.5,5.0,947.1,2502092700,2,14377,795,2337.9,2098.0,424,7.21,1,21,16,7035,4,80,3,0
4739,21.93,50.0,7418,6656,7849,3072215,0,117,4,-175.5,5.0,947.0,2502092996,2,14377,795,2337.9,2098.0,424,0.42,1,14,27,5,320,3,1,0
4740,17.65,50.0,7418,6656,7849,3072215,0,117,4,-175.5,5.0,946.8,2502093652,2,14377,795,2337.9,2098.0,424,7.11,1,14,15,7028,4,2,2,0
4741,22.51,50.0,7418,6651,7818,3067969,0,117,4,-175.5,5.0,946.7,2502093588,2,14377,795,2337.9,2098.0,424,0.38,1,16,17,5,300,2,1,0
4742,15.71,50.0,7418,6651,7818,3068081,0,117,4,-175.5,5.0,946.5,2502096840,2,14377,795,2337.9,2098.0,424,6.96,1,15,16,6825,3,53,2,0
4743,21.76,50.0,7418,6651,7818,3068081,0,117,4,-175.5,5.0,946.4,2502095200,2,14377,795,2337.9,2098.0,424,0.39,1,16,16,5,307,2,1,0
4744,15.91,50.0,7418,6647,7818,3068081,0,117,4,-175.5,5.0,946.3,2502095496,2,14377,795,2337.9,2098.0,424,7.20,1,15,16,7118,4,2,1,0
4745,21.58,50.0,7418,6650,7818,3068081,0,117,4,-175.5,5.0,946.2,2502095792,2,14377,795,2337.9,2098.0,424,0.38,1,14,15,5,303,2,2,0
4746,15.73,50.0,7418,6650,7818,3068081,0,117,4,-175.5,5.0,946.0,2502096088,2,14377,795,2337.9,2098.0,424,7.18,1,16,16,7027,7,68,2,0
4747,22.02,50.0,7418,6646,7814,3065449,0,117,4,-175.5,5.0,945.9,2502096384,2,14377,795,2337.9,2098.0,424,0.40,1,16,16,5,313,3,2,0
4748,14.82,50.0,7418,6646,7814,3065449,0,117,4,-175.5,5.0,945.7,2502096680,2,14377,795,2337.9,2098.0,424,6.82,1,15,15,6728,4,3,1,0
4749,22.57,50.0,7418,6646,7814,3065449,0,117,4,-175.5,5.0,945.6,2502096976,2,14377,795,2337.9,2098.0,424,0.49,1,20,17,5,397,8,3,0
4750,15.68,50.0,7418,6646,7814,3063457,0,117,4,-175.5,5.0,945.5,2502097272,2,14377,795,2337.9,2098.0,424,7.26,0,16,16,7115,6,59,2,0
4751,21.83,50.0,7418,6651,7814,3062645,0,117,4,-175.5,5.0,945.4,2502099536,2,14377,795,2337.9,2098.0,424,0.40,1,15,17,5,318,2,2,0
4752,15.43,50.0,7418,6650,7814,3062645,0,117,4,-175.5,5.0,945.2,2502097864,2,14377,795,2337.9,2098.0,424,6.84,1,15,16,6762,3,2,1,0
4753,22.00,50.0,7418,6650,7814,3062645,0,117,4,-175.5,5.0,945.1,2502100128,2,14377,795,2337.9,2098.0,424,0.39,1,15,17,5,303,2,2,0
4754,15.74,50.0,7418,6650,7814,3062645,0,117,4,-175.5,5.0,945.0,2502098456,2,14377,795,2337.9,2098.0,424,7.88,2,21,15,7684,5,84,5,0
4755,22.72,50.0,7418,6646,7814,3062645,0,117,4,-175.5,5.0,944.8,2502100720,2,14377,795,2337.9,2098.0,424,0.46,1,16,16,5,364,9,3,0
4756,17.66,50.0,7418,6646,7814,3062645,0,117,4,-175.5,5.0,944.7,2502099048,2,14377,795,2337.9,2098.0,424,7.00,1,15,16,6912,6,3,2,0
4757,21.84,50.0,7418,6646,7814,3062645,0,117,4,-175.5,5.0,944.6,2502101312,2,14377,795,2337.9,2098.0,424,0.40,1,16,16,5,320,3,2,0
4758,15.92,50.0,7418,6646,7814,3062645,0,117,4,-175.5,5.0,944.4,2502099640,2,14377,795,2337.9,2098.0,424,7.98,2,16,17,7817,9,72,2,0
4759,22.47,50.0,7418,6646,7814,3062645,0,117,4,-175.5,5.0,944.3,2502101904,2,14377,795,2337.9,2098.0,424,0.40,1,16,16,6,317,2,2,0
4760,16.19,50.0,7418,6646,7814,3062645,0,117,4,-175.5,5.0,944.1,2502100232,2,14377,795,2337.9,2098.0,424,7.40,1,15,16,7315,5,3,2,0
4761,22.85,50.0,7418,6646,7814,3062645,0,117,4,-175.5,5.0,944.0,2502102496,2,14377,795,2337.9,2098.0,424,0.43,1,15,15,5,310,2,42,0
4762,16.19,50.0,7418,6642,7810,3062309,0,117,4,-175.5,5.0,943.9,2502100824,2,14377,795,2337.9,2098.0,424,6.97,1,16,15,6828,4,65,4,0
4763,22.59,50.0,7418,6642,7810,3062309,0,117,4,-175.5,5.0,943.7,2502103088,2,14377,795,2337.9,2098.0,424,0.42,1,15,15,5,331,2,2,0
4764,15.52,50.0,7418,6643,7810,3062377,0,117,4,-175.5,5.0,943.6,2502101416,2,14377,795,2337.9,2098.0,424,7.18,0,30,15,7083,5,3,2,0
4765,21.84,50.0,7418,6643,7810,3062377,0,117,4,-175.5,5.0,943.5,2502103680,2,14377,795,2337.9,2098.0,424,0.42,1,16,25,5,328,2,2,0
4766,15.48,50.0,7418,6643,7810,3062377,0,117,4,-175.5,5.0,943.3,2502102008,2,14377,795,2337.9,2098.0,424,6.88,1,18,17,6733,3,54,2,0
4767,22.11,50.0,7418,6643,7810,3062377,0,117,4,-175.5,5.0,943.2,2502104272,2,14377,795,2337.9,2098.0,424,0.45,1,16,16,12,362,2,2,0
4768,16.87,50.0,7418,6618,7785,3061617,0,117,4,-175.5,5.0,943.1,2502102600,2,14377,795,2337.9,2098.0,424,7.19,1,18,16,7108,4,3,2,0
4769,21.81,50.0,7418,6618,7785,3061617,0,117,4,-175.5,5.0,942.9,2502105868,2,14377,795,2337.9,2098.0,424,0.38,0,16,16,5,294,2,1,0
4770,17.06,50.0,7418,6618,7785,3061617,0,117,4,-175.5,5.0,942.8,2502104556,2,14377,795,2337.9,2098.0,424,6.98,1,14,27,6847,3,52,2,0
4771,22.78,50.0,7418,6614,7785,3061617,0,117,4,-175.5,5.0,942.7,2502106460,2,14377,795,2337.9,2098.0,424,0.40,2,21,16,5,308,3,2,0
4772,15.20,50.0,7418,6615,7785,3061617,0,117,4,-175.5,5.0,942.5,2502104788,2,14377,795,2337.9,2098.0,424,7.03,1,16,16,6940,5,2,2,0
4773,21.19,50.0,7418,6615,7785,3061617,0,117,4,-175.5,5.0,942.4,2502107052,2,14377,795,2337.9,2098.0,424,0.43,1,26,17,8,329,2,2,0
4774,15.19,50.0,7418,6615,7785,3061617,0,117,4,-175.5,5.0,942.3,2502105396,2,14377,795,2337.9,2098.0,424,6.99,0,15,16,6856,4,54,2,0
4775,21.97,50.0,7418,6615,7785,3061617,0,117,4,-175.5,5.0,942.2,2502105692,2,14377,795,2337.9,2098.0,424,0.40,1,15,17,6,314,2,2,0
4776,15.49,50.0,7418,6619,7785,3061617,0,117,4,-175.5,5.0,942.0,2502105988,2,14377,795,2337.9,2098.0,424,6.95,1,15,16,6873,3,2,1,0
4777,22.37,50.0,7418,6619,7785,3061617,0,117,4,-175.5,5.0,941.9,2502106284,2,14377,795,2337.9,2098.0,424,0.41,1,16,21,5,317,2,2,0
4778,15.70,50.0,7418,6617,7779,3056553,0,117,4,-175.5,5.0,941.7,2502106580,2,14377,795,2337.9,2098.0,424,7.29,1,15,16,7152,5,60,2,0
4779,22.87,50.0,7418,6617,7779,3056553,0,117,4,-175.5,5.0,941.6,2502107880,2,14377,795,2337.9,2098.0,424,0.41,1,15,16,5,329,2,2,0
4780,16.19,50.0,7418,6613,7779,3056553,0,117,4,-175.5,5.0,941.5,2503830784,2,14377,795,2337.9,2098.0,424,45.11,1,24,23,6933,4,3,2,0
4781,72.82,50.0,7418,6783,7948,3075349,0,117,4,-175.5,5.0,941.4,2503981392,2,14377,795,2337.9,2098.0,424,0.41,0,16,15,5,330,2,2,0
4782,16.21,50.0,7418,6783,7948,3075349,0,117,4,-175.5,5.0,940.8,2503979736,2,14377,795,2337.9,2098.0,424,7.32,1,16,17,7167,9,64,2,0
4783,23.09,50.0,7418,6776,7943,3075329,0,117,4,-175.5,5.0,940.7,2503981984,2,14377,795,2337.9,2098.0,424,0.42,1,15,16,5,344,2,2,0
4784,16.10,50.0,7418,6776,7943,3075329,0,117,4,-175.5,5.0,940.6,2503980328,2,14377,795,2337.9,2098.0,424,7.00,0,15,16,6914,4,2,2,0
4785,21.96,50.0,7418,6776,7943,3075329,0,117,4,-175.5,5.0,940.5,2503982576,2,14377,795,2337.9,2098.0,424,0.41,1,15,18,12,319,2,2,0
4786,15.37,50.0,7418,6776,7943,3075329,0,117,4,-175.5,5.0,940.3,2503980920,2,14377,795,2337.9,2098.0,424,7.16,1,16,17,7026,5,57,2,0
4787,22.65,50.0,7418,6776,7943,3075329,0,117,4,-175.5,5.0,940.2,2503983168,2,14377,795,2337.9,2098.0,424,0.42,1,15,16,5,337,2,2,0
4788,16.80,50.0,7418,6772,7939,3074993,0,117,4,-175.5,5.0,940.0,2503981512,2,14377,795,2337.9,2098.0,424,6.89,1,14,16,6800,3,2,2,0
4789,23.08,50.0,7418,6772,7939,3074993,0,117,4,-175.5,5.0,939.9,2503983760,2,14377,795,2337.9,2098.0,424,0.42,2,16,16,6,337,3,1,0
4790,15.41,50.0,7418,6772,7939,3074993,0,117,4,-175.5,5.0,939.8,2503982104,2,14377,795,2337.9,2098.0,424,7.54,1,15,17,7404,5,56,2,0
4791,22.54,50.0,7418,6772,7939,3074993,0,117,4,-175.5,5.0,939.6,2503984352,2,14377,795,2337.9,2098.0,424,0.39,1,16,16,5,298,2,2,0
4792,15.38,50.0,7418,6772,7939,3074993,0,117,4,-175.5,5.0,939.5,2503984648,2,14377,795,2337.9,2098.0,424,6.98,1,15,16,6898,3,2,2,0
4793,22.90,50.0,7418,6772,7939,3074993,0,117,4,-175.5,5.0,939.4,2503984944,2,14377,795,2337.9,2098.0,424,0.46,1,21,18,6,346,2,2,0
4794,23.25,50.0,7418,6772,7939,3074993,0,117,4,-175.5,5.0,939.2,2503983336,2,14377,795,2337.9,2098.0,424,7.53,1,15,17,7376,7,63,2,0
4795,23.28,50.0,7418,6772,7939,3074993,0,117,4,-175.5,5.0,939.1,2503983632,2,14377,795,2337.9,2098.0,424,0.39,1,16,16,5,306,2,2,0
4796,16.03,50.0,7418,6772,7939,3074993,0,117,4,-175.5,5.0,938.9,2503983928,2,14377,795,2337.9,2098.0,424,7.14,1,15,16,7062,5,3,2,0
4797,22.24,50.0,7418,6766,7933,3070916,0,117,4,-175.5,5.0,938.8,2503984224,2,14377,795,2337.9,2098.0,424,0.41,1,15,16,5,332,2,1,0
4798,16.77,50.0,7418,6766,7933,3070916,0,117,4,-175.5,5.0,938.6,2503987092,2,14377,795,2337.9,2098.0,424,7.22,1,16,15,7062,8,72,1,0
4799,22.58,50.0,7418,6766,7933,3071044,0,117,4,-175.5,5.0,938.5,2503987348,2,14377,795,2337.9,2098.0,424,0.43,1,16,18,9,334,3,2,0
4800,46.06,50.0,7418,6766,7933,3071044,0,117,4,-175.5,5.0,938.4,2503988036,2,14377,795,2337.9,2098.0,424,6.99,1,15,15,6900,7,4,5,0
4801,23.26,50.0,7418,6766,7933,3071044,0,117,4,-175.5,5.0,938.0,2503987900,2,14377,795,2337.9,2098.0,424,0.39,0,15,16,5,303,3,2,0
4802,16.83,50.0,7418,6766,7933,3071044,0,117,4,-175.5,5.0,937.9,2503988196,2,14377,795,2337.9,2098.0,424,6.90,0,15,16,6764,4,54,1,0
4803,21.95,50.0,7418,6766,7933,3071044,0,117,4,-175.5,5.0,937.8,2503990444,2,14377,795,2337.9,2098.0,424,0.40,1,16,18,6,313,3,1,0
4804,17.30,50.0,7418,6766,7933,3071044,0,117,4,-175.5,5.0,937.6,2503988804,2,14377,795,2337.9,2098.0,424,7.15,1,15,15,7064,7,3,2,0
4805,24.17,50.0,7418,6766,7933,3071044,0,117,4,-175.5,5.0,937.5,2503989100,2,14377,795,2337.9,2098.0,424,0.40,1,15,16,5,317,2,1,0
4806,15.62,50.0,7418,6766,7933,3071044,0,117,4,-175.5,5.0,937.3,2503989396,2,14377,795,2337.9,2098.0,424,7.08,1,15,17,6937,5,59,2,0
4807,22.53,50.0,7418,6766,7933,3071044,0,117,4,-175.5,5.0,937.2,2503989692,2,14377,795,2337.9,2098.0,424,0.39,1,16,16,5,299,2,1,0
4808,16.19,50.0,7418,6766,7933,3071044,0,117,4,-175.5,5.0,937.0,2503989988,2,14377,795,2337.9,2098.0,424,7.42,1,16,32,7317,6,3,2,0
4809,29.29,50.0,7418,6765,7933,3071044,0,117,4,-175.5,5.0,936.9,2503990268,2,14377,795,2337.9,2098.0,424,0.43,1,16,15,4,348,3,2,0
4810,16.69,50.0,7418,6764,7933,3071044,0,117,4,-175.5,5.0,936.7,2503992516,2,14377,795,2337.9,2098.0,424,7.15,1,16,17,7013,5,58,2,0
4811,22.73,50.0,7418,6763,7932,3070810,0,117,4,-175.5,5.0,936.6,2503992812,2,14377,795,2337.9,2098.0,424,0.38,1,16,15,5,297,2,2,0
4812,16.08,50.0,7418,6763,7932,3070810,0,117,4,-175.5,5.0,936.4,2503991188,2,14377,795,2337.9,2098.0,424,7.08,1,18,18,6974,5,2,2,0
4813,22.59,50.0,7418,6763,7932,3070810,0,117,4,-175.5,5.0,936.3,2504012628,2,14377,795,2337.9,2098.0,424,0.38,1,15,16,5,304,2,1,0
4814,16.10,50.0,7418,6763,7932,3070810,0,117,4,-175.5,5.0,936.2,2503963100,2,14377,795,2337.9,2098.0,424,23.53,2,33,21,0,0,0,0,22271
4815,40.08,50.0,7418,6763,7932,3070810,0,117,4,-175.5,5.0,936.1,2506155740,2,14377,795,2337.9,2098.0,424,11.93,1,21,22,0,0,0,0,0
4816,126.02,50.0,7418,6763,7932,3070810,0,117,4,-175.5,5.0,935.8,2507410752,2,14377,795,2337.9,2098.0,424,60.91,2,20,30,0,0,0,0,0
4817,141.33,50.0,7418,6764,7933,3070812,0,117,4,-175.5,5.0,934.9,2510724104,2,14377,795,2339.3,2098.0,424,39.62,1,22,21,0,0,0,0,0
4818,98.23,24.0,7418,6760,7931,3064232,0,117,4,-175.5,5.0,933.9,2511095684,2,14377,795,2341.3,2098.0,424,209.94,1,22,35,0,0,0,0,0
4819,133.65,24.0,7420,6888,8058,3237174,63,117,6,-175.5,5.0,933.2,2512454728,2,14377,795,2344.3,2098.0,424,11.85,1,21,17,6,306,2,10573,0
4820,47.27,24.0,7420,6884,8056,3236898,34,117,6,-175.5,5.0,932.3,2506383776,2,14406,795,2348.6,2102.3,424,164.86,2,38,4563,8318,0,0,0,0
4821,135.40,24.0,7420,6981,8151,3259290,41,117,6,-175.5,5.0,932.0,2507474632,2,14406,795,2350.0,2105.2,424,68.59,2,26,7600,0,0,0,0,0
4822,87.30,24.0,7420,7051,8221,3329804,46,117,6,-175.5,5.0,931.0,2508534672,2,14406,795,2354.5,2108.5,424,16.96,1,19,16903,0,0,0,0,0
4823,35.75,24.0,7420,7051,8220,3329802,50,117,6,-175.5,5.0,930.4,2511682102,2,14406,795,2355.5,2109.5,424,17.32,1,26,17258,0,0,0,0,0
4824,34.66,24.0,7420,7054,8220,3329802,51,117,6,-175.5,5.0,930.1,2509644716,2,14406,795,2355.9,2109.9,424,16.55,1,20,16486,0,0,0,0,0
4825,33.29,7.0,7420,7050,8216,3329624,56,117,6,-175.5,5.0,929.9,2509715444,2,14406,795,2359.1,2113.1,424,13.86,1,20,13798,0,0,0,0,0
4826,30.99,7.0,7420,7049,8210,3329393,71,117,6,-175.5,5.0,929.7,2510131596,2,14406,795,2360.8,2114.7,424,20.48,1,18,20420,0,0,0,0,0
4827,36.52,7.0,7420,7046,8210,3329393,81,117,6,-175.5,5.0,929.5,2510363384,2,14406,795,2365.8,2119.8,424,17.87,1,25,17801,0,0,0,0,0
4828,34.99,7.0,7420,7046,8210,3329393,85,117,6,-175.5,5.0,929.2,2510479044,2,14406,795,2369.2,2123.1,424,24.52,1,20,24464,0,0,0,0,0
4829,41.16,7.0,7420,7049,8210,3329393,89,117,6,-175.5,5.0,929.0,2510575048,2,14406,795,2370.5,2124.4,424,19.19,1,28,19108,0,0,0,0,0
4830,36.91,7.0,7420,7049,8210,3329393,90,117,6,-175.5,5.0,928.7,2510610012,2,14406,795,2371.8,2125.8,424,25.83,1,19,25775,0,0,0,0,0
4831,43.24,7.0,7420,7049,8211,3329395,100,117,6,-175.5,5.0,928.4,2510820668,2,14406,795,2372.2,2126.1,424,24.45,1,18,24391,0,0,0,0,0
4832,40.76,7.0,7420,7049,8212,3329397,105,117,6,-175.5,5.0,928.1,2510957332,2,14406,795,2375.5,2129.5,424,20.75,1,20,20686,0,0,0,0,0
4833,37.43,7.0,7420,7049,8212,3329397,111,117,6,-175.5,5.0,927.8,2511339316,2,14406,795,2377.2,2131.1,424,9.86,1,24,9733,0,0,0,0,0
4834,27.04,7.0,7420,7056,8219,3330025,112,117,6,-175.5,5.0,927.6,2511374740,2,14406,795,2378.2,2132.2,424,13.08,1,19,13022,0,0,0,0,0
4835,29.57,7.0,7420,7056,8219,3330025,114,117,6,-175.5,5.0,927.4,2510714712,2,14406,795,2378.5,2132.5,424,8.18,1,18,8123,0,0,0,0,0
4836,24.05,7.0,7420,7056,8219,3330025,115,117,6,-175.5,5.0,927.2,2510741360,2,14406,795,2376.4,2130.3,424,8.08,1,22,8015,0,0,0,0,0
4837,24.71,7.0,7420,7056,8219,3330065,119,117,6,-175.5,5.0,927.0,2510766984,2,14406,795,2376.7,2130.7,424,13.52,1,20,13451,0,0,0,0,0
4838,30.88,7.0,7420,7056,8219,3330065,124,117,6,-175.5,5.0,926.8,2510827312,2,14406,795,2377.1,2131.0,424,15.03,1,20,7159,7810,0,0,0,0
4839,31.02,7.0,7420,7056,8219,3330065,130,117,6,-175.5,5.0,926.6,2510875540,2,14406,795,2377.1,2131.1,424,8.20,1,21,7809,7,315,0,0,0
4840,24.56,7.0,7420,7056,8219,3330065,132,117,6,-175.5,5.0,926.4,2510920976,2,14406,795,2377.3,2131.3,424,8.45,2,21,8386,0,0,0,0,0
4841,24.59,7.0,7420,7056,8219,3330065,137,117,6,-175.5,5.0,926.2,2511021640,2,14406,795,2377.5,2131.4,424,12.72,2,30,12633,0,0,0,0,0
4842,36.73,7.0,7420,7056,8219,3330065,138,117,6,-175.5,5.0,926.0,2511035700,2,14406,795,2377.8,2131.8,424,8.16,1,19,8089,0,0,0,0,0
4843,24.55,7.0,7420,7047,8210,3319581,139,117,6,-175.5,5.0,925.8,2511058268,2,14406,795,2378.2,2132.1,424,8.29,1,29,7836,6,353,0,0,0
4844,24.03,7.0,7420,7047,8210,3319581,142,117,6,-175.5,5.0,925.6,2511087052,2,14406,795,2378.5,2132.4,424,15.07,1,20,7271,7735,0,0,0,0
4845,32.26,7.0,7420,7047,8210,3319725,143,117,6,-175.5,5.0,925.4,2511111640,2,14406,795,2378.8,2132.8,424,12.22,1,20,12164,0,0,0,0,0
4846,29.06,7.0,7420,7047,8210,3319725,143,117,6,-175.5,5.0,925.2,2511153472,2,14406,795,2379.2,2133.1,424,8.28,1,19,8216,0,0,0,0,0
4847,23.80,7.0,7420,7047,8210,3319725,144,117,6,-175.5,5.0,925.0,2511273576,2,14406,795,2379.8,2133.8,424,9.54,1,19,9484,0,0,0,0,0
4848,25.32,7.0,7420,7047,8210,3319725,146,117,6,-175.5,5.0,924.9,2511301132,2,14406,795,2380.8,2134.8,424,16.86,1,20,7944,8847,0,0,0,0
4849,32.39,7.0,7420,7047,8210,3319725,167,117,6,-175.5,5.0,924.7,2511608928,2,14406,795,2381.2,2135.1,424,9.30,1,20,9235,0,0,0,0,0
4850,27.73,7.0,7420,7047,8210,3319725,184,117,6,-175.5,5.0,924.4,2514785492,2,14412,795,2381.8,2135.8,424,50.97,2,20,4017,7605,0,0,0,0
4851,72.28,7.0,7420,7101,8267,3327627,195,117,6,-175.5,5.0,924.3,2515110716,2,14412,795,2382.0,2135.8,424,14.29,1,20,14224,0,0,0,0,0
4852,31.63,7.0,7420,7101,8267,3327627,195,117,6,-175.5,5.0,923.7,2515106792,2,14412,795,2382.9,2137.8,424,12.40,1,19,12326,0,0,0,0,0
4853,27.91,7.0,7420,7102,8267,3327627,202,117,6,-175.5,5.0,923.5,2515215276,2,14412,795,2383.2,2138.1,424,11.71,1,20,11644,0,0,0,0,0
4854,28.12,7.0,7420,7102,8267,3327627,188,117,6,-175.5,5.0,923.3,2515159116,2,14445,795,2384.9,2139.8,424,51.80,1,19,4051,8072,0,0,0,0
4855,72.28,7.0,7420,7102,8267,3326752,190,117,6,-175.5,5.0,923.1,2515439308,2,14445,795,2385.2,2139.8,424,13.06,1,23,12993,0,0,0,0,0
4856,30.07,31.0,7420,7106,8263,3326574,192,117,6,-175.5,5.0,922.6,2515513128,2,14445,795,2386.5,2141.2,424,13.35,1,20,13284,0,0,0,0,0
4857,29.79,31.0,7420,7106,8264,3326576,182,117,6,-175.5,5.0,922.4,2520393616,2,14460,795,2387.2,2141.8,424,47.09,1,20,7354,7,362,3,6,0
4858,65.57,31.0,7420,7065,8228,3310665,184,117,6,-175.5,5.0,922.2,2520401748,2,14460,795,2387.8,2142.2,424,15.73,1,20,15673,0,0,0,0,0
4859,39.04,31.0,7420,7065,8228,3310995,184,117,6,-175.5,5.0,921.7,2520491720,2,14460,795,2388.0,2142.3,424,7.24,1,19,6812,7,342,3,9,0
4860,25.42,31.0,7420,7065,8228,3310995,184,117,6,-175.5,5.0,921.5,2520527992,2,14460,795,2388.3,2142.7,424,8.57,1,17,8505,0,0,0,0,0
4861,24.91,31.0,7420,7065,8228,3310995,184,117,6,-175.5,5.0,921.3,2520567884,2,14460,795,2388.4,2142.8,424,7.72,2,19,7264,7,379,3,6,0
4862,23.24,31.0,7420,7065,8228,3310995,184,117,6,-175.5,5.0,921.1,2520609020,2,14460,795,2388.5,2142.8,424,15.49,1,21,7447,7976,0,0,0,0
4863,31.00,31.0,7420,7065,8228,3310995,185,117,6,-175.5,5.0,921.0,2520649096,2,14460,795,2388.7,2143.0,424,7.83,1,19,7420,6,339,3,5,0
4864,23.65,31.0,7420,7065,8228,3310995,192,117,6,-175.5,5.0,920.7,2520875116,2,14460,795,2388.8,2143.2,424,8.15,2,20,8093,0,0,0,0,0
4865,24.45,31.0,7420,7065,8228,3310995,199,117,6,-175.5,5.0,920.6,2521040092,2,14460,795,2389.2,2143.5,424,18.02,1,20,17956,0,0,0,0,0
4866,34.64,31.0,7420,7066,8228,3310995,201,117,6,-175.5,5.0,920.4,2521092564,2,14460,795,2391.5,2145.9,424,8.62,1,20,8554,0,0,0,0,0
4867,24.86,31.0,7420,7066,8228,3310995,211,117,6,-175.5,5.0,920.2,2521497404,2,14460,795,2391.9,2146.2,424,12.50,1,20,12433,0,0,0,0,0
4868,27.74,31.0,7420,6829,7991,3264816,213,117,6,-175.5,5.0,920.0,2521557760,2,14460,795,2394.2,2148.5,424,8.95,1,19,8896,0,0,0,0,0
4869,26.02,31.0,7420,6829,7991,3264816,216,117,6,-175.5,5.0,919.8,2521627332,2,14460,795,2394.9,2149.2,424,14.45,1,19,14380,0,0,0,0,0
4870,30.39,31.0,7420,6829,7991,3264816,217,117,6,-175.5,5.0,919.6,2521653396,2,14460,795,2395.9,2150.2,424,8.54,1,20,8478,0,0,0,0,0
4871,24.29,31.0,7420,6829,7991,3264816,220,117,6,-175.5,5.0,919.4,2521704520,2,14460,795,2396.2,2150.5,424,7.75,2,21,7358,6,305,2,4,0
4872,23.19,31.0,7420,6830,7992,3269824,221,117,6,-175.5,5.0,919.2,2521730736,2,14460,795,2396.5,2150.9,424,15.90,1,20,7508,8329,0,0,0,0
4873,32.05,31.0,7420,6830,7992,3269824,222,117,6,-175.5,5.0,919.1,2521751212,2,14460,795,2396.9,2151.2,424,7.77,1,20,7336,6,361,3,5,0
4874,23.91,31.0,7420,6830,7992,3269824,221,117,6,-175.5,5.0,918.8,2520393812,2,14461,795,2397.2,2151.6,424,52.57,1,19,12081,0,0,0,0,0
4875,71.06,31.0,7420,6830,7992,3273059,216,117,6,-175.5,5.0,918.7,2519621488,2,14466,795,2397.6,2151.9,424,53.38,2,20,12890,0,0,0,0,0
4876,72.44,31.0,7420,6830,7992,3273059,211,117,6,-175.5,5.0,918.2,2523122052,2,14471,795,2398.1,2152.2,424,55.16,1,21,15051,0,0,0,0,0
4877,72.13,31.0,7420,6830,7992,3272224,207,117,6,-175.5,5.0,917.7,2522510756,2,14475,795,2398.5,2152.6,424,50.44,1,23,10292,0,0,0,0,0
4878,70.30,31.0,7420,6831,7991,3274026,204,117,6,-175.5,5.0,917.2,2522098628,2,14478,795,2399.0,2152.9,424,55.33,1,25,15584,0,0,0,0,0
4879,72.78,31.0,7420,6819,7979,3268775,193,117,6,-175.5,5.0,916.7,2526179972,2,14489,797,2399.5,2153.2,424,50.84,2,21,10827,0,0,0,0,0
4880,71.08,31.0,7420,6820,7980,3271463,163,117,6,-175.5,5.0,916.2,2527321184,2,14519,798,2399.9,2153.6,424,52.76,1,20,4036,8088,0,0,0,0
4881,72.25,25.0,7420,6820,7980,3274603,151,117,6,-175.5,5.0,915.7,2527931252,2,14531,798,2403.0,2153.6,424,51.94,0,21,10710,0,0,0,0,0
4882,71.50,25.0,7420,6820,7981,3279511,147,117,6,-175.5,5.0,915.2,2527850496,2,14535,798,2403.5,2153.9,424,59.03,1,19,17791,0,0,0,0,0
4883,76.53,25.0,7420,6820,7981,3283007,97,117,6,-175.5,5.0,914.7,2527953056,2,14585,798,2403.9,2154.2,424,43.80,1,20,2292,4,306,2,4,0
4884,60.91,25.0,7420,6820,7987,3288970,47,117,6,-175.5,5.0,914.1,2528851752,2,14635,798,2404.7,2154.2,424,51.36,1,20,2374,7640,0,0,0,0
4885,71.25,25.0,7448,6797,7961,3262582,47,119,6,-175.5,5.0,913.7,2532409672,2,14679,798,2405.1,2154.2,424,63.54,1,1743,3747,6,317,2,5116,0
4886,84.50,25.0,7448,6821,7985,3264403,0,120,5,-175.5,5.0,913.2,2532968116,2,14724,798,2406.3,2154.2,424,53.91,1,9463,3025,0,0,0,0,0
4887,71.26,25.0,7449,6821,7985,3269023,13,120,6,-175.5,5.0,912.6,2534553252,2,14740,798,2408.4,2155.8,424,50.35,1,19,4028,6,345,3,4223,0
4888,71.04,25.0,7449,6821,7986,3269315,31,120,6,-175.5,5.0,912.1,2535702310,2,14740,798,2411.1,2158.5,424,23.46,2,20,23401,0,0,0,0,0
4889,40.39,25.0,7449,6821,7986,3269315,36,120,6,-175.5,5.0,911.6,2536584852,2,14740,798,2416.1,2163.5,424,15.67,1,20,15599,0,0,0,0,0
4890,32.75,25.0,7449,6799,7986,3269315,49,120,6,-175.5,5.0,911.3,2536230278,2,14740,798,2420.0,2167.4,424,11.75,1,18,11690,0,0,0,0,0
4891,30.98,25.0,7449,6799,7986,3269315,52,120,6,-175.5,5.0,911.1,2538519286,2,14740,798,2421.4,2168.7,424,8.96,2,24,8886,0,0,0,0,0
4892,29.31,25.0,7449,6799,7983,3269144,54,120,6,-175.5,5.0,910.9,2538233388,2,14740,798,2422.7,2170.0,424,17.64,1,20,17574,0,0,0,0,0
4893,32.99,25.0,7449,6799,7983,3269144,64,120,6,-175.5,5.0,910.7,2538401656,2,14740,798,2423.1,2170.4,424,11.84,3,27,11768,0,0,0,0,0
4894,27.37,25.0,7449,6799,7983,3269144,66,120,6,-175.5,5.0,910.4,2538458392,2,14740,798,2423.3,2170.6,424,10.97,1,19,10910,0,0,0,0,0
4895,27.24,25.0,7449,6799,7983,3269144,68,120,6,-175.5,5.0,910.3,2538500360,2,14740,798,2423.5,2170.8,424,15.77,1,19,15708,0,0,0,0,0
4896,31.23,25.0,7449,6799,7983,3269144,74,120,6,-175.5,5.0,910.1,2538543456,2,14740,798,2423.8,2171.1,424,9.93,1,20,9856,0,0,0,0,0
4897,26.39,25.0,7449,6799,7983,3269144,80,120,6,-175.5,5.0,909.8,2538678612,2,14740,798,2424.2,2171.5,424,15.36,1,28,15293,0,0,0,0,0
4898,30.05,25.0,7449,6799,7983,3269144,81,120,6,-175.5,5.0,909.7,2538710988,2,14740,798,2426.2,2173.5,424,10.82,1,25,10752,0,0,0,0,0
4899,27.20,25.0,7449,6799,7983,3269144,86,120,6,-175.5,5.0,909.5,2538892908,2,14740,798,2426.5,2173.8,424,17.45,1,25,17389,0,0,0,0,0
4900,32.19,25.0,7449,6799,7983,3269144,87,120,6,-175.5,5.0,909.3,2539019864,2,14740,798,2428.2,2175.5,424,12.73,1,21,12670,0,0,0,0,0
4901,28.08,25.0,7449,6799,7980,3268973,102,120,6,-175.5,5.0,909.0,2539372668,2,14740,798,2430.2,2177.5,424,4.67,1,23,4211,6,359,3,6,0
4902,27.81,21.0,7449,6799,7981,3268975,105,120,6,-175.5,5.0,908.8,2539457964,2,14740,798,2431.2,2178.5,424,10.68,2,26,10610,0,0,0,0,0
4903,26.67,21.0,7449,6800,7981,3268975,107,120,6,-175.5,5.0,908.6,2539508024,2,14740,798,2432.2,2179.5,424,10.28,1,20,10217,0,0,0,0,0
4904,25.94,21.0,7449,6801,7982,3269359,101,120,6,-175.5,5.0,908.5,2539276544,2,14755,798,2432.9,2180.2,424,52.76,1,24,4040,7651,0,0,0,0
4905,77.71,21.0,7449,6800,7982,3281875,101,120,6,-175.5,5.0,908.3,2539327416,2,14755,798,2432.9,2180.2,424,13.74,1,19,13675,0,0,0,0,0
4906,29.98,21.0,7449,6800,7982,3281875,107,120,6,-175.5,5.0,907.7,2539451256,2,14755,798,2425.0,2172.3,424,13.01,1,21,12941,0,0,0,0,0
4907,28.98,21.0,7449,6800,7982,3281875,116,120,6,-175.5,5.0,907.5,2539511700,2,14755,798,2427.0,2174.4,424,15.25,1,21,15189,0,0,0,0,0
4908,30.84,21.0,7449,6800,7982,3281875,119,120,6,-175.5,5.0,907.3,2539560048,2,14755,798,2427.4,2174.7,424,10.35,2,20,10286,0,0,0,0,0
4909,26.79,21.0,7449,6800,7982,3281955,120,120,6,-175.5,5.0,907.1,2539585176,2,14755,798,2428.1,2175.4,424,14.15,1,22,14083,0,0,0,0,0
4910,30.41,21.0,7449,6800,7982,3281955,122,120,6,-175.5,5.0,906.9,2539609320,2,14755,798,2428.4,2175.7,424,9.70,1,21,9642,0,0,0,0,0
4911,24.16,21.0,7449,6800,7982,3281955,123,120,6,-175.5,5.0,906.7,2539702904,2,14755,798,2428.7,2176.0,424,9.77,1,19,9715,0,0,0,0,0
4912,25.08,21.0,7449,6800,7982,3281955,124,120,6,-175.5,5.0,906.5,2539726288,2,14755,798,2429.1,2176.4,424,9.36,1,20,9285,0,0,0,0,0
4913,24.61,21.0,7449,6800,7982,3281955,125,120,6,-175.5,5.0,906.4,2539749656,2,14755,798,2429.4,2176.7,424,15.01,1,22,14952,0,0,0,0,0
4914,30.51,21.0,7449,6800,7982,3281955,126,120,6,-175.5,5.0,906.2,2539772976,2,14755,798,2429.7,2177.0,424,8.92,2,29,8843,0,0,0,0,0
4915,24.45,21.0,7449,6800,7982,3281955,128,120,6,-175.5,5.0,906.0,2539797136,2,14755,798,2430.1,2177.4,424,9.53,1,20,9467,0,0,0,0,0
4916,25.77,21.0,7449,6800,7976,3281783,140,120,6,-175.5,5.0,905.8,2540079628,2,14755,798,2430.4,2177.7,424,9.97,1,20,9908,0,0,0,0,0
4917,26.42,21.0,7449,6800,7976,3281783,141,120,6,-175.5,5.0,905.6,2540076504,2,14755,798,2431.1,2178.4,424,9.71,2,20,9651,0,0,0,0,0
4918,26.20,21.0,7449,6800,7976,3281783,142,120,6,-175.5,5.0,905.4,2540101092,2,14755,798,2431.4,2178.7,424,15.16,2,21,15095,0,0,0,0,0
4919,30.41,21.0,7449,6800,7976,3281783,143,120,6,-175.5,5.0,905.3,2540125680,2,14755,798,2431.7,2179.0,424,7.40,1,24,6921,8,367,3,5,0
4920,25.50,21.0,7449,6800,7976,3281783,144,120,6,-175.5,5.0,905.0,2540150700,2,14755,798,2432.1,2179.4,424,8.96,1,18,8894,0,0,0,0,0
4921,26.84,21.0,7449,6800,7976,3281783,144,120,6,-175.5,5.0,904.9,2540172264,2,14755,798,2432.4,2179.7,424,8.26,1,20,8201,0,0,0,0,0
4922,24.29,21.0,7449,6800,7976,3281783,145,120,6,-175.5,5.0,904.7,2540196852,2,14755,798,2432.7,2180.1,424,13.89,1,21,13830,0,0,0,0,0
4923,29.79,21.0,7449,6798,7974,3281555,146,120,6,-175.5,5.0,904.5,2540221440,2,14755,798,2433.1,2180.4,424,8.23,2,35,7783,7,332,0,0,0
4924,24.44,21.0,7449,6798,7974,3281555,147,120,6,-175.5,5.0,904.3,2540244540,2,14755,798,2433.4,2180.7,424,8.34,1,19,8284,0,0,0,0,0
4925,23.68,21.0,7449,6798,7974,3281555,147,120,6,-175.5,5.0,904.1,2540268536,2,14755,798,2433.8,2181.1,424,8.14,1,31,8057,0,0,0,0,0
4926,23.42,21.0,7449,6798,7974,3281555,148,120,6,-175.5,5.0,904.0,2540293408,2,14755,798,2434.1,2181.4,424,8.99,1,20,8910,0,0,0,0,0
4927,24.37,21.0,7449,6798,7974,3281555,149,120,6,-175.5,5.0,903.8,2540317624,2,14755,798,2434.4,2181.7,424,14.50,1,19,14432,0,0,0,0,0
4928,31.25,21.0,7449,6798,7974,3281555,150,120,6,-175.5,5.0,903.6,2540343392,2,14755,798,2434.8,2182.1,424,9.05,1,21,8988,0,0,0,0,0
4929,24.28,21.0,7449,6798,7974,3281555,151,120,6,-175.5,5.0,903.4,2540365936,2,14755,798,2435.1,2182.4,424,8.83,1,20,8768,0,0,0,0,0
4930,24.07,21.0,7449,6798,7974,3281555,152,120,6,-175.5,5.0,903.2,2540387016,2,14755,798,2435.4,2182.7,424,9.34,1,20,9284,0,0,0,0,0
4931,24.65,21.0,7449,6798,7974,3281555,153,120,6,-175.5,5.0,903.1,2540411604,2,14755,798,2435.8,2183.1,424,8.77,1,20,8708,0,0,0,0,0
4932,25.49,21.0,7449,6798,7974,3281555,154,120,6,-175.5,5.0,902.9,2540433872,2,14755,798,2436.1,2183.4,424,14.02,1,19,13964,0,0,0,0,0
4933,30.31,21.0,7449,6798,7974,3281555,155,120,6,-175.5,5.0,902.7,2540459388,2,14755,798,2436.4,2183.7,424,8.71,1,20,8652,0,0,0,0,0
4934,23.61,21.0,7449,6798,7974,3281555,155,120,6,-175.5,5.0,902.5,2540483384,2,14755,798,2436.8,2184.1,424,8.38,2,25,8314,0,0,0,0,0
4935,24.70,21.0,7449,6798,7974,3281555,155,120,6,-175.5,5.0,902.3,2540505360,2,14755,798,2437.1,2184.4,424,8.03,1,22,7564,10,374,0,0,0
4936,24.05,21.0,7449,6798,7974,3281555,155,120,6,-175.5,5.0,902.2,2540527336,2,14755,798,2437.4,2184.7,424,13.38,1,20,13316,0,0,0,0,0
4937,28.75,35.0,7449,6798,7974,3281555,134,120,6,-175.5,5.0,902.0,2542790968,2,14781,798,2437.8,2185.1,424,47.12,1,20,4263,6,328,3,4,0
4938,65.75,35.0,7449,6798,7974,3295524,115,120,6,-175.5,5.0,901.8,2540893108,2,14808,798,2438.0,2185.1,424,54.76,1,21,4010,7832,0,0,0,0
4939,74.13,35.0,7449,6798,7974,3295459,100,120,6,-175.5,5.0,901.3,2543995292,2,14829,798,2439.0,2185.1,424,48.55,2,36,4085,6,321,2,5,0
4940,66.34,35.0,7457,6798,7974,3296929,98,120,6,-175.5,5.0,900.8,2546218404,2,14845,798,2439.8,2185.1,424,55.62,1,26,4316,7768,0,0,0,0
4941,73.96,35.0,7473,6806,7979,3298654,80,120,6,-175.5,5.0,900.4,2549573748,2,14872,802,2440.1,2185.1,424,48.29,2,30,4281,6,309,2,4,0
4942,67.31,35.0,7497,6819,7991,3301413,40,120,6,-175.5,5.0,899.8,2549487460,2,14909,804,2440.6,2185.1,424,55.77,1,30,4296,7893,0,0,0,0
4943,74.95,35.0,7497,6835,8009,3303289,0,120,6,-175.5,5.0,899.4,2555178012,2,14949,804,2441.8,2185.1,424,49.79,1,19,3678,6,314,3,5,0
4944,69.49,35.0,7497,6835,8008,3303222,0,121,5,-175.5,5.0,898.8,2555212252,2,14949,804,2443.3,2185.1,424,14.74,1,14678,22,0,0,0,0,0
4945,30.27,35.0,7499,6834,8008,3303222,134,121,6,-175.5,5.0,898.4,2555911896,2,14949,804,2443.3,2185.1,424,10.37,1,1544,19,6,312,2,8445,0
4946,27.37,35.0,7499,6821,8009,3303224,84,121,6,-175.5,5.0,898.1,2554833272,2,14999,804,2444.7,2186.4,424,56.34,1,20,3596,7914,0,0,0,0
4947,75.12,35.0,7499,6821,8008,3305460,81,121,6,-175.5,5.0,897.9,2554335848,2,15018,804,2448.1,2189.8,424,49.22,1,20,4009,6,330,3,6,0
4948,68.43,35.0,7499,6804,8008,3305460,82,121,6,-175.5,5.0,897.4,2555800534,2,15018,804,2449.8,2190.8,424,11.03,2,20,10966,0,0,0,0,0
4949,30.75,35.0,7499,6804,8008,3305460,83,121,6,-175.5,5.0,896.9,2556820670,2,15018,804,2453.2,2194.2,424,12.69,1,20,12617,0,0,0,0,0
4950,29.91,35.0,7499,6799,8004,3305282,85,121,6,-175.5,5.0,896.7,2554991040,2,15018,804,2455.5,2196.6,424,9.43,0,19,9361,0,0,0,0,0
4951,28.32,35.0,7499,6800,8005,3306082,86,121,6,-175.5,5.0,896.5,2555018900,2,15018,804,2456.2,2197.2,424,13.05,1,19,12985,0,0,0,0,0
4952,28.82,35.0,7499,6800,8005,3306082,100,121,6,-175.5,5.0,896.3,2555287528,2,15018,804,2456.5,2197.6,424,15.98,1,20,15911,0,0,0,0,0
4953,31.70,35.0,7499,6800,8006,3306084,101,121,6,-175.5,5.0,896.1,2555350324,2,15018,804,2456.8,2197.9,424,8.28,1,20,8220,0,0,0,0,0
4954,23.38,35.0,7499,6727,7933,3214232,106,121,6,-175.5,5.0,895.9,2555499460,2,15018,804,2456.9,2197.9,424,9.27,1,19,9209,0,0,0,0,0
4955,25.23,35.0,7499,6727,7933,3214232,109,121,6,-175.5,5.0,895.7,2555575436,2,15018,804,2457.5,2198.5,424,10.92,1,21,10857,0,0,0,0,0
4956,26.14,35.0,7499,6727,7933,3214232,112,121,6,-175.5,5.0,895.6,2555631408,2,15018,804,2458.5,2199.6,424,8.47,2,20,8407,0,0,0,0,0
4957,23.19,35.0,7499,6727,7933,3214232,113,121,6,-175.5,5.0,895.4,2555655072,2,15018,804,2458.9,2199.9,424,8.87,1,19,8816,0,0,0,0,0
4958,23.45,35.0,7499,6727,7933,3214232,114,121,6,-175.5,5.0,895.2,2555678456,2,15018,804,2459.2,2200.2,424,8.69,1,21,8610,0,0,0,0,0
4959,24.45,35.0,7499,6729,7935,3214274,115,121,6,-175.5,5.0,895.0,2555700624,2,15018,804,2459.5,2200.6,424,13.18,1,21,13112,0,0,0,0,0
4960,28.86,23.0,7499,6729,7935,3214274,116,121,6,-175.5,5.0,894.9,2555724956,2,15018,804,2459.9,2200.9,424,8.95,1,20,8881,0,0,0,0,0
4961,24.62,23.0,7499,6729,7935,3214274,118,121,6,-175.5,5.0,894.7,2555770516,2,15018,804,2460.2,2201.2,424,9.30,1,26,9235,0,0,0,0,0
4962,24.37,23.0,7499,6730,7936,3215050,129,121,6,-175.5,5.0,894.5,2555882020,2,15018,804,2460.9,2201.9,424,11.33,1,19,11277,0,0,0,0,0
4963,26.53,23.0,7499,6730,7936,3215050,130,121,6,-175.5,5.0,894.3,2555920784,2,15018,804,2462.6,2203.6,424,8.88,2,30,8801,0,0,0,0,0
4964,25.24,23.0,7499,6730,7936,3215050,136,121,6,-175.5,5.0,894.1,2555946548,2,15018,804,2462.6,2203.7,424,12.18,1,20,12118,0,0,0,0,0
4965,27.27,23.0,7499,6730,7936,3215050,136,121,6,-175.5,5.0,894.0,2556049656,2,15018,804,2462.7,2203.7,424,8.88,2,26,8809,0,0,0,0,0
4966,24.26,23.0,7499,6730,7936,3215050,136,121,6,-175.5,5.0,893.8,2558602188,2,15018,804,2462.8,2203.8,424,59.34,2,23,6833,8223,0,0,0,0
4967,85.02,23.0,7494,6734,7941,3216030,138,121,6,-175.5,5.0,893.6,2558820760,2,15018,804,2462.8,2203.8,424,14.38,1,19,14318,0,0,0,0,0
4968,30.32,23.0,7494,6734,7941,3216030,139,121,6,-175.5,5.0,893.0,2558864564,2,15018,804,2464.8,2205.8,424,12.31,1,20,12246,0,0,0,0,0
4969,27.58,23.0,7494,6734,7941,3216030,140,121,6,-175.5,5.0,892.8,2558888080,2,15018,804,2465.2,2206.2,424,7.68,1,20,7239,9,361,2,5,0
4970,23.11,23.0,7494,6734,7941,3216030,141,121,6,-175.5,5.0,892.6,2558939836,2,15018,804,2465.5,2206.5,424,14.28,1,21,14213,0,0,0,0,0
4971,29.18,23.0,7494,6734,7941,3216030,139,121,6,-175.5,5.0,892.4,2558931588,2,15032,807,2465.8,2206.8,424,51.60,1,26,6706,6,307,3,5,0
4972,68.32,23.0,7494,6734,7941,3216095,145,121,6,-175.5,5.0,892.2,2559187980,2,15032,807,2466.0,2206.9,424,12.00,2,20,11939,0,0,0,0,0
4973,27.19,23.0,7494,6734,7941,3216095,154,121,6,-175.5,5.0,891.8,2558978992,2,15032,807,2467.0,2207.9,424,8.20,2,21,7772,7,345,0,0,0
4974,26.28,23.0,7494,6734,7941,3216095,159,121,6,-175.5,5.0,891.6,2559094264,2,15032,807,2465.0,2205.8,424,14.81,1,20,14750,0,0,0,0,0
4975,30.33,23.0,7494,6734,7941,3216095,160,121,6,-175.5,5.0,891.4,2559126112,2,15032,807,2466.7,2207.5,424,7.32,1,26,6922,6,319,2,5,0
4976,22.22,23.0,7494,6734,7941,3216095,161,121,6,-175.5,5.0,891.2,2557691816,2,15032,807,2467.0,2207.8,424,61.65,1,34,6882,8458,0,0,0,0
4977,79.75,23.0,7489,6735,7941,3215390,164,121,6,-175.5,5.0,891.0,2557743560,2,15032,807,2467.3,2208.2,424,16.94,2,30,16847,0,0,0,0,0
4978,32.86,23.0,7489,6736,7942,3216166,166,121,6,-175.5,5.0,890.5,2557790988,2,15032,807,2468.3,2209.2,424,14.58,1,21,6486,8029,0,0,0,0
4979,29.41,23.0,7489,6736,7942,3216166,180,121,6,-175.5,5.0,890.2,2557891668,2,15032,807,2468.7,2209.5,424,6.59,1,21,6158,7,344,3,5,0
4980,24.46,23.0,7489,6736,7942,3216166,187,121,6,-175.5,5.0,890.0,2557928444,2,15032,807,2468.8,2209.6,424,11.68,1,18,11620,0,0,0,0,0
4981,27.46,23.0,7489,6736,7942,3216166,189,121,6,-175.5,5.0,889.9,2557953244,2,15032,807,2469.1,2209.9,424,8.32,1,39,7917,6,323,0,0,0
4982,23.75,23.0,7489,6737,7942,3216166,196,121,6,-175.5,5.0,889.7,2558140860,2,15032,807,2469.4,2210.2,424,10.74,1,19,10676,0,0,0,0,0
4983,27.80,23.0,7489,6737,7943,3216966,198,121,6,-175.5,5.0,889.5,2558345748,2,15032,807,2471.1,2211.9,424,13.18,2,20,13121,0,0,0,0,0
4984,28.76,23.0,7489,6737,7943,3216966,198,121,6,-175.5,5.0,889.3,2558372300,2,15032,807,2471.4,2212.2,424,8.07,1,19,8002,0,0,0,0,0
4985,22.85,23.0,7489,6737,7943,3216966,200,121,6,-175.5,5.0,889.1,2558412964,2,15032,807,2471.8,2212.6,424,8.34,1,20,8283,0,0,0,0,0
4986,24.36,23.0,7489,6737,7943,3216966,200,121,6,-175.5,5.0,888.9,2558617840,2,15032,807,2471.8,2212.6,424,12.97,1,18,12910,0,0,0,0,0
4987,28.96,23.0,7489,6738,7944,3221574,200,121,6,-175.5,5.0,888.8,2558777068,2,15032,807,2472.1,2212.9,424,11.94,1,30,11859,0,0,0,0,0
4988,29.16,23.0,7489,6738,7944,3221574,207,121,6,-175.5,5.0,888.6,2558941924,2,15032,807,2474.1,2214.9,424,17.99,1,20,17926,0,0,0,0,0
4989,33.51,23.0,7489,6738,7944,3221574,208,121,6,-175.5,5.0,888.4,2558974556,2,15032,807,2476.4,2217.2,424,8.29,1,20,8225,0,0,0,0,0
4990,24.34,23.0,7489,6738,7944,3221574,209,121,6,-175.5,5.0,888.1,2559000248,2,15032,807,2476.8,2217.6,424,8.09,1,20,8031,0,0,0,0,0
4991,23.89,31.0,7489,6738,7944,3221574,210,121,6,-175.5,5.0,888.0,2559245456,2,15032,807,2477.1,2217.9,424,8.17,1,20,7782,6,317,0,0,0
4992,24.40,31.0,7489,6738,7944,3221574,208,121,6,-175.5,5.0,887.8,2562068952,2,15034,807,2477.4,2218.2,424,60.06,1,30,13887,0,0,0,0,0
4993,78.74,31.0,7489,6738,7944,3226804,207,121,6,-175.5,5.0,887.6,2560648468,2,15035,807,2477.5,2218.3,424,56.40,1,21,11227,0,0,0,0,0
4994,73.44,31.0,7489,6738,7944,3226804,205,121,6,-175.5,5.0,887.1,2559219324,2,15037,807,2477.5,2218.3,424,55.42,1,27,11027,0,0,0,0,0
4995,80.12,31.0,7489,6772,7981,3258756,204,121,6,-175.5,5.0,886.6,2561962592,2,15038,807,2477.5,2218.3,424,60.54,1,19,16175,0,0,0,0,0
4996,78.51,31.0,7489,6767,7976,3258307,203,121,6,-175.5,5.0,886.0,2560542124,2,15039,807,2477.5,2218.3,424,62.66,1,19,17778,0,0,0,0,0
4997,79.57,31.0,7489,6769,7976,3256637,202,121,6,-175.5,5.0,885.4,2559111600,2,15040,807,2477.6,2218.4,424,55.72,1,20,11505,0,0,0,0,0
4998,72.86,31.0,7489,6766,7976,3256687,201,121,6,-175.5,5.0,884.9,2561921124,2,15041,807,2477.6,2218.4,424,61.91,1,20,17669,0,0,0,0,0
4999,79.78,31.0,7489,6766,7976,3256687,200,121,6,-175.5,5.0,884.4,2560490392,2,15042,807,2477.6,2218.4,424,65.23,1,20,20971,0,0,0,0,0
5000,81.60,31.0,7489,6778,7988,3259023,199,121,6,-175.5,5.0,883.8,2559069936,2,15043,807,2477.6,2218.4,424,59.70,1,19,14606,0,0,0,0,0
5001,78.49,31.0,7489,6778,7988,3258993,198,121,6,-175.5,5.0,883.3,2561813220,2,15044,807,2477.6,2218.4,424,64.51,1,26,20787,0,0,0,0,0
5002,83.25,31.0,7489,6782,7992,3261634,197,121,6,-175.5,5.0,882.7,2560439812,2,15045,807,2477.6,2218.5,424,60.43,1,33,16186,0,0,0,0,0
5003,77.66,31.0,7489,6780,7990,3261867,196,121,6,-175.5,5.0,882.1,2563249512,2,15046,807,2478.3,2219.1,424,67.37,1,19,21927,0,0,0,0,0
5004,84.38,31.0,7489,6780,7990,3264307,195,121,6,-175.5,5.0,881.6,2561863108,2,15047,807,2478.3,2219.1,424,60.74,2,22,15644,0,0,0,0,0
5005,78.60,14.0,7489,6795,8005,3262814,193,121,6,-175.5,5.0,881.0,2560492508,2,15049,807,2478.7,2219.5,424,66.55,1,19,22099,0,0,0,0,0
5006,86.11,14.0,7489,6795,8005,3263649,192,121,6,-175.5,5.0,880.4,2563235808,2,15050,807,2479.0,2219.8,424,61.85,2,20,16114,0,0,0,0,0
5007,79.65,14.0,7489,6764,7974,3242887,191,121,6,-175.5,5.0,879.8,2561804964,2,15051,807,2479.0,2219.8,424,66.30,1,19,22319,0,0,0,0,0
5008,84.36,14.0,7489,6764,7974,3244377,190,121,6,-175.5,5.0,879.3,2560443300,2,15052,807,2479.0,2219.8,424,75.18,1,20,29508,0,0,0,0,0
5009,92.73,14.0,7489,6766,7976,3244574,189,121,6,-175.5,5.0,878.7,2563253072,2,15053,807,2479.0,2219.9,424,81.85,1,20,37740,0,0,0,0,0
5010,101.07,14.0,7489,6765,7975,3245982,184,121,6,-175.5,5.0,878.0,2561829828,2,15058,807,2479.1,2219.9,424,83.62,0,18,38794,0,0,0,0,0
5011,103.06,14.0,7489,6765,7976,3246284,183,121,6,-175.5,5.0,877.3,2560398668,2,15059,807,2479.1,2219.9,424,84.09,2,20,38899,0,0,0,0,0
5012,103.05,14.0,7489,6765,7976,3246324,182,121,6,-175.5,5.0,876.6,2563141920,2,15060,807,2479.1,2219.9,424,74.80,1,19,30500,0,0,0,0,0
5013,94.57,14.0,7489,6765,7975,3252154,178,121,6,-175.5,5.0,875.9,2561716032,2,15064,807,2479.1,2219.9,424,83.64,1,20,38972,0,0,0,0,0
5014,103.38,14.0,7489,6777,7982,3255994,173,121,6,-175.5,5.0,875.2,2560295420,2,15069,807,2479.1,2219.9,424,84.32,1,21,40249,0,0,0,0,0
5015,104.98,14.0,7489,6777,7983,3256266,169,121,6,-175.5,5.0,874.5,2563180256,2,15073,807,2479.1,2220.0,424,78.18,1,23,32919,0,0,0,0,0
5016,103.91,11.0,7489,6811,8018,3263072,160,121,6,-175.5,5.0,873.8,2561808632,2,15081,807,2479.2,2220.0,424,88.20,1,20,44243,0,0,0,0,0
5017,108.32,11.0,7489,6812,8018,3266167,159,121,6,-175.5,5.0,873.0,2560377772,2,15082,807,2479.5,2220.3,424,84.70,1,28,40011,0,0,0,0,0
5018,102.76,11.0,7489,6820,8023,3263574,158,121,6,-175.5,5.0,872.3,2563128888,2,15083,807,2479.5,2220.3,424,75.50,1,21,31144,0,0,0,0,0
5019,94.19,11.0,7489,6836,8039,3263673,157,121,6,-175.5,5.0,871.6,2561764260,2,15084,807,2479.5,2220.3,424,83.86,2,26,39193,0,0,0,0,0
5020,102.31,11.0,7489,6846,8045,3262507,156,121,6,-175.5,5.0,870.9,2560340808,2,15085,807,2479.5,2220.4,424,93.48,1,19,47803,0,0,0,0,0
5021,113.37,11.0,7489,6846,8046,3259239,155,121,6,-175.5,5.0,870.2,2563150432,2,15086,807,2479.6,2220.4,424,75.59,1,20,31694,0,0,0,0,0
5022,94.12,11.0,7489,6846,8046,3252544,154,121,6,-175.5,5.0,869.4,2561763980,2,15087,807,2479.6,2220.4,424,83.19,1,20,38890,0,0,0,0,0
5023,101.56,11.0,7489,6852,8049,3253713,152,121,6,-175.5,5.0,868.7,2560338436,2,15089,807,2479.9,2220.7,424,76.79,1,20,30990,0,0,0,0,0
5024,95.02,11.0,7489,6860,8061,3251042,127,121,6,-175.5,5.0,868.0,2563933288,2,15114,807,2479.9,2220.7,424,84.93,1,20,38912,0,0,0,0,0
5025,103.41,11.0,7489,6864,8064,3250221,108,121,6,-175.5,5.0,867.4,2563112268,2,15133,807,2480.1,2220.8,424,85.37,1,19,39335,0,0,0,0,0
5026,103.70,10.0,7491,6864,8065,3248348,58,121,6,-175.5,5.0,866.6,2563166196,2,15182,807,2480.2,2220.9,424,57.02,1,21,2949,8097,0,0,0,0
5027,77.82,10.0,7443,6906,8108,3253175,8,121,6,-175.5,5.0,865.9,2568039152,2,15231,808,2481.7,2220.9,424,85.27,1,30,39157,0,0,0,0,0
5028,110.95,10.0,7443,6898,8097,3252033,0,123,5,-175.5,5.0,865.4,2567274192,2,15239,808,2481.9,2220.8,424,57.29,1,2692,563,7680,0,0,0,0
5029,76.53,10.0,7443,6905,8105,3255068,0,123,4,-175.5,5.0,864.6,2567286688,2,15239,808,2482.6,2220.8,424,9.96,1,9880,19,0,0,0,0,0
5030,39.53,10.0,7443,6894,8091,3255162,0,123,4,-175.5,5.0,864.0,2567295136,2,15239,808,2482.6,2220.8,424,8.04,1,16,17,7969,0,0,0,0
5031,27.61,10.0,7445,6894,8091,3255306,167,123,6,-175.5,5.0,863.8,2568205904,2,15239,808,2482.6,2220.8,424,12.71,2,23,21,5,303,2,12292,0
5032,28.38,10.0,7449,6894,8093,3255310,117,123,6,-175.5,5.0,863.6,2567658372,2,15287,808,2484.7,2222.8,424,56.55,1,19,3788,7996,0,0,0,0
5033,76.26,10.0,7449,6896,8093,3252120,111,123,6,-175.5,5.0,863.4,2568217108,2,15317,809,2486.6,2224.8,424,51.16,1,17,4039,6,306,2,5,0
5034,71.73,10.0,7449,6900,8100,3252457,118,123,6,-175.5,5.0,862.8,2570320844,2,15317,809,2486.6,2224.8,424,19.02,1,17,18946,0,0,0,0,0
5035,34.99,10.0,7449,6904,8104,3252709,131,123,6,-175.5,5.0,862.3,2569755912,2,15317,809,2488.7,2226.8,424,12.35,1,18,12292,0,0,0,0,0
5036,30.76,10.0,7449,6902,8105,3252878,206,123,6,-175.5,5.0,862.1,2570968108,2,15317,809,2493.1,2231.1,424,11.70,2,21,4090,7528,0,0,0,0
5037,26.86,10.0,7449,6905,8105,3252878,210,123,6,-175.5,5.0,861.9,2571113780,2,15317,809,2493.1,2231.1,424,11.13,1,19,11043,0,0,0,0,0
5038,27.01,10.0,7449,6910,8110,3253162,221,123,6,-175.5,5.0,861.7,2572470440,2,15317,809,2494.4,2232.5,424,15.31,1,19,15233,0,0,0,0,0
5039,31.06,10.0,7449,6910,8110,3253162,185,123,6,-175.5,5.0,861.5,2572579296,2,15357,809,2498.1,2236.2,424,49.66,1,20,4028,5,320,2,5,0
5040,70.43,10.0,7449,6917,8118,3255319,199,123,6,-175.5,5.0,861.3,2572883972,2,15357,809,2498.1,2236.2,424,23.11,1,18,23014,0,0,0,0,0
5041,40.58,10.0,7449,6920,8118,3259728,276,123,6,-175.5,5.0,860.8,2573411052,2,15358,809,2502.8,2240.9,424,49.77,0,19,4110,8,375,2,4,0
5042,68.41,10.0,7449,6920,8118,3260028,279,123,6,-175.5,5.0,860.5,2573538936,2,15358,809,2502.8,2240.9,424,18.02,1,19,17957,0,0,0,0,0
5043,34.24,10.0,7449,6920,8118,3260028,290,123,6,-175.5,5.0,860.0,2573938228,2,15358,809,2503.8,2241.9,424,10.16,1,19,10095,0,0,0,0,0
5044,25.32,18.0,7449,6924,8121,3256004,298,123,6,-175.5,5.0,859.8,2574104380,2,15358,809,2505.1,2243.2,424,9.13,1,18,9070,0,0,0,0,0
5045,24.87,18.0,7449,6922,8122,3256039,299,123,6,-175.5,5.0,859.6,2574134908,2,15358,809,2505.6,2243.7,424,12.20,1,19,12141,0,0,0,0,0
5046,27.83,18.0,7449,6730,7930,3087839,303,123,6,-175.5,5.0,859.4,2574201700,2,15358,809,2505.8,2243.9,424,15.84,1,20,7051,8723,0,0,0,0
5047,30.80,18.0,7449,6735,7932,3088655,304,123,6,-175.5,5.0,859.2,2574229328,2,15358,809,2505.9,2244.0,424,7.58,1,18,7181,9,318,2,5,0
5048,23.57,18.0,7449,6739,7939,3088869,309,123,6,-175.5,5.0,859.0,2574459780,2,15358,809,2506.1,2244.1,424,11.89,1,18,11820,0,0,0,0,0
5049,27.39,18.0,7449,6748,7951,3089752,310,123,6,-175.5,5.0,858.9,2574487928,2,15358,809,2506.4,2244.5,424,7.00,1,19,6630,6,293,3,4,0
5050,21.88,18.0,7449,6814,8017,3096423,311,123,6,-175.5,5.0,858.7,2574513188,2,15358,809,2506.7,2244.8,424,15.87,1,26,7568,8229,0,0,0,0
5051,31.11,18.0,7449,6814,8017,3096423,310,123,6,-175.5,5.0,858.5,2577508308,2,15374,809,2507.1,2245.1,424,52.10,1,19,4108,6,290,2,5,0
5052,73.30,18.0,7449,6821,8021,3099520,322,123,6,-175.5,5.0,858.3,2581908808,2,15378,809,2507.6,2245.1,424,56.52,1,23,4047,7806,0,0,0,0
5053,73.87,18.0,7449,6826,8025,3099952,311,123,6,-175.5,5.0,857.8,2583020632,2,15392,809,2508.6,2245.1,424,50.44,1,20,4018,6,301,3,5,0
5054,68.05,18.0,7449,6834,8036,3104288,312,123,6,-175.5,5.0,857.3,2583016056,2,15392,809,2509.0,2245.1,424,10.06,1,19,9998,0,0,0,0,0
5055,26.53,18.0,7449,6845,8047,3106040,313,123,6,-175.5,5.0,856.8,2583041196,2,15392,809,2509.0,2245.2,424,7.51,1,18,7104,6,332,3,6,0
5056,23.10,18.0,7449,6848,8050,3106162,314,123,6,-175.5,5.0,856.6,2583066336,2,15392,809,2509.1,2245.2,424,11.91,0,19,11847,0,0,0,0,0
5057,27.01,18.0,7449,6850,8052,3106322,316,123,6,-175.5,5.0,856.4,2583126896,2,15392,809,2509.1,2245.3,424,7.60,1,20,7179,9,334,2,6,0
5058,24.43,18.0,7449,6850,8052,3106322,317,123,6,-175.5,5.0,856.3,2583153256,2,15392,809,2509.2,2245.3,424,15.46,1,18,7245,8154,0,0,0,0
5059,30.82,18.0,7449,6855,8053,3106412,319,123,6,-175.5,5.0,856.1,2583196028,2,15392,809,2509.2,2245.4,424,7.67,1,18,7273,8,317,2,5,0
5060,23.54,18.0,7449,6855,8053,3106412,316,123,6,-175.5,5.0,855.9,2579937696,2,15396,810,2509.6,2245.7,424,60.03,1,18,13301,0,0,0,0,0
5061,77.74,18.0,7449,6858,8058,3115400,315,123,6,-175.5,5.0,855.7,2580539124,2,15397,811,2509.8,2245.8,424,57.78,1,18,12086,0,0,0,0,0
5062,74.13,18.0,7449,6858,8058,3115400,300,123,6,-175.5,5.0,855.2,2580773468,2,15412,811,2509.9,2245.9,424,57.65,0,18,4012,8155,0,0,0,0
5063,76.27,18.0,7449,6858,8058,3115025,250,123,6,-175.5,5.0,854.6,2581058228,2,15462,811,2510.2,2245.9,424,48.04,1,23,1880,5,294,3,4,0
5064,67.50,18.0,7455,6871,8068,3116313,200,123,6,-175.5,5.0,854.1,2581349064,2,15509,811,2510.2,2245.9,424,56.33,2,23,2278,8015,0,0,0,0
5065,73.45,18.0,7457,6870,8068,3115543,150,123,6,-175.5,5.0,853.6,2581638660,2,15558,811,2510.2,2245.9,424,47.98,1,19,2086,5,311,2,4,0
5066,65.25,18.0,7459,6870,8068,3116083,124,123,6,-175.5,5.0,853.1,2582335464,2,15583,812,2510.2,2245.9,424,63.22,0,21,16505,0,0,0,0,0
5067,80.41,23.0,7461,6870,8068,3114413,88,123,6,-175.5,5.0,852.7,2584730672,2,15618,813,2510.3,2246.0,424,58.43,1,18,11396,0,0,0,0,0
5068,76.92,23.0,7461,6875,8071,3115263,78,125,5,-175.5,5.0,852.1,2585813112,2,15628,814,2510.7,2246.0,424,64.10,1,7769,8018,0,0,0,0,0
5069,81.89,23.0,7462,6652,7848,3080157,39,125,6,-175.5,5.0,851.6,2589199320,2,15678,815,2510.9,2246.1,424,51.99,1,17,3366,14,330,4,993,0
5070,76.76,23.0,7464,6654,7853,3083048,0,125,6,-175.5,5.0,851.0,2586101704,2,15716,815,2514.1,2247.5,424,57.97,0,18,1956,8127,0,0,0,0
5071,78.48,23.0,7464,6652,7852,3083046,3,126,5,-175.5,5.0,850.5,2586168408,2,15716,815,2514.6,2247.5,424,41.42,1,9802,31564,0,0,0,0,0
5072,57.47,23.0,7464,6652,7852,3083046,6,126,5,-175.5,5.0,849.9,2586304664,2,15716,815,2515.6,2248.5,424,26.11,1,17,26051,0,0,0,0,0
5073,40.82,23.0,7464,6658,7857,3083146,10,126,5,-175.5,5.0,849.5,2586712520,2,15716,815,2515.9,2248.8,424,11.61,1,17,11547,0,0,0,0,0
5074,27.98,23.0,7464,6660,7860,3083240,11,126,5,-175.5,5.0,849.2,2586737576,2,15716,815,2516.3,2249.1,424,14.54,0,18,14481,0,0,0,0,0
5075,29.43,23.0,7465,6666,7866,3083688,269,126,6,-175.5,5.0,849.0,2588238932,2,15727,815,2516.6,2249.5,424,53.60,1,17,599,4,304,2,5395,0
5076,72.17,23.0,7469,6666,7867,3083005,219,127,5,-175.5,5.0,848.8,2589387076,2,15775,815,2516.9,2249.8,424,58.16,1,7759,2515,0,0,0,0,0
5077,76.53,23.0,7469,6668,7866,3082168,220,127,5,-175.5,5.0,848.3,2589416996,2,15775,815,2516.9,2249.8,424,17.43,1,17,17373,0,0,0,0,0
5078,32.64,23.0,7469,6668,7866,3082168,187,127,5,-175.5,5.0,847.8,2590966796,2,15825,815,2517.3,2250.1,424,59.05,1,18,3154,7707,0,0,0,0
5079,78.50,23.0,7466,6673,7871,3087191,227,127,6,-175.5,5.0,847.5,2588269980,2,15875,815,2517.3,2250.1,424,52.31,1,16,1846,5,291,2,2970,0
5080,70.35,23.0,7466,6669,7868,3086185,177,127,6,-175.5,5.0,847.0,2589682356,2,15925,815,2518.7,2251.5,424,56.53,1,28,2087,7990,0,0,0,0
5081,76.50,23.0,7466,6669,7868,3089240,180,127,6,-175.5,5.0,846.5,2589742856,2,15925,815,2518.7,2251.5,424,12.60,1,22,12534,0,0,0,0,0
5082,29.10,15.0,7466,6669,7868,3089240,184,127,6,-175.5,5.0,846.0,2589832676,2,15925,815,2519.0,2251.8,424,17.82,1,19,17740,0,0,0,0,0
5083,33.20,15.0,7466,6669,7868,3089360,185,127,6,-175.5,5.0,845.8,2589133956,2,15925,815,2520.3,2253.2,424,9.01,1,19,8944,0,0,0,0,0
5084,24.12,15.0,7466,6669,7868,3089360,188,127,6,-175.5,5.0,845.5,2589198288,2,15925,815,2510.8,2243.7,424,8.86,1,19,8802,0,0,0,0,0
5085,24.59,15.0,7466,6670,7869,3089368,139,127,6,-175.5,5.0,845.4,2592418396,2,15975,816,2511.2,2244.0,424,51.00,1,19,3530,6,297,2,1,0
5086,70.08,15.0,7466,6671,7870,3089293,89,127,6,-175.5,5.0,845.2,2590146768,2,16025,816,2511.5,2244.0,424,56.81,1,19,2184,7584,0,0,0,0
5087,73.47,15.0,7468,6685,7883,3090143,39,127,6,-175.5,5.0,844.7,2592500368,2,16074,816,2512.1,2244.0,424,50.04,0,22,2390,5,295,1,1,0
5088,66.37,15.0,7468,6695,7895,3089861,0,127,6,-175.5,5.0,844.2,2594569872,2,16113,816,2512.4,2244.0,424,56.90,1,19,1873,7711,0,0,0,0
5089,83.29,15.0,7463,6695,7890,3094680,0,128,5,-175.5,5.0,843.7,2594557932,2,16113,816,2512.7,2244.0,424,2.04,1,1658,18,6,311,3,2,0
5090,96.94,15.0,7463,6694,7889,3094678,0,128,4,-175.5,5.0,843.1,2594566988,2,16113,816,2512.8,2244.0,424,8.50,1,8434,23,0,0,0,0,0
5091,24.81,15.0,7463,6694,7889,3094678,0,128,4,-175.5,5.0,842.5,2594576968,2,16113,816,2512.8,2244.0,424,0.40,1,15,15,5,320,2,1,0
5092,15.39,15.0,7463,6694,7889,3095478,0,128,4,-175.5,5.0,842.3,2592125408,2,16113,816,2512.7,2244.0,424,56.98,1,15,26,8795,0,0,0,0
5093,76.45,15.0,7444,6703,7896,3104636,0,128,4,-175.5,5.0,842.2,2592067112,2,16113,816,2512.7,2244.0,424,0.36,1,15,16,5,282,2,2,0
5094,17.98,15.0,7464,6705,7898,3104728,0,128,4,-175.5,5.0,841.6,2593769624,2,16109,816,2512.7,2244.0,424,56.93,1,15,16,7818,9,1095,0,0
5095,76.00,15.0,7464,6709,7922,3103164,0,128,4,-175.5,5.0,841.5,2593771936,2,16109,816,2512.7,2244.0,424,0.37,1,15,16,5,286,2,2,0
5096,18.27,15.0,7464,6706,7922,3103164,0,128,4,-175.5,5.0,841.0,2591188912,2,16109,816,2512.7,2244.0,424,56.64,1,15,16,8194,0,0,0,0
5097,75.08,15.0,7457,6718,7934,3102722,0,128,4,-175.5,5.0,840.9,2591167244,2,16109,816,2512.7,2244.0,424,0.36,2,16,15,5,280,2,1,0
5098,16.02,15.0,7457,6719,7934,3102722,0,128,4,-175.5,5.0,840.3,2592824556,2,16109,816,2512.7,2244.0,424,56.05,1,16,16,8100,0,0,0,0
5099,74.42,15.0,7442,6722,7934,3106612,0,128,4,-175.5,5.0,840.2,2592778280,2,16109,816,2512.7,2244.0,424,0.42,0,17,17,6,328,3,1,0
5100,20.15,15.0,7442,6722,7934,3106612,0,128,4,-175.5,5.0,839.7,2592778352,2,16109,816,2512.7,2244.0,424,8.15,0,15,17,8076,0,0,0,0
5101,26.26,15.0,7442,6729,7941,3106872,0,128,4,-175.5,5.0,839.6,2592778920,2,16109,816,2512.7,2244.0,424,0.54,2,23,22,7,417,6,3,0
5102,17.91,15.0,7446,6729,7941,3106872,0,128,4,-175.5,5.0,839.4,2594452264,2,16108,816,2512.7,2244.0,424,55.78,1,16,16,7839,4,1173,0,0
5103,73.16,15.0,7446,6727,7945,3104813,0,128,4,-175.5,5.0,839.3,2594456536,2,16108,816,2512.8,2244.0,424,0.40,1,20,19,6,280,3,1,0
5104,23.80,22.0,7446,6727,7945,3104813,0,128,4,-175.5,5.0,838.7,2594456832,2,16108,816,2512.8,2244.0,424,7.86,1,17,16,7752,7,3,2,0
5105,23.23,22.0,7446,6727,7945,3105165,0,128,4,-175.5,5.0,838.6,2594457128,2,16108,816,2512.8,2244.0,424,0.39,1,15,15,4,309,2,2,0
5106,15.10,22.0,7466,6727,7945,3105165,0,128,4,-175.5,5.0,838.4,2592000608,2,16107,816,2512.8,2244.0,424,57.73,1,16,16,7823,4,1584,0,0
5107,77.53,22.0,7461,6728,7946,3108352,0,128,4,-175.5,5.0,838.3,2591989332,2,16107,816,2513.1,2244.4,424,0.38,1,16,17,5,292,3,1,0
5108,18.27,22.0,7461,6728,7947,3113072,0,128,4,-175.5,5.0,837.8,2591989628,2,16107,816,2513.1,2244.4,424,8.20,1,19,16,8122,0,0,0,0
5109,24.13,22.0,7461,6728,7947,3113072,0,128,4,-175.5,5.0,837.6,2591989924,2,16107,816,2513.1,2244.4,424,0.39,1,16,17,6,306,2,2,0
5110,15.44,22.0,7461,6728,7947,3113072,0,128,4,-175.5,5.0,837.5,2591989532,2,16107,816,2513.1,2244.4,424,8.01,2,19,32,7892,5,0,0,0
5111,22.73,22.0,7461,6728,7947,3113072,0,128,4,-175.5,5.0,837.4,2591990580,2,16107,816,2513.1,2244.4,424,0.41,2,20,16,5,323,2,2,0
5112,14.41,22.0,7461,6728,7947,3113082,0,128,4,-175.5,5.0,837.2,2591990876,2,16107,816,2513.1,2244.4,424,7.72,1,15,16,7641,3,2,2,0
5113,22.25,22.0,7461,6728,7947,3113082,0,128,4,-175.5,5.0,837.1,2591991172,2,16107,816,2513.1,2244.4,424,0.36,1,15,17,5,285,2,1,0
5114,14.86,22.0,7461,6728,7947,3113082,0,128,4,-175.5,5.0,836.9,2591991468,2,16107,816,2513.1,2244.4,424,8.87,1,15,17,8779,0,0,0,0
5115,23.93,22.0,7461,6728,7947,3113082,0,128,4,-175.5,5.0,836.8,2591991076,2,16107,816,2513.1,2244.4,424,0.37,1,15,16,7,286,2,1,0
5116,15.60,22.0,7461,6728,7947,3113082,0,128,4,-175.5,5.0,836.7,2591992156,2,16107,816,2513.1,2244.4,424,8.07,1,15,16,7996,0,0,0,0
5117,22.98,22.0,7461,6728,7947,3113082,0,128,4,-175.5,5.0,836.6,2591992452,2,16107,816,2513.1,2244.4,424,0.37,1,17,16,5,284,2,2,0
5118,15.39,22.0,7481,6788,8007,3268974,0,128,4,-175.5,5.0,836.4,2593709988,2,16106,816,2513.1,2244.4,424,56.86,1,15,17,7901,5,1184,0,0
5119,74.66,22.0,7481,6789,8008,3283566,0,128,4,-175.5,5.0,836.3,2593714356,2,16106,816,2513.4,2244.7,424,0.38,1,15,15,6,303,2,2,0
5120,15.15,22.0,7481,6789,8008,3283566,0,128,4,-175.5,5.0,835.8,2593714652,2,16106,816,2513.4,2244.7,424,7.76,1,15,17,7676,4,3,2,0
5121,21.93,22.0,7481,6789,8008,3283566,0,128,4,-175.5,5.0,835.7,2593714948,2,16106,816,2513.4,2244.7,424,0.39,1,15,16,8,301,2,1,0
5122,14.26,22.0,7481,6789,8008,3283566,0,128,4,-175.5,5.0,835.5,2593715244,2,16106,816,2513.4,2244.7,424,8.26,2,18,16,8181,0,0,0,0
5123,22.40,22.0,7481,6789,8008,3283566,0,128,4,-175.5,5.0,835.4,2593714804,2,16106,816,2513.4,2244.7,424,0.38,1,15,16,5,288,2,2,0
5124,15.28,22.0,7481,6789,8008,3283566,0,128,4,-175.5,5.0,835.3,2593715932,2,16106,816,2513.4,2244.7,424,8.13,1,24,23,8022,0,0,0,0
5125,22.75,22.0,7481,6789,8008,3283566,0,128,4,-175.5,5.0,835.1,2593716228,2,16106,816,2513.4,2244.7,424,0.36,1,14,17,5,284,2,1,0
5126,15.49,22.0,7481,6789,8008,3283566,0,128,4,-175.5,5.0,835.0,2593716524,2,16106,816,2513.4,2244.7,424,8.23,1,16,16,8150,0,0,0,0
5127,22.25,22.0,7481,6789,8008,3283566,0,128,4,-175.5,5.0,834.9,2593716820,2,16106,816,2513.4,2244.7,424,0.39,1,15,16,5,298,6,3,0
5128,14.54,22.0,7481,6789,8008,3283566,0,128,4,-175.5,5.0,834.7,2595372740,2,16106,816,2513.4,2244.7,424,55.32,1,15,16,7844,4,3,2,0
5129,73.98,22.0,7477,6791,8008,3280526,0,128,4,-175.5,5.0,834.6,2595350348,2,16106,816,2513.4,2244.7,424,0.37,1,17,20,5,282,2,2,0
5130,16.48,22.0,7497,6791,8008,3280526,0,128,4,-175.5,5.0,834.1,2592826664,2,16105,816,2513.1,2244.4,424,56.98,1,14,16,7872,5,1552,0,0
5131,74.79,22.0,7497,6790,8009,3276108,0,128,4,-175.5,5.0,834.0,2592830680,2,16105,816,2513.4,2244.7,424,0.36,1,15,16,5,278,3,2,0
5132,17.30,22.0,7497,6791,8007,3276066,0,128,4,-175.5,5.0,833.5,2594486504,2,16105,816,2513.4,2244.7,424,56.04,1,15,16,8140,0,0,0,0
5133,72.07,22.0,7493,6791,8007,3275926,0,128,4,-175.5,5.0,833.3,2594464128,2,16105,816,2513.4,2244.7,424,0.40,1,17,28,5,296,2,2,0
5134,14.88,22.0,7493,6791,8007,3275926,0,128,4,-175.5,5.0,832.8,2594463236,2,16105,816,2513.1,2244.4,424,8.37,1,24,23,8254,0,0,0,0
5135,23.31,22.0,7493,6791,8007,3275926,0,128,4,-175.5,5.0,832.7,2594463532,2,16105,816,2513.1,2244.4,424,0.40,1,15,17,5,303,2,2,0
5136,16.89,22.0,7493,6791,8007,3275926,0,128,4,-175.5,5.0,832.6,2594462996,2,16105,816,2513.1,2244.4,424,7.89,1,16,17,7802,5,2,2,0
5137,22.29,22.0,7493,6791,8007,3276206,0,128,4,-175.5,5.0,832.5,2594464204,2,16105,816,2513.1,2244.4,424,0.45,1,19,21,7,351,3,2,0
5138,14.68,22.0,7513,6791,8007,3276254,0,128,4,-175.5,5.0,832.3,2592008348,2,16104,816,2513.1,2244.4,424,56.58,1,16,16,7861,6,1216,0,0
5139,75.97,22.0,7513,6792,8008,3272195,0,128,4,-175.5,5.0,832.2,2592011036,2,16104,816,2513.4,2244.7,424,0.36,1,16,16,5,274,3,2,0
5140,15.65,36.0,7513,6786,8002,3272069,0,128,4,-175.5,5.0,831.7,2592012260,2,16104,816,2513.4,2244.7,424,8.19,1,18,22,8100,0,0,0,0
5141,25.06,36.0,7513,6786,8002,3272069,0,128,4,-175.5,5.0,831.6,2592013560,2,16104,816,2513.4,2244.7,424,0.38,1,15,16,6,292,2,2,0
5142,15.08,36.0,7521,6784,8002,3272069,0,128,4,-175.5,5.0,831.4,2593703432,2,16102,816,2513.4,2244.7,424,57.00,1,15,15,7901,4,1827,0,0
5143,73.86,36.0,7521,6786,8004,3270349,0,128,4,-175.5,5.0,831.3,2593712336,2,16102,816,2513.5,2244.7,424,0.37,1,15,16,5,288,3,2,0
5144,15.04,36.0,7521,6786,8004,3270349,0,128,4,-175.5,5.0,830.8,2593712632,2,16102,816,2513.5,2244.7,424,7.83,1,16,16,7742,5,3,2,0
5145,23.10,36.0,7521,6786,8000,3270120,0,128,4,-175.5,5.0,830.6,2593712016,2,16102,816,2513.5,2244.7,424,0.41,1,16,15,5,317,4,2,0
5146,14.27,36.0,7534,6786,8000,3270120,0,128,4,-175.5,5.0,830.5,2595414912,2,16099,816,2513.5,2244.7,424,57.48,1,16,16,7715,3,1719,0,0
5147,73.92,36.0,7520,6802,8016,3269182,0,128,4,-175.5,5.0,830.4,2595367624,2,16099,816,2513.5,2244.8,424,0.39,1,16,17,12,301,2,2,0
5148,15.90,36.0,7520,6803,8015,3269382,0,128,4,-175.5,5.0,829.9,2592781812,2,16099,816,2513.2,2244.4,424,55.84,1,21,16,7721,4,3,1,0
5149,73.52,36.0,7516,6803,8015,3273302,0,128,4,-175.5,5.0,829.8,2592759532,2,16099,816,2513.2,2244.4,424,0.51,1,15,16,5,421,3,3,0
5150,16.69,36.0,7516,6803,8015,3273302,0,128,4,-175.5,5.0,829.2,2594414056,2,16099,816,2512.8,2244.1,424,56.09,1,16,16,8135,0,0,0,0
5151,75.80,36.0,7510,6803,8015,3272177,0,128,4,-175.5,5.0,829.1,2594395440,2,16099,816,2512.8,2244.1,424,0.36,1,16,16,5,280,2,1,0
5152,15.87,36.0,7510,6803,8015,3272177,0,128,4,-175.5,5.0,828.6,2591944224,2,16099,816,2512.8,2244.1,424,56.30,1,15,16,8011,0,0,0,0
5153,73.59,36.0,7502,6808,8021,3272299,0,128,4,-175.5,5.0,828.5,2591897980,2,16099,816,2512.8,2244.1,424,0.36,1,16,17,5,274,2,2,0
5154,17.99,36.0,7502,6808,8021,3272299,0,128,4,-175.5,5.0,828.0,2591896948,2,16099,816,2512.2,2243.4,424,8.18,1,15,16,8104,0,0,0,0
5155,23.49,36.0,7502,6808,8021,3272299,0,128,4,-175.5,5.0,827.8,2591897244,2,16099,816,2512.2,2243.4,424,0.37,1,15,16,4,294,2,1,0
5156,15.32,36.0,7502,6808,8021,3272299,0,128,4,-175.5,5.0,827.7,2591897540,2,16099,816,2512.2,2243.4,424,8.31,1,15,22,8227,0,0,0,0
5157,22.92,36.0,7502,6808,8021,3272299,0,128,4,-175.5,5.0,827.6,2591896908,2,16099,816,2512.2,2243.4,424,0.37,1,15,16,6,291,3,1,0
5158,14.85,36.0,7506,6808,8021,3272299,0,128,4,-175.5,5.0,827.4,2593570648,2,16098,816,2512.2,2243.4,424,55.80,1,15,16,7701,3,1408,0,0
5159,71.86,36.0,7506,6809,8021,3267397,0,128,4,-175.5,5.0,827.3,2593574216,2,16098,816,2512.2,2243.5,424,0.41,1,17,31,5,312,2,1,0
5160,19.39,36.0,7506,6809,8021,3267397,0,128,4,-175.5,5.0,826.8,2595231320,2,16098,816,2512.2,2243.5,424,55.16,1,15,15,7467,3,2,1,0
5161,72.34,36.0,7500,6807,8021,3269162,0,128,4,-175.5,5.0,826.7,2595214740,2,16098,816,2512.2,2243.5,424,0.36,1,21,20,5,272,2,1,0
5162,14.35,36.0,7500,6807,8021,3274142,0,128,4,-175.5,5.0,826.2,2595215036,2,16098,816,2512.2,2243.5,424,8.28,1,15,16,8206,0,0,0,0
5163,25.08,36.0,7500,6822,8034,3275211,0,128,4,-175.5,5.0,826.1,2595214388,2,16098,816,2512.2,2243.5,424,0.39,1,16,16,4,294,2,2,0
5164,16.22,36.0,7500,6823,8035,3275295,0,128,4,-175.5,5.0,825.9,2595215676,2,16098,816,2512.2,2243.5,424,8.30,1,16,16,8226,0,0,0,0
5165,22.53,36.0,7500,6823,8035,3275295,0,128,4,-175.5,5.0,825.8,2595214996,2,16098,816,2512.2,2243.5,424,0.37,1,15,16,5,286,2,1,0
5166,14.75,36.0,7504,6823,8035,3275295,0,128,4,-175.5,5.0,825.6,2592648328,2,16097,816,2512.2,2243.5,424,56.92,0,16,24,7731,4,1430,0,0
5167,74.48,36.0,7500,6826,8038,3283645,0,128,4,-175.5,5.0,825.5,2592631472,2,16097,816,2512.2,2243.5,424,0.39,1,16,17,13,295,2,2,0
5168,15.00,28.0,7500,6822,8034,3283373,0,128,4,-175.5,5.0,825.0,2592629588,2,16097,816,2511.9,2243.1,424,7.86,1,15,17,7777,6,3,2,0
5169,21.90,28.0,7500,6823,8035,3287981,0,128,4,-175.5,5.0,824.9,2592630892,2,16097,816,2511.9,2243.1,424,0.35,1,15,16,6,271,2,2,0
5170,15.42,28.0,7504,6819,8035,3287981,0,128,4,-175.5,5.0,824.7,2594303640,2,16096,816,2511.9,2243.1,424,59.42,1,15,17,7555,4,3629,0,0
5171,75.61,28.0,7504,6837,8054,3296415,0,128,4,-175.5,5.0,824.6,2594320884,2,16096,816,2511.9,2243.2,424,0.36,1,16,15,5,282,3,2,0
5172,14.81,28.0,7504,6836,8053,3296125,0,128,4,-175.5,5.0,824.1,2591803348,2,16096,816,2511.9,2243.2,424,54.56,1,16,17,7722,4,3,2,0
5173,73.34,28.0,7492,6832,8050,3297370,0,128,4,-175.5,5.0,824.0,2591734024,2,16096,816,2511.9,2243.2,424,0.36,1,16,15,5,282,3,2,0
5174,17.27,28.0,7492,6989,8207,3343918,0,128,4,-175.5,5.0,823.5,2591729924,2,16096,816,2511.2,2242.5,424,8.24,1,15,16,8164,0,0,0,0
5175,23.73,28.0,7492,6989,8207,3343918,0,128,4,-175.5,5.0,823.4,2591731212,2,16096,816,2511.2,2242.5,424,0.35,1,15,17,6,269,2,2,0
5176,16.15,28.0,7492,6999,8217,3344792,0,128,4,-175.5,5.0,823.2,2593386892,2,16096,816,2511.2,2242.5,424,54.94,1,16,17,8168,0,0,0,0
5177,73.99,28.0,7482,6998,8217,3349582,0,128,4,-175.5,5.0,823.1,2593345436,2,16096,816,2511.2,2242.5,424,0.36,0,16,15,5,277,2,2,0
5178,19.85,28.0,7482,7003,8222,3349814,0,128,4,-175.5,5.0,822.6,2594999912,2,16096,816,2510.8,2242.1,424,55.69,0,17,15,8429,0,0,0,0
5179,72.89,28.0,7470,7010,8227,3359817,0,128,4,-175.5,5.0,822.4,2594962480,2,16096,816,2510.8,2242.1,424,0.40,1,20,18,6,299,2,2,0
5180,17.41,28.0,7470,7008,8221,3359645,0,128,4,-175.5,5.0,821.9,2592378736,2,16096,816,2510.8,2242.1,424,55.79,1,15,17,8215,0,0,0,0
5181,74.02,28.0,7452,7006,8221,3357936,0,128,4,-175.5,5.0,821.8,2592314948,2,16096,816,2510.8,2242.1,424,0.35,2,16,15,5,272,2,1,0
5182,17.20,28.0,7452,7006,8221,3357936,0,128,4,-175.5,5.0,821.3,2593970416,2,16096,816,2510.5,2241.8,424,55.67,1,20,54,7962,0,0,0,0
5183,74.97,28.0,7446,7010,8221,3359751,0,128,4,-175.5,5.0,821.2,2593953300,2,16096,816,2510.5,2241.8,424,0.38,1,16,15,4,303,2,2,0
5184,19.96,28.0,7446,7010,8221,3359751,0,128,4,-175.5,5.0,820.6,2591434820,2,16096,816,2510.5,2241.8,424,55.60,1,16,22,8038,0,0,0,0
5185,72.48,28.0,7432,7008,8221,3361006,0,128,4,-175.5,5.0,820.5,2591381816,2,16096,816,2510.5,2241.8,424,0.33,0,15,16,5,252,2,1,0
5186,14.70,28.0,7436,7008,8221,3361006,0,128,4,-175.5,5.0,820.0,2593053352,2,16095,816,2510.2,2241.5,424,56.83,1,16,16,7794,4,1192,0,0
5187,77.24,28.0,7325,7014,8228,3361385,0,128,4,-175.5,5.0,819.9,2592735480,2,16095,816,2510.2,2241.5,424,0.33,1,16,15,6,246,2,1,0
5188,19.92,28.0,7325,7014,8229,3361387,0,128,4,-175.5,5.0,819.7,2592734748,3,16095,816,2509.9,2241.1,424,8.32,1,16,16,8239,0,0,0,0
5189,29.32,28.0,7325,7226,8463,3330710,0,128,4,-175.5,80.0,994.7,2594444700,3,16095,816,2512.6,2241.1,424,74.18,2,29,37,0,0,0,0,24968
5190,92.53,28.0,7325,2127,3397,1175313,0,128,4,-175.5,80.0,994.7,2594730880,3,16095,816,2512.6,2241.1,424,14.73,1,19,18,6758,0,0,0,0
5191,37.74,28.0,7325,2127,3397,1175313,0,128,4,-175.5,80.0,994.7,2594749148,3,16095,816,2512.6,2241.1,424,1.36,2,46,26,9,422,3,2,0
5192,27.28,28.0,7325,2127,3397,1175313,0,128,4,-175.5,80.0,994.7,2594749444,3,16095,816,2512.6,2241.1,424,7.51,2,17,16,7425,5,3,2,0
5193,14.91,25.0,7325,2127,3397,1175313,0,128,4,-175.5,80.0,994.7,2594748764,3,16095,816,2512.6,2241.1,424,0.33,1,15,16,4,257,2,2,0
5194,7.80,25.0,7325,2127,3397,1175313,0,128,4,-175.5,80.0,994.7,2594750084,3,16095,816,2512.6,2241.1,424,7.51,1,16,16,7369,4,50,5,0
5195,15.02,25.0,7325,2127,3396,1175311,0,128,4,-175.5,80.0,994.7,2594750280,3,16095,816,2512.6,2241.1,424,0.34,1,15,16,5,260,2,1,0
5196,7.48,25.0,7325,2127,3397,1175313,0,128,4,-175.5,80.0,994.7,2594750676,3,16095,816,2512.6,2241.1,424,6.96,1,16,15,6886,5,3,2,0
5197,14.33,25.0,7325,2127,3396,1175311,0,128,4,-175.5,80.0,994.7,2594750872,3,16095,816,2512.6,2241.1,424,0.34,1,14,16,5,264,2,1,0
5198,7.99,25.0,7325,2127,3397,1175313,0,128,4,-175.5,80.0,994.7,2594751268,3,16095,816,2512.6,2241.1,424,7.39,1,16,16,7271,4,50,1,0
5199,15.04,25.0,7325,2127,3396,1175311,0,128,4,-175.5,80.0,994.7,2594751464,3,16095,816,2512.6,2241.1,424,0.33,1,16,16,5,257,2,2,0
5200,6.89,25.0,7325,2127,3397,1175313,0,128,4,-175.5,80.0,994.7,2594750932,3,16095,816,2512.6,2241.1,424,6.88,1,16,15,6798,3,2,1,0
5201,14.76,25.0,7325,2127,3396,1175311,0,128,4,-175.5,80.0,994.7,2594752200,3,16095,816,2512.6,2241.1,424,0.35,1,16,16,6,252,1,2,0
5202,7.85,25.0,7325,2127,3397,1175313,0,128,4,-175.5,80.0,994.7,2594752596,3,16095,816,2512.6,2241.1,424,7.83,1,15,17,7705,4,50,2,0
5203,15.67,25.0,7325,2127,3396,1175311,0,128,4,-175.5,80.0,994.7,2594752792,3,16095,816,2512.6,2241.1,424,0.34,1,15,16,7,262,3,2,0
5204,7.69,25.0,7325,2127,3397,1175313,0,128,4,-175.5,80.0,994.7,2594753188,3,16095,816,2512.6,2241.1,424,7.60,1,15,16,7529,4,3,2,0
5205,15.58,25.0,7325,2127,3396,1175311,0,128,4,-175.5,80.0,994.7,2594753384,3,16095,816,2512.6,2241.1,424,0.37,0,25,15,5,276,2,1,0
5206,7.96,25.0,7325,2127,3397,1175313,0,128,4,-175.5,80.0,994.7,2594753780,3,16095,816,2512.6,2241.1,424,7.26,1,24,15,7123,4,49,1,0
5207,14.99,25.0,7325,2127,3396,1175311,0,128,4,-175.5,80.0,994.7,2594753000,3,16095,816,2512.6,2241.1,424,0.33,2,15,16,5,253,2,1,0
5208,7.84,25.0,7325,2127,3397,1175313,0,128,4,-175.5,80.0,994.7,2594754516,3,16095,816,2512.6,2241.1,424,7.86,1,15,16,7783,4,3,2,0
5209,15.70,25.0,7325,2127,3396,1175311,0,128,4,-175.5,80.0,994.7,2594754712,3,16095,816,2512.6,2241.1,424,0.32,1,14,16,5,252,3,1,0
5210,7.60,25.0,7325,2127,3397,1175313,0,128,4,-175.5,80.0,994.7,2594755108,3,16095,816,2512.6,2241.1,424,7.42,2,23,28,7255,6,56,2,0
5211,15.28,25.0,7325,2127,3396,1175311,0,128,4,-175.5,80.0,994.7,2594755304,3,16095,816,2512.6,2241.1,424,0.34,1,16,16,6,263,2,2,0
5212,7.55,25.0,7325,2127,3397,1175313,0,128,4,-175.5,80.0,994.7,2594755700,3,16095,816,2512.6,2241.1,424,7.05,0,14,15,6975,5,3,3,0
5213,14.50,25.0,7325,2127,3396,1175311,0,128,4,-175.5,80.0,994.7,2594755896,3,16095,816,2512.6,2241.1,424,0.33,1,16,15,4,255,2,2,0
5214,7.82,25.0,7325,2127,3397,1175313,0,128,4,-175.5,80.0,994.7,2594755268,3,16095,816,2512.6,2241.1,424,7.14,1,16,15,7014,9,51,2,0
5215,14.72,25.0,7325,2127,3396,1175311,0,128,4,-175.5,80.0,994.7,2594756632,3,16095,816,2512.6,2241.1,424,0.41,1,20,18,6,328,3,1,0
5216,7.64,25.0,7325,2127,3397,1175313,0,128,4,-175.5,80.0,994.7,2594757028,3,16095,816,2512.6,2241.1,424,6.96,2,23,23,6857,4,2,1,0
5217,21.68,25.0,7325,2127,3396,1175311,0,128,4,-175.5,80.0,994.7,2594757224,3,16095,816,2512.6,2241.1,424,0.33,1,15,16,4,262,2,1,0
5218,7.32,25.0,7325,2127,3397,1175313,0,128,4,-175.5,80.0,994.7,2594757620,3,16095,816,2512.6,2241.1,424,6.95,1,17,31,6808,4,49,2,0
5219,14.60,25.0,7325,2127,3396,1175311,0,128,4,-175.5,80.0,994.7,2594757816,3,16095,816,2512.6,2241.1,424,0.35,1,20,27,5,265,2,2,0
5220,9.80,25.0,7325,2127,3397,1175313,0,128,4,-175.5,80.0,994.7,2594757484,3,16095,816,2512.6,2241.1,424,7.31,1,15,19,7231,5,2,1,0
5221,16.13,25.0,7325,2127,3396,1175311,0,128,4,-175.5,80.0,994.7,2594758536,3,16095,816,2512.6,2241.1,424,0.33,1,15,16,6,255,2,1,0
5222,7.66,25.0,7325,2127,3397,1175313,0,128,4,-175.5,80.0,994.7,2594758932,3,16095,816,2512.6,2241.1,424,7.44,1,15,22,7313,4,49,2,0
5223,16.02,25.0,7325,2127,3396,1175311,0,128,4,-175.5,80.0,994.7,2594759128,3,16095,816,2512.6,2241.1,424,0.34,1,15,16,4,264,2,1,0
5224,7.53,25.0,7325,2127,3397,1175313,0,128,4,-175.5,80.0,994.7,2594759524,3,16095,816,2512.6,2241.1,424,7.30,1,15,15,7224,4,3,1,0
5225,14.70,25.0,7325,2127,3396,1175311,0,128,4,-175.5,80.0,994.7,2594759720,3,16095,816,2512.6,2241.1,424,0.33,1,17,16,5,258,2,3,0
5226,7.74,25.0,7325,2127,3397,1175313,0,128,4,-175.5,80.0,994.7,2594760116,3,16095,816,2512.6,2241.1,424,7.35,1,15,17,7224,5,50,2,0
5227,14.81,25.0,7325,2127,3396,1175311,0,128,4,-175.5,80.0,994.7,2594759192,3,16095,816,2512.6,2241.1,424,0.35,1,15,15,5,278,3,1,0
5228,6.96,25.0,7325,2127,3397,1175313,0,128,4,-175.5,80.0,994.7,2594760852,3,16095,816,2512.6,2241.1,424,7.31,1,30,16,7222,7,3,3,0
5229,14.91,25.0,7325,2127,3396,1175311,0,128,4,-175.5,80.0,994.7,2594761048,3,16095,816,2512.6,2241.1,424,0.35,2,16,16,5,275,3,1,0
5230,8.35,25.0,7325,2127,3397,1175313,0,128,4,-175.5,80.0,994.7,2594761444,3,16095,816,2512.6,2241.1,424,6.78,1,16,15,6657,4,47,2,0
5231,14.62,25.0,7325,2127,3396,1175311,0,128,4,-175.5,80.0,994.7,2594761640,3,16095,816,2512.6,2241.1,424,0.33,1,16,22,5,254,2,1,0
5232,8.56,25.0,7325,2127,3397,1175313,0,128,4,-175.5,80.0,994.7,2594760836,3,16095,816,2512.6,2241.1,424,7.59,1,16,17,7512,5,3,2,0
5233,14.94,25.0,7325,2127,3396,1175311,0,128,4,-175.5,80.0,994.7,2594762328,3,16095,816,2512.6,2241.1,424,0.40,2,25,23,8,280,1,1,0
5234,8.42,25.0,7325,2127,3397,1175313,0,128,4,-175.5,80.0,994.7,2594762724,3,16095,816,2512.6,2241.1,424,7.67,1,15,16,7551,5,51,2,0
5235,15.61,25.0,7325,2127,3396,1175311,0,128,4,-175.5,80.0,994.7,2594762920,3,16095,816,2512.6,2241.1,424,0.33,1,15,17,5,253,2,2,0
5236,8.53,25.0,7325,2127,3397,1175313,0,128,4,-175.5,80.0,994.7,2594762068,3,16095,816,2512.6,2241.1,424,6.99,1,16,15,6916,4,3,2,0
5237,14.72,25.0,7325,2127,3396,1175311,0,128,4,-175.5,80.0,994.7,2594763576,3,16095,816,2512.6,2241.1,424,0.35,1,16,16,5,280,2,2,0
5238,8.53,25.0,7325,2127,3397,1175313,0,128,4,-175.5,80.0,994.7,2594762676,3,16095,816,2512.6,2241.1,424,7.21,1,17,16,7066,5,49,2,0
5239,14.67,25.0,7325,2127,3396,1175311,0,128,4,-175.5,80.0,994.7,2594764200,3,16095,816,2512.6,2241.1,424,0.33,1,16,16,5,255,2,2,0
5240,8.62,25.0,7325,2127,3397,1175313,0,128,4,-175.5,80.0,994.7,2594764596,3,16095,816,2512.6,2241.1,424,7.21,2,27,23,7106,4,2,2,0
5241,14.99,25.0,7325,2127,3396,1175311,0,128,4,-175.5,80.0,994.7,2594763496,3,16095,816,2512.6,2241.1,424,0.34,1,18,25,6,259,2,2,0
5242,8.54,25.0,7325,2127,3397,1175313,0,128,4,-175.5,80.0,994.7,2594765236,3,16095,816,2512.6,2241.1,424,6.85,2,16,15,6721,3,60,1,0
5243,14.54,25.0,7325,2127,3396,1175311,0,128,4,-175.5,80.0,994.7,2594765432,3,16095,816,2512.6,2241.1,424,0.32,1,17,15,5,253,2,1,0
5244,8.64,25.0,7325,2127,3397,1175313,0,128,4,-175.5,80.0,994.7,2594765828,3,16095,816,2512.6,2241.1,424,7.08,1,15,16,7005,4,2,3,0
5245,14.58,25.0,7325,2127,3396,1175311,0,128,4,-175.5,80.0,994.7,2594766024,3,16095,816,2512.6,2241.1,424,0.32,1,16,15,5,251,2,2,0
5246,8.52,25.0,7325,2127,3397,1175313,0,128,4,-175.5,80.0,994.7,2594766420,3,16095,816,2512.6,2241.1,424,6.92,1,15,15,6806,4,48,2,0
5247,15.01,25.0,7325,2127,3396,1175311,0,128,4,-175.5,80.0,994.7,2594765352,3,16095,816,2512.6,2241.1,424,0.34,1,16,20,7,260,3,1,0
5248,9.44,25.0,7325,2127,3397,1175313,0,128,4,-175.5,80.0,994.7,2594767124,3,16095,816,2512.6,2241.1,424,7.25,1,15,16,7170,5,3,2,0
5249,15.07,25.0,7325,2127,3396,1175311,0,128,4,-175.5,80.0,994.7,2594767320,3,16095,816,2512.6,2241.1,424,0.39,1,17,16,5,309,2,2,0
5250,8.91,25.0,7325,2127,3397,1175313,0,128,4,-175.5,80.0,994.7,2594768004,3,16095,816,2512.6,2241.1,424,7.51,1,15,16,7378,5,50,3,0
5251,22.76,25.0,7325,2127,3396,1175311,0,128,4,-175.5,80.0,994.7,2594768188,3,16095,816,2512.6,2241.1,424,0.36,1,16,16,6,292,2,2,0
5252,7.88,25.0,7325,2127,3397,1175313,0,128,4,-175.5,80.0,994.7,2594767272,3,16095,816,2512.6,2241.1,424,7.11,1,15,16,7026,5,2,1,0
5253,14.96,25.0,7325,2127,3396,1175311,0,128,4,-175.5,80.0,994.7,2594768876,3,16095,816,2512.6,2241.1,424,0.33,1,15,15,5,256,2,2,0
5254,8.03,25.0,7325,2127,3397,1175313,0,128,4,-175.5,80.0,994.7,2594769272,3,16095,816,2512.6,2241.1,424,7.38,1,15,15,7258,6,52,1,0
5255,15.03,25.0,7325,2127,3396,1175311,0,128,4,-175.5,80.0,994.7,2594769468,3,16095,816,2512.6,2241.1,424,0.32,1,15,16,5,249,2,2,0
5256,7.48,25.0,7325,2127,3397,1175313,0,128,4,-175.5,80.0,994.7,2594768504,3,16095,816,2512.6,2241.1,424,7.72,2,16,16,7644,5,3,2,0
5257,16.17,25.0,7325,2127,3396,1175311,0,128,4,-175.5,80.0,994.7,2594770140,3,16095,816,2512.6,2241.1,424,0.36,1,15,18,9,269,2,2,0
5258,7.78,25.0,7325,2127,3397,1175313,0,128,4,-175.5,80.0,994.7,2594770536,3,16095,816,2512.6,2241.1,424,7.64,0,14,16,7526,5,51,2,0
5259,14.97,25.0,7325,2127,3396,1175311,0,128,4,-175.5,80.0,994.7,2594770732,3,16095,816,2512.6,2241.1,424,0.35,1,16,15,5,268,2,1,0
5260,7.50,25.0,7325,2127,3397,1175313,0,128,4,-175.5,80.0,994.7,2594771128,3,16095,816,2512.6,2241.1,424,6.82,0,17,16,6748,3,2,2,0
5261,14.67,25.0,7325,2127,3396,1175311,0,128,4,-175.5,80.0,994.7,2594771324,3,16095,816,2512.6,2241.1,424,0.33,1,15,16,5,258,2,1,0
5262,7.84,25.0,7325,2127,3397,1175313,0,128,4,-175.5,80.0,994.7,2594770360,3,16095,816,2512.6,2241.1,424,7.55,1,20,21,7408,7,56,1,0
5263,14.63,25.0,7325,2127,3396,1175311,0,128,4,-175.5,80.0,994.7,2594772028,3,16095,816,2512.6,2241.1,424,0.32,1,17,16,5,252,2,2,0
5264,7.86,25.0,7325,2127,3397,1175313,0,128,4,-175.5,80.0,994.7,2594772424,3,16095,816,2512.6,2241.1,424,7.51,1,18,16,7424,6,3,3,0
5265,15.56,25.0,7325,2127,3396,1175311,0,128,4,-175.5,80.0,994.7,2594772620,3,16095,816,2512.6,2241.1,424,0.36,2,16,17,4,265,2,2,0
5266,7.72,25.0,7325,2127,3397,1175313,0,128,4,-175.5,80.0,994.7,2594773016,3,16095,816,2512.6,2241.1,424,7.18,1,17,16,7055,5,51,2,0
5267,14.84,25.0,7325,2127,3396,1175311,0,128,4,-175.5,80.0,994.7,2594773212,3,16095,816,2512.6,2241.1,424,0.33,1,16,15,5,255,2,1,0
5268,7.96,25.0,7325,2127,3397,1175313,0,128,4,-175.5,80.0,994.7,2594772216,3,16095,816,2512.6,2241.1,424,7.20,1,15,16,7123,4,2,2,0
5269,15.16,25.0,7325,2127,3396,1175311,0,128,4,-175.5,80.0,994.7,2594773932,3,16095,816,2512.6,2241.1,424,0.34,1,15,22,5,268,2,1,0
5270,7.39,25.0,7325,2127,3397,1175313,0,128,4,-175.5,80.0,994.7,2594774328,3,16095,816,2512.6,2241.1,424,7.77,1,15,16,7644,8,50,2,0
5271,14.95,25.0,7325,2127,3396,1175311,0,128,4,-175.5,80.0,994.7,2594774524,3,16095,816,2512.6,2241.1,424,0.37,1,15,16,5,281,5,4,0
5272,7.52,25.0,7325,2127,3397,1175313,0,128,4,-175.5,80.0,994.7,2594774920,3,16095,816,2512.6,2241.1,424,7.65,1,32,15,7543,4,3,2,0
5273,15.03,25.0,7325,2127,3396,1175311,0,128,4,-175.5,80.0,994.7,2594775116,3,16095,816,2512.6,2241.1,424,0.41,1,21,17,5,332,3,2,0
5274,8.02,25.0,7325,2127,3397,1175313,0,128,4,-175.5,80.0,994.7,2594775512,3,16095,816,2512.6,2241.1,424,7.03,1,21,17,6892,3,49,3,0
5275,14.79,25.0,7325,2127,3396,1175311,0,128,4,-175.5,80.0,994.7,2594774284,3,16095,816,2512.6,2241.1,424,0.33,1,16,16,6,255,2,1,0
5276,7.45,25.0,7325,2127,3397,1175313,0,128,4,-175.5,80.0,994.7,2594776248,3,16095,816,2512.6,2241.1,424,7.25,0,14,15,7184,6,3,2,0
5277,15.29,25.0,7325,2127,3396,1175311,0,128,4,-175.5,80.0,994.7,2594776444,3,16095,816,2512.6,2241.1,424,0.50,1,27,23,7,383,4,2,0
5278,8.07,85.0,7325,2127,3397,1175313,0,128,4,-175.5,80.0,994.7,2594775304,3,16095,816,2512.6,2241.1,424,7.43,1,24,32,7255,5,57,2,0
5279,15.50,85.0,7325,2127,3396,1175311,0,128,4,-175.5,80.0,994.7,2594777084,3,16095,816,2512.6,2241.1,424,0.37,1,25,17,6,272,2,2,0
5280,10.91,85.0,7325,2127,3397,1175313,0,128,4,-175.5,80.0,994.7,2594776200,3,16095,816,2512.6,2241.1,424,7.95,1,17,21,7860,5,3,2,0
5281,16.90,85.0,7325,2127,3397,1175313,0,128,4,-175.5,80.0,994.7,2594777792,3,16095,816,2512.6,2241.1,424,0.37,1,27,19,4,284,2,2,0
5282,7.39,85.0,7325,2127,3397,1175313,0,128,4,-175.5,80.0,994.7,2594776520,3,16095,816,2512.6,2241.1,424,7.70,1,16,16,7569,6,52,2,0
5283,15.06,85.0,7325,2127,3396,1175311,0,128,4,-175.5,80.0,994.7,2594778316,3,16095,816,2512.6,2241.1,424,0.35,1,15,25,9,268,2,2,0
5284,7.55,85.0,7325,2127,3397,1175313,0,128,4,-175.5,80.0,994.7,2594778712,3,16095,816,2512.6,2241.1,424,7.56,1,15,15,7484,4,2,2,0
5285,15.01,85.0,7325,2127,3396,1175311,0,128,4,-175.5,80.0,994.7,2594777340,3,16095,816,2512.6,2241.1,424,0.33,1,16,16,5,258,2,1,0
5286,7.29,85.0,7325,2127,3397,1175313,0,128,4,-175.5,80.0,994.7,2594779352,3,16095,816,2512.6,2241.1,424,7.30,0,15,16,7170,5,49,2,0
5287,14.70,85.0,7325,2127,3396,1175311,0,128,4,-175.5,80.0,994.7,2594779548,3,16095,816,2512.6,2241.1,424,0.33,1,16,15,5,257,2,2,0
5288,7.25,85.0,7325,2127,3397,1175313,0,128,4,-175.5,80.0,994.7,2594779944,3,16095,816,2512.6,2241.1,424,7.00,1,15,16,6927,4,3,2,0
5289,14.39,85.0,7325,2127,3396,1175311,0,128,4,-175.5,80.0,994.7,2594780140,3,16095,816,2512.6,2241.1,424,0.41,2,19,16,4,308,4,2,0
5290,7.96,85.0,7325,2127,3397,1175313,0,128,4,-175.5,80.0,994.7,2594778984,3,16095,816,2512.6,2241.1,424,7.46,1,16,24,7333,5,48,1,0
5291,15.04,85.0,7325,2127,3396,1175311,0,128,4,-175.5,80.0,994.7,2594780828,3,16095,816,2512.6,2241.1,424,0.33,1,15,16,5,259,3,1,0
5292,8.16,85.0,7325,2127,3397,1175313,0,128,4,-175.5,80.0,994.7,2594781224,3,16095,816,2512.6,2241.1,424,7.69,1,16,16,7616,5,2,2,0
5293,16.26,85.0,7325,2127,3396,1175311,0,128,4,-175.5,80.0,994.7,2594781420,3,16095,816,2512.6,2241.1,424,0.33,1,15,15,4,257,2,1,0
5294,7.62,85.0,7325,2127,3397,1175313,0,128,4,-175.5,80.0,994.7,2594781816,3,16095,816,2512.6,2241.1,424,6.93,1,16,16,6815,4,50,2,0
5295,14.51,85.0,7325,2127,3396,1175311,0,128,4,-175.5,80.0,994.7,2594782012,3,16095,816,2512.6,2241.1,424,0.36,2,18,17,5,283,2,1,0
5296,8.43,85.0,7325,2127,3397,1175313,0,128,4,-175.5,80.0,994.7,2594782408,3,16095,816,2512.6,2241.1,424,7.00,1,15,15,6926,4,3,2,0
5297,14.81,85.0,7325,2127,3396,1175311,0,128,4,-175.5,80.0,994.7,2594781052,3,16095,816,2512.6,2241.1,424,0.34,1,15,16,5,261,2,1,0
5298,7.43,85.0,7325,2127,3397,1175313,0,128,4,-175.5,80.0,994.7,2594783144,3,16095,816,2512.6,2241.1,424,6.88,1,16,16,6767,3,47,2,0
5299,14.99,85.0,7325,2127,3396,1175311,0,128,4,-175.5,80.0,994.7,2594783340,3,16095,816,2512.6,2241.1,424,0.33,1,16,16,5,254,2,1,0
5300,7.81,85.0,7325,2127,3397,1175313,0,128,4,-175.5,80.0,994.7,2594783736,3,16095,816,2512.6,2241.1,424,7.24,1,15,15,7167,5,3,2,0
5301,15.11,85.0,7325,2127,3396,1175311,0,128,4,-175.5,80.0,994.7,2594783932,3,16095,816,2512.6,2241.1,424,0.33,1,16,16,5,257,2,2,0
5302,7.86,85.0,7325,2127,3397,1175313,0,128,4,-175.5,80.0,994.7,2594784328,3,16095,816,2512.6,2241.1,424,7.04,1,16,16,6901,4,56,4,0
5303,14.63,85.0,7325,2127,3396,1175311,0,128,4,-175.5,80.0,994.7,2594782908,3,16095,816,2512.6,2241.1,424,0.44,1,24,23,7,337,4,4,0
5304,8.07,85.0,7325,2127,3397,1175313,0,128,4,-175.5,80.0,994.7,2594785032,3,16095,816,2512.6,2241.1,424,7.17,1,15,15,7097,6,3,3,0
5305,14.28,85.0,7325,2127,3396,1175311,0,128,4,-175.5,80.0,994.7,2594785228,3,16095,816,2512.6,2241.1,424,0.33,1,16,15,5,256,1,1,0
5306,7.53,85.0,7325,2127,3397,1175313,0,128,4,-175.5,80.0,994.7,2594785624,3,16095,816,2512.6,2241.1,424,7.23,1,15,15,7096,5,50,2,0
5307,14.91,85.0,7325,2127,3396,1175311,0,128,4,-175.5,80.0,994.7,2594785820,3,16095,816,2512.6,2241.1,424,0.35,2,20,15,4,275,1,1,0
5308,7.19,85.0,7325,2127,3397,1175313,0,128,4,-175.5,80.0,994.7,2594786216,3,16095,816,2512.6,2241.1,424,6.96,1,15,16,6890,4,3,2,0
5309,15.11,85.0,7325,2127,3396,1175311,0,128,4,-175.5,80.0,994.7,2594786412,3,16095,816,2512.6,2241.1,424,0.34,1,16,30,6,251,2,2,0
5310,9.10,85.0,7325,2127,3397,1175313,0,128,4,-175.5,80.0,994.7,2594785464,3,16095,816,2512.6,2241.1,424,7.77,1,16,17,7639,6,51,1,0
5311,16.73,85.0,7325,2127,3396,1175311,0,128,4,-175.5,80.0,994.7,2594787148,3,16095,816,2512.6,2241.1,424,0.38,1,16,25,12,288,2,2,0
5312,7.78,85.0,7325,2127,3397,1175313,0,128,4,-175.5,80.0,994.7,2594785784,3,16095,816,2512.6,2241.1,424,7.39,1,18,19,7291,5,2,2,0
5313,15.61,85.0,7325,2127,3396,1175311,0,128,4,-175.5,80.0,994.7,2594787772,3,16095,816,2512.6,2241.1,424,0.34,1,16,15,6,257,2,2,0
5314,7.74,85.0,7325,2127,3397,1175313,0,128,4,-175.5,80.0,994.7,2594788168,3,16095,816,2512.6,2241.1,424,6.80,2,16,15,6685,4,46,2,0
5315,14.18,85.0,7325,2127,3396,1175311,0,128,4,-175.5,80.0,994.7,2594788364,3,16095,816,2512.6,2241.1,424,0.37,1,17,15,5,299,2,2,0
5316,7.21,85.0,7325,2127,3397,1175313,0,128,4,-175.5,80.0,994.7,2594788760,3,16095,816,2512.6,2241.1,424,7.04,1,18,19,6961,4,3,2,0
5317,15.39,85.0,7325,2127,3396,1175311,0,128,4,-175.5,80.0,994.7,2594788956,3,16095,816,2512.6,2241.1,424,0.34,1,15,15,5,263,2,2,0
5318,7.62,85.0,7325,2127,3397,1175313,0,128,4,-175.5,80.0,994.7,2594789352,3,16095,816,2512.6,2241.1,424,7.26,1,24,18,7111,14,56,2,0
5319,14.98,85.0,7325,2127,3396,1175311,0,128,4,-175.5,80.0,994.7,2594789548,3,16095,816,2512.6,2241.1,424,0.39,1,16,15,5,313,3,2,0
5320,7.87,85.0,7325,2127,3397,1175313,0,128,4,-175.5,80.0,994.7,2594789944,3,16095,816,2512.6,2241.1,424,7.14,1,17,15,7061,4,2,1,0
5321,14.32,85.0,7325,2127,3396,1175311,0,128,4,-175.5,80.0,994.7,2594788476,3,16095,816,2512.6,2241.1,424,0.33,1,15,15,4,256,2,2,0
5322,7.77,85.0,7325,2127,3397,1175313,0,128,4,-175.5,80.0,994.7,2594788872,3,16095,816,2512.6,2241.1,424,7.07,1,15,32,6929,6,51,2,0
5323,14.41,85.0,7325,2127,3396,1175311,0,128,4,-175.5,80.0,994.7,2594790924,3,16095,816,2512.6,2241.1,424,0.34,1,15,16,5,270,2,2,0
5324,8.09,85.0,7325,2127,3397,1175313,0,128,4,-175.5,80.0,994.7,2594791320,3,16095,816,2512.6,2241.1,424,7.37,1,16,16,7293,4,2,2,0
5325,15.19,85.0,7325,2127,3396,1175311,0,128,4,-175.5,80.0,994.7,2594791516,3,16095,816,2512.6,2241.1,424,0.35,1,15,16,6,275,2,2,0
5326,7.62,85.0,7325,2127,3397,1175313,0,128,4,-175.5,80.0,994.7,2594791912,3,16095,816,2512.6,2241.1,424,7.05,2,15,15,6926,5,53,1,0
5327,14.87,85.0,7325,2127,3396,1175311,0,128,4,-175.5,80.0,994.7,2594792108,3,16095,816,2512.6,2241.1,424,0.34,1,16,16,5,268,2,1,0
5328,7.99,85.0,7325,2127,3397,1175313,0,128,4,-175.5,80.0,994.7,2594792504,3,16095,816,2512.6,2241.1,424,7.70,1,15,16,7624,5,3,2,0
5329,15.20,85.0,7325,2127,3396,1175311,0,128,4,-175.5,80.0,994.7,2594790940,3,16095,816,2512.6,2241.1,424,0.33,1,15,15,4,260,2,2,0
5330,7.37,85.0,7325,2127,3397,1175313,0,128,4,-175.5,80.0,994.7,2594791336,3,16095,816,2512.6,2241.1,424,7.23,1,16,21,7099,5,50,2,0
5331,14.54,85.0,7325,2127,3396,1175311,0,128,4,-175.5,80.0,994.7,2594793436,3,16095,816,2512.6,2241.1,424,0.34,1,19,17,4,255,1,1,0
5332,8.56,85.0,7325,2127,3397,1175313,0,128,4,-175.5,80.0,994.7,2594793832,3,16095,816,2512.6,2241.1,424,7.09,1,17,16,7010,5,3,2,0
5333,17.41,85.0,7325,2127,3396,1175311,0,128,4,-175.5,80.0,994.7,2594794028,3,16095,816,2512.6,2241.1,424,0.35,1,21,16,5,271,2,2,0
5334,7.79,85.0,7325,2127,3397,1175313,0,128,4,-175.5,80.0,994.7,2594794424,3,16095,816,2512.6,2241.1,424,7.38,2,21,17,7222,6,66,1,0
5335,15.46,85.0,7325,2127,3396,1175311,0,128,4,-175.5,80.0,994.7,2594794620,3,16095,816,2512.6,2241.1,424,0.33,1,16,15,5,255,2,2,0
5336,8.08,85.0,7325,2127,3397,1175313,0,128,4,-175.5,80.0,994.7,2594795016,3,16095,816,2512.6,2241.1,424,6.90,2,21,18,6737,2,2,2,0
5337,14.53,85.0,7325,2127,3396,1175311,0,128,4,-175.5,80.0,994.7,2594793404,3,16095,816,2512.6,2241.1,424,0.34,1,17,29,4,258,2,2,0
5338,8.04,85.0,7325,2127,3397,1175313,0,128,4,-175.5,80.0,994.7,2594793800,3,16095,816,2512.6,2241.1,424,7.56,1,16,16,7424,5,60,1,0
5339,15.30,85.0,7325,2127,3396,1175311,0,128,4,-175.5,80.0,994.7,2594795948,3,16095,816,2512.6,2241.1,424,0.36,1,16,16,5,285,6,3,0
5340,10.89,85.0,7325,2127,3397,1175313,0,128,4,-175.5,80.0,994.7,2594796632,3,16095,816,2512.6,2241.1,424,7.30,1,16,34,7206,5,2,2,0
5341,15.81,85.0,7325,2127,3397,1175313,0,128,4,-175.5,80.0,994.7,2594796640,3,16095,816,2512.6,2241.1,424,0.33,1,15,15,5,258,2,2,0
5342,7.09,85.0,7325,2127,3397,1175313,0,128,4,-175.5,80.0,994.7,2594796936,3,16095,816,2512.6,2241.1,424,7.50,1,15,16,7368,9,55,2,0
5343,15.72,85.0,7325,2127,3396,1175311,0,128,4,-175.5,80.0,994.7,2594797132,3,16095,816,2512.6,2241.1,424,0.33,1,16,17,5,258,2,1,0
5344,7.64,85.0,7325,2127,3397,1175313,0,128,4,-175.5,80.0,994.7,2594797528,3,16095,816,2512.6,2241.1,424,7.24,1,16,15,7168,4,2,1,0
5345,15.32,85.0,7325,2127,3396,1175311,0,128,4,-175.5,80.0,994.7,2594795868,3,16095,816,2512.6,2241.1,424,0.34,1,16,16,5,264,1,1,0
5346,8.95,85.0,7325,2127,3397,1175313,0,128,4,-175.5,80.0,994.7,2594796264,3,16095,816,2512.6,2241.1,424,7.62,1,15,15,7491,5,51,1,0
5347,15.27,85.0,7325,2127,3396,1175311,0,128,4,-175.5,80.0,994.7,2594798460,3,16095,816,2512.6,2241.1,424,0.34,1,15,17,5,254,2,2,0
5348,8.01,85.0,7325,2127,3397,1175313,0,128,4,-175.5,80.0,994.7,2594798856,3,16095,816,2512.6,2241.1,424,7.61,2,24,24,7506,5,3,1,0
5349,15.41,85.0,7325,2127,3396,1175311,0,128,4,-175.5,80.0,994.7,2594799052,3,16095,816,2512.6,2241.1,424,0.38,1,16,30,5,292,3,2,0
5350,7.94,85.0,7325,2127,3397,1175313,0,128,4,-175.5,80.0,994.7,2594799448,3,16095,816,2512.6,2241.1,424,7.33,1,28,31,7165,6,62,1,0
5351,14.72,85.0,7325,2127,3396,1175311,0,128,4,-175.5,80.0,994.7,2594799644,3,16095,816,2512.6,2241.1,424,0.33,1,15,16,5,257,2,2,0
5352,7.80,85.0,7325,2127,3397,1175313,0,128,4,-175.5,80.0,994.7,2594798120,3,16095,816,2512.6,2241.1,424,7.18,1,30,16,7091,4,3,2,0
5353,14.82,85.0,7325,2127,3396,1175311,0,128,4,-175.5,80.0,994.7,2594800348,3,16095,816,2512.6,2241.1,424,0.33,1,15,15,5,255,2,1,0
5354,7.97,85.0,7325,2127,3397,1175313,0,128,4,-175.5,80.0,994.7,2594798728,3,16095,816,2512.6,2241.1,424,7.26,1,16,16,7136,5,51,2,0
5355,14.59,85.0,7325,2127,3396,1175311,0,128,4,-175.5,80.0,994.7,2594800972,3,16095,816,2512.6,2241.1,424,0.35,1,14,15,5,285,1,1,0
5356,7.33,85.0,7325,2127,3397,1175313,0,128,4,-175.5,80.0,994.7,2594801368,3,16095,816,2512.6,2241.1,424,6.82,1,16,16,6746,3,3,2,0
5357,14.28,85.0,7325,2127,3396,1175311,0,128,4,-175.5,80.0,994.7,2594799548,3,16095,816,2512.6,2241.1,424,0.34,1,16,15,5,268,2,1,0
5358,8.58,85.0,7325,2127,3397,1175313,0,128,4,-175.5,80.0,994.7,2594799944,3,16095,816,2512.6,2241.1,424,7.21,1,33,15,7057,5,53,2,0
5359,15.38,85.0,7325,2127,3396,1175311,0,128,4,-175.5,80.0,994.7,2594802204,3,16095,816,2512.6,2241.1,424,0.32,1,16,16,5,252,2,2,0
5360,8.15,85.0,7325,2127,3397,1175313,0,128,4,-175.5,80.0,994.7,2594802600,3,16095,816,2512.6,2241.1,424,6.97,1,16,16,6894,4,3,2,0
5361,14.83,85.0,7325,2127,3396,1175311,0,128,4,-175.5,80.0,994.7,2594802796,3,16095,816,2512.6,2241.1,424,0.33,1,15,16,5,256,2,1,0
5362,8.03,85.0,7325,2127,3397,1175313,0,128,4,-175.5,80.0,994.7,2594803192,3,16095,816,2512.6,2241.1,424,7.74,1,16,28,7593,6,57,2,0
5363,15.50,85.0,7325,2127,3396,1175311,0,128,4,-175.5,80.0,994.7,2594803388,3,16095,816,2512.6,2241.1,424,0.35,1,19,17,5,262,3,2,0
5364,14.65,86.0,7325,2127,3397,1175313,0,128,4,-175.5,80.0,994.7,2594801800,3,16095,816,2512.6,2241.1,424,7.26,1,15,15,7191,6,3,2,0
5365,15.07,86.0,7325,2127,3397,1175313,0,128,4,-175.5,80.0,994.7,2594804192,3,16095,816,2512.6,2241.1,424,0.35,1,16,16,5,276,2,2,0
5366,7.01,86.0,7325,2127,3397,1175313,0,128,4,-175.5,80.0,994.7,2594802408,3,16095,816,2512.6,2241.1,424,6.90,1,18,17,6755,4,63,2,0
5367,14.97,86.0,7325,2127,3396,1175311,0,128,4,-175.5,80.0,994.7,2594804716,3,16095,816,2512.6,2241.1,424,0.33,1,16,15,5,253,2,2,0
5368,7.47,86.0,7325,2127,3397,1175313,0,128,4,-175.5,80.0,994.7,2594803016,3,16095,816,2512.6,2241.1,424,7.56,1,15,32,7468,5,3,2,0
5369,15.30,86.0,7325,2127,3396,1175311,0,128,4,-175.5,80.0,994.7,2594805324,3,16095,816,2512.6,2241.1,424,0.33,1,17,15,5,246,2,2,0
5370,9.40,86.0,7325,2127,3397,1175313,0,128,4,-175.5,80.0,994.7,2594803912,3,16095,816,2512.6,2241.1,424,7.22,1,16,16,7082,13,54,1,0
5371,16.50,86.0,7325,2127,3396,1175311,0,128,4,-175.5,80.0,994.7,2594805948,3,16095,816,2512.6,2241.1,424,0.35,2,17,16,5,273,2,2,0
5372,7.84,86.0,7325,2127,3397,1175313,0,128,4,-175.5,80.0,994.7,2594806344,3,16095,816,2512.6,2241.1,424,7.35,1,15,30,7258,7,3,3,0
5373,15.85,86.0,7325,2127,3396,1175311,0,128,4,-175.5,80.0,994.7,2594806540,3,16095,816,2512.6,2241.1,424,0.36,1,16,19,10,283,2,2,0
5374,8.47,86.0,7325,2127,3397,1175313,0,128,4,-175.5,80.0,994.7,2594806936,3,16095,816,2512.6,2241.1,424,7.61,1,15,16,7484,5,50,2,0
5375,15.24,86.0,7325,2127,3396,1175311,0,128,4,-175.5,80.0,994.7,2594807132,3,16095,816,2512.6,2241.1,424,0.37,1,16,19,7,277,2,1,0
5376,7.99,86.0,7325,2127,3397,1175313,0,128,4,-175.5,80.0,994.7,2594805480,3,16095,816,2512.6,2241.1,424,7.05,1,15,16,6968,7,4,4,0
5377,14.86,86.0,7325,2127,3396,1175311,0,128,4,-175.5,80.0,994.7,2594807836,3,16095,816,2512.6,2241.1,424,0.47,1,16,16,5,374,8,5,0
5378,8.44,86.0,7325,2127,3397,1175313,0,128,4,-175.5,80.0,994.7,2594806088,3,16095,816,2512.6,2241.1,424,7.24,1,15,15,7111,6,54,1,0
5379,15.07,86.0,7325,2127,3396,1175311,0,128,4,-175.5,80.0,994.7,2594808460,3,16095,816,2512.6,2241.1,424,0.36,3,25,16,5,271,2,1,0
5380,7.93,86.0,7325,2127,3397,1175313,0,128,4,-175.5,80.0,994.7,2594806696,3,16095,816,2512.6,2241.1,424,7.14,1,15,16,7060,10,2,2,0
5381,15.27,86.0,7325,2127,3396,1175311,0,128,4,-175.5,80.0,994.7,2594806892,3,16095,816,2512.6,2241.1,424,0.33,1,15,16,6,254,1,1,0
5382,7.88,86.0,7325,2127,3397,1175313,0,128,4,-175.5,80.0,994.7,2594809464,3,16095,816,2512.6,2241.1,424,6.96,1,15,16,6841,4,47,2,0
5383,15.08,86.0,7325,2127,3396,1175311,0,128,4,-175.5,80.0,994.7,2594807500,3,16095,816,2512.6,2241.1,424,0.33,1,15,17,5,263,2,2,0
5384,7.97,86.0,7325,2127,3397,1175313,0,128,4,-175.5,80.0,994.7,2594807896,3,16095,816,2512.6,2241.1,424,7.35,2,23,23,7228,5,2,2,0
5385,15.34,86.0,7325,2127,3396,1175311,0,128,4,-175.5,80.0,994.7,2594810284,3,16095,816,2512.6,2241.1,424,0.34,1,16,15,5,269,2,1,0
5386,7.73,86.0,7325,2127,3397,1175313,0,128,4,-175.5,80.0,994.7,2594808504,3,16095,816,2512.6,2241.1,424,7.33,1,17,16,7195,11,51,2,0
5387,15.03,86.0,7325,2127,3396,1175311,0,128,4,-175.5,80.0,994.7,2594810892,3,16095,816,2512.6,2241.1,424,0.33,1,16,16,5,258,2,2,0
5388,7.16,86.0,7325,2127,3397,1175313,0,128,4,-175.5,80.0,994.7,2594809112,3,16095,816,2512.6,2241.1,424,7.19,1,16,16,7116,5,2,2,0
5389,15.56,86.0,7325,2127,3396,1175311,0,128,4,-175.5,80.0,994.7,2594811516,3,16095,816,2512.6,2241.1,424,0.34,1,16,16,5,272,2,1,0
5390,8.05,86.0,7325,2127,3397,1175313,0,128,4,-175.5,80.0,994.7,2594809720,3,16095,816,2512.6,2241.1,424,7.66,1,16,16,7533,5,51,2,0
5391,15.64,86.0,7325,2127,3396,1175311,0,128,4,-175.5,80.0,994.7,2594809916,3,16095,816,2512.6,2241.1,424,0.33,1,15,17,5,256,2,2,0
5392,7.67,86.0,7325,2127,3397,1175313,0,128,4,-175.5,80.0,994.7,2594812520,3,16095,816,2512.6,2241.1,424,7.22,2,16,16,7141,6,3,2,0
5393,15.66,86.0,7325,2127,3396,1175311,0,128,4,-175.5,80.0,994.7,2594810524,3,16095,816,2512.6,2241.1,424,0.33,1,16,15,4,262,2,2,0
5394,7.55,86.0,7325,2127,3397,1175313,0,128,4,-175.5,80.0,994.7,2594810920,3,16095,816,2512.6,2241.1,424,7.47,1,18,18,7318,7,73,2,0
5395,15.43,86.0,7325,2127,3396,1175311,0,128,4,-175.5,80.0,994.7,2594813340,3,16095,816,2512.6,2241.1,424,0.33,1,16,16,5,255,2,1,0
5396,7.39,86.0,7325,2127,3397,1175313,0,128,4,-175.5,80.0,994.7,2594813736,3,16095,816,2512.6,2241.1,424,7.40,1,16,15,7320,6,3,2,0
5397,15.35,86.0,7325,2127,3396,1175311,0,128,4,-175.5,80.0,994.7,2594813932,3,16095,816,2512.6,2241.1,424,0.32,2,15,15,5,246,2,1,0
5398,8.17,86.0,7325,2127,3397,1175313,0,128,4,-175.5,80.0,994.7,2594814328,3,16095,816,2512.6,2241.1,424,7.69,1,18,16,7557,4,55,2,0
5399,15.66,86.0,7325,2127,3396,1175311,0,128,4,-175.5,80.0,994.7,2594814524,3,16095,816,2512.6,2241.1,424,0.34,2,19,16,5,261,2,1,0
5400,10.53,86.0,7325,2127,3397,1175313,0,128,4,-175.5,80.0,994.7,2594812920,3,16095,816,2512.6,2241.1,424,7.70,1,16,16,7613,5,2,2,0
5401,15.89,86.0,7325,2127,3397,1175313,0,128,4,-175.5,80.0,994.7,2594815328,3,16095,816,2512.6,2241.1,424,0.34,1,16,16,5,263,2,2,0
5402,8.25,86.0,7325,2127,3397,1175313,0,128,4,-175.5,80.0,994.7,2594813384,3,16095,816,2512.6,2241.1,424,6.92,1,31,16,6778,3,57,2,0
5403,14.86,86.0,7325,2127,3396,1175311,0,128,4,-175.5,80.0,994.7,2594815852,3,16095,816,2512.6,2241.1,424,0.37,1,24,21,5,264,2,2,0
5404,8.47,86.0,7325,2127,3397,1175313,0,128,4,-175.5,80.0,994.7,2594813992,3,16095,816,2512.6,2241.1,424,7.36,1,30,23,7250,6,3,2,0
5405,14.49,86.0,7325,2127,3396,1175311,0,128,4,-175.5,80.0,994.7,2594814188,3,16095,816,2512.6,2241.1,424,0.34,1,16,15,5,267,2,2,0
5406,8.14,86.0,7325,2127,3397,1175313,0,128,4,-175.5,80.0,994.7,2594816856,3,16095,816,2512.6,2241.1,424,7.39,1,16,16,7259,6,57,2,0
5407,15.15,86.0,7325,2127,3396,1175311,0,128,4,-175.5,80.0,994.7,2594814796,3,16095,816,2512.6,2241.1,424,0.34,1,16,16,5,266,2,1,0
5408,7.96,86.0,7325,2127,3397,1175313,0,128,4,-175.5,80.0,994.7,2594815192,3,16095,816,2512.6,2241.1,424,7.03,1,16,16,6949,5,3,2,0
5409,14.42,86.0,7325,2127,3396,1175311,0,128,4,-175.5,80.0,994.7,2594817676,3,16095,816,2512.6,2241.1,424,0.33,1,16,17,5,254,2,1,0
5410,7.74,86.0,7325,2127,3397,1175313,0,128,4,-175.5,80.0,994.7,2594815800,3,16095,816,2512.6,2241.1,424,7.09,1,15,15,6952,5,63,1,0
5411,14.30,86.0,7325,2127,3396,1175311,0,128,4,-175.5,80.0,994.7,2594818284,3,16095,816,2512.6,2241.1,424,0.33,1,16,16,4,257,2,2,0
5412,7.42,86.0,7325,2127,3397,1175313,0,128,4,-175.5,80.0,994.7,2594816408,3,16095,816,2512.6,2241.1,424,7.90,1,16,16,7817,5,3,3,0
5413,15.76,86.0,7325,2127,3396,1175311,0,128,4,-175.5,80.0,994.7,2594818908,3,16095,816,2512.6,2241.1,424,0.39,1,15,18,10,313,2,1,0
5414,8.45,86.0,7325,2127,3397,1175313,0,128,4,-175.5,80.0,994.7,2594817016,3,16095,816,2512.6,2241.1,424,7.49,1,16,15,7361,4,50,2,0
5415,15.13,86.0,7325,2127,3396,1175311,0,128,4,-175.5,80.0,994.7,2594817212,3,16095,816,2512.6,2241.1,424,0.33,1,17,16,5,256,2,2,0
5416,7.54,86.0,7325,2127,3397,1175313,0,128,4,-175.5,80.0,994.7,2594819912,3,16095,816,2512.6,2241.1,424,7.01,1,16,16,6938,4,3,1,0
5417,14.97,86.0,7325,2127,3396,1175311,0,128,4,-175.5,80.0,994.7,2594820108,3,16095,816,2512.6,2241.1,424,0.35,1,15,16,5,283,2,1,0
5418,7.78,86.0,7325,2127,3397,1175313,0,128,4,-175.5,80.0,994.7,2594820504,3,16095,816,2512.6,2241.1,424,7.11,1,16,16,6988,4,50,2,0
5419,14.45,86.0,7325,2127,3396,1175311,0,128,4,-175.5,80.0,994.7,2594820700,3,16095,816,2512.6,2241.1,424,0.43,1,24,22,8,327,2,1,0
5420,8.22,86.0,7325,2127,3397,1175313,0,128,4,-175.5,80.0,994.7,2594821096,3,16095,816,2512.6,2241.1,424,7.30,1,15,16,7227,6,2,2,0
5421,14.43,86.0,7325,2127,3396,1175311,0,128,4,-175.5,80.0,994.7,2594819068,3,16095,816,2512.6,2241.1,424,0.35,1,17,15,5,279,2,2,0
5422,7.96,86.0,7325,2127,3397,1175313,0,128,4,-175.5,80.0,994.7,2594819464,3,16095,816,2512.6,2241.1,424,7.79,1,16,16,7660,6,51,1,0
5423,15.05,86.0,7325,2127,3396,1175311,0,128,4,-175.5,80.0,994.7,2594822012,3,16095,816,2512.6,2241.1,424,0.37,1,30,16,4,276,3,3,0
5424,8.54,86.0,7325,2127,3397,1175313,0,128,4,-175.5,80.0,994.7,2594822408,3,16095,816,2512.6,2241.1,424,6.93,1,16,15,6858,4,2,2,0
5425,14.38,86.0,7325,2127,3396,1175311,0,128,4,-175.5,80.0,994.7,2594822604,3,16095,816,2512.6,2241.1,424,0.40,2,23,23,7,293,4,2,0
5426,7.66,86.0,7325,2127,3397,1175313,0,128,4,-175.5,80.0,994.7,2594823000,3,16095,816,2512.6,2241.1,424,7.64,1,15,16,7518,5,53,2,0
5427,15.44,86.0,7325,2127,3396,1175311,0,128,4,-175.5,80.0,994.7,2594823196,3,16095,816,2512.6,2241.1,424,0.36,1,16,16,5,283,5,3,0
5428,7.97,86.0,7325,2127,3397,1175313,0,128,4,-175.5,80.0,994.7,2594823592,3,16095,816,2512.6,2241.1,424,7.47,1,14,15,7394,5,3,2,0
5429,15.61,86.0,7325,2127,3396,1175311,0,128,4,-175.5,80.0,994.7,2594821532,3,16095,816,2512.6,2241.1,424,0.36,1,33,31,5,260,2,2,0
5430,9.04,86.0,7325,2127,3397,1175313,0,128,4,-175.5,80.0,994.7,2594822216,3,16095,816,2512.6,2241.1,424,7.43,1,15,16,7271,5,67,3,0
5431,15.66,86.0,7325,2127,3396,1175311,0,128,4,-175.5,80.0,994.7,2594824524,3,16095,816,2512.6,2241.1,424,0.32,1,16,17,5,253,2,2,0
5432,7.95,86.0,7325,2127,3397,1175313,0,128,4,-175.5,80.0,994.7,2594824920,3,16095,816,2512.6,2241.1,424,7.81,1,16,15,7718,5,3,2,0
5433,15.85,86.0,7325,2127,3396,1175311,0,128,4,-175.5,80.0,994.7,2594825116,3,16095,816,2512.6,2241.1,424,0.35,1,16,31,4,257,2,1,0
5434,7.65,86.0,7325,2127,3397,1175313,0,128,4,-175.5,80.0,994.7,2594825512,3,16095,816,2512.6,2241.1,424,7.16,1,16,16,7030,10,49,2,0
5435,15.54,86.0,7325,2127,3396,1175311,0,128,4,-175.5,80.0,994.7,2594825708,3,16095,816,2512.6,2241.1,424,0.32,1,16,15,5,249,2,2,0
5436,7.59,86.0,7325,2127,3397,1175313,0,128,4,-175.5,80.0,994.7,2594823784,3,16095,816,2512.6,2241.1,424,7.63,1,15,42,7521,6,3,2,0
5437,15.39,86.0,7325,2127,3396,1175311,0,128,4,-175.5,80.0,994.7,2594826412,3,16095,816,2512.6,2241.1,424,0.33,1,16,16,5,255,2,2,0
5438,7.59,86.0,7325,2127,3397,1175313,0,128,4,-175.5,80.0,994.7,2594824392,3,16095,816,2512.6,2241.1,424,7.72,1,16,22,7580,6,53,2,0
5439,16.49,86.0,7325,2127,3396,1175311,0,128,4,-175.5,80.0,994.7,2594827036,3,16095,816,2512.6,2241.1,424,0.43,1,19,18,6,345,2,2,0
5440,8.25,86.0,7325,2127,3397,1175313,0,128,4,-175.5,80.0,994.7,2594825000,3,16095,816,2512.6,2241.1,424,7.11,1,15,15,7034,5,3,2,0
5441,14.65,86.0,7325,2127,3396,1175311,0,128,4,-175.5,80.0,994.7,2594825196,3,16095,816,2512.6,2241.1,424,0.35,1,16,16,5,275,2,2,0
5442,7.78,86.0,7325,2127,3397,1175313,0,128,4,-175.5,80.0,994.7,2594828040,3,16095,816,2512.6,2241.1,424,7.45,1,15,15,7323,5,51,1,0
5443,15.05,86.0,7325,2127,3396,1175311,0,128,4,-175.5,80.0,994.7,2594828236,3,16095,816,2512.6,2241.1,424,0.32,1,16,16,5,250,3,1,0
5444,7.31,86.0,7325,2127,3397,1175313,0,128,4,-175.5,80.0,994.7,2594826216,3,16095,816,2512.6,2241.1,424,7.58,1,15,15,7503,5,4,2,0
5445,15.59,86.0,7325,2127,3396,1175311,0,128,4,-175.5,80.0,994.7,2594826412,3,16095,816,2512.6,2241.1,424,0.36,1,16,25,9,258,6,5,0
5446,8.12,86.0,7325,2127,3397,1175313,0,128,4,-175.5,80.0,994.7,2594829272,3,16095,816,2512.6,2241.1,424,7.48,1,16,16,7356,4,50,1,0
5447,15.95,86.0,7325,2127,3396,1175311,0,128,4,-175.5,80.0,994.7,2594829468,3,16095,816,2512.6,2241.1,424,0.37,1,19,19,6,289,3,2,0
5448,7.64,86.0,7325,2127,3397,1175313,0,128,4,-175.5,80.0,994.7,2594829864,3,16095,816,2512.6,2241.1,424,7.85,1,16,15,7774,5,3,2,0
5449,15.83,86.0,7325,2127,3396,1175311,0,128,4,-175.5,80.0,994.7,2594830060,3,16095,816,2512.6,2241.1,424,0.34,1,16,16,5,260,2,1,0
5450,7.79,86.0,7325,2127,3397,1175313,0,128,4,-175.5,80.0,994.7,2594830456,3,16095,816,2512.6,2241.1,424,7.01,1,16,16,6879,5,62,1,0
5451,14.50,86.0,7325,2127,3396,1175311,0,128,4,-175.5,80.0,994.7,2594828268,3,16095,816,2512.6,2241.1,424,0.34,1,17,16,5,261,2,2,0
5452,7.87,86.0,7325,2127,3397,1175313,0,128,4,-175.5,80.0,994.7,2594828664,3,16095,816,2512.6,2241.1,424,7.38,1,14,15,7302,5,4,2,0
5453,14.90,86.0,7325,2127,3396,1175311,0,128,4,-175.5,80.0,994.7,2594831372,3,16095,816,2512.6,2241.1,424,0.32,1,15,16,5,251,2,1,0
5454,7.79,86.0,7325,2127,3397,1175313,0,128,4,-175.5,80.0,994.7,2594829272,3,16095,816,2512.6,2241.1,424,7.19,1,17,20,7058,5,50,2,0
5455,15.13,86.0,7325,2127,3396,1175311,0,128,4,-175.5,80.0,994.7,2594831980,3,16095,816,2512.6,2241.1,424,0.39,1,20,30,7,292,2,2,0
5456,8.18,86.0,7325,2127,3397,1175313,0,128,4,-175.5,80.0,994.7,2594829880,3,16095,816,2512.6,2241.1,424,7.27,1,17,16,7181,4,5,3,0
5457,14.98,86.0,7325,2127,3396,1175311,0,128,4,-175.5,80.0,994.7,2594832604,3,16095,816,2512.6,2241.1,424,0.34,1,15,16,5,263,2,2,0
5458,7.56,86.0,7325,2127,3397,1175313,0,128,4,-175.5,80.0,994.7,2594833000,3,16095,816,2512.6,2241.1,424,7.45,1,16,16,7310,5,64,1,0
5459,15.24,86.0,7325,2127,3396,1175311,0,128,4,-175.5,80.0,994.7,2594833196,3,16095,816,2512.6,2241.1,424,0.32,1,17,15,5,247,2,1,0
5460,9.84,86.0,7325,2127,3397,1175313,0,128,4,-175.5,80.0,994.7,2594833880,3,16095,816,2512.6,2241.1,424,7.45,1,14,17,7356,6,3,2,0
5461,16.23,86.0,7325,2127,3396,1175311,0,128,4,-175.5,80.0,994.7,2594833788,3,16095,816,2512.6,2241.1,424,0.33,1,16,16,4,255,2,2,0
5462,8.31,86.0,7325,2127,3397,1175313,0,128,4,-175.5,80.0,994.7,2594831736,3,16095,816,2512.6,2241.1,424,7.43,2,16,16,7307,5,48,2,0
5463,15.13,86.0,7325,2127,3396,1175311,0,128,4,-175.5,80.0,994.7,2594834492,3,16095,816,2512.6,2241.1,424,0.34,1,16,16,5,254,1,1,0
5464,7.25,86.0,7325,2127,3397,1175313,0,128,4,-175.5,80.0,994.7,2594832344,3,16095,816,2512.6,2241.1,424,7.19,1,15,15,7087,13,3,2,0
5465,14.96,86.0,7325,2127,3396,1175311,0,128,4,-175.5,80.0,994.7,2594835116,3,16095,816,2512.6,2241.1,424,0.34,1,15,16,5,267,2,2,0
5466,7.84,86.0,7325,2127,3397,1175313,0,128,4,-175.5,80.0,994.7,2594832952,3,16095,816,2512.6,2241.1,424,6.76,1,17,15,6634,3,47,2,0
5467,14.60,86.0,7325,2127,3396,1175311,0,128,4,-175.5,80.0,994.7,2594833148,3,16095,816,2512.6,2241.1,424,0.37,0,15,15,5,291,3,2,0
5468,7.38,86.0,7325,2127,3397,1175313,0,128,4,-175.5,80.0,994.7,2594836120,3,16095,816,2512.6,2241.1,424,7.02,2,15,17,6942,4,3,2,0
5469,14.45,86.0,7325,2127,3396,1175311,0,128,4,-175.5,80.0,994.7,2594836316,3,16095,816,2512.6,2241.1,424,0.34,1,15,16,5,268,2,2,0
5470,7.27,86.0,7325,2127,3397,1175313,0,128,4,-175.5,80.0,994.7,2594836712,3,16095,816,2512.6,2241.1,424,7.53,1,16,16,7402,5,51,1,0
5471,15.33,86.0,7325,2127,3396,1175311,0,128,4,-175.5,80.0,994.7,2594836908,3,16095,816,2512.6,2241.1,424,0.32,1,15,15,4,253,2,2,0
5472,8.05,86.0,7325,2127,3397,1175313,0,128,4,-175.5,80.0,994.7,2594837304,3,16095,816,2512.6,2241.1,424,7.04,1,16,15,6964,3,3,2,0
5473,15.35,86.0,7325,2127,3396,1175311,0,128,4,-175.5,80.0,994.7,2594835004,3,16095,816,2512.6,2241.1,424,0.35,1,17,17,5,269,2,2,0
5474,7.98,86.0,7325,2127,3397,1175313,0,128,4,-175.5,80.0,994.7,2594838024,3,16095,816,2512.6,2241.1,424,7.70,1,15,15,7578,5,57,2,0
5475,15.78,86.0,7325,2127,3396,1175311,0,128,4,-175.5,80.0,994.7,2594835612,3,16095,816,2512.6,2241.1,424,0.34,0,16,17,5,268,2,1,0
5476,7.68,86.0,7325,2127,3397,1175313,0,128,4,-175.5,80.0,994.7,2594838632,3,16095,816,2512.6,2241.1,424,7.38,1,15,16,7299,5,3,2,0
5477,15.10,86.0,7325,2127,3396,1175311,0,128,4,-175.5,80.0,994.7,2594838828,3,16095,816,2512.6,2241.1,424,0.34,1,16,16,4,269,2,1,0
5478,7.99,86.0,7325,2127,3397,1175313,0,128,4,-175.5,80.0,994.7,2594839224,3,16095,816,2512.6,2241.1,424,7.37,1,15,15,7250,5,52,1,0
5479,15.02,86.0,7325,2127,3396,1175311,0,128,4,-175.5,80.0,994.7,2594839420,3,16095,816,2512.6,2241.1,424,0.32,1,16,16,5,252,2,2,0
5480,7.84,86.0,7325,2127,3397,1175313,0,128,4,-175.5,80.0,994.7,2594839816,3,16095,816,2512.6,2241.1,424,7.39,2,21,21,7303,4,2,2,0
5481,14.91,86.0,7325,2127,3396,1175311,0,128,4,-175.5,80.0,994.7,2594837468,3,16095,816,2512.6,2241.1,424,0.39,1,15,15,11,260,3,2,0
5482,7.49,86.0,7325,2127,3397,1175313,0,128,4,-175.5,80.0,994.7,2594837864,3,16095,816,2512.6,2241.1,424,7.65,0,16,16,7518,7,56,2,0
5483,15.22,86.0,7325,2127,3396,1175311,0,128,4,-175.5,80.0,994.7,2594840732,3,16095,816,2512.6,2241.1,424,0.33,1,16,15,5,257,2,2,0
5484,8.06,86.0,7325,2127,3397,1175313,0,128,4,-175.5,80.0,994.7,2594841128,3,16095,816,2512.6,2241.1,424,6.98,1,16,16,6888,3,2,1,0
5485,15.66,86.0,7325,2127,3396,1175311,0,128,4,-175.5,80.0,994.7,2594841324,3,16095,816,2512.6,2241.1,424,0.33,1,16,16,5,259,2,2,0
5486,8.04,86.0,7325,2127,3397,1175313,0,128,4,-175.5,80.0,994.7,2594841720,3,16095,816,2512.6,2241.1,424,7.23,1,16,15,7074,5,69,2,0
5487,14.83,86.0,7325,2127,3396,1175311,0,128,4,-175.5,80.0,994.7,2594841916,3,16095,816,2512.6,2241.1,424,0.41,1,15,16,5,340,4,2,0
5488,8.26,86.0,7325,2127,3397,1175313,0,128,4,-175.5,80.0,994.7,2594842312,3,16095,816,2512.6,2241.1,424,7.45,1,16,17,7374,5,3,2,0
5489,14.85,86.0,7325,2127,3396,1175311,0,128,4,-175.5,80.0,994.7,2594839932,3,16095,816,2512.6,2241.1,424,0.36,1,27,21,5,273,2,1,0
5490,10.03,86.0,7325,2127,3397,1175313,0,128,4,-175.5,80.0,994.7,2594840616,3,16095,816,2512.6,2241.1,424,7.71,1,15,16,7586,6,54,2,0
5491,16.07,86.0,7325,2127,3397,1175313,0,128,4,-175.5,80.0,994.7,2594843344,3,16095,816,2512.6,2241.1,424,0.43,1,21,28,14,305,2,1,0
5492,8.18,86.0,7325,2127,3397,1175313,0,128,4,-175.5,80.0,994.7,2594843640,3,16095,816,2512.6,2241.1,424,7.42,3,29,17,7331,4,3,2,0
5493,14.97,86.0,7325,2127,3396,1175311,0,128,4,-175.5,80.0,994.7,2594843836,3,16095,816,2512.6,2241.1,424,0.33,1,15,15,5,255,2,2,0
5494,7.07,86.0,7325,2127,3397,1175313,0,128,4,-175.5,80.0,994.7,2594844232,3,16095,816,2512.6,2241.1,424,7.29,1,15,17,7157,5,64,2,0
5495,15.16,86.0,7325,2127,3396,1175311,0,128,4,-175.5,80.0,994.7,2594844428,3,16095,816,2512.6,2241.1,424,0.36,2,25,23,6,259,2,2,0
5496,8.04,86.0,7325,2127,3397,1175313,0,128,4,-175.5,80.0,994.7,2594842184,3,16095,816,2512.6,2241.1,424,7.36,1,15,15,7285,5,3,2,0
5497,14.70,86.0,7325,2127,3396,1175311,0,128,4,-175.5,80.0,994.7,2594845132,3,16095,816,2512.6,2241.1,424,0.38,1,16,16,7,290,6,4,0
5498,7.31,86.0,7325,2127,3397,1175313,0,128,4,-175.5,80.0,994.7,2594842792,3,16095,816,2512.6,2241.1,424,7.62,1,15,15,7482,12,51,3,0
5499,15.40,86.0,7325,2127,3396,1175311,0,128,4,-175.5,80.0,994.7,2594845756,3,16095,816,2512.6,2241.1,424,0.34,1,17,17,6,259,2,2,0
5500,8.23,86.0,7325,2127,3397,1175313,0,128,4,-175.5,80.0,994.7,2594843400,3,16095,816,2512.6,2241.1,424,7.23,1,16,16,7149,4,2,2,0
5501,15.14,86.0,7325,2127,3396,1175311,0,128,4,-175.5,80.0,994.7,2594846364,3,16095,816,2512.6,2241.1,424,0.33,1,15,16,5,259,2,1,0
5502,7.78,86.0,7325,2127,3397,1175313,0,128,4,-175.5,80.0,994.7,2594844008,3,16095,816,2512.6,2241.1,424,7.37,2,16,15,7232,5,59,2,0
5503,14.77,86.0,7325,2127,3396,1175311,0,128,4,-175.5,80.0,994.7,2594846988,3,16095,816,2512.6,2241.1,424,0.34,1,15,15,5,251,3,1,0
5504,7.78,86.0,7325,2127,3397,1175313,0,128,4,-175.5,80.0,994.7,2594844616,3,16095,816,2512.6,2241.1,424,7.44,1,15,14,7372,5,2,2,0
5505,15.69,86.0,7325,2127,3396,1175311,0,128,4,-175.5,80.0,994.7,2594844812,3,16095,816,2512.6,2241.1,424,0.34,1,15,17,5,265,2,1,0
5506,7.27,86.0,7325,2127,3397,1175313,0,128,4,-175.5,80.0,994.7,2594847992,3,16095,816,2512.6,2241.1,424,7.24,1,23,15,7093,5,58,4,0
5507,15.03,86.0,7325,2127,3396,1175311,0,128,4,-175.5,80.0,994.7,2594848188,3,16095,816,2512.6,2241.1,424,0.33,1,15,15,4,263,1,1,0
5508,8.02,86.0,7325,2127,3397,1175313,0,128,4,-175.5,80.0,994.7,2594848584,3,16095,816,2512.6,2241.1,424,7.47,1,15,16,7393,6,3,1,0
5509,15.03,86.0,7325,2127,3396,1175311,0,128,4,-175.5,80.0,994.7,2594848780,3,16095,816,2512.6,2241.1,424,0.33,1,16,15,5,263,2,2,0
5510,7.59,86.0,7325,2127,3397,1175313,0,128,4,-175.5,80.0,994.7,2594849176,3,16095,816,2512.6,2241.1,424,7.66,1,16,16,7532,6,51,2,0
5511,15.51,86.0,7325,2127,3396,1175311,0,128,4,-175.5,80.0,994.7,2594846668,3,16095,816,2512.6,2241.1,424,0.33,1,16,16,5,254,2,1,0
5512,7.29,86.0,7325,2127,3397,1175313,0,128,4,-175.5,80.0,994.7,2594849896,3,16095,816,2512.6,2241.1,424,7.17,1,16,20,7083,4,6,3,0
5513,15.05,86.0,7325,2127,3396,1175311,0,128,4,-175.5,80.0,994.7,2594847276,3,16095,816,2512.6,2241.1,424,0.34,1,16,15,5,272,2,2,0
5514,7.70,86.0,7325,2127,3397,1175313,0,128,4,-175.5,80.0,994.7,2594850504,3,16095,816,2512.6,2241.1,424,7.14,1,16,16,7014,6,53,2,0
5515,14.02,86.0,7325,2127,3396,1175311,0,128,4,-175.5,80.0,994.7,2594850700,3,16095,816,2512.6,2241.1,424,0.34,1,16,16,4,261,6,4,0
5516,8.67,86.0,7325,2127,3397,1175313,0,128,4,-175.5,80.0,994.7,2594851096,3,16095,816,2512.6,2241.1,424,7.07,1,15,16,6991,5,3,3,0
5517,15.02,86.0,7325,2127,3396,1175311,0,128,4,-175.5,80.0,994.7,2594851292,3,16095,816,2512.6,2241.1,424,0.33,1,16,16,4,255,2,1,0
5518,8.21,86.0,7325,2127,3397,1175313,0,128,4,-175.5,80.0,994.7,2594851688,3,16095,816,2512.6,2241.1,424,7.35,1,15,16,7211,6,55,2,0
5519,14.82,86.0,7325,2127,3396,1175311,0,128,4,-175.5,80.0,994.7,2594849116,3,16095,816,2512.6,2241.1,424,0.35,1,19,22,6,265,2,2,0
5520,32.65,86.0,7325,2127,3397,1175313,0,128,4,-175.5,80.0,994.7,2594849800,3,16095,816,2512.6,2241.1,424,7.16,1,16,18,7075,6,3,2,0
5521,16.55,86.0,7325,2127,3397,1175313,0,128,4,-175.5,80.0,994.7,2594852672,3,16095,816,2512.6,2241.1,424,0.34,1,15,17,5,268,3,2,0
5522,7.82,86.0,7325,2127,3397,1175313,0,128,4,-175.5,80.0,994.7,2594850120,3,16095,816,2512.6,2241.1,424,7.43,1,15,15,7307,5,48,2,0
5523,15.16,86.0,7325,2127,3396,1175311,0,128,4,-175.5,80.0,994.7,2594853196,3,16095,816,2512.6,2241.1,424,0.32,1,15,15,5,253,2,2,0
5524,7.65,86.0,7325,2127,3397,1175313,0,128,4,-175.5,80.0,994.7,2594850728,3,16095,816,2512.6,2241.1,424,7.96,1,16,15,7882,5,3,2,0
5525,15.95,86.0,7325,2127,3396,1175311,0,128,4,-175.5,80.0,994.7,2594850924,3,16095,816,2512.6,2241.1,424,0.33,1,15,16,4,255,2,2,0
5526,7.81,86.0,7325,2127,3397,1175313,0,128,4,-175.5,80.0,994.7,2594854200,3,16095,816,2512.6,2241.1,424,7.06,1,32,15,6930,4,47,2,0
5527,14.83,86.0,7325,2127,3396,1175311,0,128,4,-175.5,80.0,994.7,2594854396,3,16095,816,2512.6,2241.1,424,0.35,1,16,33,5,261,3,1,0
5528,7.41,86.0,7325,2127,3397,1175313,0,128,4,-175.5,80.0,994.7,2594854792,3,16095,816,2512.6,2241.1,424,6.98,1,16,16,6909,5,3,2,0
5529,15.12,86.0,7325,2127,3396,1175311,0,128,4,-175.5,80.0,994.7,2594854988,3,16095,816,2512.6,2241.1,424,0.33,1,16,16,5,254,1,1,0
5530,7.73,86.0,7325,2127,3397,1175313,0,128,4,-175.5,80.0,994.7,2594855384,3,16095,816,2512.6,2241.1,424,7.36,1,15,18,7239,5,50,2,0
5531,15.45,86.0,7325,2127,3396,1175311,0,128,4,-175.5,80.0,994.7,2594855580,3,16095,816,2512.6,2241.1,424,0.32,1,15,15,4,252,2,1,0
5532,7.55,86.0,7325,2127,3397,1175313,0,128,4,-175.5,80.0,994.7,2594853192,3,16095,816,2512.6,2241.1,424,7.72,1,16,15,7644,5,3,2,0
5533,14.91,86.0,7325,2127,3396,1175311,0,128,4,-175.5,80.0,994.7,2594853388,3,16095,816,2512.6,2241.1,424,0.34,1,15,16,6,253,2,1,0
5534,7.57,84.0,7325,2127,3397,1175313,0,128,4,-175.5,80.0,994.7,2594856712,3,16095,816,2512.6,2241.1,424,7.25,1,16,16,7131,4,48,2,0
5535,15.31,84.0,7325,2127,3396,1175311,0,128,4,-175.5,80.0,994.7,2594853996,3,16095,816,2512.6,2241.1,424,0.33,1,15,16,5,254,2,2,0
5536,7.74,84.0,7325,2127,3397,1175313,0,128,4,-175.5,80.0,994.7,2594854392,3,16095,816,2512.6,2241.1,424,6.91,1,16,16,6835,4,2,2,0
5537,14.32,84.0,7325,2127,3396,1175311,0,128,4,-175.5,80.0,994.7,2594857532,3,16095,816,2512.6,2241.1,424,0.32,1,16,15,5,253,2,1,0
5538,8.51,84.0,7325,2127,3397,1175313,0,128,4,-175.5,80.0,994.7,2594857928,3,16095,816,2512.6,2241.1,424,7.32,1,15,17,7195,4,52,2,0
5539,14.93,84.0,7325,2127,3396,1175311,0,128,4,-175.5,80.0,994.7,2594858124,3,16095,816,2512.6,2241.1,424,0.35,0,16,17,5,281,2,2,0
5540,8.01,84.0,7325,2127,3397,1175313,0,128,4,-175.5,80.0,994.7,2594858520,3,16095,816,2512.6,2241.1,424,7.84,1,15,15,7764,5,3,2,0
5541,15.46,84.0,7325,2127,3396,1175311,0,128,4,-175.5,80.0,994.7,2594858716,3,16095,816,2512.6,2241.1,424,0.53,2,25,23,8,417,3,2,0
5542,8.16,84.0,7325,2127,3397,1175313,0,128,4,-175.5,80.0,994.7,2594856248,3,16095,816,2512.6,2241.1,424,7.56,2,18,16,7424,5,57,2,0
5543,15.67,84.0,7325,2127,3396,1175311,0,128,4,-175.5,80.0,994.7,2594859420,3,16095,816,2512.6,2241.1,424,0.34,1,16,15,5,259,6,6,0
5544,7.82,84.0,7325,2127,3397,1175313,0,128,4,-175.5,80.0,994.7,2594856856,3,16095,816,2512.6,2241.1,424,7.40,1,15,15,7325,5,2,1,0
5545,15.65,84.0,7325,2127,3396,1175311,0,128,4,-175.5,80.0,994.7,2594860044,3,16095,816,2512.6,2241.1,424,0.35,1,16,26,7,266,2,2,0
5546,7.42,84.0,7325,2127,3397,1175313,0,128,4,-175.5,80.0,994.7,2594860440,3,16095,816,2512.6,2241.1,424,7.11,1,15,15,6985,5,49,3,0
5547,14.71,84.0,7325,2127,3396,1175311,0,128,4,-175.5,80.0,994.7,2594860636,3,16095,816,2512.6,2241.1,424,0.36,1,16,16,5,272,2,3,0
5548,8.60,84.0,7325,2127,3397,1175313,0,128,4,-175.5,80.0,994.7,2594861032,3,16095,816,2512.6,2241.1,424,7.02,1,22,18,6932,6,3,2,0
5549,14.37,84.0,7325,2127,3396,1175311,0,128,4,-175.5,80.0,994.7,2594861228,3,16095,816,2512.6,2241.1,424,0.34,1,16,16,5,264,2,1,0
5550,8.98,84.0,7325,2127,3397,1175313,0,128,4,-175.5,80.0,994.7,2594858784,3,16095,816,2512.6,2241.1,424,7.05,1,16,19,6915,4,63,2,0
5551,16.45,84.0,7325,2127,3396,1175311,0,128,4,-175.5,80.0,994.7,2594861932,3,16095,816,2512.6,2241.1,424,0.35,1,15,18,8,270,2,1,0
5552,8.49,84.0,7325,2127,3397,1175313,0,128,4,-175.5,80.0,994.7,2594859320,3,16095,816,2512.6,2241.1,424,7.33,0,16,15,7256,5,3,2,0
5553,15.17,84.0,7325,2127,3396,1175311,0,128,4,-175.5,80.0,994.7,2594862556,3,16095,816,2512.6,2241.1,424,0.34,1,16,16,4,271,2,2,0
5554,8.32,84.0,7325,2127,3397,1175313,0,128,4,-175.5,80.0,994.7,2594859928,3,16095,816,2512.6,2241.1,424,7.24,1,15,16,7114,5,50,2,0
5555,14.91,84.0,7325,2127,3396,1175311,0,128,4,-175.5,80.0,994.7,2594860124,3,16095,816,2512.6,2241.1,424,0.36,2,19,19,5,261,2,2,0
5556,8.50,84.0,7325,2127,3397,1175313,0,128,4,-175.5,80.0,994.7,2594863560,3,16095,816,2512.6,2241.1,424,7.09,1,16,16,7014,5,2,2,0
5557,14.14,84.0,7325,2127,3396,1175311,0,128,4,-175.5,80.0,994.7,2594863756,3,16095,816,2512.6,2241.1,424,0.36,1,31,15,5,270,2,2,0
5558,7.68,84.0,7325,2127,3397,1175313,0,128,4,-175.5,80.0,994.7,2594864152,3,16095,816,2512.6,2241.1,424,7.57,0,15,16,7450,6,51,1,0
5559,15.75,84.0,7325,2127,3396,1175311,0,128,4,-175.5,80.0,994.7,2594864348,3,16095,816,2512.6,2241.1,424,0.34,1,16,16,6,274,2,2,0
5560,7.20,84.0,7325,2127,3397,1175313,0,128,4,-175.5,80.0,994.7,2594864744,3,16095,816,2512.6,2241.1,424,7.29,1,16,16,7213,4,3,2,0
5561,14.99,84.0,7325,2127,3396,1175311,0,128,4,-175.5,80.0,994.7,2594861980,3,16095,816,2512.6,2241.1,424,0.34,1,16,21,15,258,2,1,0
5562,7.55,84.0,7325,2127,3397,1175313,0,128,4,-175.5,80.0,994.7,2594865464,3,16095,816,2512.6,2241.1,424,7.35,1,16,15,7225,5,50,1,0
5563,14.38,84.0,7325,2127,3396,1175311,0,128,4,-175.5,80.0,994.7,2594862588,3,16095,816,2512.6,2241.1,424,0.38,1,18,32,8,281,2,2,0
5564,8.81,84.0,7325,2127,3397,1175313,0,128,4,-175.5,80.0,994.7,2594866072,3,16095,816,2512.6,2241.1,424,6.91,1,15,16,6835,4,2,1,0
5565,15.53,84.0,7325,2127,3396,1175311,0,128,4,-175.5,80.0,994.7,2594866268,3,16095,816,2512.6,2241.1,424,0.40,1,30,22,7,291,2,2,0
5566,7.91,84.0,7325,2127,3397,1175313,0,128,4,-175.5,80.0,994.7,2594866664,3,16095,816,2512.6,2241.1,424,7.22,1,15,16,7095,4,50,2,0
5567,14.94,84.0,7325,2127,3396,1175311,0,128,4,-175.5,80.0,994.7,2594866860,3,16095,816,2512.6,2241.1,424,0.33,0,17,16,4,258,2,1,0
5568,8.23,84.0,7325,2127,3397,1175313,0,128,4,-175.5,80.0,994.7,2594867256,3,16095,816,2512.6,2241.1,424,6.92,1,15,16,6825,11,6,1,0
5569,14.61,84.0,7325,2127,3396,1175311,0,128,4,-175.5,80.0,994.7,2594867452,3,16095,816,2512.6,2241.1,424,0.35,1,16,15,5,277,2,2,0
5570,7.60,84.0,7325,2127,3397,1175313,0,128,4,-175.5,80.0,994.7,2594864856,3,16095,816,2512.6,2241.1,424,7.47,1,15,15,7341,6,61,2,0
5571,15.44,84.0,7325,2127,3396,1175311,0,128,4,-175.5,80.0,994.7,2594865052,3,16095,816,2512.6,2241.1,424,0.40,2,17,16,5,319,3,2,0
5572,7.79,84.0,7325,2127,3397,1175313,0,128,4,-175.5,80.0,994.7,2594868584,3,16095,816,2512.6,2241.1,424,7.16,1,17,16,7084,4,3,2,0
5573,14.70,84.0,7325,2127,3396,1175311,0,128,4,-175.5,80.0,994.7,2594868780,3,16095,816,2512.6,2241.1,424,0.33,2,16,16,5,255,2,2,0
5574,8.04,84.0,7325,2127,3397,1175313,0,128,4,-175.5,80.0,994.7,2594869176,3,16095,816,2512.6,2241.1,424,7.29,1,17,19,7158,5,51,2,0
5575,14.72,84.0,7325,2127,3396,1175311,0,128,4,-175.5,80.0,994.7,2594869372,3,16095,816,2512.6,2241.1,424,0.34,1,16,16,5,264,2,1,0
5576,8.15,84.0,7325,2127,3397,1175313,0,128,4,-175.5,80.0,994.7,2594869768,3,16095,816,2512.6,2241.1,424,7.42,1,16,16,7349,5,3,2,0
5577,15.59,84.0,7325,2127,3396,1175311,0,128,4,-175.5,80.0,994.7,2594866908,3,16095,816,2512.6,2241.1,424,0.36,1,16,18,10,276,3,3,0
5578,8.14,84.0,7325,2127,3397,1175313,0,128,4,-175.5,80.0,994.7,2594870488,3,16095,816,2512.6,2241.1,424,7.54,1,16,16,7406,7,57,2,0
5579,14.95,84.0,7325,2127,3396,1175311,0,128,4,-175.5,80.0,994.7,2594867516,3,16095,816,2512.6,2241.1,424,0.34,1,20,34,5,248,3,1,0
5580,9.41,84.0,7325,2127,3397,1175313,0,128,4,-175.5,80.0,994.7,2594871384,3,16095,816,2512.6,2241.1,424,7.39,0,15,16,7313,6,3,2,0
5581,16.50,84.0,7325,2127,3396,1175311,0,128,4,-175.5,80.0,994.7,2594871292,3,16095,816,2512.6,2241.1,424,0.34,1,15,15,5,269,2,2,0
5582,6.99,84.0,7325,2127,3397,1175313,0,128,4,-175.5,80.0,994.7,2594871688,3,16095,816,2512.6,2241.1,424,7.54,0,14,18,7398,13,54,3,0
5583,14.96,84.0,7325,2127,3396,1175311,0,128,4,-175.5,80.0,994.7,2594871884,3,16095,816,2512.6,2241.1,424,0.35,1,16,16,5,273,3,2,0
5584,7.83,84.0,7325,2127,3397,1175313,0,128,4,-175.5,80.0,994.7,2594872280,3,16095,816,2512.6,2241.1,424,7.43,1,16,16,7360,4,3,2,0
5585,14.96,84.0,7325,2127,3396,1175311,0,128,4,-175.5,80.0,994.7,2594869372,3,16095,816,2512.6,2241.1,424,0.34,1,16,15,5,265,2,2,0
5586,7.59,84.0,7325,2127,3397,1175313,0,128,4,-175.5,80.0,994.7,2594873000,3,16095,816,2512.6,2241.1,424,7.75,1,15,15,7632,5,50,2,0
5587,15.18,84.0,7325,2127,3396,1175311,0,128,4,-175.5,80.0,994.7,2594869980,3,16095,816,2512.6,2241.1,424,0.32,1,16,15,5,253,3,1,0
5588,8.10,84.0,7325,2127,3397,1175313,0,128,4,-175.5,80.0,994.7,2594873608,3,16095,816,2512.6,2241.1,424,7.57,3,16,16,7483,6,3,2,0
5589,15.37,84.0,7325,2127,3396,1175311,0,128,4,-175.5,80.0,994.7,2594873804,3,16095,816,2512.6,2241.1,424,0.38,1,16,17,5,290,2,1,0
5590,7.72,84.0,7325,2127,3397,1175313,0,128,4,-175.5,80.0,994.7,2594874200,3,16095,816,2512.6,2241.1,424,7.67,0,16,17,7551,5,50,2,0
5591,15.79,84.0,7325,2127,3396,1175311,0,128,4,-175.5,80.0,994.7,2594874396,3,16095,816,2512.6,2241.1,424,0.35,1,16,17,4,280,1,1,0
5592,8.01,84.0,7325,2127,3397,1175313,0,128,4,-175.5,80.0,994.7,2594874792,3,16095,816,2512.6,2241.1,424,7.39,1,16,16,7310,6,2,2,0
5593,14.67,84.0,7325,2127,3396,1175311,0,128,4,-175.5,80.0,994.7,2594871836,3,16095,816,2512.6,2241.1,424,0.36,2,19,18,6,278,2,2,0
5594,9.01,84.0,7325,2127,3397,1175313,0,128,4,-175.5,80.0,994.7,2594875512,3,16095,816,2512.6,2241.1,424,7.26,1,15,16,7134,5,51,2,0
5595,15.54,84.0,7325,2127,3396,1175311,0,128,4,-175.5,80.0,994.7,2594872444,3,16095,816,2512.6,2241.1,424,0.34,1,16,15,5,263,2,1,0
5596,8.71,84.0,7325,2127,3397,1175313,0,128,4,-175.5,80.0,994.7,2594876120,3,16095,816,2512.6,2241.1,424,7.04,1,31,25,6927,4,3,2,0
5597,15.38,84.0,7325,2127,3396,1175311,0,128,4,-175.5,80.0,994.7,2594876316,3,16095,816,2512.6,2241.1,424,0.34,1,15,15,6,266,1,2,0
5598,8.77,84.0,7325,2127,3397,1175313,0,128,4,-175.5,80.0,994.7,2594876712,3,16095,816,2512.6,2241.1,424,7.31,1,28,15,7174,5,50,2,0
5599,14.78,84.0,7325,2127,3396,1175311,0,128,4,-175.5,80.0,994.7,2594876908,3,16095,816,2512.6,2241.1,424,0.34,1,15,17,5,265,2,1,0
5600,9.20,84.0,7325,2127,3397,1175313,0,128,4,-175.5,80.0,994.7,2594874088,3,16095,816,2512.6,2241.1,424,7.09,1,25,24,6981,4,3,2,0
5601,14.87,84.0,7325,2127,3396,1175311,0,128,4,-175.5,80.0,994.7,2594877596,3,16095,816,2512.6,2241.1,424,0.35,1,17,16,5,277,2,2,0
5602,8.62,84.0,7325,2127,3397,1175313,0,128,4,-175.5,80.0,994.7,2594874696,3,16095,816,2512.6,2241.1,424,7.62,1,15,15,7498,5,49,2,0
5603,15.05,84.0,7325,2127,3396,1175311,0,128,4,-175.5,80.0,994.7,2594878220,3,16095,816,2512.6,2241.1,424,0.33,1,15,17,9,256,3,2,0
5604,8.75,84.0,7325,2127,3397,1175313,0,128,4,-175.5,80.0,994.7,2594878616,3,16095,816,2512.6,2241.1,424,7.02,1,16,16,6943,4,3,2,0
5605,14.64,84.0,7325,2127,3396,1175311,0,128,4,-175.5,80.0,994.7,2594875516,3,16095,816,2512.6,2241.1,424,0.33,1,16,15,5,253,2,2,0
5606,8.72,84.0,7325,2127,3397,1175313,0,128,4,-175.5,80.0,994.7,2594879256,3,16095,816,2512.6,2241.1,424,7.22,1,15,16,7071,17,61,2,0
5607,15.47,84.0,7325,2127,3396,1175311,0,128,4,-175.5,80.0,994.7,2594879452,3,16095,816,2512.6,2241.1,424,0.34,1,16,16,6,262,2,1,0
5608,8.67,84.0,7325,2127,3397,1175313,0,128,4,-175.5,80.0,994.7,2594879848,3,16095,816,2512.6,2241.1,424,7.30,1,15,19,7217,6,2,1,0
5609,14.70,84.0,7325,2127,3396,1175311,0,128,4,-175.5,80.0,994.7,2594880044,3,16095,816,2512.6,2241.1,424,0.34,1,25,16,5,254,2,1,0
5610,9.13,84.0,7325,2127,3397,1175313,0,128,4,-175.5,80.0,994.7,2594880728,3,16095,816,2512.6,2241.1,424,7.15,1,15,20,7019,5,50,2,0
5611,15.48,84.0,7325,2127,3396,1175311,0,128,4,-175.5,80.0,994.7,2594880636,3,16095,816,2512.6,2241.1,424,0.33,1,16,16,5,257,2,1,0
5612,8.59,84.0,7325,2127,3397,1175313,0,128,4,-175.5,80.0,994.7,2594909808,3,16095,816,2512.6,2241.1,424,6.93,1,15,16,6851,5,3,2,0
5613,14.49,84.0,7325,2127,3396,1175311,0,128,4,-175.5,80.0,994.7,2594906772,3,16095,816,2512.6,2241.1,424,0.33,1,15,16,5,263,2,2,0
5614,8.57,84.0,7325,2127,3397,1175313,0,128,4,-175.5,80.0,994.7,2594910560,3,16095,816,2512.6,2241.1,424,7.53,1,16,16,7404,5,51,2,0
5615,15.46,84.0,7325,2127,3396,1175311,0,128,4,-175.5,80.0,994.7,2594910756,3,16095,816,2512.6,2241.1,424,0.42,1,26,16,6,335,3,2,0
5616,8.64,84.0,7325,2127,3397,1175313,0,128,4,-175.5,80.0,994.7,2594907792,3,16095,816,2512.6,2241.1,424,7.07,1,25,23,6968,3,3,2,0
5617,14.95,84.0,7325,2127,3396,1175311,0,128,4,-175.5,80.0,994.7,2594911396,3,16095,816,2512.6,2241.1,424,0.34,1,16,16,4,270,2,1,0
5618,9.38,84.0,7325,2127,3397,1175313,0,128,4,-175.5,80.0,994.7,2594908400,3,16095,816,2512.6,2241.1,424,7.45,1,15,15,7313,4,63,2,0
5619,14.75,84.0,7325,2127,3396,1175311,0,128,4,-175.5,80.0,994.7,2594912020,3,16095,816,2512.6,2241.1,424,0.35,1,16,16,5,281,2,2,0
5620,9.26,86.0,7325,2127,3397,1175313,0,128,4,-175.5,80.0,994.7,2594909008,3,16095,816,2512.6,2241.1,424,6.92,1,16,28,6838,4,3,2,0
5621,14.98,86.0,7325,2127,3396,1175311,0,128,4,-175.5,80.0,994.7,2594909204,3,16095,816,2512.6,2241.1,424,0.32,1,16,16,5,253,1,1,0
5622,9.20,86.0,7325,2127,3397,1175313,0,128,4,-175.5,80.0,994.7,2594909600,3,16095,816,2512.6,2241.1,424,7.65,1,15,15,7531,5,50,2,0
5623,15.33,86.0,7325,2127,3396,1175311,0,128,4,-175.5,80.0,994.7,2594909796,3,16095,816,2512.6,2241.1,424,0.33,1,15,15,5,254,2,2,0
5624,9.35,86.0,7325,2127,3397,1175313,0,128,4,-175.5,80.0,994.7,2594910176,3,16095,816,2512.6,2241.1,424,7.16,1,16,15,7086,5,3,3,0
5625,15.48,86.0,7325,2127,3396,1175311,0,128,4,-175.5,80.0,994.7,2594913796,3,16095,816,2512.6,2241.1,424,0.36,1,16,16,5,273,2,1,0
5626,7.33,86.0,7325,2127,3397,1175313,0,128,4,-175.5,80.0,994.7,2594910784,3,16095,816,2512.6,2241.1,424,6.88,1,21,15,6761,3,48,2,0
5627,14.32,86.0,7325,2127,3396,1175311,0,128,4,-175.5,80.0,994.7,2594910980,3,16095,816,2512.6,2241.1,424,0.33,1,16,16,5,260,2,1,0
5628,7.46,86.0,7325,2127,3397,1175313,0,128,4,-175.5,80.0,994.7,2594911360,3,16095,816,2512.6,2241.1,424,7.56,1,16,16,7476,5,3,2,0
5629,14.98,86.0,7325,2127,3396,1175311,0,128,4,-175.5,80.0,994.7,2594914980,3,16095,816,2512.6,2241.1,424,0.33,0,16,16,6,262,2,2,0
5630,7.24,86.0,7325,2127,3397,1175313,0,128,4,-175.5,80.0,994.7,2594911968,3,16095,816,2512.6,2241.1,424,6.94,1,15,20,6814,4,50,2,0
5631,13.98,86.0,7325,2127,3396,1175311,0,128,4,-175.5,80.0,994.7,2594912164,3,16095,816,2512.6,2241.1,424,0.33,1,16,16,4,255,2,2,0
5632,7.80,86.0,7325,2127,3397,1175313,0,128,4,-175.5,80.0,994.7,2594912560,3,16095,816,2512.6,2241.1,424,6.78,1,16,16,6706,3,2,2,0
5633,14.77,86.0,7325,2127,3396,1175311,0,128,4,-175.5,80.0,994.7,2594912756,3,16095,816,2512.6,2241.1,424,0.37,1,17,16,5,295,2,2,0
5634,7.49,86.0,7325,2127,3397,1175313,0,128,4,-175.5,80.0,994.7,2594913152,3,16095,816,2512.6,2241.1,424,7.83,1,16,15,7698,5,58,2,0
5635,16.04,86.0,7325,2127,3396,1175311,0,128,4,-175.5,80.0,994.7,2594913348,3,16095,816,2512.6,2241.1,424,0.32,1,15,15,5,252,2,1,0
5636,7.95,86.0,7325,2127,3397,1175313,0,128,4,-175.5,80.0,994.7,2594913744,3,16095,816,2512.6,2241.1,424,7.21,1,30,16,7121,4,3,2,0
5637,14.85,86.0,7325,2127,3396,1175311,0,128,4,-175.5,80.0,994.7,2594913940,3,16095,816,2512.6,2241.1,424,0.35,1,16,17,6,276,2,2,0
5638,7.34,86.0,7325,2127,3397,1175313,0,128,4,-175.5,80.0,994.7,2594914336,3,16095,816,2512.6,2241.1,424,7.33,1,15,15,7207,5,49,2,0
5639,14.55,86.0,7325,2127,3396,1175311,0,128,4,-175.5,80.0,994.7,2594914532,3,16095,816,2512.6,2241.1,424,0.35,1,16,17,6,277,2,2,0
5640,9.71,86.0,7325,2127,3397,1175313,0,128,4,-175.5,80.0,994.7,2594915072,3,16095,816,2512.6,2241.1,424,7.48,1,15,27,7391,7,2,2,0
5641,16.08,86.0,7325,2127,3396,1175311,0,128,4,-175.5,80.0,994.7,2594915124,3,16095,816,2512.6,2241.1,424,0.34,1,16,16,5,266,3,1,0
5642,7.69,86.0,7325,2127,3397,1175313,0,128,4,-175.5,80.0,994.7,2594915504,3,16095,816,2512.6,2241.1,424,7.40,1,21,18,7261,5,52,3,0
5643,14.65,86.0,7325,2127,3396,1175311,0,128,4,-175.5,80.0,994.7,2594919124,3,16095,816,2512.6,2241.1,424,0.50,1,15,16,5,413,6,3,0
5644,14.42,86.0,7325,2127,3397,1175313,0,128,4,-175.5,80.0,994.7,2594916112,3,16095,816,2512.6,2241.1,424,7.41,1,15,15,7331,5,3,2,0
5645,15.33,86.0,7325,2127,3397,1175313,0,128,4,-175.5,80.0,994.7,2594916408,3,16095,816,2512.6,2241.1,424,0.35,2,16,16,5,279,2,2,0
5646,7.87,86.0,7325,2127,3397,1175313,0,128,4,-175.5,80.0,994.7,2594916704,3,16095,816,2512.6,2241.1,424,7.64,0,16,17,7508,4,59,2,0
5647,15.58,86.0,7325,2127,3396,1175311,0,128,4,-175.5,80.0,994.7,2594916900,3,16095,816,2512.6,2241.1,424,0.32,1,15,15,4,251,2,1,0
5648,7.78,86.0,7325,2127,3397,1175313,0,128,4,-175.5,80.0,994.7,2594917296,3,16095,816,2512.6,2241.1,424,7.14,2,16,16,7063,5,3,2,0
5649,14.38,86.0,7325,2127,3396,1175311,0,128,4,-175.5,80.0,994.7,2594917492,3,16095,816,2512.6,2241.1,424,0.33,1,14,20,4,261,2,2,0
5650,8.01,86.0,7325,2127,3397,1175313,0,128,4,-175.5,80.0,994.7,2594917888,3,16095,816,2512.6,2241.1,424,7.56,1,22,16,7420,5,51,1,0
5651,15.43,86.0,7325,2127,3396,1175311,0,128,4,-175.5,80.0,994.7,2594918084,3,16095,816,2512.6,2241.1,424,0.36,1,16,15,5,264,2,2,0
5652,7.90,86.0,7325,2127,3397,1175313,0,128,4,-175.5,80.0,994.7,2594918480,3,16095,816,2512.6,2241.1,424,7.33,1,19,16,7246,5,3,2,0
5653,14.73,86.0,7325,2127,3396,1175311,0,128,4,-175.5,80.0,994.7,2594918676,3,16095,816,2512.6,2241.1,424,0.35,1,16,16,5,263,3,1,0
5654,8.26,86.0,7325,2127,3397,1175313,0,128,4,-175.5,80.0,994.7,2594919072,3,16095,816,2512.6,2241.1,424,7.01,1,16,16,6897,3,47,2,0
5655,15.37,86.0,7325,2127,3396,1175311,0,128,4,-175.5,80.0,994.7,2594919268,3,16095,816,2512.6,2241.1,424,0.38,1,16,35,5,283,2,1,0
5656,8.04,86.0,7325,2127,3397,1175313,0,128,4,-175.5,80.0,994.7,2594919648,3,16095,816,2512.6,2241.1,424,7.34,1,15,16,7261,5,3,2,0
5657,15.32,86.0,7325,2127,3396,1175311,0,128,4,-175.5,80.0,994.7,2594923268,3,16095,816,2512.6,2241.1,424,0.34,1,15,16,5,268,2,2,0
5658,8.07,86.0,7325,2127,3397,1175313,0,128,4,-175.5,80.0,994.7,2594920240,3,16095,816,2512.6,2241.1,424,7.36,2,35,16,7107,5,145,4,0
5659,16.26,86.0,7325,2127,3396,1175311,0,128,4,-175.5,80.0,994.7,2594923860,3,16095,816,2512.6,2241.1,424,0.33,1,16,15,4,261,2,1,0
5660,7.68,86.0,7325,2127,3397,1175313,0,128,4,-175.5,80.0,994.7,2594920832,3,16095,816,2512.6,2241.1,424,7.55,1,16,16,7456,13,7,2,0
5661,14.80,86.0,7325,2127,3396,1175311,0,128,4,-175.5,80.0,994.7,2594924452,3,16095,816,2512.6,2241.1,424,0.35,1,15,33,5,263,2,1,0
5662,7.42,86.0,7325,2127,3397,1175313,0,128,4,-175.5,80.0,994.7,2594921440,3,16095,816,2512.6,2241.1,424,7.27,1,15,17,7152,4,51,2,0
5663,15.12,86.0,7325,2127,3396,1175311,0,128,4,-175.5,80.0,994.7,2594921636,3,16095,816,2512.6,2241.1,424,0.34,1,17,16,5,263,2,2,0
5664,7.08,86.0,7325,2127,3397,1175313,0,128,4,-175.5,80.0,994.7,2594922032,3,16095,816,2512.6,2241.1,424,7.61,1,16,16,7534,5,2,2,0
5665,15.19,86.0,7325,2127,3396,1175311,0,128,4,-175.5,80.0,994.7,2594922228,3,16095,816,2512.6,2241.1,424,0.35,1,16,16,5,273,2,2,0
5666,7.73,86.0,7325,2127,3397,1175313,0,128,4,-175.5,80.0,994.7,2594922624,3,16095,816,2512.6,2241.1,424,7.39,1,15,17,7267,4,51,2,0
5667,14.89,86.0,7325,2127,3396,1175311,0,128,4,-175.5,80.0,994.7,2594922820,3,16095,816,2512.6,2241.1,424,0.34,1,16,19,6,261,2,2,0
5668,8.06,86.0,7325,2127,3397,1175313,0,128,4,-175.5,80.0,994.7,2594923216,3,16095,816,2512.6,2241.1,424,7.98,1,15,19,7900,5,3,2,0
5669,15.73,86.0,7325,2127,3396,1175311,0,128,4,-175.5,80.0,994.7,2594923412,3,16095,816,2512.6,2241.1,424,0.38,0,26,15,5,275,2,1,0
5670,8.96,86.0,7325,2127,3397,1175313,0,128,4,-175.5,80.0,994.7,2594924080,3,16095,816,2512.6,2241.1,424,7.37,1,15,16,7247,5,51,2,0
5671,15.59,86.0,7325,2127,3396,1175311,0,128,4,-175.5,80.0,994.7,2594927412,3,16095,816,2512.6,2241.1,424,0.32,1,16,15,4,252,1,1,0
5672,7.45,86.0,7325,2127,3397,1175313,0,128,4,-175.5,80.0,994.7,2594924400,3,16095,816,2512.6,2241.1,424,7.11,2,24,17,7013,6,3,2,0
5673,14.99,86.0,7325,2127,3396,1175311,0,128,4,-175.5,80.0,994.7,2594924596,3,16095,816,2512.6,2241.1,424,0.33,1,16,15,5,258,2,1,0
5674,8.09,86.0,7325,2127,3397,1175313,0,128,4,-175.5,80.0,994.7,2594924992,3,16095,816,2512.6,2241.1,424,7.88,1,15,16,7762,4,48,1,0
5675,16.56,86.0,7325,2127,3396,1175311,0,128,4,-175.5,80.0,994.7,2594925188,3,16095,816,2512.6,2241.1,424,0.34,1,15,17,5,262,3,1,0
5676,7.36,86.0,7325,2127,3397,1175313,0,128,4,-175.5,80.0,994.7,2594925584,3,16095,816,2512.6,2241.1,424,7.34,1,22,16,7257,6,2,2,0
5677,14.75,86.0,7325,2127,3396,1175311,0,128,4,-175.5,80.0,994.7,2594925780,3,16095,816,2512.6,2241.1,424,0.34,1,15,16,5,272,2,2,0
5678,7.95,86.0,7325,2127,3397,1175313,0,128,4,-175.5,80.0,994.7,2594926176,3,16095,816,2512.6,2241.1,424,6.79,1,16,16,6678,4,46,2,0
5679,14.23,86.0,7325,2127,3396,1175311,0,128,4,-175.5,80.0,994.7,2594929796,3,16095,816,2512.6,2241.1,424,0.37,1,15,16,5,289,1,2,0
5680,7.53,86.0,7325,2127,3397,1175313,0,128,4,-175.5,80.0,994.7,2594926784,3,16095,816,2512.6,2241.1,424,7.82,0,15,16,7751,4,2,2,0
5681,15.19,86.0,7325,2127,3396,1175311,0,128,4,-175.5,80.0,994.7,2594926980,3,16095,816,2512.6,2241.1,424,0.32,1,15,16,5,252,2,1,0
5682,7.23,86.0,7325,2127,3397,1175313,0,128,4,-175.5,80.0,994.7,2594927376,3,16095,816,2512.6,2241.1,424,6.98,2,21,20,6837,5,47,1,0
5683,14.72,86.0,7325,2127,3396,1175311,0,128,4,-175.5,80.0,994.7,2594927572,3,16095,816,2512.6,2241.1,424,0.33,1,16,16,5,255,2,2,0
5684,8.11,86.0,7325,2127,3397,1175313,0,128,4,-175.5,80.0,994.7,2594927968,3,16095,816,2512.6,2241.1,424,7.06,1,25,16,6974,5,3,2,0
5685,14.91,86.0,7325,2127,3396,1175311,0,128,4,-175.5,80.0,994.7,2594928164,3,16095,816,2512.6,2241.1,424,0.35,1,16,16,5,273,4,2,0
5686,7.98,86.0,7325,2127,3397,1175313,0,128,4,-175.5,80.0,994.7,2594928560,3,16095,816,2512.6,2241.1,424,7.43,1,15,15,7313,4,48,2,0
5687,14.75,86.0,7325,2127,3396,1175311,0,128,4,-175.5,80.0,994.7,2594928756,3,16095,816,2512.6,2241.1,424,0.32,1,15,16,6,249,2,1,0
5688,7.32,86.0,7325,2127,3397,1175313,0,128,4,-175.5,80.0,994.7,2594929152,3,16095,816,2512.6,2241.1,424,6.87,0,15,16,6793,3,3,2,0
5689,14.24,86.0,7325,2127,3396,1175311,0,128,4,-175.5,80.0,994.7,2594929348,3,16095,816,2512.6,2241.1,424,0.35,1,22,23,5,265,3,1,0
5690,7.54,86.0,7325,2127,3397,1175313,0,128,4,-175.5,80.0,994.7,2594929744,3,16095,816,2512.6,2241.1,424,7.31,1,15,15,7187,5,52,2,0
5691,15.13,86.0,7325,2127,3396,1175311,0,128,4,-175.5,80.0,994.7,2594929940,3,16095,816,2512.6,2241.1,424,0.32,1,20,16,5,248,2,1,0
5692,8.25,86.0,7325,2127,3397,1175313,0,128,4,-175.5,80.0,994.7,2594930336,3,16095,816,2512.6,2241.1,424,7.27,1,16,17,7196,5,3,2,0
5693,15.13,86.0,7325,2127,3396,1175311,0,128,4,-175.5,80.0,994.7,2594930532,3,16095,816,2512.6,2241.1,424,0.34,1,16,15,6,264,2,2,0
5694,7.79,86.0,7325,2127,3397,1175313,0,128,4,-175.5,80.0,994.7,2594930928,3,16095,816,2512.6,2241.1,424,7.42,1,17,16,7294,6,51,1,0
5695,15.28,86.0,7325,2127,3396,1175311,0,128,4,-175.5,80.0,994.7,2594931124,3,16095,816,2512.6,2241.1,424,0.33,1,16,15,5,254,3,1,0
5696,7.63,86.0,7325,2127,3397,1175313,0,128,4,-175.5,80.0,994.7,2594931520,3,16095,816,2512.6,2241.1,424,7.34,1,15,15,7267,4,2,2,0
5697,15.21,86.0,7325,2127,3396,1175311,0,128,4,-175.5,80.0,994.7,2594931716,3,16095,816,2512.6,2241.1,424,0.38,1,20,20,5,290,3,1,0
5698,7.74,86.0,7325,2127,3397,1175313,0,128,4,-175.5,80.0,994.7,2594932112,3,16095,816,2512.6,2241.1,424,7.56,2,17,15,7425,5,51,3,0
5699,15.13,86.0,7325,2127,3396,1175311,0,128,4,-175.5,80.0,994.7,2594932308,3,16095,816,2512.6,2241.1,424,0.38,3,38,16,5,282,2,1,0
5700,9.66,86.0,7325,2127,3397,1175313,0,128,4,-175.5,80.0,994.7,2594932992,3,16095,816,2512.6,2241.1,424,7.42,0,14,15,7346,5,3,2,0
5701,16.18,86.0,7325,2127,3396,1175311,0,128,4,-175.5,80.0,994.7,2594932900,3,16095,816,2512.6,2241.1,424,0.40,1,16,16,4,328,4,2,0
5702,7.48,86.0,7325,2127,3397,1175313,0,128,4,-175.5,80.0,994.7,2594933296,3,16095,816,2512.6,2241.1,424,7.49,1,17,16,7352,6,53,2,0
5703,15.36,86.0,7325,2127,3396,1175311,0,128,4,-175.5,80.0,994.7,2594933492,3,16095,816,2512.6,2241.1,424,0.35,1,16,16,5,273,2,2,0
5704,7.83,86.0,7325,2127,3397,1175313,0,128,4,-175.5,80.0,994.7,2594933888,3,16095,816,2512.6,2241.1,424,7.02,1,15,15,6952,3,3,2,0
5705,15.18,86.0,7325,2127,3396,1175311,0,128,4,-175.5,80.0,994.7,2594934084,3,16095,816,2512.6,2241.1,424,0.35,1,16,16,7,263,2,14,0
5706,7.82,86.0,7325,2127,3397,1175313,0,128,4,-175.5,80.0,994.7,2594934480,3,16095,816,2512.6,2241.1,424,7.62,1,15,15,7493,5,51,2,0
5707,15.26,86.0,7325,2127,3396,1175311,0,128,4,-175.5,80.0,994.7,2594934676,3,16095,816,2512.6,2241.1,424,0.35,1,16,15,4,276,2,1,0
5708,7.29,86.0,7325,2127,3397,1175313,0,128,4,-175.5,80.0,994.7,2594935072,3,16095,816,2512.6,2241.1,424,7.22,1,17,17,7143,4,2,2,0
5709,15.64,86.0,7325,2127,3396,1175311,0,128,4,-175.5,80.0,994.7,2594935268,3,16095,816,2512.6,2241.1,424,0.35,2,16,17,5,276,2,1,0
5710,7.49,86.0,7325,2127,3397,1175313,0,128,4,-175.5,80.0,994.7,2594935664,3,16095,816,2512.6,2241.1,424,7.64,2,15,16,7512,6,51,1,0
5711,15.68,86.0,7325,2127,3396,1175311,0,128,4,-175.5,80.0,994.7,2594935860,3,16095,816,2512.6,2241.1,424,0.34,2,25,16,5,253,2,2,0
5712,8.22,86.0,7325,2127,3397,1175313,0,128,4,-175.5,80.0,994.7,2594936256,3,16095,816,2512.6,2241.1,424,6.72,0,18,16,6640,3,3,2,0
5713,14.26,86.0,7325,2127,3396,1175311,0,128,4,-175.5,80.0,994.7,2594936452,3,16095,816,2512.6,2241.1,424,0.33,1,16,17,5,255,2,2,0
5714,8.18,86.0,7325,2127,3397,1175313,0,128,4,-175.5,80.0,994.7,2594936848,3,16095,816,2512.6,2241.1,424,7.12,1,15,16,6987,4,49,10,0
5715,14.30,86.0,7325,2127,3396,1175311,0,128,4,-175.5,80.0,994.7,2594937044,3,16095,816,2512.6,2241.1,424,0.51,1,25,23,7,408,4,2,0
5716,8.31,86.0,7325,2127,3397,1175313,0,128,4,-175.5,80.0,994.7,2594937440,3,16095,816,2512.6,2241.1,424,7.43,1,15,16,7359,4,2,2,0
5717,15.33,86.0,7325,2127,3396,1175311,0,128,4,-175.5,80.0,994.7,2594937636,3,16095,816,2512.6,2241.1,424,0.35,1,16,16,10,268,2,2,0
5718,7.23,86.0,7325,2127,3397,1175313,0,128,4,-175.5,80.0,994.7,2594938032,3,16095,816,2512.6,2241.1,424,7.15,1,16,16,7028,5,50,3,0
5719,14.41,86.0,7325,2127,3396,1175311,0,128,4,-175.5,80.0,994.7,2594938228,3,16095,816,2512.6,2241.1,424,0.36,1,16,16,5,269,2,2,0
5720,7.75,86.0,7325,2127,3397,1175313,0,128,4,-175.5,80.0,994.7,2594938624,3,16095,816,2512.6,2241.1,424,6.90,2,32,23,6781,3,2,2,0
5721,14.75,86.0,7325,2127,3396,1175311,0,128,4,-175.5,80.0,994.7,2594938820,3,16095,816,2512.6,2241.1,424,0.35,1,31,16,5,267,2,1,0
5722,8.66,86.0,7325,2127,3397,1175313,0,128,4,-175.5,80.0,994.7,2594939216,3,16095,816,2512.6,2241.1,424,7.69,1,17,17,7549,5,60,2,0
5723,15.80,86.0,7325,2127,3396,1175311,0,128,4,-175.5,80.0,994.7,2594939412,3,16095,816,2512.6,2241.1,424,0.33,1,16,16,4,255,2,2,0
5724,7.90,86.0,7325,2127,3397,1175313,0,128,4,-175.5,80.0,994.7,2594939808,3,16095,816,2512.6,2241.1,424,7.64,2,16,17,7552,6,3,2,0
5725,15.32,86.0,7325,2127,3396,1175311,0,128,4,-175.5,80.0,994.7,2594940004,3,16095,816,2512.6,2241.1,424,0.33,1,16,16,5,260,2,1,0
5726,7.49,86.0,7325,2127,3397,1175313,0,128,4,-175.5,80.0,994.7,2594940400,3,16095,816,2512.6,2241.1,424,7.67,1,16,16,7554,5,50,2,0
5727,15.80,86.0,7325,2127,3396,1175311,0,128,4,-175.5,80.0,994.7,2594940596,3,16095,816,2512.6,2241.1,424,0.33,1,15,16,4,261,2,2,0
5728,7.69,86.0,7325,2127,3397,1175313,0,128,4,-175.5,80.0,994.7,2594940992,3,16095,816,2512.6,2241.1,424,7.26,1,18,18,7176,5,3,3,0
5729,15.02,86.0,7325,2127,3396,1175311,0,128,4,-175.5,80.0,994.7,2594941188,3,16095,816,2512.6,2241.1,424,0.35,1,18,19,5,263,2,2,0
5730,9.06,86.0,7325,2127,3397,1175313,0,128,4,-175.5,80.0,994.7,2594941872,3,16095,816,2512.6,2241.1,424,7.11,1,14,15,6982,5,51,4,0
5731,16.04,86.0,7325,2127,3396,1175311,0,128,4,-175.5,80.0,994.7,2594941780,3,16095,816,2512.6,2241.1,424,0.33,1,16,16,5,259,2,2,0
5732,8.12,86.0,7325,2127,3397,1175313,0,128,4,-175.5,80.0,994.7,2594942176,3,16095,816,2512.6,2241.1,424,7.35,1,16,31,7252,4,2,2,0
5733,15.62,86.0,7325,2127,3396,1175311,0,128,4,-175.5,80.0,994.7,2594942372,3,16095,816,2512.6,2241.1,424,0.37,0,17,17,5,295,2,1,0
5734,7.99,86.0,7325,2127,3397,1175313,0,128,4,-175.5,80.0,994.7,2594942752,3,16095,816,2512.6,2241.1,424,7.13,1,15,15,6996,4,50,2,0
5735,14.48,86.0,7325,2127,3396,1175311,0,128,4,-175.5,80.0,994.7,2594946372,3,16095,816,2512.6,2241.1,424,0.33,1,16,16,5,256,3,1,0
5736,7.72,86.0,7325,2127,3397,1175313,0,128,4,-175.5,80.0,994.7,2594943344,3,16095,816,2512.6,2241.1,424,6.89,1,15,15,6799,4,3,3,0
5737,15.77,86.0,7325,2127,3396,1175311,0,128,4,-175.5,80.0,994.7,2594946964,3,16095,816,2512.6,2241.1,424,0.34,1,15,16,5,268,2,2,0
5738,7.92,86.0,7325,2127,3397,1175313,0,128,4,-175.5,80.0,994.7,2594943952,3,16095,816,2512.6,2241.1,424,7.75,1,15,16,7606,5,63,2,0
5739,15.46,86.0,7325,2127,3396,1175311,0,128,4,-175.5,80.0,994.7,2594944148,3,16095,816,2512.6,2241.1,424,0.37,2,15,15,5,298,2,2,0
5740,7.27,86.0,7325,2127,3397,1175313,0,128,4,-175.5,80.0,994.7,2594944544,3,16095,816,2512.6,2241.1,424,6.95,1,17,16,6853,3,3,2,0
5741,14.77,86.0,7325,2127,3396,1175311,0,128,4,-175.5,80.0,994.7,2594944740,3,16095,816,2512.6,2241.1,424,0.35,1,16,16,5,260,2,2,0
5742,7.51,86.0,7325,2127,3397,1175313,0,128,4,-175.5,80.0,994.7,2594945136,3,16095,816,2512.6,2241.1,424,7.40,1,15,17,7280,5,51,2,0
5743,14.97,86.0,7325,2127,3396,1175311,0,128,4,-175.5,80.0,994.7,2594945332,3,16095,816,2512.6,2241.1,424,0.33,1,16,16,5,256,2,2,0
5744,7.03,86.0,7325,2127,3397,1175313,0,128,4,-175.5,80.0,994.7,2594945728,3,16095,816,2512.6,2241.1,424,7.18,0,15,16,7104,6,3,2,0
5745,15.10,86.0,7325,2127,3396,1175311,0,128,4,-175.5,80.0,994.7,2594945924,3,16095,816,2512.6,2241.1,424,0.35,1,15,16,5,281,2,2,0
5746,7.93,86.0,7325,2127,3397,1175313,0,128,4,-175.5,80.0,994.7,2594946320,3,16095,816,2512.6,2241.1,424,7.46,3,17,15,7325,4,49,2,0
5747,15.26,86.0,7325,2127,3396,1175311,0,128,4,-175.5,80.0,994.7,2594946516,3,16095,816,2512.6,2241.1,424,0.34,1,16,16,5,262,3,2,0
5748,7.54,86.0,7325,2127,3397,1175313,0,128,4,-175.5,80.0,994.7,2594946912,3,16095,816,2512.6,2241.1,424,7.54,1,15,15,7464,5,3,2,0
5749,15.53,86.0,7325,2127,3396,1175311,0,128,4,-175.5,80.0,994.7,2594947108,3,16095,816,2512.6,2241.1,424,0.33,0,16,16,5,258,2,1,0
5750,8.57,86.0,7325,2127,3397,1175313,0,128,4,-175.5,80.0,994.7,2594947504,3,16095,816,2512.6,2241.1,424,7.57,1,17,17,7443,5,50,2,0
5751,14.96,86.0,7325,2127,3396,1175311,0,128,4,-175.5,80.0,994.7,2594947684,3,16095,816,2512.6,2241.1,424,0.34,1,33,16,5,254,1,1,0
5752,7.92,86.0,7325,2127,3397,1175313,0,128,4,-175.5,80.0,994.7,2594951504,3,16095,816,2512.6,2241.1,424,7.02,0,15,16,6944,4,3,2,0
5753,14.26,86.0,7325,2127,3396,1175311,0,128,4,-175.5,80.0,994.7,2594948292,3,16095,816,2512.6,2241.1,424,0.33,1,15,16,5,262,2,2,0
5754,7.80,86.0,7325,2127,3397,1175313,0,128,4,-175.5,80.0,994.7,2594948688,3,16095,816,2512.6,2241.1,424,6.91,1,23,24,6776,3,46,1,0
5755,15.07,86.0,7325,2127,3396,1175311,0,128,4,-175.5,80.0,994.7,2594948884,3,16095,816,2512.6,2241.1,424,0.34,1,19,23,5,262,2,2,0
5756,7.86,86.0,7325,2127,3397,1175313,0,128,4,-175.5,80.0,994.7,2594949280,3,16095,816,2512.6,2241.1,424,7.37,1,15,16,7297,5,2,2,0
5757,15.43,86.0,7325,2127,3396,1175311,0,128,4,-175.5,80.0,994.7,2594949476,3,16095,816,2512.6,2241.1,424,0.33,1,15,16,5,259,2,2,0
5758,8.04,86.0,7325,2127,3397,1175313,0,128,4,-175.5,80.0,994.7,2594949872,3,16095,816,2512.6,2241.1,424,7.46,1,14,15,7330,5,56,2,0
5759,15.64,86.0,7325,2127,3396,1175311,0,128,4,-175.5,80.0,994.7,2594950052,3,16095,816,2512.6,2241.1,424,0.37,1,17,31,5,279,2,2,0
5760,9.44,86.0,7325,2127,3397,1175313,0,128,4,-175.5,80.0,994.7,2594950592,3,16095,816,2512.6,2241.1,424,7.22,1,15,15,7144,7,3,2,0
5761,15.87,86.0,7325,2127,3396,1175311,0,128,4,-175.5,80.0,994.7,2594950644,3,16095,816,2512.6,2241.1,424,0.33,1,15,16,5,264,2,1,0
5762,7.96,86.0,7325,2127,3397,1175313,0,128,4,-175.5,80.0,994.7,2594951040,3,16095,816,2512.6,2241.1,424,7.52,1,14,16,7401,5,49,1,0
5763,15.49,86.0,7325,2127,3396,1175311,0,128,4,-175.5,80.0,994.7,2594951236,3,16095,816,2512.6,2241.1,424,0.37,2,16,16,6,281,2,1,0
5764,7.53,86.0,7325,2127,3397,1175313,0,128,4,-175.5,80.0,994.7,2594951632,3,16095,816,2512.6,2241.1,424,7.70,1,17,17,7605,5,3,2,0
5765,15.48,86.0,7325,2127,3396,1175311,0,128,4,-175.5,80.0,994.7,2594951828,3,16095,816,2512.6,2241.1,424,0.37,2,24,23,8,270,2,1,0
5766,7.83,86.0,7325,2127,3397,1175313,0,128,4,-175.5,80.0,994.7,2594952224,3,16095,816,2512.6,2241.1,424,7.32,1,15,17,7189,5,50,2,0
5767,15.19,86.0,7325,2127,3396,1175311,0,128,4,-175.5,80.0,994.7,2594955844,3,16095,816,2512.6,2241.1,424,0.35,1,17,16,5,260,2,2,0
5768,7.79,86.0,7325,2127,3397,1175313,0,128,4,-175.5,80.0,994.7,2594952832,3,16095,816,2512.6,2241.1,424,7.03,1,20,16,6947,5,3,2,0
5769,14.63,86.0,7325,2127,3396,1175311,0,128,4,-175.5,80.0,994.7,2594953028,3,16095,816,2512.6,2241.1,424,0.34,1,16,15,5,250,3,1,0
5770,7.92,86.0,7325,2127,3397,1175313,0,128,4,-175.5,80.0,994.7,2594953424,3,16095,816,2512.6,2241.1,424,6.86,2,22,15,6726,3,44,2,0
5771,14.94,86.0,7325,2127,3396,1175311,0,128,4,-175.5,80.0,994.7,2594953620,3,16095,816,2512.6,2241.1,424,0.34,1,17,16,5,260,2,2,0
5772,7.81,86.0,7325,2127,3397,1175313,0,128,4,-175.5,80.0,994.7,2594954016,3,16095,816,2512.6,2241.1,424,7.28,1,15,15,7198,5,3,2,0
5773,15.36,86.0,7325,2127,3396,1175311,0,128,4,-175.5,80.0,994.7,2594954212,3,16095,816,2512.6,2241.1,424,0.34,2,21,16,5,260,2,2,0
5774,7.73,86.0,7325,2127,3397,1175313,0,128,4,-175.5,80.0,994.7,2594954608,3,16095,816,2512.6,2241.1,424,7.53,1,16,16,7409,5,50,1,0
5775,14.85,86.0,7325,2127,3396,1175311,0,128,4,-175.5,80.0,994.7,2594954804,3,16095,816,2512.6,2241.1,424,0.37,1,19,15,5,277,2,2,0
5776,8.30,86.0,7325,2127,3397,1175313,0,128,4,-175.5,80.0,994.7,2594955200,3,16095,816,2512.6,2241.1,424,7.11,2,20,22,7015,4,2,2,0
5777,14.63,86.0,7325,2127,3396,1175311,0,128,4,-175.5,80.0,994.7,2594955396,3,16095,816,2512.6,2241.1,424,0.35,2,16,16,5,281,2,2,0
5778,7.99,86.0,7325,2127,3397,1175313,0,128,4,-175.5,80.0,994.7,2594955792,3,16095,816,2512.6,2241.1,424,7.20,1,15,16,7075,4,52,2,0
5779,14.96,86.0,7325,2127,3396,1175311,0,128,4,-175.5,80.0,994.7,2594955988,3,16095,816,2512.6,2241.1,424,0.33,2,16,16,5,254,2,2,0
5780,8.13,86.0,7325,2127,3397,1175313,0,128,4,-175.5,80.0,994.7,2594956384,3,16095,816,2512.6,2241.1,424,7.50,1,16,16,7421,6,3,2,0
5781,15.81,86.0,7325,2127,3396,1175311,0,128,4,-175.5,80.0,994.7,2594956580,3,16095,816,2512.6,2241.1,424,0.35,1,16,22,5,255,3,1,0
5782,8.26,86.0,7325,2127,3397,1175313,0,128,4,-175.5,80.0,994.7,2594956976,3,16095,816,2512.6,2241.1,424,6.85,1,16,17,6718,4,48,1,0
5783,15.55,86.0,7325,2127,3396,1175311,0,128,4,-175.5,80.0,994.7,2594957172,3,16095,816,2512.6,2241.1,424,0.33,1,15,15,5,252,2,1,0
5784,8.54,86.0,7325,2127,3397,1175313,0,128,4,-175.5,80.0,994.7,2594957568,3,16095,816,2512.6,2241.1,424,7.08,1,17,17,6994,7,3,2,0
5785,15.02,86.0,7325,2127,3396,1175311,0,128,4,-175.5,80.0,994.7,2594957764,3,16095,816,2512.6,2241.1,424,0.33,1,15,16,4,263,2,1,0
5786,7.95,86.0,7325,2127,3397,1175313,0,128,4,-175.5,80.0,994.7,2594958160,3,16095,816,2512.6,2241.1,424,6.94,1,17,25,6813,3,47,2,0
5787,15.55,86.0,7325,2127,3396,1175311,0,128,4,-175.5,80.0,994.7,2594958356,3,16095,816,2512.6,2241.1,424,0.34,1,16,16,5,260,2,2,0
5788,8.38,86.0,7325,2127,3397,1175313,0,128,4,-175.5,80.0,994.7,2594958752,3,16095,816,2512.6,2241.1,424,7.14,1,24,18,7034,6,2,2,0
5789,15.31,86.0,7325,2127,3396,1175311,0,128,4,-175.5,80.0,994.7,2594958932,3,16095,816,2512.6,2241.1,424,0.37,2,20,16,5,275,3,1,0
5790,8.77,86.0,7325,2127,3397,1175313,0,128,4,-175.5,80.0,994.7,2594959688,3,16095,816,2512.6,2241.1,424,7.52,1,15,15,7385,5,66,1,0
5791,17.12,86.0,7325,2127,3396,1175311,0,128,4,-175.5,80.0,994.7,2594959524,3,16095,816,2512.6,2241.1,424,0.37,1,34,17,6,270,2,2,0
5792,15.60,86.0,7325,2127,3397,1175313,0,128,4,-175.5,80.0,994.7,2594959920,3,16095,816,2512.6,2241.1,424,7.07,1,15,29,6969,5,2,2,0
5793,14.97,86.0,7325,2127,3397,1175313,0,128,4,-175.5,80.0,994.7,2594960216,3,16095,816,2512.6,2241.1,424,0.33,1,16,15,5,260,2,2,0
5794,6.99,86.0,7325,2127,3397,1175313,0,128,4,-175.5,80.0,994.7,2594960512,3,16095,816,2512.6,2241.1,424,7.13,1,15,16,7000,4,51,3,0
5795,15.19,86.0,7325,2127,3396,1175311,0,128,4,-175.5,80.0,994.7,2594960708,3,16095,816,2512.6,2241.1,424,0.33,1,15,16,5,258,2,1,0
5796,8.02,86.0,7325,2127,3397,1175313,0,128,4,-175.5,80.0,994.7,2594961104,3,16095,816,2512.6,2241.1,424,6.82,1,19,18,6727,5,3,3,0
5797,15.25,86.0,7325,2127,3396,1175311,0,128,4,-175.5,80.0,994.7,2594961300,3,16095,816,2512.6,2241.1,424,0.33,1,16,16,5,258,1,1,0
5798,7.49,86.0,7325,2127,3397,1175313,0,128,4,-175.5,80.0,994.7,2594961696,3,16095,816,2512.6,2241.1,424,7.55,1,16,16,7410,7,65,2,0
5799,15.19,86.0,7325,2127,3396,1175311,0,128,4,-175.5,80.0,994.7,2594961892,3,16095,816,2512.6,2241.1,424,0.32,1,16,16,5,252,2,1,0
5800,7.66,86.0,7325,2127,3397,1175313,0,128,4,-175.5,80.0,994.7,2594965712,3,16095,816,2512.6,2241.1,424,7.02,1,25,24,6919,6,3,2,0
5801,14.84,86.0,7325,2127,3396,1175311,0,128,4,-175.5,80.0,994.7,2594962500,3,16095,816,2512.6,2241.1,424,0.33,1,17,16,6,254,2,1,0
5802,7.35,86.0,7325,2127,3397,1175313,0,128,4,-175.5,80.0,994.7,2594962896,3,16095,816,2512.6,2241.1,424,7.53,1,15,16,7402,5,50,1,0
5803,14.71,86.0,7325,2127,3396,1175311,0,128,4,-175.5,80.0,994.7,2594963092,3,16095,816,2512.6,2241.1,424,0.47,1,25,23,7,365,3,1,0
5804,8.42,86.0,7325,2127,3397,1175313,0,128,4,-175.5,80.0,994.7,2594963488,3,16095,816,2512.6,2241.1,424,7.49,2,17,17,7402,7,3,2,0
5805,14.99,86.0,7325,2127,3396,1175311,0,128,4,-175.5,80.0,994.7,2594963684,3,16095,816,2512.6,2241.1,424,0.35,2,16,17,6,270,2,2,0
5806,8.32,86.0,7325,2127,3397,1175313,0,128,4,-175.5,80.0,994.7,2594964080,3,16095,816,2512.6,2241.1,424,7.50,1,15,16,7378,6,51,2,0
5807,15.71,86.0,7325,2127,3396,1175311,0,128,4,-175.5,80.0,994.7,2594964276,3,16095,816,2512.6,2241.1,424,0.35,1,16,15,4,278,2,1,0
5808,7.95,86.0,7325,2127,3397,1175313,0,128,4,-175.5,80.0,994.7,2594964672,3,16095,816,2512.6,2241.1,424,7.06,2,32,26,6870,3,3,2,0
5809,14.70,86.0,7325,2127,3396,1175311,0,128,4,-175.5,80.0,994.7,2594964868,3,16095,816,2512.6,2241.1,424,0.33,1,15,15,5,264,2,2,0
5810,8.19,86.0,7325,2127,3397,1175313,0,128,4,-175.5,80.0,994.7,2594965264,3,16095,816,2512.6,2241.1,424,7.40,1,26,22,7235,9,50,3,0
5811,16.12,86.0,7325,2127,3396,1175311,0,128,4,-175.5,80.0,994.7,2594965460,3,16095,816,2512.6,2241.1,424,0.35,1,16,16,4,277,1,1,0
5812,7.83,86.0,7325,2127,3397,1175313,0,128,4,-175.5,80.0,994.7,2594965856,3,16095,816,2512.6,2241.1,424,7.04,1,16,16,6967,5,2,3,0
5813,14.53,86.0,7325,2127,3396,1175311,0,128,4,-175.5,80.0,994.7,2594966052,3,16095,816,2512.6,2241.1,424,0.34,1,15,16,5,265,2,2,0
5814,8.54,86.0,7325,2127,3397,1175313,0,128,4,-175.5,80.0,994.7,2594966448,3,16095,816,2512.6,2241.1,424,7.29,1,15,23,7160,4,51,1,0
5815,15.22,86.0,7325,2127,3396,1175311,0,128,4,-175.5,80.0,994.7,2594966644,3,16095,816,2512.6,2241.1,424,0.34,1,16,16,5,262,5,1,0
5816,7.55,86.0,7325,2127,3397,1175313,0,128,4,-175.5,80.0,994.7,2594967040,3,16095,816,2512.6,2241.1,424,6.91,1,16,16,6838,5,3,2,0
5817,13.98,86.0,7325,2127,3396,1175311,0,128,4,-175.5,80.0,994.7,2594967236,3,16095,816,2512.6,2241.1,424,0.35,1,19,31,5,257,2,1,0
5818,7.45,86.0,7325,2127,3397,1175313,0,128,4,-175.5,80.0,994.7,2594967632,3,16095,816,2512.6,2241.1,424,6.81,1,16,16,6684,3,52,2,0
5819,13.95,86.0,7325,2127,3396,1175311,0,128,4,-175.5,80.0,994.7,2594967828,3,16095,816,2512.6,2241.1,424,0.39,1,26,26,9,285,2,1,0
5820,10.16,86.0,7325,2127,3397,1175313,0,128,4,-175.5,80.0,994.7,2594968512,3,16095,816,2512.6,2241.1,424,7.13,1,15,16,7051,5,3,2,0
5821,15.63,86.0,7325,2127,3397,1175313,0,128,4,-175.5,80.0,994.7,2594968520,3,16095,816,2512.6,2241.1,424,0.38,1,32,17,10,282,2,2,0
5822,7.83,86.0,7325,2127,3397,1175313,0,128,4,-175.5,80.0,994.7,2594968816,3,16095,816,2512.6,2241.1,424,7.04,1,16,16,6913,5,50,2,0
5823,14.37,86.0,7325,2127,3396,1175311,0,128,4,-175.5,80.0,994.7,2594969012,3,16095,816,2512.6,2241.1,424,0.35,2,16,16,5,284,2,2,0
5824,7.33,86.0,7325,2127,3397,1175313,0,128,4,-175.5,80.0,994.7,2594969408,3,16095,816,2512.6,2241.1,424,7.22,1,16,15,7140,5,3,2,0
5825,15.94,86.0,7325,2127,3396,1175311,0,128,4,-175.5,80.0,994.7,2594969604,3,16095,816,2512.6,2241.1,424,0.42,1,16,16,5,339,12,2,0
5826,7.94,86.0,7325,2127,3397,1175313,0,128,4,-175.5,80.0,994.7,2594970000,3,16095,816,2512.6,2241.1,424,7.68,1,16,25,7534,5,51,2,0
5827,15.28,86.0,7325,2127,3396,1175311,0,128,4,-175.5,80.0,994.7,2594970196,3,16095,816,2512.6,2241.1,424,0.36,1,16,17,5,284,2,2,0
5828,8.06,86.0,7325,2127,3397,1175313,0,128,4,-175.5,80.0,994.7,2594970592,3,16095,816,2512.6,2241.1,424,7.51,1,22,16,7420,5,3,4,0
5829,15.38,86.0,7325,2127,3396,1175311,0,128,4,-175.5,80.0,994.7,2594970788,3,16095,816,2512.6,2241.1,424,0.39,1,18,16,5,299,2,2,0
5830,8.01,86.0,7325,2127,3397,1175313,0,128,4,-175.5,80.0,994.7,2594971184,3,16095,816,2512.6,2241.1,424,7.04,1,19,19,6899,3,57,2,0
5831,15.22,86.0,7325,2127,3396,1175311,0,128,4,-175.5,80.0,994.7,2594971380,3,16095,816,2512.6,2241.1,424,0.35,1,16,16,5,274,2,2,0
5832,7.77,86.0,7325,2127,3397,1175313,0,128,4,-175.5,80.0,994.7,2594971776,3,16095,816,2512.6,2241.1,424,7.07,1,31,32,6965,4,3,2,0
5833,14.95,86.0,7325,2127,3396,1175311,0,128,4,-175.5,80.0,994.7,2594971972,3,16095,816,2512.6,2241.1,424,0.34,1,15,15,5,270,2,2,0
5834,7.74,86.0,7325,2127,3397,1175313,0,128,4,-175.5,80.0,994.7,2594972368,3,16095,816,2512.6,2241.1,424,6.96,1,16,17,6844,3,47,2,0
5835,14.73,86.0,7325,2127,3396,1175311,0,128,4,-175.5,80.0,994.7,2594972564,3,16095,816,2512.6,2241.1,424,0.33,1,15,17,6,248,1,1,0
5836,8.52,86.0,7325,2127,3397,1175313,0,128,4,-175.5,80.0,994.7,2594972960,3,16095,816,2512.6,2241.1,424,7.35,2,17,16,7264,7,3,2,0
5837,15.69,86.0,7325,2127,3396,1175311,0,128,4,-175.5,80.0,994.7,2594973156,3,16095,816,2512.6,2241.1,424,0.33,1,15,16,5,259,3,1,0
5838,7.47,86.0,7325,2127,3397,1175313,0,128,4,-175.5,80.0,994.7,2594973552,3,16095,816,2512.6,2241.1,424,7.19,1,15,15,7065,5,51,2,0
5839,14.48,86.0,7325,2127,3396,1175311,0,128,4,-175.5,80.0,994.7,2594973748,3,16095,816,2512.6,2241.1,424,0.33,1,16,17,4,258,2,2,0
5840,7.52,86.0,7325,2127,3397,1175313,0,128,4,-175.5,80.0,994.7,2594974144,3,16095,816,2512.6,2241.1,424,7.12,1,31,15,7031,5,3,1,0
5841,14.44,86.0,7325,2127,3396,1175311,0,128,4,-175.5,80.0,994.7,2594974340,3,16095,816,2512.6,2241.1,424,0.51,1,25,23,8,382,12,15,0
5842,8.46,86.0,7325,2127,3397,1175313,0,128,4,-175.5,80.0,994.7,2594974736,3,16095,816,2512.6,2241.1,424,7.39,1,16,16,7250,5,68,2,0
5843,15.10,86.0,7325,2127,3396,1175311,0,128,4,-175.5,80.0,994.7,2594974932,3,16095,816,2512.6,2241.1,424,0.33,1,16,16,5,260,2,2,0
5844,7.79,86.0,7325,2127,3397,1175313,0,128,4,-175.5,80.0,994.7,2594975328,3,16095,816,2512.6,2241.1,424,7.42,1,15,15,7349,5,3,2,0
5845,15.41,86.0,7325,2127,3396,1175311,0,128,4,-175.5,80.0,994.7,2594975524,3,16095,816,2512.6,2241.1,424,0.33,1,17,16,6,256,2,2,0
5846,7.91,86.0,7325,2127,3397,1175313,0,128,4,-175.5,80.0,994.7,2594975920,3,16095,816,2512.6,2241.1,424,6.97,1,15,16,6854,4,47,1,0
5847,16.71,86.0,7325,2127,3396,1175311,0,128,4,-175.5,80.0,994.7,2594976116,3,16095,816,2512.6,2241.1,424,0.33,1,16,17,5,257,2,1,0
5848,8.41,86.0,7325,2127,3397,1175313,0,128,4,-175.5,80.0,994.7,2594976512,3,16095,816,2512.6,2241.1,424,7.03,1,15,16,6960,4,3,2,0
5849,14.95,86.0,7325,2127,3396,1175311,0,128,4,-175.5,80.0,994.7,2594976708,3,16095,816,2512.6,2241.1,424,0.36,1,16,30,5,274,2,2,0
5850,9.23,86.0,7325,2127,3397,1175313,0,128,4,-175.5,80.0,994.7,2594977392,3,16095,816,2512.6,2241.1,424,7.37,1,15,16,7222,6,63,3,0
5851,16.94,86.0,7325,2127,3396,1175311,0,128,4,-175.5,80.0,994.7,2594977284,3,16095,816,2512.6,2241.1,424,0.33,1,16,16,5,261,2,2,0
5852,7.83,86.0,7325,2127,3397,1175313,0,128,4,-175.5,80.0,994.7,2594977680,3,16095,816,2512.6,2241.1,424,7.10,1,16,23,6994,5,3,2,0
5853,15.12,86.0,7325,2127,3396,1175311,0,128,4,-175.5,80.0,994.7,2594977876,3,16095,816,2512.6,2241.1,424,0.33,1,16,15,5,258,2,2,0
5854,7.99,86.0,7325,2127,3397,1175313,0,128,4,-175.5,80.0,994.7,2594978272,3,16095,816,2512.6,2241.1,424,7.64,1,16,16,7519,5,49,2,0
5855,15.68,86.0,7325,2127,3396,1175311,0,128,4,-175.5,80.0,994.7,2594978468,3,16095,816,2512.6,2241.1,424,0.33,1,16,17,5,251,2,2,0
5856,7.36,86.0,7325,2127,3397,1175313,0,128,4,-175.5,80.0,994.7,2594978864,3,16095,816,2512.6,2241.1,424,7.21,1,16,15,7135,4,3,2,0
5857,14.41,86.0,7325,2127,3396,1175311,0,128,4,-175.5,80.0,994.7,2594982484,3,16095,816,2512.6,2241.1,424,0.33,2,16,16,5,254,2,2,0
5858,7.57,86.0,7325,2127,3397,1175313,0,128,4,-175.5,80.0,994.7,2594979472,3,16095,816,2512.6,2241.1,424,6.88,1,15,24,6727,3,71,2,0
5859,14.59,86.0,7325,2127,3396,1175311,0,128,4,-175.5,80.0,994.7,2594979668,3,16095,816,2512.6,2241.1,424,0.35,1,17,18,6,272,2,2,0
5860,7.70,86.0,7325,2127,3397,1175313,0,128,4,-175.5,80.0,994.7,2594980064,3,16095,816,2512.6,2241.1,424,7.46,1,15,16,7390,4,3,2,0
5861,15.17,86.0,7325,2127,3396,1175311,0,128,4,-175.5,80.0,994.7,2594980260,3,16095,816,2512.6,2241.1,424,0.35,1,27,16,6,260,2,2,0
5862,7.26,86.0,7325,2127,3397,1175313,0,128,4,-175.5,80.0,994.7,2594980656,3,16095,816,2512.6,2241.1,424,7.72,2,16,16,7576,7,55,2,0
5863,15.57,86.0,7325,2127,3396,1175311,0,128,4,-175.5,80.0,994.7,2594980852,3,16095,816,2512.6,2241.1,424,0.33,1,16,17,5,252,2,2,0
5864,8.28,86.0,7325,2127,3397,1175313,0,128,4,-175.5,80.0,994.7,2594981248,3,16095,816,2512.6,2241.1,424,7.03,1,15,15,6958,4,2,2,0
5865,14.54,86.0,7325,2127,3396,1175311,0,128,4,-175.5,80.0,994.7,2594981444,3,16095,816,2512.6,2241.1,424,0.35,1,16,16,5,284,2,2,0
5866,8.55,86.0,7325,2127,3397,1175313,0,128,4,-175.5,80.0,994.7,2594981840,3,16095,816,2512.6,2241.1,424,6.93,1,16,16,6792,3,72,2,0
5867,14.51,86.0,7325,2127,3396,1175311,0,128,4,-175.5,80.0,994.7,2594982036,3,16095,816,2512.6,2241.1,424,0.33,1,16,16,5,257,3,2,0
5868,7.26,86.0,7325,2127,3397,1175313,0,128,4,-175.5,80.0,994.7,2594982432,3,16095,816,2512.6,2241.1,424,7.50,1,15,16,7417,6,3,2,0
5869,14.51,86.0,7325,2127,3396,1175311,0,128,4,-175.5,80.0,994.7,2594982628,3,16095,816,2512.6,2241.1,424,0.33,1,16,15,4,253,2,2,0
5870,7.78,86.0,7325,2127,3397,1175313,0,128,4,-175.5,80.0,994.7,2594983024,3,16095,816,2512.6,2241.1,424,7.67,2,24,23,7494,6,67,2,0
5871,16.40,86.0,7325,2127,3396,1175311,0,128,4,-175.5,80.0,994.7,2594983220,3,16095,816,2512.6,2241.1,424,0.33,1,16,16,5,258,2,1,0
5872,7.87,86.0,7325,2127,3397,1175313,0,128,4,-175.5,80.0,994.7,2594983616,3,16095,816,2512.6,2241.1,424,7.30,0,15,15,7222,5,2,2,0
5873,14.66,86.0,7325,2127,3396,1175311,0,128,4,-175.5,80.0,994.7,2594983812,3,16095,816,2512.6,2241.1,424,0.33,1,16,16,5,255,2,1,0
5874,8.19,86.0,7325,2127,3397,1175313,0,128,4,-175.5,80.0,994.7,2594984208,3,16095,816,2512.6,2241.1,424,7.99,1,15,17,7817,8,84,3,0
5875,16.12,86.0,7325,2127,3396,1175311,0,128,4,-175.5,80.0,994.7,2594984404,3,16095,816,2512.6,2241.1,424,0.34,1,16,15,5,264,2,2,0
5876,7.19,86.0,7325,2127,3397,1175313,0,128,4,-175.5,80.0,994.7,2594984800,3,16095,816,2512.6,2241.1,424,7.17,1,16,15,7094,5,3,2,0
5877,15.24,86.0,7325,2127,3396,1175311,0,128,4,-175.5,80.0,994.7,2594984996,3,16095,816,2512.6,2241.1,424,0.34,1,16,16,5,263,2,2,0
5878,7.25,86.0,7325,2127,3397,1175313,0,128,4,-175.5,80.0,994.7,2594985392,3,16095,816,2512.6,2241.1,424,7.01,1,15,15,6874,5,54,2,0
5879,15.30,86.0,7325,2127,3396,1175311,0,128,4,-175.5,80.0,994.7,2594985588,3,16095,816,2512.6,2241.1,424,0.35,1,16,27,7,265,2,1,0
5880,9.68,86.0,7325,2127,3397,1175313,0,128,4,-175.5,80.0,994.7,2594986272,3,16095,816,2512.6,2241.1,424,7.68,1,15,15,7607,5,3,2,0
5881,16.40,86.0,7325,2127,3396,1175311,0,128,4,-175.5,80.0,994.7,2594986180,3,16095,816,2512.6,2241.1,424,0.33,1,18,19,5,258,2,1,0
5882,7.37,86.0,7325,2127,3397,1175313,0,128,4,-175.5,80.0,994.7,2594986576,3,16095,816,2512.6,2241.1,424,7.47,1,15,16,7349,5,51,2,0
5883,15.67,86.0,7325,2127,3396,1175311,0,128,4,-175.5,80.0,994.7,2594986772,3,16095,816,2512.6,2241.1,424,0.36,1,17,15,5,284,3,2,0
5884,7.31,86.0,7325,2127,3397,1175313,0,128,4,-175.5,80.0,994.7,2594987168,3,16095,816,2512.6,2241.1,424,6.99,2,16,19,6905,4,3,2,0
5885,13.94,86.0,7325,2127,3396,1175311,0,128,4,-175.5,80.0,994.7,2594987364,3,16095,816,2512.6,2241.1,424,0.35,1,15,16,5,278,2,1,0
5886,7.35,86.0,7325,2127,3397,1175313,0,128,4,-175.5,80.0,994.7,2594987760,3,16095,816,2512.6,2241.1,424,7.02,1,15,14,6900,4,48,2,0
5887,14.33,86.0,7325,2127,3396,1175311,0,128,4,-175.5,80.0,994.7,2594987956,3,16095,816,2512.6,2241.1,424,0.35,2,15,16,5,280,2,2,0
5888,7.36,86.0,7325,2127,3397,1175313,0,128,4,-175.5,80.0,994.7,2594988352,3,16095,816,2512.6,2241.1,424,7.38,2,23,24,7275,5,2,2,0
5889,15.95,86.0,7325,2127,3396,1175311,0,128,4,-175.5,80.0,994.7,2594991988,3,16095,816,2512.6,2241.1,424,0.34,1,16,17,6,260,3,1,0
5890,7.69,86.0,7325,2127,3397,1175313,0,128,4,-175.5,80.0,994.7,2594988944,3,16095,816,2512.6,2241.1,424,7.42,1,15,16,7229,6,114,3,0
5891,14.80,86.0,7325,2127,3396,1175311,0,128,4,-175.5,80.0,994.7,2594992580,3,16095,816,2512.6,2241.1,424,0.44,1,21,18,5,344,3,2,0
5892,8.75,86.0,7325,2127,3397,1175313,0,128,4,-175.5,80.0,994.7,2594989536,3,16095,816,2512.6,2241.1,424,7.00,1,15,16,6920,3,3,2,0
5893,14.90,86.0,7325,2127,3396,1175311,0,128,4,-175.5,80.0,994.7,2594989732,3,16095,816,2512.6,2241.1,424,0.33,1,15,16,5,254,2,2,0
5894,7.23,86.0,7325,2127,3397,1175313,0,128,4,-175.5,80.0,994.7,2594990128,3,16095,816,2512.6,2241.1,424,7.12,1,14,15,6991,5,49,2,0
5895,15.06,86.0,7325,2127,3396,1175311,0,128,4,-175.5,80.0,994.7,2594990324,3,16095,816,2512.6,2241.1,424,0.36,1,22,16,5,286,2,1,0
5896,7.40,86.0,7325,2127,3397,1175313,0,128,4,-175.5,80.0,994.7,2594990720,3,16095,816,2512.6,2241.1,424,7.02,1,15,15,6944,5,2,2,0
5897,14.55,86.0,7325,2127,3396,1175311,0,128,4,-175.5,80.0,994.7,2594990916,3,16095,816,2512.6,2241.1,424,0.33,2,16,16,5,261,2,2,0
5898,7.79,86.0,7325,2127,3397,1175313,0,128,4,-175.5,80.0,994.7,2594991312,3,16095,816,2512.6,2241.1,424,7.81,1,16,16,7681,5,51,1,0
5899,15.10,86.0,7325,2127,3396,1175311,0,128,4,-175.5,80.0,994.7,2594991508,3,16095,816,2512.6,2241.1,424,0.33,0,15,17,5,263,2,2,0
5900,7.80,86.0,7325,2127,3397,1175313,0,128,4,-175.5,80.0,994.7,2594991904,3,16095,816,2512.6,2241.1,424,7.03,1,16,15,6948,4,3,2,0
5901,15.57,86.0,7325,2127,3396,1175311,0,128,4,-175.5,80.0,994.7,2594992100,3,16095,816,2512.6,2241.1,424,0.34,1,16,16,5,262,2,2,0
5902,7.82,86.0,7325,2127,3397,1175313,0,128,4,-175.5,80.0,994.7,2594992496,3,16095,816,2512.6,2241.1,424,7.31,1,16,17,7187,5,50,1,0
5903,14.63,86.0,7325,2127,3396,1175311,0,128,4,-175.5,80.0,994.7,2594992692,3,16095,816,2512.6,2241.1,424,0.52,1,28,33,8,402,3,1,0
5904,7.77,86.0,7325,2127,3397,1175313,0,128,4,-175.5,80.0,994.7,2594993088,3,16095,816,2512.6,2241.1,424,7.14,1,15,15,7072,5,3,2,0
5905,15.17,86.0,7325,2127,3396,1175311,0,128,4,-175.5,80.0,994.7,2594996724,3,16095,816,2512.6,2241.1,424,0.33,1,16,16,5,261,2,1,0
5906,8.16,86.0,7325,2127,3397,1175313,0,128,4,-175.5,80.0,994.7,2594993680,3,16095,816,2512.6,2241.1,424,7.14,1,16,32,7003,7,51,2,0
5907,14.43,86.0,7325,2127,3396,1175311,0,128,4,-175.5,80.0,994.7,2594997316,3,16095,816,2512.6,2241.1,424,0.33,1,16,16,5,254,2,2,0
5908,7.78,86.0,7325,2127,3397,1175313,0,128,4,-175.5,80.0,994.7,2594994272,3,16095,816,2512.6,2241.1,424,7.28,1,20,17,7162,4,3,2,0
5909,14.59,86.0,7325,2127,3396,1175311,0,128,4,-175.5,80.0,994.7,2594994468,3,16095,816,2512.6,2241.1,424,0.35,1,23,16,9,266,3,1,0
5910,8.92,86.0,7325,2127,3397,1175313,0,128,4,-175.5,80.0,994.7,2594995008,3,16095,816,2512.6,2241.1,424,7.25,1,15,16,7121,6,53,1,0
5911,15.09,86.0,7325,2127,3396,1175311,0,128,4,-175.5,80.0,994.7,2594998500,3,16095,816,2512.6,2241.1,424,0.34,1,15,16,4,264,2,2,0
5912,8.47,86.0,7325,2127,3397,1175313,0,128,4,-175.5,80.0,994.7,2594995456,3,16095,816,2512.6,2241.1,424,7.05,1,16,19,6973,5,3,2,0
5913,14.44,86.0,7325,2127,3396,1175311,0,128,4,-175.5,80.0,994.7,2594995652,3,16095,816,2512.6,2241.1,424,0.42,1,65,18,7,284,2,2,0
5914,8.52,86.0,7325,2127,3397,1175313,0,128,4,-175.5,80.0,994.7,2594996048,3,16095,816,2512.6,2241.1,424,7.70,1,19,19,7542,6,53,2,0
5915,15.38,86.0,7325,2127,3396,1175311,0,128,4,-175.5,80.0,994.7,2594996244,3,16095,816,2512.6,2241.1,424,0.37,1,17,16,5,280,2,2,0
5916,8.19,86.0,7325,2127,3397,1175313,0,128,4,-175.5,80.0,994.7,2594996640,3,16095,816,2512.6,2241.1,424,7.48,1,16,16,7408,4,3,2,0
5917,15.01,86.0,7325,2127,3396,1175311,0,128,4,-175.5,80.0,994.7,2595000276,3,16095,816,2512.6,2241.1,424,0.34,1,16,16,4,252,2,1,0
5918,7.95,86.0,7325,2127,3397,1175313,0,128,4,-175.5,80.0,994.7,2594997232,3,16095,816,2512.6,2241.1,424,7.03,1,16,15,6897,5,55,2,0
5919,15.23,86.0,7325,2127,3396,1175311,0,128,4,-175.5,80.0,994.7,2595000868,3,16095,816,2512.6,2241.1,424,0.34,1,16,16,5,256,2,2,0
5920,8.16,86.0,7325,2127,3397,1175313,0,128,4,-175.5,80.0,994.7,2594997824,3,16095,816,2512.6,2241.1,424,7.69,1,15,16,7614,4,3,2,0
5921,14.81,86.0,7325,2127,3396,1175311,0,128,4,-175.5,80.0,994.7,2595001460,3,16095,816,2512.6,2241.1,424,0.42,1,22,15,5,314,3,4,0
5922,7.92,86.0,7325,2127,3397,1175313,0,128,4,-175.5,80.0,994.7,2594998416,3,16095,816,2512.6,2241.1,424,7.84,1,18,17,7649,8,105,2,0
5923,15.29,86.0,7325,2127,3396,1175311,0,128,4,-175.5,80.0,994.7,2595002052,3,16095,816,2512.6,2241.1,424,0.34,1,16,16,5,268,2,2,0
5924,7.74,86.0,7325,2127,3397,1175313,0,128,4,-175.5,80.0,994.7,2594999008,3,16095,816,2512.6,2241.1,424,6.99,1,15,16,6911,5,3,2,0
5925,14.51,86.0,7325,2127,3396,1175311,0,128,4,-175.5,80.0,994.7,2595002644,3,16095,816,2512.6,2241.1,424,0.34,1,16,16,5,267,2,2,0
5926,7.48,86.0,7325,2127,3397,1175313,0,128,4,-175.5,80.0,994.7,2594999600,3,16095,816,2512.6,2241.1,424,7.55,1,16,16,7436,4,49,2,0
5927,16.14,86.0,7325,2127,3396,1175311,0,128,4,-175.5,80.0,994.7,2595003236,3,16095,816,2512.6,2241.1,424,0.32,1,16,16,5,253,1,1,0
5928,8.35,86.0,7325,2127,3397,1175313,0,128,4,-175.5,80.0,994.7,2595000192,3,16095,816,2512.6,2241.1,424,7.19,1,15,17,7114,6,3,2,0
5929,14.69,86.0,7325,2127,3396,1175311,0,128,4,-175.5,80.0,994.7,2595003828,3,16095,816,2512.6,2241.1,424,0.36,1,15,16,5,291,2,2,0
5930,7.87,86.0,7325,2127,3397,1175313,0,128,4,-175.5,80.0,994.7,2595000784,3,16095,816,2512.6,2241.1,424,7.32,1,25,22,7182,3,46,2,0
5931,15.68,86.0,7325,2127,3396,1175311,0,128,4,-175.5,80.0,994.7,2595004420,3,16095,816,2512.6,2241.1,424,0.35,1,16,16,5,269,2,2,0
5932,7.19,86.0,7325,2127,3397,1175313,0,128,4,-175.5,80.0,994.7,2595001376,3,16095,816,2512.6,2241.1,424,7.32,1,16,15,7247,5,3,2,0
5933,14.84,86.0,7325,2127,3396,1175311,0,128,4,-175.5,80.0,994.7,2595005012,3,16095,816,2512.6,2241.1,424,0.37,1,15,16,5,289,2,1,0
5934,7.77,86.0,7325,2127,3397,1175313,0,128,4,-175.5,80.0,994.7,2595001968,3,16095,816,2512.6,2241.1,424,8.05,1,16,16,7975,0,0,0,0
5935,15.57,86.0,7325,2127,3396,1175311,0,128,4,-175.5,80.0,994.7,2595005604,3,16095,816,2512.6,2241.1,424,0.33,1,14,16,5,256,1,1,0
5936,7.79,86.0,7325,2127,3397,1175313,0,128,4,-175.5,80.0,994.7,2595002560,3,16095,816,2512.6,2241.1,424,7.23,1,16,16,7149,7,3,2,0
5937,15.28,86.0,7325,2127,3396,1175311,0,128,4,-175.5,80.0,994.7,2595006196,3,16095,816,2512.6,2241.1,424,0.33,1,16,15,5,259,2,2,0
5938,7.87,86.0,7325,2127,3397,1175313,0,128,4,-175.5,80.0,994.7,2595003152,3,16095,816,2512.6,2241.1,424,7.15,1,16,16,7010,5,47,2,0
5939,15.04,86.0,7325,2127,3396,1175311,0,128,4,-175.5,80.0,994.7,2595003348,3,16095,816,2512.6,2241.1,424,0.34,1,17,17,6,252,2,2,0
5940,9.65,86.0,7325,2127,3397,1175313,0,128,4,-175.5,80.0,994.7,2595004032,3,16095,816,2512.6,2241.1,424,7.14,1,15,15,7062,5,3,2,0
5941,15.64,86.0,7325,2127,3396,1175311,0,128,4,-175.5,80.0,994.7,2595003940,3,16095,816,2512.6,2241.1,424,0.50,3,38,31,15,346,2,5,0
5942,7.81,86.0,7325,2127,3397,1175313,0,128,4,-175.5,80.0,994.7,2595004336,3,16095,816,2512.6,2241.1,424,7.06,1,15,15,6937,4,51,3,0
5943,15.00,86.0,7325,2127,3396,1175311,0,128,4,-175.5,80.0,994.7,2595004532,3,16095,816,2512.6,2241.1,424,0.33,1,16,15,4,264,2,2,0
5944,8.02,86.0,7325,2127,3397,1175313,0,128,4,-175.5,80.0,994.7,2595004928,3,16095,816,2512.6,2241.1,424,6.91,1,16,16,6833,5,3,2,0
5945,14.27,86.0,7325,2127,3396,1175311,0,128,4,-175.5,80.0,994.7,2595005124,3,16095,816,2512.6,2241.1,424,0.34,1,16,23,11,252,1,1,0
5946,7.57,86.0,7325,2127,3397,1175313,0,128,4,-175.5,80.0,994.7,2595005520,3,16095,816,2512.6,2241.1,424,6.98,1,16,16,6856,4,47,2,0
5947,15.29,86.0,7325,2127,3396,1175311,0,128,4,-175.5,80.0,994.7,2595005716,3,16095,816,2512.6,2241.1,424,0.33,0,16,17,4,254,2,2,0
5948,7.58,86.0,7325,2127,3397,1175313,0,128,4,-175.5,80.0,994.7,2595009552,3,16095,816,2512.6,2241.1,424,7.56,1,15,16,7479,6,3,2,0
5949,15.21,86.0,7325,2127,3396,1175311,0,128,4,-175.5,80.0,994.7,2595009748,3,16095,816,2512.6,2241.1,424,0.35,1,15,16,5,278,2,2,0
5950,8.55,86.0,7325,2127,3397,1175313,0,128,4,-175.5,80.0,994.7,2595006736,3,16095,816,2512.6,2241.1,424,7.65,1,16,17,7518,4,50,2,0
5951,15.71,86.0,7325,2127,3396,1175311,0,128,4,-175.5,80.0,994.7,2595006932,3,16095,816,2512.6,2241.1,424,0.36,1,21,16,4,275,4,3,0
5952,7.87,86.0,7325,2127,3397,1175313,0,128,4,-175.5,80.0,994.7,2595007328,3,16095,816,2512.6,2241.1,424,7.07,1,16,16,6990,4,3,2,0
5953,14.31,86.0,7325,2127,3396,1175311,0,128,4,-175.5,80.0,994.7,2595010980,3,16095,816,2512.6,2241.1,424,0.33,1,15,16,5,261,2,2,0
5954,7.73,86.0,7325,2127,3397,1175313,0,128,4,-175.5,80.0,994.7,2595007920,3,16095,816,2512.6,2241.1,424,7.01,1,15,16,6849,5,64,5,0
5955,14.11,86.0,7325,2127,3396,1175311,0,128,4,-175.5,80.0,994.7,2595011572,3,16095,816,2512.6,2241.1,424,0.33,1,15,16,4,256,2,2,0
5956,8.19,86.0,7325,2127,3397,1175313,0,128,4,-175.5,80.0,994.7,2595008512,3,16095,816,2512.6,2241.1,424,7.09,1,15,15,7014,6,2,2,0
5957,14.71,86.0,7325,2127,3396,1175311,0,128,4,-175.5,80.0,994.7,2595012164,3,16095,816,2512.6,2241.1,424,0.33,1,16,16,4,255,2,1,0
5958,7.59,86.0,7325,2127,3397,1175313,0,128,4,-175.5,80.0,994.7,2595009104,3,16095,816,2512.6,2241.1,424,7.63,1,14,20,7502,4,50,2,0
5959,15.63,86.0,7325,2127,3396,1175311,0,128,4,-175.5,80.0,994.7,2595012756,3,16095,816,2512.6,2241.1,424,0.34,1,16,15,5,266,2,3,0
5960,7.54,86.0,7325,2127,3397,1175313,0,128,4,-175.5,80.0,994.7,2595009696,3,16095,816,2512.6,2241.1,424,7.38,1,18,17,7285,6,4,3,0
5961,15.49,86.0,7325,2127,3396,1175311,0,128,4,-175.5,80.0,994.7,2595013348,3,16095,816,2512.6,2241.1,424,0.33,1,16,23,5,254,2,2,0
5962,7.59,86.0,7325,2127,3397,1175313,0,128,4,-175.5,80.0,994.7,2595010288,3,16095,816,2512.6,2241.1,424,7.43,1,18,16,7307,4,52,2,0
5963,15.29,86.0,7325,2127,3396,1175311,0,128,4,-175.5,80.0,994.7,2595013940,3,16095,816,2512.6,2241.1,424,0.35,1,16,16,5,281,2,2,0
5964,7.61,86.0,7325,2127,3397,1175313,0,128,4,-175.5,80.0,994.7,2595010880,3,16095,816,2512.6,2241.1,424,7.12,1,14,16,7052,4,2,2,0
5965,14.82,87.0,7325,2127,3396,1175311,0,128,4,-175.5,80.0,994.7,2595014532,3,16095,816,2512.6,2241.1,424,0.35,1,16,23,5,274,2,1,0
5966,7.56,87.0,7325,2127,3397,1175313,0,128,4,-175.5,80.0,994.7,2595011472,3,16095,816,2512.6,2241.1,424,7.79,2,23,24,7626,6,54,3,0
5967,15.31,87.0,7325,2127,3396,1175311,0,128,4,-175.5,80.0,994.7,2595015124,3,16095,816,2512.6,2241.1,424,0.32,1,15,17,5,252,2,2,0
5968,7.92,87.0,7325,2127,3397,1175313,0,128,4,-175.5,80.0,994.7,2595012064,3,16095,816,2512.6,2241.1,424,7.17,1,16,20,7095,4,2,2,0
5969,14.80,87.0,7325,2127,3396,1175311,0,128,4,-175.5,80.0,994.7,2595015716,3,16095,816,2512.6,2241.1,424,0.34,1,16,16,5,252,3,1,0
5970,9.38,87.0,7325,2127,3397,1175313,0,128,4,-175.5,80.0,994.7,2595012944,3,16095,816,2512.6,2241.1,424,7.48,1,16,16,7346,6,54,1,0
5971,15.93,87.0,7325,2127,3396,1175311,0,128,4,-175.5,80.0,994.7,2595016308,3,16095,816,2512.6,2241.1,424,0.37,1,30,21,5,275,2,1,0
5972,7.28,87.0,7325,2127,3397,1175313,0,128,4,-175.5,80.0,994.7,2595013248,3,16095,816,2512.6,2241.1,424,7.38,0,27,16,7275,18,3,3,0
5973,14.82,87.0,7325,2127,3396,1175311,0,128,4,-175.5,80.0,994.7,2595016900,3,16095,816,2512.6,2241.1,424,0.35,1,17,16,6,269,2,3,0
5974,8.70,87.0,7325,2127,3397,1175313,0,128,4,-175.5,80.0,994.7,2595013840,3,16095,816,2512.6,2241.1,424,7.73,1,16,16,7603,5,51,2,0
5975,14.91,87.0,7325,2127,3396,1175311,0,128,4,-175.5,80.0,994.7,2595017492,3,16095,816,2512.6,2241.1,424,0.35,1,15,15,5,267,2,2,0
5976,8.78,87.0,7325,2127,3397,1175313,0,128,4,-175.5,80.0,994.7,2595014432,3,16095,816,2512.6,2241.1,424,7.02,1,16,16,6947,4,3,2,0
5977,14.53,87.0,7325,2127,3396,1175311,0,128,4,-175.5,80.0,994.7,2595018084,3,16095,816,2512.6,2241.1,424,0.59,1,20,32,18,398,4,2,0
5978,8.69,87.0,7325,2127,3397,1175313,0,128,4,-175.5,80.0,994.7,2595015024,3,16095,816,2512.6,2241.1,424,7.18,1,15,16,7056,5,56,2,0
5979,15.24,87.0,7325,2127,3396,1175311,0,128,4,-175.5,80.0,994.7,2595018676,3,16095,816,2512.6,2241.1,424,0.34,1,16,15,5,254,3,1,0
5980,8.86,87.0,7325,2127,3397,1175313,0,128,4,-175.5,80.0,994.7,2595015616,3,16095,816,2512.6,2241.1,424,7.58,1,15,16,7500,6,3,2,0
5981,16.29,87.0,7325,2127,3396,1175311,0,128,4,-175.5,80.0,994.7,2595015812,3,16095,816,2512.6,2241.1,424,0.36,1,16,16,5,266,2,2,0
5982,8.59,87.0,7325,2127,3397,1175313,0,128,4,-175.5,80.0,994.7,2595016208,3,16095,816,2512.6,2241.1,424,7.39,1,16,16,7268,5,50,2,0
5983,14.81,87.0,7325,2127,3396,1175311,0,128,4,-175.5,80.0,994.7,2595019860,3,16095,816,2512.6,2241.1,424,0.34,1,16,15,5,259,2,3,0
5984,8.48,87.0,7325,2127,3397,1175313,0,128,4,-175.5,80.0,994.7,2595016800,3,16095,816,2512.6,2241.1,424,7.27,2,27,23,7160,3,2,2,0
5985,15.45,87.0,7325,2127,3396,1175311,0,128,4,-175.5,80.0,994.7,2595016996,3,16095,816,2512.6,2241.1,424,0.35,1,23,25,4,255,2,1,0
5986,8.68,87.0,7325,2127,3397,1175313,0,128,4,-175.5,80.0,994.7,2595017392,3,16095,816,2512.6,2241.1,424,7.38,1,18,16,7255,5,49,2,0
5987,15.03,87.0,7325,2127,3396,1175311,0,128,4,-175.5,80.0,994.7,2595017588,3,16095,816,2512.6,2241.1,424,0.35,1,17,22,5,272,2,2,0
5988,8.50,87.0,7325,2127,3397,1175313,0,128,4,-175.5,80.0,994.7,2595017984,3,16095,816,2512.6,2241.1,424,7.58,1,16,15,7506,5,3,2,0
5989,15.05,87.0,7325,2127,3396,1175311,0,128,4,-175.5,80.0,994.7,2595018180,3,16095,816,2512.6,2241.1,424,0.33,1,16,15,5,252,2,1,0
5990,8.61,87.0,7325,2127,3397,1175313,0,128,4,-175.5,80.0,994.7,2595018576,3,16095,816,2512.6,2241.1,424,7.62,2,16,16,7486,5,55,2,0
5991,15.46,87.0,7325,2127,3396,1175311,0,128,4,-175.5,80.0,994.7,2595018772,3,16095,816,2512.6,2241.1,424,0.36,1,27,16,5,271,2,2,0
5992,8.40,87.0,7325,2127,3397,1175313,0,128,4,-175.5,80.0,994.7,2595019168,3,16095,816,2512.6,2241.1,424,7.29,1,15,31,7200,5,3,2,0
5993,15.38,87.0,7325,2127,3396,1175311,0,128,4,-175.5,80.0,994.7,2595019364,3,16095,816,2512.6,2241.1,424,0.34,1,15,17,5,260,2,1,0
5994,8.93,87.0,7325,2127,3397,1175313,0,128,4,-175.5,80.0,994.7,2595019760,3,16095,816,2512.6,2241.1,424,7.64,2,17,16,7511,5,50,2,0
5995,15.80,87.0,7325,2127,3396,1175311,0,128,4,-175.5,80.0,994.7,2595019956,3,16095,816,2512.6,2241.1,424,0.41,2,21,17,6,323,3,2,0
5996,8.45,87.0,7325,2127,3397,1175313,0,128,4,-175.5,80.0,994.7,2595020352,3,16095,816,2512.6,2241.1,424,7.20,2,21,15,7096,13,7,3,0
5997,15.11,87.0,7325,2127,3396,1175311,0,128,4,-175.5,80.0,994.7,2595020548,3,16095,816,2512.6,2241.1,424,0.33,1,16,16,6,259,2,2,0
5998,8.27,87.0,7325,2127,3397,1175313,0,128,4,-175.5,80.0,994.7,2595020944,3,16095,816,2512.6,2241.1,424,6.99,1,16,15,6871,3,46,2,0
5999,14.45,87.0,7325,2127,3396,1175311,0,128,4,-175.5,80.0,994.7,2595021140,3,16095,816,2512.6,2241.1,424,0.42,1,17,18,17,293,2,2,0
6000,10.50,87.0,7325,2127,3397,1175313,0,128,4,-175.5,80.0,994.7,2595021808,3,16095,816,2512.6,2241.1,424,7.78,1,15,16,7701,7,3,2,0
6001,16.69,87.0,7325,2127,3397,1175313,0,128,4,-175.5,80.0,994.7,2595021816,3,16095,816,2512.6,2241.1,424,0.33,1,15,17,5,259,3,1,0
6002,7.77,87.0,7325,2127,3397,1175313,0,128,4,-175.5,80.0,994.7,2595022112,3,16095,816,2512.6,2241.1,424,7.26,1,15,16,7135,5,49,2,0
6003,14.91,87.0,7325,2127,3396,1175311,0,128,4,-175.5,80.0,994.7,2595022308,3,16095,816,2512.6,2241.1,424,0.33,1,15,16,5,260,2,1,0
6004,8.10,87.0,7325,2127,3397,1175313,0,128,4,-175.5,80.0,994.7,2595022704,3,16095,816,2512.6,2241.1,424,7.32,1,16,15,7241,5,3,2,0
6005,15.38,87.0,7325,2127,3396,1175311,0,128,4,-175.5,80.0,994.7,2595022900,3,16095,816,2512.6,2241.1,424,0.33,1,16,15,5,258,2,2,0
6006,7.69,87.0,7325,2127,3397,1175313,0,128,4,-175.5,80.0,994.7,2595023296,3,16095,816,2512.6,2241.1,424,7.04,1,16,16,6915,5,52,2,0
6007,15.66,87.0,7325,2127,3396,1175311,0,128,4,-175.5,80.0,994.7,2595023492,3,16095,816,2512.6,2241.1,424,0.33,1,15,16,5,257,2,2,0
6008,7.75,87.0,7325,2127,3397,1175313,0,128,4,-175.5,80.0,994.7,2595023888,3,16095,816,2512.6,2241.1,424,7.74,2,37,22,7620,5,3,2,0
6009,15.34,87.0,7325,2127,3396,1175311,0,128,4,-175.5,80.0,994.7,2595024084,3,16095,816,2512.6,2241.1,424,0.33,1,15,15,4,258,2,2,0
6010,7.54,87.0,7325,2127,3397,1175313,0,128,4,-175.5,80.0,994.7,2595027920,3,16095,816,2512.6,2241.1,424,7.69,1,28,17,7531,6,65,2,0
6011,15.03,87.0,7325,2127,3396,1175311,0,128,4,-175.5,80.0,994.7,2595024692,3,16095,816,2512.6,2241.1,424,0.35,1,16,16,4,269,2,2,0
6012,7.94,87.0,7325,2127,3397,1175313,0,128,4,-175.5,80.0,994.7,2595025088,3,16095,816,2512.6,2241.1,424,7.78,1,15,14,7700,6,3,3,0
6013,15.93,87.0,7325,2127,3396,1175311,0,128,4,-175.5,80.0,994.7,2595025268,3,16095,816,2512.6,2241.1,424,0.33,1,16,15,4,257,2,1,0
6014,7.41,87.0,7325,2127,3397,1175313,0,128,4,-175.5,80.0,994.7,2595025664,3,16095,816,2512.6,2241.1,424,6.97,1,16,29,6842,3,45,2,0
6015,14.64,87.0,7325,2127,3396,1175311,0,128,4,-175.5,80.0,994.7,2595025860,3,16095,816,2512.6,2241.1,424,0.34,0,16,16,5,263,2,1,0
6016,7.61,87.0,7325,2127,3397,1175313,0,128,4,-175.5,80.0,994.7,2595026256,3,16095,816,2512.6,2241.1,424,7.62,1,15,16,7542,4,3,2,0
6017,14.96,87.0,7325,2127,3396,1175311,0,128,4,-175.5,80.0,994.7,2595029892,3,16095,816,2512.6,2241.1,424,0.32,1,15,15,5,250,2,2,0
6018,7.70,87.0,7325,2127,3397,1175313,0,128,4,-175.5,80.0,994.7,2595026864,3,16095,816,2512.6,2241.1,424,7.57,0,16,15,7438,6,50,2,0
6019,14.96,87.0,7325,2127,3396,1175311,0,128,4,-175.5,80.0,994.7,2595027060,3,16095,816,2512.6,2241.1,424,0.34,2,16,17,5,267,2,1,0
6020,7.92,87.0,7325,2127,3397,1175313,0,128,4,-175.5,80.0,994.7,2595027456,3,16095,816,2512.6,2241.1,424,6.97,1,15,16,6895,5,3,2,0
6021,15.50,87.0,7325,2127,3396,1175311,0,128,4,-175.5,80.0,994.7,2595027652,3,16095,816,2512.6,2241.1,424,0.32,1,16,15,4,252,2,2,0
6022,8.22,87.0,7325,2127,3397,1175313,0,128,4,-175.5,80.0,994.7,2595028048,3,16095,816,2512.6,2241.1,424,7.47,1,16,16,7343,5,49,2,0
6023,15.14,87.0,7325,2127,3396,1175311,0,128,4,-175.5,80.0,994.7,2595028244,3,16095,816,2512.6,2241.1,424,0.34,1,28,16,5,260,2,1,0
6024,7.63,87.0,7325,2127,3397,1175313,0,128,4,-175.5,80.0,994.7,2595028640,3,16095,816,2512.6,2241.1,424,7.16,1,15,15,7075,11,3,2,0
6025,14.49,87.0,7325,2127,3396,1175311,0,128,4,-175.5,80.0,994.7,2595028836,3,16095,816,2512.6,2241.1,424,0.34,1,24,17,5,265,2,2,0
6026,7.40,87.0,7325,2127,3397,1175313,0,128,4,-175.5,80.0,994.7,2595029232,3,16095,816,2512.6,2241.1,424,6.96,1,16,15,6840,3,47,2,0
6027,14.90,87.0,7325,2127,3396,1175311,0,128,4,-175.5,80.0,994.7,2595029428,3,16095,816,2512.6,2241.1,424,0.34,1,25,16,5,255,2,1,0
6028,7.96,87.0,7325,2127,3397,1175313,0,128,4,-175.5,80.0,994.7,2595029824,3,16095,816,2512.6,2241.1,424,7.14,1,15,16,7045,5,3,2,0
6029,14.49,87.0,7325,2127,3396,1175311,0,128,4,-175.5,80.0,994.7,2595030020,3,16095,816,2512.6,2241.1,424,0.32,1,16,15,5,249,2,2,0
6030,9.27,87.0,7325,2127,3397,1175313,0,128,4,-175.5,80.0,994.7,2595030704,3,16095,816,2512.6,2241.1,424,7.48,1,15,16,7359,5,52,2,0
6031,16.32,87.0,7325,2127,3396,1175311,0,128,4,-175.5,80.0,994.7,2595030612,3,16095,816,2512.6,2241.1,424,0.37,1,16,15,5,296,2,1,0
6032,7.44,87.0,7325,2127,3397,1175313,0,128,4,-175.5,80.0,994.7,2595031008,3,16095,816,2512.6,2241.1,424,7.49,1,24,23,7385,5,3,2,0
6033,15.34,87.0,7325,2127,3396,1175311,0,128,4,-175.5,80.0,994.7,2595031204,3,16095,816,2512.6,2241.1,424,0.35,1,16,16,5,269,2,2,0
6034,8.01,87.0,7325,2127,3397,1175313,0,128,4,-175.5,80.0,994.7,2595031600,3,16095,816,2512.6,2241.1,424,7.37,1,15,15,7247,5,50,2,0
6035,15.33,87.0,7325,2127,3396,1175311,0,128,4,-175.5,80.0,994.7,2595031796,3,16095,816,2512.6,2241.1,424,0.34,1,16,15,4,267,2,2,0
6036,9.05,87.0,7325,2127,3395,1175309,0,128,4,-175.5,80.0,994.7,2595032112,4,16095,816,2512.6,2241.1,424,7.53,1,16,15,7457,5,3,2,0
6037,15.87,87.0,7325,2127,3394,1175307,0,128,4,-175.5,80.0,994.7,2595031996,4,16095,816,2512.6,2241.1,424,0.35,1,15,15,4,284,2,2,0
6038,7.44,87.0,7325,2136,3400,1175369,0,128,4,-175.5,80.0,994.7,2595032392,4,16095,816,2512.6,2241.1,424,7.39,1,16,15,7264,5,52,2,0
6039,14.62,87.0,7325,2137,3397,1179847,0,128,4,-175.5,80.0,994.7,2595032588,4,16095,816,2512.6,2241.1,424,0.34,1,17,16,5,261,2,2,0
6040,7.23,87.0,7325,2137,3398,1179849,0,128,4,-175.5,80.0,994.7,2595032984,4,16095,816,2512.6,2241.1,424,7.53,1,15,16,7452,5,2,2,0
6041,15.10,87.0,7325,2141,3397,1179847,0,128,4,-175.5,80.0,994.7,2595033180,4,16095,816,2512.6,2241.1,424,0.36,0,16,16,5,268,2,2,0
6042,7.72,87.0,7325,2137,3394,1179417,0,128,4,-175.5,80.0,994.7,2595033576,4,16095,816,2512.6,2241.1,424,6.77,1,25,15,6648,3,45,2,0
6043,14.62,87.0,7325,2133,3393,1179415,0,128,4,-175.5,80.0,994.7,2595037228,4,16095,816,2512.6,2241.1,424,0.34,1,16,22,4,254,2,2,0
6044,7.54,87.0,7325,2137,3398,1179849,0,128,4,-175.5,80.0,994.7,2595034168,4,16095,816,2512.6,2241.1,424,6.81,1,19,19,6727,9,2,1,0
6045,14.89,87.0,7325,2149,3413,1171083,0,128,4,-175.5,80.0,994.7,2595037820,4,16095,816,2512.6,2241.1,424,0.37,2,16,15,13,288,2,2,0
6046,9.16,87.0,7325,2364,3650,1222505,0,128,4,-175.5,80.0,994.7,2595206000,4,16095,816,2512.6,2241.1,424,7.14,1,17,16,7000,7,53,1,0
6047,15.26,87.0,7325,2371,3672,1218891,0,128,4,-175.5,80.0,994.7,2595209652,4,16095,816,2512.6,2241.1,424,0.40,1,15,15,4,304,4,5,0
6048,8.27,87.0,7325,2378,3689,1224205,0,128,4,-175.5,80.0,994.7,2595206592,4,16095,816,2512.6,2241.1,424,7.51,1,16,17,7434,4,3,2,0
6049,15.17,87.0,7325,2378,3714,1223115,0,128,4,-175.5,80.0,994.7,2595210244,4,16095,816,2512.6,2241.1,424,0.33,1,16,16,5,255,2,2,0
6050,8.68,85.0,7325,2408,3739,1224782,0,128,4,-175.5,80.0,994.7,2595207184,4,16095,816,2512.6,2241.1,424,7.12,1,16,15,6995,4,54,2,0
6051,15.13,85.0,7325,2436,3763,1230302,0,128,4,-175.5,80.0,994.7,2595210836,4,16095,816,2512.6,2241.1,424,0.35,1,16,15,5,278,2,2,0
6052,7.93,85.0,7325,2434,3762,1229536,0,128,4,-175.5,80.0,994.7,2595207776,4,16095,816,2512.6,2241.1,424,7.26,1,16,16,7189,5,3,2,0
6053,15.82,85.0,7325,2434,3761,1229534,0,128,4,-175.5,80.0,994.7,2595211428,4,16095,816,2512.6,2241.1,424,0.36,1,22,15,6,277,2,2,0
6054,7.80,85.0,7325,2440,3786,1229466,0,128,4,-175.5,80.0,994.7,2595208368,4,16095,816,2512.6,2241.1,424,7.49,1,17,28,7341,5,57,2,0
6055,16.19,85.0,7325,2458,3806,1230570,0,128,4,-175.5,80.0,994.7,2595212020,4,16095,816,2512.6,2241.1,424,0.34,1,16,21,5,259,3,2,0
6056,8.33,85.0,7325,2467,3866,1237597,0,128,4,-175.5,80.0,994.7,2595208960,4,16095,816,2512.6,2241.1,424,7.37,1,16,16,7291,4,2,1,0
6057,15.73,85.0,7325,2483,3880,1238135,0,128,4,-175.5,80.0,994.7,2595212612,4,16095,816,2512.6,2241.1,424,0.35,1,20,17,5,271,3,1,0
6058,10.10,85.0,7325,2483,3889,1238469,0,128,4,-175.5,80.0,994.7,2595209552,4,16095,816,2512.6,2241.1,424,7.54,1,15,16,7387,7,77,2,0
6059,16.15,85.0,7325,2484,3931,1240301,0,128,4,-175.5,80.0,994.7,2595209848,4,16095,816,2512.6,2241.1,424,0.35,1,23,17,5,268,2,2,0
6060,11.67,85.0,7325,2505,3974,1252309,0,128,4,-175.5,80.0,994.7,2595210416,4,16095,816,2512.6,2241.1,424,7.36,1,14,16,7287,5,3,2,0
6061,16.73,85.0,7325,2516,3987,1252701,0,128,4,-175.5,80.0,994.7,2595210424,4,16095,816,2512.6,2241.1,424,0.40,1,15,16,5,305,3,2,0
6062,8.26,85.0,7325,2528,4022,1255375,0,128,4,-175.5,80.0,994.7,2595210720,4,16095,816,2512.6,2241.1,424,7.46,1,15,16,7321,5,57,2,0
6063,16.39,85.0,7325,2807,4333,1329157,0,128,4,-175.5,80.0,994.7,2595446060,4,16095,816,2512.6,2241.1,424,0.35,1,19,19,4,269,2,2,0
6064,8.87,85.0,7325,2813,4355,1330843,0,128,4,-175.5,80.0,994.7,2595446456,4,16095,816,2512.6,2241.1,424,7.48,1,15,17,7401,5,3,3,0
6065,16.17,85.0,7325,2809,4350,1330505,0,128,4,-175.5,80.0,994.7,2595446652,4,16095,816,2512.6,2241.1,424,0.34,1,21,16,5,260,2,2,0
6066,8.59,85.0,7325,2821,4364,1331966,0,128,4,-175.5,80.0,994.7,2595447048,4,16095,816,2512.6,2241.1,424,7.56,1,15,17,7409,9,63,2,0
6067,16.11,85.0,7325,2812,4358,1331544,0,128,4,-175.5,80.0,994.7,2595447244,4,16095,816,2512.6,2241.1,424,0.35,1,16,16,4,268,2,2,0
6068,8.95,85.0,7325,2826,4394,1333126,0,128,4,-175.5,80.0,994.7,2595448644,4,16095,816,2512.6,2241.1,424,7.25,1,16,16,7175,5,3,2,0
6069,16.34,85.0,7325,2826,4393,1333124,0,128,4,-175.5,80.0,994.7,2595448840,4,16095,816,2512.6,2241.1,424,0.36,1,15,15,5,276,2,2,0
6070,9.12,85.0,7325,2832,4420,1333910,0,128,4,-175.5,80.0,994.7,2595449220,4,16095,816,2512.6,2241.1,424,6.99,1,15,15,6877,4,47,1,0
6071,16.40,85.0,7325,2840,4440,1335279,0,128,4,-175.5,80.0,994.7,2595452856,4,16095,816,2512.6,2241.1,424,0.35,1,20,18,5,270,3,1,0
6072,9.14,85.0,7325,2845,4460,1335823,0,128,4,-175.5,80.0,994.7,2595449828,4,16095,816,2512.6,2241.1,424,6.90,1,16,17,6831,4,3,2,0
6073,16.34,85.0,7325,2845,4458,1331213,0,128,4,-175.5,80.0,994.7,2595450024,4,16095,816,2512.6,2241.1,424,0.34,1,15,16,5,267,2,1,0
6074,16.02,85.0,7325,2861,4498,1332391,0,128,4,-175.5,80.0,994.7,2595450404,4,16095,816,2512.6,2241.1,424,7.13,1,16,16,7008,5,51,2,0
6075,15.79,85.0,7325,2873,4535,1333099,0,128,4,-175.5,80.0,994.7,2595454140,4,16095,816,2512.6,2241.1,424,0.35,1,16,16,5,259,2,2,0
6076,9.16,85.0,7325,2876,4556,1334463,0,128,4,-175.5,80.0,994.7,2595450996,4,16095,816,2512.6,2241.1,424,7.20,1,21,25,7106,5,3,1,0
6077,16.63,85.0,7325,2857,4540,1333201,0,128,4,-175.5,80.0,994.7,2595451192,4,16095,816,2512.6,2241.1,424,0.35,1,17,15,5,272,2,1,0
6078,10.27,85.0,7325,2877,4579,1347709,0,128,4,-175.5,80.0,994.7,2595452592,4,16095,816,2512.6,2241.1,424,7.25,1,18,15,7106,7,62,2,0
6079,17.14,85.0,7325,2869,4592,1347851,0,128,4,-175.5,80.0,994.7,2595452888,4,16095,816,2512.6,2241.1,424,0.34,1,16,16,5,272,2,2,0
6080,8.72,85.0,7325,2864,4586,1338203,0,128,4,-175.5,80.0,994.7,2595453184,4,16095,816,2512.6,2241.1,424,7.06,1,16,16,6986,5,3,2,0
6081,15.98,85.0,7325,2881,4617,1342010,0,128,4,-175.5,80.0,994.7,2595454368,4,16095,816,2512.6,2241.1,424,0.33,1,17,15,5,259,2,2,0
6082,9.20,85.0,7325,2877,4616,1343180,0,128,4,-175.5,80.0,994.7,2595454764,4,16095,816,2512.6,2241.1,424,7.24,1,16,16,7114,5,51,3,0
6083,16.48,85.0,7325,2888,4642,1344596,0,128,4,-175.5,80.0,994.7,2595454960,4,16095,816,2512.6,2241.1,424,0.36,1,16,16,5,283,2,2,0
6084,9.24,85.0,7325,2891,4621,1344078,0,128,4,-175.5,80.0,994.7,2595455356,4,16095,816,2512.6,2241.1,424,7.59,1,16,16,7515,5,2,1,0
6085,17.48,85.0,7325,2891,4620,1344076,0,128,4,-175.5,80.0,994.7,2595456556,4,16095,816,2512.6,2241.1,424,0.38,1,23,16,5,297,2,1,0
6086,9.44,85.0,7325,2890,4620,1343694,0,128,4,-175.5,80.0,994.7,2595456952,4,16095,816,2512.6,2241.1,424,7.09,1,16,17,6966,5,51,2,0
6087,16.23,85.0,7325,2912,4640,1368132,0,128,4,-175.5,80.0,994.7,2595457460,4,16095,816,2512.6,2241.1,424,0.32,1,16,16,5,253,2,1,0
6088,9.69,85.0,7325,2941,4655,1367834,0,128,4,-175.5,80.0,994.7,2595457528,4,16095,816,2512.6,2241.1,424,7.58,1,16,16,7505,6,3,3,0
6089,16.82,85.0,7325,2938,4649,1365884,0,128,4,-175.5,80.0,994.7,2595461148,4,16095,816,2512.6,2241.1,424,0.35,0,17,16,4,259,2,1,0
6090,12.75,85.0,7325,2946,4658,1363142,0,128,4,-175.5,80.0,994.7,2595459556,4,16095,816,2512.6,2241.1,424,6.93,1,15,15,6820,4,46,1,0
6091,17.94,85.0,7325,2942,4654,1363126,0,128,4,-175.5,80.0,994.7,2595459420,4,16095,816,2512.6,2241.1,424,0.36,2,25,23,8,253,2,1,0
6092,8.87,85.0,7325,2947,4639,1367086,0,128,4,-175.5,80.0,994.7,2595459716,4,16095,816,2512.6,2241.1,424,7.34,1,15,16,7246,4,3,2,0
6093,16.12,85.0,7325,2958,4651,1372084,0,128,4,-175.5,80.0,994.7,2595460900,4,16095,816,2512.6,2241.1,424,0.36,1,15,16,5,282,2,1,0
6094,9.30,85.0,7325,2960,4699,1374958,0,128,4,-175.5,80.0,994.7,2595461296,4,16095,816,2512.6,2241.1,424,7.60,1,16,16,7463,5,62,2,0
6095,16.40,85.0,7325,2957,4710,1375284,0,128,4,-175.5,80.0,994.7,2595461492,4,16095,816,2512.6,2241.1,424,0.35,3,22,16,4,265,5,3,0
6096,8.85,85.0,7325,2952,4707,1374854,0,128,4,-175.5,80.0,994.7,2595461888,4,16095,816,2512.6,2241.1,424,7.49,1,22,20,7397,5,3,2,0
6097,16.39,85.0,7325,2966,4715,1377012,0,128,4,-175.5,80.0,994.7,2595462084,4,16095,816,2512.6,2241.1,424,0.38,1,15,15,5,306,3,1,0
6098,8.68,85.0,7325,3001,4751,1378294,0,128,4,-175.5,80.0,994.7,2595462480,4,16095,816,2512.6,2241.1,424,7.11,1,16,24,6967,5,49,2,0
6099,16.19,85.0,7325,3008,4775,1404852,0,128,4,-175.5,80.0,994.7,2595462676,4,16095,816,2512.6,2241.1,424,0.40,1,16,16,5,316,3,14,0
6100,9.74,85.0,7325,2997,4782,1402157,0,128,4,-175.5,80.0,994.7,2595463072,4,16095,816,2512.6,2241.1,424,7.41,1,16,15,7329,5,3,3,0
6101,16.55,85.0,7325,3003,4786,1402759,0,128,4,-175.5,80.0,994.7,2595463268,4,16095,816,2512.6,2241.1,424,0.38,1,16,27,8,297,3,2,0
6102,10.11,85.0,7325,2989,4777,1401565,0,128,4,-175.5,80.0,994.7,2595463648,4,16095,816,2512.6,2241.1,424,6.85,1,15,15,6736,3,45,1,0
6103,16.05,85.0,7325,3025,4812,1404825,0,128,4,-175.5,80.0,994.7,2595468356,4,16095,816,2512.6,2241.1,424,0.37,1,18,15,7,281,2,1,0
6104,9.67,85.0,7325,3019,4808,1404489,0,128,4,-175.5,80.0,994.7,2595465244,4,16095,816,2512.6,2241.1,424,7.00,2,20,15,6914,5,3,2,0
6105,16.58,85.0,7325,3027,4839,1408079,0,128,4,-175.5,80.0,994.7,2595465440,4,16095,816,2512.6,2241.1,424,0.33,1,16,16,5,255,2,2,0
6106,8.97,85.0,7325,3007,4773,1450622,0,128,4,-175.5,80.0,994.7,2595465836,4,16095,816,2512.6,2241.1,424,7.25,1,17,16,7130,4,49,2,0
6107,16.97,85.0,7325,2986,4752,1450036,0,128,4,-175.5,80.0,994.7,2595467036,4,16095,816,2512.6,2241.1,424,0.36,2,17,16,5,256,2,2,0
6108,9.93,85.0,7325,2965,4729,1448892,0,128,4,-175.5,80.0,994.7,2595468436,4,16095,816,2512.6,2241.1,424,7.97,1,16,16,7889,4,2,2,0
6109,18.01,85.0,7325,2975,4740,1462994,0,128,4,-175.5,80.0,994.7,2595469620,4,16095,816,2512.6,2241.1,424,0.40,1,16,19,7,321,4,1,0
6110,9.79,85.0,7325,2970,4736,1462644,0,128,4,-175.5,80.0,994.7,2595470016,4,16095,816,2512.6,2241.1,424,6.96,1,16,15,6845,3,44,1,0
6111,16.81,85.0,7325,3037,4800,1474160,0,128,4,-175.5,80.0,994.7,2595470212,4,16095,816,2512.6,2241.1,424,0.33,1,16,16,5,256,1,1,0
6112,10.26,85.0,7325,3033,4795,1472757,0,128,4,-175.5,80.0,994.7,2595470592,4,16095,816,2512.6,2241.1,424,6.93,1,16,15,6855,4,3,2,0
6113,15.87,85.0,7325,3028,4790,1472337,0,128,4,-175.5,80.0,994.7,2595474280,4,16095,816,2512.6,2241.1,424,0.35,1,16,15,5,261,2,2,0
6114,9.37,85.0,7325,3019,4776,1471814,0,128,4,-175.5,80.0,994.7,2595471184,4,16095,816,2512.6,2241.1,424,7.92,1,16,16,7780,5,61,2,0
6115,17.24,85.0,7325,3005,4751,1469250,0,128,4,-175.5,80.0,994.7,2595475776,4,16095,816,2512.6,2241.1,424,0.34,1,16,16,5,273,1,2,0
6116,9.44,85.0,7325,2987,4716,1478943,0,128,4,-175.5,80.0,994.7,2595473784,4,16095,816,2512.6,2241.1,424,7.02,1,16,16,6941,5,3,2,0
6117,17.50,85.0,7325,2985,4709,1479119,0,128,4,-175.5,80.0,994.7,2595474984,4,16095,816,2512.6,2241.1,424,0.33,1,15,16,5,257,3,2,0
6118,10.09,85.0,7325,2995,4720,1478618,0,128,4,-175.5,80.0,994.7,2595476384,4,16095,816,2512.6,2241.1,424,7.04,1,16,26,6909,4,48,1,0
6119,16.72,85.0,7325,2968,4693,1476928,0,128,4,-175.5,80.0,994.7,2595476664,4,16095,816,2512.6,2241.1,424,0.35,1,18,17,6,266,2,2,0
6120,12.94,85.0,7325,2967,4689,1480040,0,128,4,-175.5,80.0,994.7,2595478324,4,16095,816,2512.6,2241.1,424,7.08,1,15,15,7005,5,2,3,0
6121,17.23,85.0,7325,2964,4682,1495492,0,128,4,-175.5,80.0,994.7,2595478260,4,16095,816,2512.6,2241.1,424,0.35,1,15,15,4,280,2,1,0
6122,9.60,85.0,7325,2963,4681,1495480,0,128,4,-175.5,80.0,994.7,2595479560,4,16095,816,2512.6,2241.1,424,6.96,1,15,16,6844,4,48,1,0
6123,16.28,85.0,7325,3062,4777,1562101,0,128,4,-175.5,80.0,994.7,2595479756,4,16095,816,2512.6,2241.1,424,0.34,1,16,15,5,255,2,2,0
6124,9.75,85.0,7325,3046,4762,1560972,0,128,4,-175.5,80.0,994.7,2595480152,4,16095,816,2512.6,2241.1,424,7.58,1,16,17,7498,5,2,2,0
6125,17.11,85.0,7325,3082,4797,1588812,0,128,4,-175.5,80.0,994.7,2595481352,4,16095,816,2512.6,2241.1,424,0.34,1,16,16,5,254,2,2,0
6126,9.68,85.0,7325,3091,4807,1600356,0,128,4,-175.5,80.0,994.7,2595481732,4,16095,816,2512.6,2241.1,424,7.02,1,27,20,6880,3,45,2,0
6127,16.69,77.0,7325,3085,4800,1599109,0,128,4,-175.5,80.0,994.7,2595485304,4,16095,816,2512.6,2241.1,424,0.35,1,16,15,4,274,1,1,0
6128,11.95,77.0,7325,3414,5131,1646742,0,128,4,-175.5,80.0,994.7,2595682788,4,16095,816,2512.6,2241.1,424,7.74,1,16,20,7656,5,3,2,0
6129,17.93,77.0,7325,3419,5137,1646942,0,128,4,-175.5,80.0,994.7,2595683084,4,16095,816,2512.6,2241.1,424,0.43,2,26,15,5,310,4,2,0
6130,12.18,77.0,7325,4355,6075,1829889,0,128,4,-175.5,80.0,994.7,2595683364,4,16095,816,2512.6,2241.1,424,6.98,1,16,16,6857,5,49,2,0
6131,18.59,77.0,7325,4356,6076,1829897,0,128,4,-175.5,80.0,994.7,2595683660,4,16095,816,2512.6,2241.1,424,0.46,1,16,16,5,366,8,2,0
6132,13.74,77.0,7325,4349,6069,1827893,0,128,4,-175.5,80.0,994.7,2595683940,4,16095,816,2512.6,2241.1,424,7.51,1,16,15,7418,4,4,4,0
6133,20.28,77.0,7325,4694,6414,1848645,0,128,4,-175.5,80.0,994.7,2595685240,4,16095,816,2512.6,2241.1,424,0.35,1,16,19,7,277,2,1,0
6134,11.94,77.0,7325,4690,6406,1844835,0,128,4,-175.5,80.0,994.7,2595685848,4,16095,816,2512.6,2241.1,424,7.11,1,15,16,6990,5,50,2,0
6135,19.88,77.0,7325,4690,6402,1844669,0,128,4,-175.5,80.0,994.7,2595686820,4,16095,816,2512.6,2241.1,424,0.45,2,25,23,8,347,2,2,0
6136,12.52,77.0,7325,4694,6405,1845229,0,128,4,-175.5,80.0,994.7,2595687116,4,16095,816,2512.6,2241.1,424,6.96,2,26,16,6867,3,2,1,0
6137,18.85,77.0,7325,4697,6404,1845329,0,128,4,-175.5,80.0,994.7,2595687412,4,16095,816,2512.6,2241.1,424,0.34,1,16,16,5,266,2,1,0
6138,11.79,77.0,7325,4695,6409,1845533,0,128,4,-175.5,80.0,994.7,2595687692,4,16095,816,2512.6,2241.1,424,7.12,1,16,17,6985,8,51,2,0
6139,18.95,77.0,7325,4712,6412,1862729,0,128,4,-175.5,80.0,994.7,2595687988,4,16095,816,2512.6,2241.1,424,0.34,2,22,16,5,259,2,2,0
6140,11.94,77.0,7325,4720,6421,1863104,0,128,4,-175.5,80.0,994.7,2595688284,4,16095,816,2512.6,2241.1,424,6.99,1,22,16,6904,3,2,2,0
6141,18.32,77.0,7325,4718,6396,1862230,0,128,4,-175.5,80.0,994.7,2595688564,4,16095,816,2512.6,2241.1,424,0.35,1,16,15,5,277,2,1,0
6142,11.61,77.0,7325,4712,6394,1857735,0,128,4,-175.5,80.0,994.7,2595689864,4,16095,816,2512.6,2241.1,424,7.08,1,17,16,6954,5,54,2,0
6143,18.84,77.0,7325,4730,6416,1860507,0,128,4,-175.5,80.0,994.7,2595690160,4,16095,816,2512.6,2241.1,424,0.36,1,16,15,5,289,2,2,0
6144,12.22,77.0,7325,4731,6417,1864123,0,128,4,-175.5,80.0,994.7,2595690440,4,16095,816,2512.6,2241.1,424,7.09,1,17,32,6996,4,2,2,0
6145,19.75,77.0,7325,4722,6403,1862190,0,128,4,-175.5,80.0,994.7,2595690736,4,16095,816,2512.6,2241.1,424,0.35,1,15,16,5,272,2,2,0
6146,12.49,77.0,7325,4645,6313,1867456,0,128,4,-175.5,80.0,994.7,2595692036,4,16095,816,2512.6,2241.1,424,7.12,1,16,17,7000,6,50,2,0
6147,19.55,77.0,7325,4650,6312,1867486,0,128,4,-175.5,80.0,994.7,2595693320,4,16095,816,2512.6,2241.1,424,0.34,1,17,16,5,261,2,2,0
6148,12.08,77.0,7325,4629,6293,1866040,0,128,4,-175.5,80.0,994.7,2595693616,4,16095,816,2512.6,2241.1,424,7.19,1,16,16,7118,5,2,2,0
6149,18.78,77.0,7325,4555,6196,1848452,0,128,4,-175.5,80.0,994.7,2595694916,4,16095,816,2512.6,2241.1,424,0.33,2,16,16,5,248,2,1,0
6150,13.47,77.0,7325,4545,6182,1859748,0,128,4,-175.5,80.0,994.7,2595696632,4,16095,816,2512.6,2241.1,424,7.04,1,14,15,6927,3,44,2,0
6151,19.91,77.0,7325,4529,6168,1859056,0,128,4,-175.5,80.0,994.7,2595697500,4,16095,816,2512.6,2241.1,424,0.33,1,16,16,5,255,2,1,0
6152,12.10,77.0,7325,4518,6167,1854314,0,128,4,-175.5,80.0,994.7,2595698784,4,16095,816,2512.6,2241.1,424,6.99,1,17,17,6901,3,3,2,0
6153,19.03,77.0,7325,4507,6152,1847347,0,128,4,-175.5,80.0,994.7,2595699080,4,16095,816,2512.6,2241.1,424,0.33,1,17,17,5,257,3,1,0
6154,13.11,77.0,7325,4504,6118,1850565,0,128,4,-175.5,80.0,994.7,2595700364,4,16095,816,2512.6,2241.1,424,7.31,1,16,16,7186,4,50,1,0
6155,19.43,77.0,7325,4499,6096,1849261,0,128,4,-175.5,80.0,994.7,2595701664,4,16095,816,2512.6,2241.1,424,0.37,1,15,27,9,274,3,2,0
6156,12.77,77.0,7325,4491,6058,1845677,0,128,4,-175.5,80.0,994.7,2595702964,4,16095,816,2512.6,2241.1,424,6.87,1,15,22,6789,3,3,2,0
6157,19.01,77.0,7325,4474,6026,1844132,0,128,4,-175.5,80.0,994.7,2595704248,4,16095,816,2512.6,2241.1,424,0.33,2,17,15,5,263,2,2,0
6158,13.22,77.0,7325,4466,6010,1842233,0,128,4,-175.5,80.0,994.7,2595705548,4,16095,816,2512.6,2241.1,424,7.02,1,16,17,6895,6,51,2,0
6159,18.99,77.0,7325,4465,6005,1834023,0,128,4,-175.5,80.0,994.7,2595711392,4,16095,816,2512.6,2241.1,424,0.33,1,16,16,5,252,2,1,0
6160,12.12,77.0,7325,4463,5999,1833770,0,128,4,-175.5,80.0,994.7,2595711672,4,16095,816,2512.6,2241.1,424,6.75,1,21,17,6671,4,3,2,0
6161,18.47,77.0,7325,4558,6069,1780919,0,128,4,-175.5,80.0,994.7,2595712972,4,16095,816,2512.6,2241.1,424,0.33,1,17,16,6,253,2,2,0
6162,13.47,77.0,7325,4638,6191,1854282,0,128,4,-175.5,80.0,994.7,2595716660,4,16095,816,2512.6,2241.1,424,7.00,1,16,16,6879,3,47,2,0
6163,19.25,77.0,7325,4657,6235,1856982,0,128,4,-175.5,80.0,994.7,2595716956,4,16095,816,2512.6,2241.1,424,0.34,1,16,15,5,262,2,2,0
6164,12.81,77.0,7325,4677,6263,1865266,0,128,4,-175.5,80.0,994.7,2595717236,4,16095,816,2512.6,2241.1,424,6.86,1,18,17,6775,3,3,2,0
6165,19.12,77.0,7325,4685,6276,1875648,0,128,4,-175.5,80.0,994.7,2595717532,4,16095,816,2512.6,2241.1,424,0.41,1,16,17,5,341,2,2,0
6166,12.66,77.0,7325,4709,6343,1879525,0,128,4,-175.5,80.0,994.7,2595717828,4,16095,816,2512.6,2241.1,424,7.53,1,15,15,7406,5,48,2,0
6167,19.92,77.0,7325,4714,6383,1883656,0,128,4,-175.5,80.0,994.7,2595718124,4,16095,816,2512.6,2241.1,424,0.34,1,16,16,5,261,1,1,0
6168,13.01,77.0,7325,4740,6437,1898073,0,128,4,-175.5,80.0,994.7,2595718404,4,16095,816,2512.6,2241.1,424,7.08,1,15,15,7005,6,3,2,0
6169,18.95,77.0,7325,4746,6470,1899694,0,128,4,-175.5,80.0,994.7,2595718700,4,16095,816,2512.6,2241.1,424,0.35,1,16,16,5,267,2,1,0
6170,12.52,77.0,7325,4804,6541,1908660,0,128,4,-175.5,80.0,994.7,2595718980,4,16095,816,2512.6,2241.1,424,6.98,1,18,28,6848,4,46,2,0
6171,18.45,77.0,7325,4785,6520,1909188,0,128,4,-175.5,80.0,994.7,2595719276,4,16095,816,2512.6,2241.1,424,0.33,1,16,16,6,258,2,1,0
6172,12.89,77.0,7325,4805,6549,1912738,0,128,4,-175.5,80.0,994.7,2595720576,4,16095,816,2512.6,2241.1,424,6.89,1,17,16,6812,3,2,2,0
6173,18.85,77.0,7325,4841,6597,1915562,0,128,4,-175.5,80.0,994.7,2595720856,4,16095,816,2512.6,2241.1,424,0.36,2,16,24,6,275,2,2,0
6174,12.82,77.0,7325,4878,6653,1922542,0,128,4,-175.5,80.0,994.7,2595721464,4,16095,816,2512.6,2241.1,424,7.06,1,15,17,6939,5,49,1,0
6175,19.75,77.0,7325,5004,6783,1946125,0,128,4,-175.5,80.0,994.7,2595721448,4,16095,816,2512.6,2241.1,424,0.39,0,16,22,5,309,2,1,0
6176,13.32,77.0,7325,5078,6886,1956573,0,128,4,-175.5,80.0,994.7,2595721728,4,16095,816,2512.6,2241.1,424,6.98,1,20,17,6881,5,2,2,0
6177,18.63,77.0,7325,5102,6919,1961613,0,128,4,-175.5,80.0,994.7,2595722024,4,16095,816,2512.6,2241.1,424,0.35,1,16,20,5,277,2,2,0
6178,12.42,77.0,7325,5262,7099,1976622,0,128,4,-175.5,80.0,994.7,2595722304,4,16095,816,2512.6,2241.1,424,6.96,1,16,16,6843,4,49,1,0
6179,19.46,77.0,7325,5318,7164,1979248,0,128,4,-175.5,80.0,994.7,2595722600,4,16095,816,2512.6,2241.1,424,0.41,1,23,30,5,312,2,2,0
6180,18.36,77.0,7325,5391,7249,1990191,0,128,4,-175.5,80.0,994.7,2595723240,4,16095,816,2512.6,2241.1,424,6.80,1,14,16,6730,2,2,2,0
6181,20.42,77.0,7325,5460,7321,1996983,0,128,4,-175.5,80.0,994.7,2595723176,4,16095,816,2512.6,2241.1,424,0.33,1,16,16,5,257,2,1,0
6182,12.77,77.0,7325,5539,7407,2001767,0,128,4,-175.5,80.0,994.7,2595723456,4,16095,816,2512.6,2241.1,424,7.40,1,15,21,7264,4,51,1,0
6183,20.12,77.0,7325,5562,7468,2013045,0,128,4,-175.5,80.0,994.7,2595723752,4,16095,816,2512.6,2241.1,424,0.33,2,17,16,5,257,2,1,0
6184,13.87,77.0,7325,5654,7561,2017983,0,128,4,-175.5,80.0,994.7,2595724032,4,16095,816,2512.6,2241.1,424,6.85,1,16,16,6779,3,3,2,0
6185,19.52,77.0,7325,5699,7611,2028758,0,128,4,-175.5,80.0,994.7,2595724328,4,16095,816,2512.6,2241.1,424,0.38,1,16,16,6,298,2,2,0
6186,13.42,77.0,7325,6168,8107,2123316,0,128,4,-175.5,80.0,994.7,2595724624,4,16095,816,2512.6,2241.1,424,7.34,1,17,16,7214,5,49,2,0
6187,20.70,77.0,7325,6227,8174,2125293,0,128,4,-175.5,80.0,994.7,2595724904,4,16095,816,2512.6,2241.1,424,0.33,1,16,19,5,250,2,1,0
6188,14.07,77.0,7325,6238,8208,2131654,0,128,4,-175.5,80.0,994.7,2595725200,4,16095,816,2512.6,2241.1,424,7.16,1,22,18,7051,7,4,2,0
6189,28.59,62.0,7325,6307,8283,2140559,0,128,4,-175.5,80.0,994.7,2595725496,4,16095,816,2512.6,2241.1,424,0.33,1,16,16,5,251,2,2,0
6190,13.69,62.0,7325,6324,8301,2142089,0,128,4,-175.5,80.0,994.7,2595725776,4,16095,816,2512.6,2241.1,424,7.15,1,16,16,7007,3,47,3,0
6191,20.87,62.0,7325,6395,8397,2152929,0,128,4,-175.5,80.0,994.7,2595726056,4,16095,816,2512.6,2241.1,424,0.34,1,30,17,6,251,2,1,0
6192,15.26,62.0,7325,6404,8408,2156148,0,128,4,-175.5,80.0,994.7,2595726336,4,16095,816,2512.6,2241.1,424,7.16,1,17,16,7080,4,3,3,0
6193,21.79,62.0,7325,6448,8460,2164013,0,128,4,-175.5,80.0,994.7,2595726632,4,16095,816,2512.6,2241.1,424,0.34,1,16,15,6,266,2,2,0
6194,14.89,62.0,7325,6525,8541,2176312,0,128,4,-175.5,80.0,994.7,2595726912,4,16095,816,2512.6,2241.1,424,7.41,1,16,16,7264,5,63,2,0
6195,21.20,62.0,7325,6542,8564,2179051,0,128,4,-175.5,80.0,994.7,2595727208,4,16095,816,2512.6,2241.1,424,0.33,2,16,16,5,258,2,2,0
6196,13.87,62.0,7325,6554,8581,2181504,0,128,4,-175.5,80.0,994.7,2595727488,4,16095,816,2512.6,2241.1,424,6.86,1,16,16,6783,4,3,2,0
6197,21.67,62.0,7325,6561,8590,2182930,0,128,4,-175.5,80.0,994.7,2595727784,4,16095,816,2512.6,2241.1,424,0.36,1,16,17,4,284,2,1,0
6198,14.82,62.0,7325,6571,8604,2175640,0,128,4,-175.5,80.0,994.7,2595728064,4,16095,816,2512.6,2241.1,424,7.65,1,16,16,7521,5,57,2,0
6199,21.95,62.0,7325,6653,8690,2186086,0,128,4,-175.5,80.0,994.7,2595728360,4,16095,816,2512.6,2241.1,424,0.35,1,22,16,5,270,2,2,0
6200,14.68,62.0,7325,6659,8707,2194553,0,128,4,-175.5,80.0,994.7,2595728640,4,16095,816,2512.6,2241.1,424,6.86,1,16,15,6780,3,3,2,0
6201,22.23,62.0,7325,6666,8726,2195099,0,128,4,-175.5,80.0,994.7,2595728936,4,16095,816,2512.6,2241.1,424,0.33,1,16,17,5,251,2,1,0
6202,15.19,62.0,7325,6680,8741,2208911,0,128,4,-175.5,80.0,994.7,2595729216,4,16095,816,2512.6,2241.1,424,6.96,1,16,16,6808,4,66,4,0
6203,21.42,62.0,7325,6729,8800,2222731,0,128,4,-175.5,80.0,994.7,2595729512,4,16095,816,2512.6,2241.1,424,0.37,1,16,17,5,288,7,3,0
6204,14.31,62.0,7325,6715,8809,2232231,0,128,4,-175.5,80.0,994.7,2595739384,4,16095,816,2512.6,2241.1,424,7.71,1,15,25,7618,5,2,2,0
6205,21.81,62.0,7325,6708,8806,2232876,0,128,4,-175.5,80.0,994.7,2595739664,4,16095,816,2512.6,2241.1,424,0.39,1,24,23,8,287,2,1,0
6206,15.49,62.0,7325,6763,8858,2257245,0,128,4,-175.5,80.0,994.7,2595739944,4,16095,816,2512.6,2241.1,424,6.83,1,16,19,6705,4,54,2,0
6207,20.70,62.0,7325,6768,8850,2261628,0,128,4,-175.5,80.0,994.7,2595740240,4,16095,816,2512.6,2241.1,424,0.36,1,17,17,5,284,2,2,0
6208,14.54,62.0,7325,6770,8836,2262853,0,128,4,-175.5,80.0,994.7,2595741524,4,16095,816,2512.6,2241.1,424,6.84,1,28,17,6748,4,2,2,0
6209,21.56,62.0,7325,6804,8830,2299086,0,128,4,-175.5,80.0,994.7,2595742824,4,16095,816,2512.6,2241.1,424,0.45,1,17,15,4,379,3,2,0
6210,16.90,62.0,7325,6794,8826,2299026,0,128,4,-175.5,80.0,994.7,2595744780,4,16095,816,2512.6,2241.1,424,7.67,0,22,16,7547,4,48,2,0
6211,23.17,62.0,7325,6829,8854,2336798,0,128,4,-175.5,80.0,994.7,2595744388,4,16095,816,2512.6,2241.1,424,0.34,1,17,16,5,255,3,1,0
6212,14.95,62.0,7325,6833,8854,2336798,0,128,4,-175.5,80.0,994.7,2595744684,4,16095,816,2512.6,2241.1,424,6.85,1,16,16,6778,3,2,2,0
6213,21.06,62.0,7325,6869,8871,2369504,0,128,4,-175.5,80.0,994.7,2595744980,4,16095,816,2512.6,2241.1,424,0.33,2,17,16,5,260,2,2,0
6214,15.14,62.0,7325,6868,8856,2373583,0,128,4,-175.5,80.0,994.7,2595745260,4,16095,816,2512.6,2241.1,424,7.23,1,16,17,7096,6,55,2,0
6215,22.39,62.0,7325,6861,8853,2378960,0,128,4,-175.5,80.0,994.7,2595746544,4,16095,816,2512.6,2241.1,424,0.35,1,15,17,5,279,2,1,0
6216,14.85,62.0,7325,6871,8837,2388692,0,128,4,-175.5,80.0,994.7,2595746824,4,16095,816,2512.6,2241.1,424,7.68,1,16,29,7579,7,2,2,0
6217,23.31,62.0,7325,6917,8887,2427920,0,128,4,-175.5,80.0,994.7,2595748124,4,16095,816,2512.6,2241.1,424,0.35,1,16,15,5,270,2,2,0
6218,15.36,62.0,7325,6914,8849,2430508,0,128,4,-175.5,80.0,994.7,2595748404,4,16095,816,2512.6,2241.1,424,7.06,1,16,16,6934,4,53,2,0
6219,22.20,62.0,7325,6918,8846,2430307,0,128,4,-175.5,80.0,994.7,2595751384,4,16095,816,2512.6,2241.1,424,0.39,1,18,17,5,313,2,2,0
6220,14.48,62.0,7325,6921,8847,2434915,0,128,4,-175.5,80.0,994.7,2595751664,4,16095,816,2512.6,2241.1,424,7.17,3,16,16,7063,5,3,2,0
6221,21.50,62.0,7325,6924,8832,2435547,0,128,4,-175.5,80.0,994.7,2595751944,4,16095,816,2512.6,2241.1,424,0.43,2,24,23,11,323,3,1,0
6222,15.65,62.0,7325,6928,8814,2436191,0,128,4,-175.5,80.0,994.7,2595753228,4,16095,816,2512.6,2241.1,424,7.86,1,16,16,7728,4,56,2,0
6223,22.31,62.0,7325,7087,8956,2487329,0,128,4,-175.5,80.0,994.7,2595754528,4,16095,816,2512.6,2241.1,424,0.38,1,15,32,5,286,3,2,0
6224,14.93,62.0,7325,7092,8960,2495168,0,128,4,-175.5,80.0,994.7,2595754808,4,16095,816,2512.6,2241.1,424,7.23,1,16,16,7147,6,2,2,0
6225,21.52,62.0,7325,7093,8937,2494145,0,128,4,-175.5,80.0,994.7,2595755104,4,16095,816,2512.6,2241.1,424,0.34,1,17,17,5,265,3,1,0
6226,15.23,62.0,7325,7098,8945,2509573,0,128,4,-175.5,80.0,994.7,2595756388,4,16095,816,2512.6,2241.1,424,7.67,1,15,16,7536,5,57,2,0
6227,22.98,62.0,7325,7104,8961,2511021,0,128,4,-175.5,80.0,994.7,2595756684,4,16095,816,2512.6,2241.1,424,0.35,3,20,15,5,269,2,1,0
6228,16.05,62.0,7325,7110,8966,2511467,0,128,4,-175.5,80.0,994.7,2595756964,4,16095,816,2512.6,2241.1,424,6.76,2,16,17,6690,4,3,2,0
6229,21.26,62.0,7325,7117,8975,2523213,0,128,4,-175.5,80.0,994.7,2595757260,4,16095,816,2512.6,2241.1,424,0.35,1,23,16,5,267,2,1,0
6230,14.79,62.0,7325,7133,8975,2533119,0,128,4,-175.5,80.0,994.7,2595757540,4,16095,816,2512.6,2241.1,424,7.02,1,16,16,6902,5,51,2,0
6231,21.87,62.0,7325,7130,8973,2531760,0,128,4,-175.5,80.0,994.7,2595757820,4,16095,816,2512.6,2241.1,424,0.35,4,16,17,5,263,2,1,0
6232,14.94,62.0,7325,7127,8973,2536312,0,128,4,-175.5,80.0,994.7,2595758100,4,16095,816,2512.6,2241.1,424,7.65,2,22,15,7569,5,2,2,0
6233,23.14,62.0,7325,7126,8972,2536248,0,128,4,-175.5,80.0,994.7,2595758396,4,16095,816,2512.6,2241.1,424,0.34,1,15,16,5,259,2,1,0
6234,16.80,62.0,7325,7451,9301,2638232,0,128,4,-175.5,80.0,994.7,2595768264,4,16095,816,2512.6,2241.1,424,7.01,1,16,16,6885,5,49,2,0
6235,21.71,62.0,7325,7455,9298,2642674,0,128,4,-175.5,80.0,994.7,2595768560,4,16095,816,2512.6,2241.1,424,0.35,1,16,22,5,268,3,1,0
6236,15.47,62.0,7325,7449,9295,2643292,0,128,4,-175.5,80.0,994.7,2595768840,4,16095,816,2512.6,2241.1,424,6.78,1,17,16,6706,3,3,2,0
6237,21.54,62.0,7325,7013,8856,2619900,0,128,4,-175.5,80.0,994.7,2595769120,4,16095,816,2512.6,2241.1,424,0.34,1,16,16,5,258,2,2,0
6238,15.50,62.0,7325,7002,8853,2635184,0,128,4,-175.5,80.0,994.7,2595770404,4,16095,816,2512.6,2241.1,424,6.89,1,16,17,6757,3,46,2,0
6239,21.61,62.0,7325,6992,8857,2641736,0,128,4,-175.5,80.0,994.7,2595770700,4,16095,816,2512.6,2241.1,424,0.37,0,18,16,6,284,2,1,0
6240,18.08,62.0,7325,6990,8855,2659468,0,128,4,-175.5,80.0,994.7,2595771340,4,16095,816,2512.6,2241.1,424,7.41,0,16,16,7332,5,3,2,0
6241,24.21,62.0,7325,6898,8772,2642624,0,128,4,-175.5,80.0,994.7,2595771276,4,16095,816,2512.6,2241.1,424,0.33,1,16,16,5,255,1,1,0
6242,15.71,62.0,7325,6893,8774,2651840,0,128,4,-175.5,80.0,994.7,2595772560,4,16095,816,2512.6,2241.1,424,6.91,1,17,16,6790,3,48,2,0
6243,21.94,54.0,7325,7068,9107,2659814,0,128,4,-175.5,80.0,994.7,2595772840,4,16095,816,2512.6,2241.1,424,0.43,1,16,15,9,343,6,2,0
6244,16.51,54.0,7325,7085,9168,2665553,0,128,4,-175.5,80.0,994.7,2595773504,4,16095,816,2512.6,2241.1,424,7.57,1,16,17,7487,7,3,2,0
6245,23.72,54.0,7325,7097,9193,2670854,0,128,4,-175.5,80.0,994.7,2595773488,4,16095,816,2512.6,2241.1,424,0.34,1,16,17,5,261,2,2,0
6246,15.83,54.0,7325,7077,9196,2679461,0,128,4,-175.5,80.0,994.7,2595773768,4,16095,816,2512.6,2241.1,424,7.02,1,16,15,6896,4,48,2,0
6247,21.96,54.0,7325,6993,9117,2662045,0,128,4,-175.5,80.0,994.7,2595774064,4,16095,816,2512.6,2241.1,424,0.36,1,28,15,5,271,3,1,0
6248,16.31,54.0,7325,6997,9117,2662045,0,128,4,-175.5,80.0,994.7,2595775348,4,16095,816,2512.6,2241.1,424,7.06,1,16,21,6982,5,3,2,0
6249,22.68,54.0,7325,6996,9120,2675869,0,128,4,-175.5,80.0,994.7,2595775628,4,16095,816,2512.6,2241.1,424,0.35,1,15,15,5,265,3,5,0
6250,16.76,54.0,7325,7006,9094,2684027,0,128,4,-175.5,80.0,994.7,2595775908,4,16095,816,2512.6,2241.1,424,7.73,1,16,16,7603,5,54,2,0
6251,22.93,54.0,7325,7007,9080,2687503,0,128,4,-175.5,80.0,994.7,2595777208,4,16095,816,2512.6,2241.1,424,0.34,1,16,15,5,264,2,2,0
6252,15.03,54.0,7325,7051,9091,2718332,0,128,4,-175.5,80.0,994.7,2595778492,4,16095,816,2512.6,2241.1,424,6.76,1,23,16,6680,3,2,2,0
6253,21.94,54.0,7325,7059,9083,2717284,0,128,4,-175.5,80.0,994.7,2595778788,4,16095,816,2512.6,2241.1,424,0.35,1,16,16,5,265,2,2,0
6254,16.20,54.0,7325,7053,9062,2716251,0,128,4,-175.5,80.0,994.7,2595780072,4,16095,816,2512.6,2241.1,424,7.33,1,17,16,7199,5,51,2,0
6255,22.14,54.0,7325,7033,8990,2714899,0,128,4,-175.5,80.0,994.7,2595781356,4,16095,816,2512.6,2241.1,424,0.36,1,16,16,5,285,2,2,0
6256,15.88,54.0,7325,7034,8982,2714567,0,128,4,-175.5,80.0,994.7,2595782640,4,16095,816,2512.6,2241.1,424,7.02,1,16,16,6938,5,2,2,0
6257,26.38,54.0,7325,12390,16723,3019235,0,128,4,-175.5,80.0,994.7,2595722300,4,16095,816,2518.1,2241.1,424,0.34,1,17,16,5,259,3,1,0
6258,59.63,54.0,7325,8632,11962,3025677,0,128,4,-175.5,80.0,994.7,2595697436,4,16095,816,2501.6,2241.1,424,7.47,1,17,16,7349,5,51,2,0
6259,25.29,54.0,7325,8580,11869,3027885,0,128,4,-175.5,80.0,994.7,2595698600,4,16095,816,2501.6,2241.1,424,0.35,1,16,30,7,256,2,1,0
6260,17.38,54.0,7325,8433,11592,3002163,0,128,4,-175.5,80.0,994.7,2595699884,4,16095,816,2501.6,2241.1,424,7.34,1,16,16,7264,5,3,2,0
6261,24.35,54.0,7325,8417,11548,3015416,0,128,4,-175.5,80.0,994.7,2595701184,4,16095,816,2501.6,2241.1,424,0.36,1,17,16,5,280,2,1,0
6262,17.34,54.0,7325,8418,11517,3023946,0,128,4,-175.5,80.0,994.7,2595702452,4,16095,816,2501.6,2241.1,424,7.33,1,17,16,7198,7,56,2,0
6263,24.39,54.0,7325,8402,11476,3025885,0,128,4,-175.5,80.0,994.7,2595703752,4,16095,816,2501.6,2241.1,424,0.33,1,16,17,6,259,2,2,0
6264,17.93,54.0,7325,8391,11415,3019741,0,128,4,-175.5,80.0,994.7,2595705036,4,16095,816,2501.6,2241.1,424,6.84,1,16,17,6765,3,2,3,0
6265,23.36,54.0,7325,8387,11411,3019505,0,128,4,-175.5,80.0,994.7,2595706320,4,16095,816,2501.6,2241.1,424,0.42,1,18,16,5,329,2,1,0
6266,17.78,54.0,7325,8373,11373,3014623,0,128,4,-175.5,80.0,994.7,2595706600,4,16095,816,2501.6,2241.1,424,7.38,1,19,18,7250,4,49,2,0
6267,24.40,54.0,7325,8463,11458,3205739,0,128,4,-175.5,80.0,994.7,2595707884,4,16095,816,2501.6,2241.1,424,0.37,2,25,19,5,272,2,1,0
6268,18.28,54.0,7325,8446,11401,3191063,0,128,4,-175.5,80.0,994.7,2595708164,4,16095,816,2501.6,2241.1,424,7.21,1,15,16,7135,5,3,2,0
6269,24.62,54.0,7325,8446,11394,3190748,0,128,4,-175.5,80.0,994.7,2595709464,4,16095,816,2501.6,2241.1,424,0.34,0,22,15,5,263,2,2,0
6270,18.83,54.0,7325,8462,11344,3195099,0,128,4,-175.5,80.0,994.7,2595711092,4,16095,816,2501.6,2241.1,424,7.09,0,18,20,6966,5,49,2,0
6271,25.13,54.0,7325,8425,11281,3186307,0,128,4,-175.5,80.0,994.7,2595712032,4,16095,816,2501.6,2241.1,424,0.34,1,16,16,5,260,2,2,0
6272,17.34,54.0,7325,8417,11224,3183221,0,128,4,-175.5,80.0,994.7,2595713316,4,16095,816,2501.6,2241.1,424,6.96,2,25,22,6862,3,3,2,0
6273,24.37,54.0,7325,8406,11130,3213289,0,128,4,-175.5,80.0,994.7,2595714928,4,16095,816,2501.6,2241.1,424,0.33,1,16,15,5,257,2,1,0
6274,16.83,54.0,7325,8385,11052,3201393,0,128,4,-175.5,80.0,994.7,2595715884,4,16095,816,2501.6,2241.1,424,6.83,2,28,31,6668,3,51,2,0
6275,23.72,54.0,7325,8348,11006,3193958,0,128,4,-175.5,80.0,994.7,2595717184,4,16095,816,2501.6,2241.1,424,0.33,1,15,16,5,253,2,1,0
6276,16.71,54.0,7325,8329,10980,3192652,0,128,4,-175.5,80.0,994.7,2595718468,4,16095,816,2501.6,2241.1,424,7.05,1,16,32,6954,3,2,2,0
6277,23.46,54.0,7325,8320,10925,3192969,0,128,4,-175.5,80.0,994.7,2595719752,4,16095,816,2501.6,2241.1,424,0.34,1,16,17,4,270,2,1,0
6278,17.43,54.0,7325,8289,10889,3181491,0,128,4,-175.5,80.0,994.7,2595721036,4,16095,816,2501.6,2241.1,424,6.86,2,17,16,6738,3,46,2,0
6279,23.54,54.0,7325,8268,10847,3177919,0,128,4,-175.5,80.0,994.7,2595722336,4,16095,816,2501.6,2241.1,424,0.34,1,16,16,5,269,3,2,0
6280,17.11,54.0,7325,7997,10486,3135660,0,128,4,-175.5,80.0,994.7,2595723620,4,16095,816,2501.6,2241.1,424,7.11,2,16,16,7035,6,3,2,0
6281,23.79,54.0,7325,7959,10395,3135812,0,128,4,-175.5,80.0,994.7,2595724920,4,16095,816,2501.6,2241.1,424,0.33,1,15,16,6,252,2,2,0
6282,16.36,54.0,7325,7944,10377,3134838,0,128,4,-175.5,80.0,994.7,2595726204,4,16095,816,2501.6,2241.1,424,7.01,1,16,16,6882,3,45,2,0
6283,22.78,54.0,7325,7943,10343,3282379,0,128,4,-175.5,80.0,994.7,2595727488,4,16095,816,2501.6,2241.1,424,0.34,1,16,16,5,269,2,2,0
6284,16.58,54.0,7325,7835,10168,3263098,0,128,4,-175.5,80.0,994.7,2595728772,4,16095,816,2501.6,2241.1,424,7.10,1,16,16,7008,4,2,2,0
6285,23.05,54.0,7325,7814,10112,3256300,0,128,4,-175.5,80.0,994.7,2595730056,4,16095,816,2501.6,2241.1,424,0.35,1,16,17,5,271,2,2,0
6286,17.56,54.0,7325,7807,10093,3255865,0,128,4,-175.5,80.0,994.7,2595731340,4,16095,816,2501.6,2241.1,424,7.08,1,16,17,6937,6,64,2,0
6287,22.71,54.0,7325,7758,9998,3239880,0,128,4,-175.5,80.0,994.7,2595732640,4,16095,816,2501.6,2241.1,424,0.38,2,17,17,4,306,3,1,0
6288,17.13,54.0,7325,7679,9892,3231904,0,128,4,-175.5,80.0,994.7,2595733924,4,16095,816,2501.6,2241.1,424,7.48,1,17,16,7398,4,3,2,0
6289,24.01,54.0,7325,7625,9783,3215455,0,128,4,-175.5,80.0,994.7,2595735208,4,16095,816,2501.6,2241.1,424,0.33,2,16,16,5,253,2,1,0
6290,18.13,47.0,7325,7616,9760,3218319,0,128,4,-175.5,80.0,994.7,2595736492,4,16095,816,2501.6,2241.1,424,7.07,1,15,15,6954,4,48,2,0
6291,23.37,47.0,7325,7539,9569,3195214,0,128,4,-175.5,80.0,994.7,2595737792,4,16095,816,2501.6,2241.1,424,0.36,1,16,16,5,293,2,2,0
6292,16.43,47.0,7325,7357,9264,3165144,0,128,4,-175.5,80.0,994.7,2595739076,4,16095,816,2501.6,2241.1,424,7.76,1,17,16,7685,5,3,2,0
6293,23.50,47.0,7325,7121,8909,3126926,0,128,4,-175.5,80.0,994.7,2595740360,4,16095,816,2501.6,2241.1,424,0.33,1,16,16,5,257,1,1,0
6294,15.90,47.0,7325,7097,8857,3124162,0,128,4,-175.5,80.0,994.7,2595807204,4,16095,816,2501.6,2241.1,424,7.18,1,16,16,7056,4,48,2,0
6295,22.81,47.0,7325,7120,8946,3132612,0,128,4,-175.5,80.0,994.7,2595808504,4,16095,816,2501.6,2241.1,424,0.35,1,16,16,5,263,2,2,0
6296,15.31,47.0,7325,7138,9010,3140114,0,128,4,-175.5,80.0,994.7,2595808784,4,16095,816,2501.6,2241.1,424,7.74,1,16,16,7661,4,2,2,0
6297,23.61,47.0,7325,7391,9370,3170366,0,128,4,-175.5,80.0,994.7,2595809080,4,16095,816,2501.6,2241.1,424,0.35,1,17,16,5,272,2,1,0
6298,16.91,47.0,7325,7490,9575,3187761,0,128,4,-175.5,80.0,994.7,2595809360,4,16095,816,2501.6,2241.1,424,7.09,1,17,16,6967,4,49,2,0
6299,22.14,47.0,7325,7414,9550,3179792,0,128,4,-175.5,80.0,994.7,2595809640,4,16095,816,2501.6,2241.1,424,0.33,1,17,16,5,261,2,1,0
6300,19.21,47.0,7325,7444,9562,3195021,0,128,4,-175.5,80.0,994.7,2595811356,4,16095,816,2501.6,2241.1,424,7.42,1,16,16,7350,4,3,2,0
6301,23.87,47.0,7325,7444,9566,3195215,0,128,4,-175.5,80.0,994.7,2595811220,4,16095,816,2501.6,2241.1,424,0.33,1,15,16,5,258,2,1,0
6302,15.66,47.0,7325,7502,9676,3212077,0,128,4,-175.5,80.0,994.7,2595811500,4,16095,816,2501.6,2241.1,424,7.05,1,16,15,6908,4,51,3,0
6303,23.06,47.0,7325,7530,9741,3230770,0,128,4,-175.5,80.0,994.7,2595811796,4,16095,816,2501.6,2241.1,424,0.34,2,17,15,5,261,2,2,0
6304,15.95,47.0,7325,7561,9818,3238342,0,128,4,-175.5,80.0,994.7,2595812388,4,16095,816,2501.6,2241.1,424,6.96,1,16,15,6874,4,3,2,0
6305,23.26,47.0,7325,7632,9917,3251754,0,128,4,-175.5,80.0,994.7,2595812356,4,16095,816,2501.6,2241.1,424,0.34,1,16,17,6,263,2,2,0
6306,16.07,47.0,7325,7669,9965,3261163,0,128,4,-175.5,80.0,994.7,2595812636,4,16095,816,2501.6,2241.1,424,7.27,1,15,15,7140,5,58,2,0
6307,23.39,47.0,7325,7724,10065,3273141,0,128,4,-175.5,80.0,994.7,2595812932,4,16095,816,2501.6,2241.1,424,0.33,1,17,15,5,257,2,2,0
6308,16.16,47.0,7325,7779,10152,3277509,0,128,4,-175.5,80.0,994.7,2595813212,4,16095,816,2501.6,2241.1,424,7.12,1,16,16,7038,6,2,2,0
6309,23.67,47.0,7325,8040,10472,3318702,0,128,4,-175.5,80.0,994.7,2595813508,4,16095,816,2501.6,2241.1,424,0.35,1,15,16,5,268,2,2,0
6310,16.87,47.0,7325,8078,10545,3329680,0,128,4,-175.5,80.0,994.7,2595813788,4,16095,816,2501.6,2241.1,424,6.76,1,16,15,6645,3,46,1,0
6311,23.06,47.0,7325,8104,10587,3361683,0,128,4,-175.5,80.0,994.7,2595814068,4,16095,816,2501.6,2241.1,424,0.33,1,16,17,5,257,2,1,0
6312,16.71,47.0,7325,8074,10553,3317772,0,128,4,-175.5,80.0,994.7,2595814348,4,16095,816,2501.6,2241.1,424,7.46,1,17,15,7374,13,3,2,0
6313,23.85,47.0,7325,8073,10573,3319859,0,128,4,-175.5,80.0,994.7,2595815648,4,16095,816,2501.6,2241.1,424,0.34,1,17,17,5,263,2,2,0
6314,16.31,47.0,7325,8068,10570,3305913,0,128,4,-175.5,80.0,994.7,2595815928,4,16095,816,2501.6,2241.1,424,7.60,1,16,15,7462,5,69,2,0
6315,23.48,47.0,7325,8078,10586,3308452,0,128,4,-175.5,80.0,994.7,2595816224,4,16095,816,2501.6,2241.1,424,0.33,1,16,16,5,258,2,2,0
6316,16.03,47.0,7325,8079,10582,3308344,0,128,4,-175.5,80.0,994.7,2595816504,4,16095,816,2501.6,2241.1,424,6.96,2,29,16,6856,3,3,2,0
6317,23.11,47.0,7325,8095,10646,3310896,0,128,4,-175.5,80.0,994.7,2595816784,4,16095,816,2501.6,2241.1,424,0.37,1,24,23,8,267,2,1,0
6318,16.92,47.0,7325,8131,10691,3319381,0,128,4,-175.5,80.0,994.7,2595817064,4,16095,816,2501.6,2241.1,424,7.38,1,19,28,7215,7,62,2,0
6319,22.65,47.0,7325,8050,10618,3297496,0,128,4,-175.5,80.0,994.7,2595817360,4,16095,816,2501.6,2241.1,424,0.41,2,16,16,5,332,3,2,0
6320,16.02,47.0,7325,8083,10656,3310908,0,128,4,-175.5,80.0,994.7,2595818644,4,16095,816,2501.6,2241.1,424,6.77,1,18,24,6681,3,3,2,0
6321,22.86,47.0,7325,8069,10626,3297768,0,128,4,-175.5,80.0,994.7,2595818924,4,16095,816,2501.6,2241.1,424,0.33,1,16,16,6,257,2,2,0
6322,16.40,47.0,7325,8073,10632,3303673,0,128,4,-175.5,80.0,994.7,2595820208,4,16095,816,2501.6,2241.1,424,7.04,1,16,16,6921,3,47,2,0
6323,24.19,47.0,7325,8093,10620,3303459,0,128,4,-175.5,80.0,994.7,2595820504,4,16095,816,2501.6,2241.1,424,0.35,1,17,16,5,271,3,2,0
6324,17.53,47.0,7325,8098,10606,3301596,0,128,4,-175.5,80.0,994.7,2595821788,4,16095,816,2501.6,2241.1,424,7.24,1,16,15,7150,5,3,2,0
6325,23.90,47.0,7325,8112,10629,3307412,0,128,4,-175.5,80.0,994.7,2595823072,4,16095,816,2501.6,2241.1,424,0.33,1,17,16,5,257,2,1,0
6326,16.37,47.0,7325,8101,10612,3300266,0,128,4,-175.5,80.0,994.7,2595823352,4,16095,816,2501.6,2241.1,424,7.04,1,16,15,6901,4,49,2,0
6327,23.10,47.0,7325,8018,10556,3294756,0,128,4,-175.5,80.0,994.7,2595824652,4,16095,816,2501.6,2241.1,424,0.33,1,16,16,6,258,2,1,0
6328,16.35,47.0,7325,8037,10610,3292566,0,128,4,-175.5,80.0,994.7,2595825936,4,16095,816,2501.6,2241.1,424,7.61,1,17,17,7519,4,3,2,0
6329,23.65,47.0,7325,8148,10760,3302538,0,128,4,-175.5,80.0,994.7,2595826216,4,16095,816,2501.6,2241.1,424,0.34,1,16,23,5,261,2,1,0
6330,20.13,47.0,7325,8181,10844,3303292,0,128,4,-175.5,80.0,994.7,2595826856,4,16095,816,2501.6,2241.1,424,7.16,1,15,15,7040,4,51,2,0
6331,23.89,47.0,7325,8184,10850,3303588,0,128,4,-175.5,80.0,994.7,2595826792,4,16095,816,2501.6,2241.1,424,0.34,1,16,16,6,261,2,2,0
6332,16.03,47.0,7325,8101,10802,3294534,0,128,4,-175.5,80.0,994.7,2595827072,4,16095,816,2501.6,2241.1,424,7.03,1,17,16,6950,4,2,2,0
6333,23.16,47.0,7325,8128,10831,3296176,0,128,4,-175.5,80.0,994.7,2595828356,4,16095,816,2501.6,2241.1,424,0.36,2,20,16,5,279,2,2,0
6334,15.67,47.0,7325,6468,7782,3008612,0,128,4,-175.5,80.0,994.7,2595828636,4,16095,816,2501.6,2241.1,424,7.54,1,16,16,7415,4,51,2,0
6335,22.24,47.0,7325,6478,7793,3024504,0,128,4,-175.5,80.0,994.7,2595829936,4,16095,816,2501.6,2241.1,424,0.36,1,16,16,5,282,2,1,0
6336,15.04,47.0,7325,6476,7793,3024504,0,128,4,-175.5,80.0,994.7,2595830528,4,16095,816,2501.6,2241.1,424,6.91,1,16,17,6828,5,3,2,0
6337,22.43,47.0,7325,6473,7789,3024326,0,128,4,-175.5,80.0,994.7,2595830512,4,16095,816,2501.6,2241.1,424,0.34,1,15,15,5,256,1,1,0
6338,15.65,47.0,7325,6350,7670,3012023,0,128,4,-175.5,80.0,994.7,2595830792,4,16095,816,2501.6,2241.1,424,7.55,2,22,16,7422,6,51,2,0
6339,21.61,47.0,7325,6347,7671,3023623,0,128,4,-175.5,80.0,994.7,2595832076,4,16095,816,2501.6,2241.1,424,0.36,1,16,15,5,286,3,2,0
6340,14.58,50.0,7325,6350,7662,3023280,0,128,4,-175.5,80.0,994.7,2595832356,4,16095,816,2501.6,2241.1,424,6.98,1,16,16,6909,3,2,2,0
6341,22.16,50.0,7325,6355,7663,3023910,0,128,4,-175.5,80.0,994.7,2595833656,4,16095,816,2501.6,2241.1,424,0.33,1,16,15,4,259,2,1,0
6342,14.80,50.0,7325,6353,7645,3032785,0,128,4,-175.5,80.0,994.7,2595833952,4,16095,816,2501.6,2241.1,424,7.05,2,16,16,6926,5,50,2,0
6343,21.42,50.0,7325,6355,7627,3031865,0,128,4,-175.5,80.0,994.7,2595835236,4,16095,816,2501.6,2241.1,424,0.34,2,16,16,6,264,2,1,0
6344,14.48,50.0,7325,6355,7623,3030894,0,128,4,-175.5,80.0,994.7,2595836520,4,16095,816,2501.6,2241.1,424,7.18,1,16,16,7104,4,2,2,0
6345,20.79,50.0,7325,6229,7484,2987959,0,128,4,-175.5,80.0,994.7,2595839120,4,16095,816,2501.6,2241.1,424,0.33,1,16,17,5,260,2,2,0
6346,13.99,50.0,7325,6225,7484,2987959,0,128,4,-175.5,80.0,994.7,2595838116,4,16095,816,2501.6,2241.1,424,6.80,1,34,16,6664,3,45,1,0
6347,21.10,50.0,7325,6236,7486,2983629,0,128,4,-175.5,80.0,994.7,2595838412,4,16095,816,2501.6,2241.1,424,0.36,1,16,16,5,283,2,2,0
6348,14.41,50.0,7325,6240,7482,2983784,0,128,4,-175.5,80.0,994.7,2595838692,4,16095,816,2501.6,2241.1,424,6.84,1,16,15,6767,3,3,2,0
6349,20.84,50.0,7325,6237,7476,2984562,0,128,4,-175.5,80.0,994.7,2595838988,4,16095,816,2501.6,2241.1,424,0.33,1,16,16,5,255,2,1,0
6350,13.77,50.0,7325,6202,7440,2965413,0,128,4,-175.5,80.0,994.7,2595840272,4,16095,816,2501.6,2241.1,424,7.04,1,16,16,6901,4,49,2,0
6351,20.38,50.0,7325,6202,7439,2960805,0,128,4,-175.5,80.0,994.7,2595843860,4,16095,816,2501.6,2241.1,424,0.33,1,17,16,4,256,2,2,0
6352,14.11,50.0,7325,6200,7438,2969766,0,128,4,-175.5,80.0,994.7,2595907428,4,16095,816,2501.6,2241.1,424,7.39,2,16,16,7315,5,2,2,0
6353,21.58,50.0,7325,6196,7431,2969323,0,128,4,-175.5,80.0,994.7,2595907708,4,16095,816,2501.6,2241.1,424,0.34,1,17,16,5,262,2,1,0
6354,14.13,50.0,7325,6117,7352,2877216,0,128,4,-175.5,80.0,994.7,2595909008,4,16095,816,2501.6,2241.1,424,7.37,1,19,17,7231,5,54,7,0
6355,22.04,50.0,7325,6118,7352,2877216,0,128,4,-175.5,80.0,994.7,2595910308,4,16095,816,2501.6,2241.1,424,0.33,1,15,15,5,261,2,1,0
6356,14.74,50.0,7325,6115,7338,2861852,0,128,4,-175.5,80.0,994.7,2595910588,4,16095,816,2501.6,2241.1,424,7.70,2,16,17,7606,5,3,2,0
6357,28.16,50.0,7325,6116,7326,2861338,0,128,4,-175.5,80.0,994.7,2595911888,4,16095,816,2501.6,2241.1,424,0.34,1,17,16,5,263,2,2,0
6358,14.46,50.0,7325,6012,7218,2842897,0,128,4,-175.5,80.0,994.7,2595913172,4,16095,816,2501.6,2241.1,424,6.76,1,16,16,6642,3,44,2,0
6359,20.55,50.0,7325,6009,7212,2842725,0,128,4,-175.5,80.0,994.7,2595914472,4,16095,816,2501.6,2241.1,424,0.40,1,23,17,6,290,2,1,0
6360,17.05,50.0,7325,6022,7218,2845909,0,128,4,-175.5,80.0,994.7,2595918708,4,16095,816,2501.6,2241.1,424,7.06,1,18,18,6983,5,2,2,0
6361,21.74,50.0,7325,6055,7253,2892326,0,128,4,-175.5,80.0,994.7,2595918572,4,16095,816,2501.6,2241.1,424,0.34,1,15,16,5,263,2,2,0
6362,13.69,50.0,7325,6058,7255,2886981,0,128,4,-175.5,80.0,994.7,2595918868,4,16095,816,2501.6,2241.1,424,7.01,1,33,16,6875,3,47,2,0
6363,20.15,50.0,7325,6060,7257,2887085,0,128,4,-175.5,80.0,994.7,2595919148,4,16095,816,2501.6,2241.1,424,0.33,1,16,16,5,256,2,2,0
6364,13.74,50.0,7325,6070,7267,2882527,0,128,4,-175.5,80.0,994.7,2595919444,4,16095,816,2501.6,2241.1,424,6.88,1,16,15,6809,3,3,2,0
6365,20.93,50.0,7325,6078,7266,2878319,0,128,4,-175.5,80.0,994.7,2595919740,4,16095,816,2501.6,2241.1,424,0.37,1,19,26,12,278,1,1,0
6366,14.11,50.0,7325,6080,7262,2882655,0,128,4,-175.5,80.0,994.7,2595920020,4,16095,816,2501.6,2241.1,424,6.97,1,16,23,6843,4,48,2,0
6367,20.69,50.0,7325,6077,7255,2877875,0,128,4,-175.5,80.0,994.7,2595920316,4,16095,816,2501.6,2241.1,424,0.33,1,16,16,5,258,1,1,0
6368,15.42,50.0,7325,6070,7243,2876487,0,128,4,-175.5,80.0,994.7,2595921616,4,16095,816,2501.6,2241.1,424,7.65,2,16,17,7563,6,3,2,0
6369,21.41,50.0,7325,6072,7241,2881511,0,128,4,-175.5,80.0,994.7,2595931216,4,16095,816,2501.6,2241.1,424,0.34,1,16,16,5,264,2,2,0
6370,13.48,50.0,7325,6073,7241,2881511,0,128,4,-175.5,80.0,994.7,2595931496,4,16095,816,2501.6,2241.1,424,7.20,1,16,16,7073,5,51,1,0
6371,20.70,50.0,7325,6075,7233,2876806,0,128,4,-175.5,80.0,994.7,2595932104,4,16095,816,2501.6,2241.1,424,0.36,1,17,25,5,273,2,2,0
6372,14.42,50.0,7325,6071,7229,2876577,0,128,4,-175.5,80.0,994.7,2595933076,4,16095,816,2501.6,2241.1,424,6.93,1,16,17,6845,4,2,2,0
6373,20.80,50.0,7325,6070,7228,2876287,0,128,4,-175.5,80.0,994.7,2595933372,4,16095,816,2501.6,2241.1,424,0.34,1,16,16,5,271,2,1,0
6374,14.41,50.0,7325,6069,7228,2876287,0,128,4,-175.5,80.0,994.7,2595933668,4,16095,816,2501.6,2241.1,424,6.97,1,17,17,6850,3,46,2,0
6375,20.30,50.0,7325,6076,7235,2881713,0,128,4,-175.5,80.0,994.7,2595933948,4,16095,816,2501.6,2241.1,424,0.39,2,25,23,8,288,2,2,0
6376,14.69,50.0,7325,6089,7249,2883561,0,128,4,-175.5,80.0,994.7,2595934244,4,16095,816,2501.6,2241.1,424,7.33,1,32,18,7226,5,3,2,0
6377,20.97,50.0,7325,6095,7255,2879507,0,128,4,-175.5,80.0,994.7,2595934540,4,16095,816,2501.6,2241.1,424,0.36,0,18,19,5,281,2,1,0
6378,14.57,50.0,7325,5854,7004,2823278,0,128,4,-175.5,80.0,994.7,2595934820,4,16095,816,2501.6,2241.1,424,7.16,1,18,18,7025,4,49,1,0
6379,20.26,50.0,7325,5858,7008,2823602,0,128,4,-175.5,80.0,994.7,2595936120,4,16095,816,2501.6,2241.1,424,0.35,1,15,15,5,273,2,2,0
6380,14.55,50.0,7325,5874,7028,2815064,0,128,4,-175.5,80.0,994.7,2595936416,4,16095,816,2501.6,2241.1,424,6.99,1,16,15,6912,3,3,2,0
6381,20.81,50.0,7325,5879,7033,2815484,0,128,4,-175.5,80.0,994.7,2595936696,4,16095,816,2501.6,2241.1,424,0.35,1,16,16,5,273,2,1,0
6382,14.56,50.0,7325,5641,6797,2769053,0,128,4,-175.5,80.0,994.7,2595936992,4,16095,816,2501.6,2241.1,424,7.93,1,16,20,7786,5,58,3,0
6383,20.51,50.0,7325,5639,6798,2769161,0,128,4,-175.5,80.0,994.7,2595938292,4,16095,816,2501.6,2241.1,424,0.35,1,15,15,5,276,2,2,0
6384,14.63,50.0,7325,5391,6549,2711854,0,128,4,-175.5,80.0,994.7,2595938572,4,16095,816,2501.6,2241.1,424,7.32,1,16,16,7231,5,2,1,0
6385,19.87,50.0,7325,5153,6309,2660451,0,128,4,-175.5,80.0,994.7,2595939872,4,16095,816,2501.6,2241.1,424,0.36,2,16,15,4,280,2,2,0
6386,14.16,50.0,7325,5143,6297,2654691,0,128,4,-175.5,80.0,994.7,2595941172,4,16095,816,2501.6,2241.1,424,7.16,1,16,16,7017,6,52,2,0
6387,20.49,50.0,7325,5141,6293,2649433,0,128,4,-175.5,80.0,994.7,2595942472,4,16095,816,2501.6,2241.1,424,0.36,1,16,16,4,271,2,1,0
6388,14.30,50.0,7325,5127,6270,2623931,0,128,4,-175.5,80.0,994.7,2595942752,4,16095,816,2501.6,2241.1,424,7.31,1,18,17,7234,4,2,2,0
6389,20.29,50.0,7325,5127,6274,2627067,0,128,4,-175.5,80.0,994.7,2595944052,4,16095,816,2501.6,2241.1,424,0.37,2,19,15,4,277,3,1,0
6390,14.95,50.0,7325,5127,6274,2627067,0,128,4,-175.5,80.0,994.7,2595944692,4,16095,816,2501.6,2241.1,424,6.84,1,15,16,6724,3,45,1,0
6391,19.70,50.0,7325,5124,6269,2615779,0,128,4,-175.5,80.0,994.7,2595946804,4,16095,816,2501.6,2241.1,424,0.36,1,16,16,5,283,2,2,0
6392,13.86,50.0,7325,5124,6269,2615779,0,128,4,-175.5,80.0,994.7,2595944924,4,16095,816,2501.6,2241.1,424,7.01,1,16,17,6921,5,2,2,0
6393,19.01,50.0,7325,4931,6076,2591360,0,128,4,-175.5,80.0,994.7,2595945220,4,16095,816,2501.6,2241.1,424,0.33,1,16,16,5,256,2,2,0
6394,12.94,50.0,7325,4931,6076,2591360,0,128,4,-175.5,80.0,994.7,2595946520,4,16095,816,2501.6,2241.1,424,7.15,1,16,28,6998,5,49,3,0
6395,18.85,50.0,7325,4925,6067,2573930,0,128,4,-175.5,80.0,994.7,2595946816,4,16095,816,2501.6,2241.1,424,0.33,1,16,16,5,257,2,1,0
6396,12.88,50.0,7325,4925,6067,2573930,0,128,4,-175.5,80.0,994.7,2595948100,4,16095,816,2501.6,2241.1,424,7.16,1,17,20,7057,9,8,2,0
6397,18.58,57.0,7325,4903,6037,2528464,0,128,4,-175.5,80.0,994.7,2595948396,4,16095,816,2501.6,2241.1,424,0.33,1,16,17,6,255,2,2,0
6398,12.37,57.0,7325,4908,6035,2519144,0,128,4,-175.5,80.0,994.7,2595949696,4,16095,816,2501.6,2241.1,424,7.19,1,17,16,7059,7,55,1,0
6399,19.42,57.0,7325,4908,6034,2509982,0,128,4,-175.5,80.0,994.7,2595949992,4,16095,816,2501.6,2241.1,424,0.33,1,16,16,5,255,2,2,0
6400,11.79,57.0,7325,4913,6042,2510264,0,128,4,-175.5,80.0,994.7,2595950288,4,16095,816,2501.6,2241.1,424,7.13,1,16,16,7055,5,2,2,0
6401,18.89,57.0,7325,4911,6040,2501048,0,128,4,-175.5,80.0,994.7,2595950584,4,16095,816,2501.6,2241.1,424,0.34,1,20,23,5,251,3,1,0
6402,11.84,57.0,7325,4909,6039,2500978,0,128,4,-175.5,80.0,994.7,2595950880,4,16095,816,2501.6,2241.1,424,7.65,1,16,16,7513,5,56,2,0
6403,19.11,57.0,7325,4874,5999,2458068,0,128,4,-175.5,80.0,994.7,2595951176,4,16095,816,2501.6,2241.1,424,0.34,1,16,33,5,254,2,2,0
6404,12.15,57.0,7325,4870,5994,2443396,0,128,4,-175.5,80.0,994.7,2595952476,4,16095,816,2501.6,2241.1,424,7.43,1,16,16,7352,6,3,2,0
6405,19.00,57.0,7325,4854,5983,2436644,0,128,4,-175.5,80.0,994.7,2595954932,4,16095,816,2501.6,2241.1,424,0.34,1,16,16,5,272,2,1,0
6406,12.41,57.0,7325,4853,5980,2427358,0,128,4,-175.5,80.0,994.7,2595954088,4,16095,816,2501.6,2241.1,424,7.21,1,16,16,7084,5,49,2,0
6407,18.71,57.0,7325,4853,5980,2427358,0,128,4,-175.5,80.0,994.7,2595954384,4,16095,816,2501.6,2241.1,424,0.32,2,16,17,5,250,2,2,0
6408,10.92,57.0,7325,3334,4464,2261640,0,128,4,-175.5,80.0,994.7,2595954680,4,16095,816,2501.6,2241.1,424,7.00,1,16,16,6925,4,2,2,0
6409,17.45,57.0,7325,3239,4355,2213869,0,128,4,-175.5,80.0,994.7,2595956292,4,16095,816,2501.6,2241.1,424,0.38,1,20,19,5,298,3,2,0
6410,11.13,57.0,7325,3172,4288,2196115,0,128,4,-175.5,80.0,994.7,2595957280,4,16095,816,2501.6,2241.1,424,7.17,1,15,16,7028,6,62,2,0
6411,16.97,57.0,7325,3155,4263,2187346,0,128,4,-175.5,80.0,994.7,2595958580,4,16095,816,2501.6,2241.1,424,0.36,1,31,15,5,269,2,1,0
6412,10.34,57.0,7325,3140,4200,2189602,0,128,4,-175.5,80.0,994.7,2595959880,4,16095,816,2501.6,2241.1,424,7.30,1,16,15,7225,5,3,2,0
6413,17.92,57.0,7325,3097,4148,2180662,0,128,4,-175.5,80.0,994.7,2595961180,4,16095,816,2501.6,2241.1,424,0.33,1,16,15,5,256,2,2,0
6414,9.60,57.0,7325,2976,4026,2145168,0,128,4,-175.5,80.0,994.7,2595962480,4,16095,816,2501.6,2241.1,424,7.64,1,16,17,7481,4,51,1,0
6415,16.83,57.0,7325,2753,3796,2055828,0,128,4,-175.5,80.0,994.7,2595965856,4,16095,816,2501.6,2241.1,424,0.38,1,16,26,5,292,2,1,0
6416,9.05,57.0,7325,2693,3699,2040812,0,128,4,-175.5,80.0,994.7,2595965080,4,16095,816,2501.6,2241.1,424,7.63,1,16,23,7546,6,3,2,0
6417,16.97,57.0,7325,2641,3575,2036500,0,128,4,-175.5,80.0,994.7,2595968456,4,16095,816,2501.6,2241.1,424,0.35,1,16,16,8,272,2,2,0
6418,9.05,57.0,7325,2533,3371,2007113,0,128,4,-175.5,80.0,994.7,2595967696,4,16095,816,2501.6,2241.1,424,7.43,1,16,19,7274,4,69,3,0
6419,16.36,57.0,7325,2501,3337,1978095,0,128,4,-175.5,80.0,994.7,2595968896,4,16095,816,2501.6,2241.1,424,0.39,1,17,17,6,294,2,1,0
6420,11.12,57.0,7325,2470,3307,1931845,0,128,4,-175.5,80.0,994.7,2595970656,4,16095,816,2501.6,2241.1,424,7.16,1,14,16,7082,5,2,2,0
6421,16.34,57.0,7325,2406,3243,1889059,0,128,4,-175.5,80.0,994.7,2595971596,4,16095,816,2501.6,2241.1,424,0.41,1,25,23,8,303,2,2,0
6422,8.78,57.0,7325,2358,3194,1884807,0,128,4,-175.5,80.0,994.7,2595975072,4,16095,816,2501.6,2241.1,424,7.26,3,18,16,7119,6,52,2,0
6423,15.29,57.0,7325,2264,3098,1864009,0,128,4,-175.5,80.0,994.7,2595974112,4,16095,816,2501.6,2241.1,424,0.33,1,15,16,5,263,2,1,0
6424,8.89,57.0,7325,2264,3094,1859257,0,128,4,-175.5,80.0,994.7,2595975512,4,16095,816,2501.6,2241.1,424,6.86,1,16,16,6792,3,3,2,0
6425,15.22,57.0,7325,2260,3081,1854187,0,128,4,-175.5,80.0,994.7,2595977900,4,16095,816,2501.6,2241.1,424,0.34,2,17,17,5,261,3,1,0
6426,7.89,57.0,7325,2251,3073,1844359,0,128,4,-175.5,80.0,994.7,2595977108,4,16095,816,2501.6,2241.1,424,7.58,1,16,16,7441,5,63,2,0
6427,15.36,57.0,7325,2246,3067,1844049,0,128,4,-175.5,80.0,994.7,2595980500,4,16095,816,2501.6,2241.1,424,0.42,1,15,16,4,343,4,2,0
6428,8.57,57.0,7325,2235,3056,1838239,0,128,4,-175.5,80.0,994.7,2595979724,4,16095,816,2501.6,2241.1,424,6.88,1,16,16,6813,3,2,2,0
6429,15.69,57.0,7325,2234,3053,1836685,0,128,4,-175.5,80.0,994.7,2595980924,4,16095,816,2501.6,2241.1,424,0.33,1,17,16,5,253,2,2,0
6430,7.42,57.0,7325,2227,3036,1773575,0,128,4,-175.5,80.0,994.7,2595983512,4,16095,816,2501.6,2241.1,424,7.17,1,15,15,7047,4,49,2,0
6431,15.41,57.0,7325,2220,3028,1768785,0,128,4,-175.5,80.0,994.7,2595982536,4,16095,816,2501.6,2241.1,424,0.34,1,16,26,5,260,2,2,0
6432,8.49,57.0,7325,2215,3024,1768193,0,128,4,-175.5,80.0,994.7,2595983936,4,16095,816,2501.6,2241.1,424,7.42,1,15,15,7333,6,5,3,0
6433,15.36,57.0,7325,2202,3012,1772375,0,128,4,-175.5,80.0,994.7,2595986340,4,16095,816,2501.6,2241.1,424,0.34,1,16,25,5,261,2,1,0
6434,8.54,57.0,7325,2177,2981,1768041,0,128,4,-175.5,80.0,994.7,2595985532,4,16095,816,2501.6,2241.1,424,7.18,1,15,16,7058,5,51,2,0
6435,15.37,57.0,7325,2173,2975,1761535,0,128,4,-175.5,80.0,994.7,2595988940,4,16095,816,2501.6,2241.1,424,0.35,1,16,16,4,268,5,3,0
6436,8.20,57.0,7325,2172,2975,1760737,0,128,4,-175.5,80.0,994.7,2595988148,4,16095,816,2501.6,2241.1,424,7.02,1,15,16,6947,5,3,2,0
6437,14.64,57.0,7325,2171,2973,1760651,0,128,4,-175.5,80.0,994.7,2595988344,4,16095,816,2501.6,2241.1,424,0.34,1,16,15,5,256,2,2,0
6438,7.77,57.0,7325,2170,2972,1759653,0,128,4,-175.5,80.0,994.7,2595990948,4,16095,816,2501.6,2241.1,424,7.12,1,16,15,7002,5,49,1,0
6439,15.14,57.0,7325,2170,2971,1759651,0,128,4,-175.5,80.0,994.7,2595988952,4,16095,816,2501.6,2241.1,424,0.32,2,15,14,5,252,2,2,0
6440,7.87,57.0,7325,2170,2971,1755045,0,128,4,-175.5,80.0,994.7,2595989348,4,16095,816,2501.6,2241.1,424,7.39,1,15,17,7316,5,3,3,0
6441,16.06,57.0,7325,2169,2968,1754175,0,128,4,-175.5,80.0,994.7,2595991768,4,16095,816,2501.6,2241.1,424,0.33,1,16,16,5,255,2,2,0
6442,7.89,57.0,7325,2173,2969,1754177,0,128,4,-175.5,80.0,994.7,2595989956,4,16095,816,2501.6,2241.1,424,6.94,1,15,22,6810,4,48,1,0
6443,15.20,57.0,7325,2173,2969,1758783,0,128,4,-175.5,80.0,994.7,2595990152,4,16095,816,2501.6,2241.1,424,0.35,1,31,15,5,270,2,2,0
6444,8.02,57.0,7325,2177,2970,1758785,0,128,4,-175.5,80.0,994.7,2595990548,4,16095,816,2501.6,2241.1,424,7.14,2,27,23,7037,3,3,2,0
6445,15.64,57.0,7325,2165,2957,1754655,0,128,4,-175.5,80.0,994.7,2595992968,4,16095,816,2501.6,2241.1,424,0.35,1,16,16,4,278,1,1,0
6446,7.94,57.0,7325,2252,3043,1775096,0,128,4,-175.5,80.0,994.7,2595992160,4,16095,816,2501.6,2241.1,424,7.26,1,17,15,7129,4,51,2,0
6447,14.83,57.0,7325,2248,3041,1774310,0,128,4,-175.5,80.0,994.7,2595992356,4,16095,816,2501.6,2241.1,424,0.33,1,15,16,5,262,2,1,0
6448,8.66,57.0,7325,2251,3046,1772122,0,128,4,-175.5,80.0,994.7,2595992752,4,16095,816,2501.6,2241.1,424,6.77,1,16,16,6694,3,2,1,0
6449,15.25,57.0,7325,2253,3047,1773436,0,128,4,-175.5,80.0,994.7,2595995188,4,16095,816,2501.6,2241.1,424,0.36,1,33,15,5,276,2,2,0
6450,9.56,57.0,7325,2253,3046,1764338,0,128,4,-175.5,80.0,994.7,2595993720,4,16095,816,2501.6,2241.1,424,7.34,1,23,21,7191,5,52,2,0
6451,16.04,57.0,7325,2256,3038,1768612,0,128,4,-175.5,80.0,994.7,2595993556,4,16095,816,2501.6,2241.1,424,0.36,1,18,17,5,269,2,2,0
6452,8.34,57.0,7325,2262,3048,1773334,0,128,4,-175.5,80.0,994.7,2595994956,4,16095,816,2501.6,2241.1,424,7.91,1,15,16,7796,19,6,4,0
6453,16.40,57.0,7325,2267,3052,1774972,0,128,4,-175.5,80.0,994.7,2595997392,4,16095,816,2501.6,2241.1,424,0.33,1,15,15,5,258,2,2,0
6454,8.26,57.0,7325,2270,3049,1766456,0,128,4,-175.5,80.0,994.7,2595995564,4,16095,816,2501.6,2241.1,424,7.08,1,16,16,6952,5,51,1,0
6455,15.07,57.0,7325,2311,3091,1767714,0,128,4,-175.5,80.0,994.7,2595995760,4,16095,816,2501.6,2241.1,424,0.42,1,23,20,6,301,2,2,0
6456,9.02,57.0,7325,2308,3085,1767456,0,128,4,-175.5,80.0,994.7,2595996156,4,16095,816,2501.6,2241.1,424,7.41,1,16,34,7315,5,2,3,0
6457,15.97,57.0,7325,2308,3084,1767454,0,128,4,-175.5,80.0,994.7,2595999612,4,16095,816,2501.6,2241.1,424,0.33,2,16,16,4,258,2,2,0
6458,8.52,57.0,7325,2325,3103,1767824,0,128,4,-175.5,80.0,994.7,2595997768,4,16095,816,2501.6,2241.1,424,7.12,1,17,15,7003,4,48,2,0
6459,16.07,57.0,7325,2353,3130,1769926,0,128,4,-175.5,80.0,994.7,2595997964,4,16095,816,2501.6,2241.1,424,0.34,2,17,16,5,252,2,2,0
6460,8.54,57.0,7325,2353,3129,1764600,0,128,4,-175.5,80.0,994.7,2595998672,4,16095,816,2501.6,2241.1,424,7.19,1,15,15,7116,4,2,3,0
6461,15.64,57.0,7325,2353,3128,1764598,0,128,4,-175.5,80.0,994.7,2596000812,4,16095,816,2501.6,2241.1,424,0.35,1,16,15,5,285,2,2,0
6462,9.10,57.0,7325,2354,3130,1764664,0,128,4,-175.5,80.0,994.7,2595998968,4,16095,816,2501.6,2241.1,424,7.44,1,15,16,7314,4,50,3,0
6463,15.37,57.0,7325,2357,3133,1766456,0,128,4,-175.5,80.0,994.7,2596001436,4,16095,816,2501.6,2241.1,424,0.32,1,15,16,5,252,2,1,0
6464,8.16,57.0,7325,2238,3020,1665821,0,128,4,-175.5,80.0,994.7,2595999560,4,16095,816,2501.6,2241.1,424,7.41,1,16,16,7331,6,3,2,0
6465,15.71,57.0,7325,2235,3019,1665819,0,128,4,-175.5,80.0,994.7,2596003032,4,16095,816,2501.6,2241.1,424,0.33,1,15,15,4,259,3,2,0
6466,8.45,57.0,7325,2238,3022,1665863,0,128,4,-175.5,80.0,994.7,2596001172,4,16095,816,2501.6,2241.1,424,7.00,1,33,15,6841,5,49,2,0
6467,14.87,57.0,7325,2240,3022,1665765,0,128,4,-175.5,80.0,994.7,2596001368,4,16095,816,2501.6,2241.1,424,0.36,1,22,16,5,278,2,2,0
6468,7.64,57.0,7325,2234,3017,1664531,0,128,4,-175.5,80.0,994.7,2596004036,4,16095,816,2501.6,2241.1,424,7.63,2,16,17,7552,5,3,2,0
6469,15.54,57.0,7325,2232,3017,1650873,0,128,4,-175.5,80.0,994.7,2596001976,4,16095,816,2501.6,2241.1,424,0.34,1,16,16,5,272,2,2,0
6470,8.41,57.0,7325,2223,3005,1641875,0,128,4,-175.5,80.0,994.7,2596002372,4,16095,816,2501.6,2241.1,424,7.50,1,16,16,7372,10,52,2,0
6471,16.21,57.0,7325,2219,2998,1641609,0,128,4,-175.5,80.0,994.7,2596005860,4,16095,816,2501.6,2241.1,424,0.34,1,16,16,5,266,2,1,0
6472,7.94,57.0,7325,2212,2993,1641299,0,128,4,-175.5,80.0,994.7,2596004988,4,16095,816,2501.6,2241.1,424,7.47,1,21,16,7389,4,2,2,0
6473,15.56,57.0,7325,2204,2985,1640421,0,128,4,-175.5,80.0,994.7,2596005184,4,16095,816,2501.6,2241.1,424,0.50,2,124,22,8,308,2,2,0
6474,8.42,57.0,7325,2189,2972,1636837,0,128,4,-175.5,80.0,994.7,2596008872,4,16095,816,2501.6,2241.1,424,7.41,1,18,17,7270,6,52,2,0
6475,22.36,57.0,7325,2189,2971,1636835,0,128,4,-175.5,80.0,994.7,2596007800,4,16095,816,2501.6,2241.1,424,0.34,1,16,17,5,266,3,1,0
6476,7.77,79.0,7325,2185,2967,1640869,0,128,4,-175.5,80.0,994.7,2596008196,4,16095,816,2501.6,2241.1,424,7.34,0,15,15,7262,5,3,2,0
6477,15.00,79.0,7325,2185,2966,1640867,0,128,4,-175.5,80.0,994.7,2596010696,4,16095,816,2501.6,2241.1,424,0.37,1,15,16,5,278,2,2,0
6478,7.81,79.0,7325,2182,2963,1640533,0,128,4,-175.5,80.0,994.7,2596008804,4,16095,816,2501.6,2241.1,424,7.74,1,17,28,7593,7,58,2,0
6479,15.75,79.0,7325,2182,2962,1640531,0,128,4,-175.5,80.0,994.7,2596009000,4,16095,816,2501.6,2241.1,424,0.35,1,17,17,6,265,3,1,0
6480,10.83,79.0,7325,2233,3012,1641070,0,128,4,-175.5,80.0,994.7,2596009828,4,16095,816,2501.6,2241.1,424,7.27,1,15,17,7190,5,3,2,0
6481,16.12,79.0,7325,2266,3046,1642906,0,128,4,-175.5,80.0,994.7,2596011996,4,16095,816,2501.6,2241.1,424,0.35,1,16,17,7,276,2,2,0
6482,8.06,79.0,7325,2261,3062,1643485,0,128,4,-175.5,80.0,994.7,2596010004,4,16095,816,2501.6,2241.1,424,7.47,1,20,18,7341,4,50,2,0
6483,15.37,79.0,7325,2269,3075,1644865,0,128,4,-175.5,80.0,994.7,2596012520,4,16095,816,2501.6,2241.1,424,0.34,2,16,16,5,261,3,4,0
6484,8.33,79.0,7325,2295,3112,1647723,0,128,4,-175.5,80.0,994.7,2596010612,4,16095,816,2501.6,2241.1,424,7.51,1,16,16,7431,5,3,2,0
6485,15.94,79.0,7325,2300,3112,1647793,0,128,4,-175.5,80.0,994.7,2596010808,4,16095,816,2501.6,2241.1,424,0.33,1,16,16,4,257,2,2,0
6486,8.45,79.0,7325,2332,3150,1649129,0,128,4,-175.5,80.0,994.7,2596011204,4,16095,816,2501.6,2241.1,424,7.60,1,15,15,7478,4,48,2,0
6487,15.88,79.0,7325,2332,3149,1649127,0,128,4,-175.5,80.0,994.7,2596013720,4,16095,816,2501.6,2241.1,424,0.33,1,16,16,5,260,3,1,0
6488,7.71,79.0,7325,2295,3112,1647221,0,128,4,-175.5,80.0,994.7,2596011812,4,16095,816,2501.6,2241.1,424,7.52,1,16,16,7440,6,2,2,0
6489,15.59,79.0,7325,2182,2998,1643904,0,128,4,-175.5,80.0,994.7,2596015348,4,16095,816,2501.6,2241.1,424,0.32,1,15,15,5,252,2,2,0
6490,7.98,79.0,7325,2175,2995,1643858,0,128,4,-175.5,80.0,994.7,2596014428,4,16095,816,2501.6,2241.1,424,7.61,1,16,17,7482,5,52,2,0
6491,16.51,79.0,7325,2179,2998,1644038,0,128,4,-175.5,80.0,994.7,2596014624,4,16095,816,2501.6,2241.1,424,0.35,1,21,19,5,271,2,2,0
6492,8.01,79.0,7325,2186,3004,1643448,0,128,4,-175.5,80.0,994.7,2596017356,4,16095,816,2501.6,2241.1,424,7.57,1,15,15,7490,6,3,3,0
6493,15.55,79.0,7325,2193,3007,1639316,0,128,4,-175.5,80.0,994.7,2596015232,4,16095,816,2501.6,2241.1,424,0.34,1,16,16,5,266,2,1,0
6494,7.80,79.0,7325,2163,2979,1638828,0,128,4,-175.5,80.0,994.7,2596015628,4,16095,816,2501.6,2241.1,424,7.22,1,16,18,7073,6,57,3,0
6495,15.59,79.0,7325,2174,2988,1660922,0,128,4,-175.5,80.0,994.7,2596019180,4,16095,816,2501.6,2241.1,424,0.38,1,24,23,8,281,2,1,0
6496,9.15,79.0,7325,2132,2949,1657494,0,128,4,-175.5,80.0,994.7,2596017240,4,16095,816,2501.6,2241.1,424,7.13,0,16,15,7058,5,3,2,0
6497,14.90,79.0,7325,2125,2943,1646926,0,128,4,-175.5,80.0,994.7,2596018440,4,16095,816,2501.6,2241.1,424,0.38,1,16,16,20,275,2,1,0
6498,8.06,79.0,7325,2044,2862,1627095,0,128,4,-175.5,80.0,994.7,2596022192,4,16095,816,2501.6,2241.1,424,7.42,1,25,23,7274,4,49,1,0
6499,16.66,79.0,7325,2044,2861,1627093,0,128,4,-175.5,80.0,994.7,2596021056,4,16095,816,2501.6,2241.1,424,0.34,1,15,16,5,260,2,1,0
6500,8.17,79.0,7325,2042,2858,1624043,0,128,4,-175.5,80.0,994.7,2596021452,4,16095,816,2501.6,2241.1,424,7.47,1,19,19,7383,5,2,2,0
6501,15.21,79.0,7325,2033,2850,1622309,0,128,4,-175.5,80.0,994.7,2596024016,4,16095,816,2501.6,2241.1,424,0.35,1,15,24,5,268,2,1,0
6502,8.53,79.0,7325,2039,2869,1623007,0,128,4,-175.5,80.0,994.7,2596023064,4,16095,816,2501.6,2241.1,424,7.23,1,15,15,7099,5,58,2,0
6503,14.16,79.0,7325,1561,2387,1484063,0,128,4,-175.5,80.0,994.7,2596023260,4,16095,816,2501.6,2241.1,424,0.33,1,15,15,5,257,2,2,0
6504,6.94,79.0,7325,1559,2378,1461025,0,128,4,-175.5,80.0,994.7,2596027028,4,16095,816,2501.6,2241.1,424,7.26,0,14,14,7191,5,2,3,0
6505,14.60,79.0,7325,1559,2377,1461023,0,128,4,-175.5,80.0,994.7,2596025876,4,16095,816,2501.6,2241.1,424,0.34,1,15,14,5,267,2,1,0
6506,7.99,79.0,7325,1559,2380,1461269,0,128,4,-175.5,80.0,994.7,2596028656,4,16095,816,2501.6,2241.1,424,6.86,1,16,15,6739,3,46,2,0
6507,14.03,79.0,7325,1559,2379,1461267,0,128,4,-175.5,80.0,994.7,2596026484,4,16095,816,2501.6,2241.1,424,0.32,2,16,15,4,251,2,1,0
6508,7.51,79.0,7325,1554,2377,1456611,0,128,4,-175.5,80.0,994.7,2596029264,4,16095,816,2501.6,2241.1,424,7.18,0,15,15,7107,5,3,2,0
6509,14.37,79.0,7325,1555,2375,1455825,0,128,4,-175.5,80.0,994.7,2596027092,4,16095,816,2501.6,2241.1,424,0.34,1,17,15,10,260,2,1,0
6510,8.05,79.0,7325,1552,2351,1450223,0,128,4,-175.5,80.0,994.7,2596027848,4,16095,816,2501.6,2241.1,424,7.66,1,14,15,7530,5,51,2,0
6511,16.37,79.0,7325,1552,2350,1450221,0,128,4,-175.5,80.0,994.7,2596031088,4,16095,816,2501.6,2241.1,424,0.33,1,15,17,6,259,1,1,0
6512,6.77,79.0,7325,1557,2355,1450655,0,128,4,-175.5,80.0,994.7,2596029100,4,16095,816,2501.6,2241.1,424,7.08,0,15,15,7011,4,3,2,0
6513,13.73,79.0,7325,1560,2354,1455385,0,128,4,-175.5,80.0,994.7,2596032008,4,16095,816,2501.6,2241.1,424,0.33,0,15,15,5,262,3,1,0
6514,6.37,79.0,7325,1559,2326,1450279,0,128,4,-175.5,80.0,994.7,2596029708,4,16095,816,2501.6,2241.1,424,7.32,1,14,14,7197,6,54,2,0
6515,15.23,79.0,7325,1566,2333,1450893,0,128,4,-175.5,80.0,994.7,2596033324,4,16095,816,2501.6,2241.1,424,0.37,2,24,22,7,271,2,2,0
6516,7.03,79.0,7325,1558,2325,1449101,0,128,4,-175.5,80.0,994.7,2596031320,4,16095,816,2501.6,2241.1,424,7.17,1,15,15,7092,5,3,2,0
6517,14.51,79.0,7325,1558,2324,1449099,0,128,4,-175.5,80.0,994.7,2596032520,4,16095,816,2501.6,2241.1,424,0.35,2,16,15,5,283,2,2,0
6518,7.04,79.0,7325,1563,2328,1449175,0,128,4,-175.5,80.0,994.7,2596035332,4,16095,816,2501.6,2241.1,424,7.01,0,30,15,6875,4,49,2,0
6519,14.40,79.0,7325,1563,2327,1449173,0,128,4,-175.5,80.0,994.7,2596033128,4,16095,816,2501.6,2241.1,424,0.34,1,19,16,5,262,2,2,0
6520,7.81,79.0,7325,1563,2328,1449175,0,128,4,-175.5,80.0,994.7,2596033524,4,16095,816,2501.6,2241.1,424,7.56,1,18,16,7483,5,3,3,0
6521,14.04,79.0,7325,1566,2327,1449173,0,128,4,-175.5,80.0,994.7,2596036152,4,16095,816,2501.6,2241.1,424,0.36,2,16,16,5,276,2,2,0
6522,6.89,79.0,7325,1571,2326,1443783,0,128,4,-175.5,80.0,994.7,2596034132,4,16095,816,2501.6,2241.1,424,7.48,0,15,16,7359,5,50,1,0
6523,14.22,79.0,7325,1571,2325,1443781,0,128,4,-175.5,80.0,994.7,2596036760,4,16095,816,2501.6,2241.1,424,0.34,1,16,16,5,271,2,2,0
6524,7.25,79.0,7325,1571,2326,1443783,0,128,4,-175.5,80.0,994.7,2596034740,4,16095,816,2501.6,2241.1,424,7.03,1,15,15,6958,5,3,2,0
6525,14.67,79.0,7325,1571,2325,1443781,0,128,4,-175.5,80.0,994.7,2596037384,4,16095,816,2501.6,2241.1,424,0.36,1,16,18,14,257,5,4,0
6526,7.16,79.0,7325,1574,2331,1444693,0,128,4,-175.5,80.0,994.7,2596035348,4,16095,816,2501.6,2241.1,424,7.55,1,16,16,7434,5,49,2,0
6527,14.23,79.0,7325,1560,2322,1444211,0,128,4,-175.5,80.0,994.7,2596035544,4,16095,816,2501.6,2241.1,424,0.35,1,17,16,6,273,2,2,0
6528,6.89,79.0,7325,1558,2321,1435013,0,128,4,-175.5,80.0,994.7,2596039392,4,16095,816,2501.6,2241.1,424,7.54,1,15,15,7469,5,3,2,0
6529,14.22,79.0,7325,1546,2309,1430499,0,128,4,-175.5,80.0,994.7,2596039588,4,16095,816,2501.6,2241.1,424,0.33,1,15,16,5,260,2,1,0
6530,7.42,79.0,7325,1539,2302,1430021,0,128,4,-175.5,80.0,994.7,2596038572,4,16095,816,2501.6,2241.1,424,7.29,1,31,16,7143,6,57,2,0
6531,14.27,79.0,7325,1538,2297,1429315,0,128,4,-175.5,80.0,994.7,2596039772,4,16095,816,2501.6,2241.1,424,0.33,1,16,16,5,257,3,1,0
6532,7.47,79.0,7325,1525,2286,1427365,0,128,4,-175.5,80.0,994.7,2596042632,4,16095,816,2501.6,2241.1,424,6.67,0,15,15,6586,3,3,2,0
6533,13.52,79.0,7325,1511,2273,1425487,0,128,4,-175.5,80.0,994.7,2596041384,4,16095,816,2501.6,2241.1,424,0.34,1,16,15,5,274,2,1,0
6534,7.87,79.0,7325,1507,2274,1425489,0,128,4,-175.5,80.0,994.7,2596042784,4,16095,816,2501.6,2241.1,424,7.17,0,16,15,7048,6,52,2,0
6535,14.01,79.0,7325,1507,2273,1425487,0,128,4,-175.5,80.0,994.7,2596045460,4,16095,816,2501.6,2241.1,424,0.37,1,16,17,5,290,7,4,0
6536,6.49,79.0,7325,1506,2274,1425489,0,128,4,-175.5,80.0,994.7,2596043392,4,16095,816,2501.6,2241.1,424,7.20,1,16,15,7121,5,3,2,0
6537,14.26,79.0,7325,1506,2273,1425487,0,128,4,-175.5,80.0,994.7,2596046068,4,16095,816,2501.6,2241.1,424,0.53,1,22,26,7,429,4,3,0
6538,8.25,79.0,7325,1492,2262,1420409,0,128,4,-175.5,80.0,994.7,2596044000,4,16095,816,2501.6,2241.1,424,7.54,3,20,16,7408,4,51,2,0
6539,14.57,79.0,7325,1492,2261,1420407,0,128,4,-175.5,80.0,994.7,2596047696,4,16095,816,2501.6,2241.1,424,0.34,0,16,17,6,266,2,2,0
6540,8.83,79.0,7325,1492,2262,1420409,0,128,4,-175.5,80.0,994.7,2596045972,4,16095,816,2501.6,2241.1,424,7.07,1,17,16,6990,5,2,1,0
6541,15.52,79.0,7325,1478,2249,1415007,0,128,4,-175.5,80.0,994.7,2596045808,4,16095,816,2501.6,2241.1,424,0.40,1,26,26,5,296,2,2,0
6542,7.02,79.0,7325,1474,2241,1409493,0,128,4,-175.5,80.0,994.7,2596049704,4,16095,816,2501.6,2241.1,424,7.27,1,15,17,7145,4,57,2,0
6543,14.41,79.0,7325,1459,2219,1407383,0,128,4,-175.5,80.0,994.7,2596048424,4,16095,816,2501.6,2241.1,424,0.32,2,16,16,5,251,2,1,0
6544,6.96,79.0,7325,1454,2216,1404505,0,128,4,-175.5,80.0,994.7,2596049824,4,16095,816,2501.6,2241.1,424,7.62,1,24,15,7540,5,2,2,0
6545,14.93,79.0,7325,1454,2215,1404503,0,128,4,-175.5,80.0,994.7,2596052532,4,16095,816,2501.6,2241.1,424,0.36,1,21,24,5,282,2,2,0
6546,7.16,79.0,7325,1456,2215,1404121,0,128,4,-175.5,80.0,994.7,2596050432,4,16095,816,2501.6,2241.1,424,7.29,1,15,16,7171,5,50,2,0
6547,14.21,79.0,7325,1320,2080,1305669,0,128,4,-175.5,80.0,994.7,2596053140,4,16095,816,2501.6,2241.1,424,0.32,1,16,16,4,251,2,1,0
6548,7.16,79.0,7325,1320,2081,1305671,0,128,4,-175.5,80.0,994.7,2596052044,4,16095,816,2501.6,2241.1,424,7.45,1,16,15,7374,5,2,1,0
6549,14.25,79.0,7325,1309,2072,1309819,0,128,4,-175.5,80.0,994.7,2596054768,4,16095,816,2501.6,2241.1,424,0.32,2,16,15,4,250,2,2,0
6550,6.53,79.0,7325,1309,2073,1309821,0,128,4,-175.5,80.0,994.7,2596053656,4,16095,816,2501.6,2241.1,424,7.34,0,15,14,7217,5,50,2,0
6551,13.60,79.0,7325,1309,2072,1309819,0,128,4,-175.5,80.0,994.7,2596056380,4,16095,816,2501.6,2241.1,424,0.33,1,15,16,5,255,3,2,0
6552,7.69,79.0,7325,1308,2069,1309565,0,128,4,-175.5,80.0,994.7,2596054264,4,16095,816,2501.6,2241.1,424,6.68,1,15,16,6610,4,3,2,0
6553,13.35,79.0,7325,1308,2068,1309563,0,128,4,-175.5,80.0,994.7,2596057004,4,16095,816,2501.6,2241.1,424,0.33,1,15,16,4,261,1,1,0
6554,6.27,79.0,7325,1298,2060,1308853,0,128,4,-175.5,80.0,994.7,2596054872,4,16095,816,2501.6,2241.1,424,7.72,1,15,16,7601,5,50,2,0
6555,15.00,79.0,7325,1298,2059,1308851,0,128,4,-175.5,80.0,994.7,2596056072,4,16095,816,2501.6,2241.1,424,0.34,1,16,16,5,261,5,2,0
6556,6.95,79.0,7325,1288,2047,1302405,0,128,4,-175.5,80.0,994.7,2596059012,4,16095,816,2501.6,2241.1,424,7.18,0,16,16,7097,6,2,2,0
6557,13.91,79.0,7325,1288,2046,1302403,0,128,4,-175.5,80.0,994.7,2596057684,4,16095,816,2501.6,2241.1,424,0.33,1,20,16,5,250,2,1,0
6558,7.83,79.0,7325,1288,2047,1302405,0,128,4,-175.5,80.0,994.7,2596060640,4,16095,816,2501.6,2241.1,424,7.08,1,16,15,6961,4,48,2,0
6559,13.35,79.0,7325,1288,2046,1302403,0,128,4,-175.5,80.0,994.7,2596058292,4,16095,816,2501.6,2241.1,424,0.32,1,15,15,5,253,3,1,0
6560,7.82,79.0,7325,1288,2047,1302405,0,128,4,-175.5,80.0,994.7,2596061248,4,16095,816,2501.6,2241.1,424,7.39,1,16,14,7312,6,3,2,0
6561,14.10,79.0,7325,1286,2045,1297795,0,128,4,-175.5,80.0,994.7,2596058900,4,16095,816,2501.6,2241.1,424,0.34,1,16,15,5,269,2,1,0
6562,7.61,79.0,7325,1285,2050,1300597,0,128,4,-175.5,80.0,994.7,2596059296,4,16095,816,2501.6,2241.1,424,7.20,1,16,16,7066,11,57,1,0
6563,13.93,79.0,7325,1285,2049,1300595,0,128,4,-175.5,80.0,994.7,2596062068,4,16095,816,2501.6,2241.1,424,0.32,1,15,16,5,251,2,2,0
6564,7.68,88.0,7325,1288,2050,1300597,0,128,4,-175.5,80.0,994.7,2596059904,4,16095,816,2501.6,2241.1,424,7.69,1,15,15,7614,5,3,2,0
6565,14.08,88.0,7325,1286,2048,1300211,0,128,4,-175.5,80.0,994.7,2596062676,4,16095,816,2501.6,2241.1,424,0.34,1,20,17,5,269,2,2,0
6566,7.86,88.0,7325,1286,2049,1300213,0,128,4,-175.5,80.0,994.7,2596060512,4,16095,816,2501.6,2241.1,424,7.17,1,14,15,7034,5,50,2,0
6567,13.37,88.0,7325,1162,1923,990511,0,128,4,-175.5,80.0,994.7,2596063300,4,16095,816,2501.6,2241.1,424,0.34,3,16,15,4,256,2,2,0
6568,7.64,88.0,7325,1162,1924,990513,0,128,4,-175.5,80.0,994.7,2596062124,4,16095,816,2501.6,2241.1,424,7.27,1,16,16,7197,4,3,2,0
6569,13.96,88.0,7325,1164,1923,990511,0,128,4,-175.5,80.0,994.7,2596064912,4,16095,816,2501.6,2241.1,424,0.35,0,17,16,5,275,3,2,0
6570,7.63,88.0,7325,1157,1918,987488,0,128,4,-175.5,80.0,994.7,2596063092,4,16095,816,2501.6,2241.1,424,7.11,1,14,15,6987,6,54,2,0
6571,14.64,88.0,7325,1158,1915,982876,0,128,4,-175.5,80.0,994.7,2596065508,4,16095,816,2501.6,2241.1,424,0.34,1,15,15,6,265,2,1,0
6572,7.71,88.0,7325,1158,1916,982878,0,128,4,-175.5,80.0,994.7,2596063624,4,16095,816,2501.6,2241.1,424,7.71,1,16,15,7634,5,3,1,0
6573,15.39,88.0,7325,1158,1915,982876,0,128,4,-175.5,80.0,994.7,2596063508,4,16095,816,2501.6,2241.1,424,0.32,1,14,15,4,253,2,2,0
6574,7.61,88.0,7325,1158,1916,982878,0,128,4,-175.5,80.0,994.7,2596066512,4,16095,816,2501.6,2241.1,424,7.57,0,15,16,7453,5,51,2,0
6575,13.73,88.0,7325,1158,1915,982876,0,128,4,-175.5,80.0,994.7,2596064116,4,16095,816,2501.6,2241.1,424,0.33,1,15,16,5,261,1,1,0
6576,7.74,88.0,7325,1148,1907,981950,0,128,4,-175.5,80.0,994.7,2596064512,4,16095,816,2501.6,2241.1,424,7.53,1,15,17,7449,6,3,2,0
6577,13.92,88.0,7325,1148,1906,981948,0,128,4,-175.5,80.0,994.7,2596068336,4,16095,816,2501.6,2241.1,424,0.36,1,17,16,6,282,2,1,0
6578,7.42,88.0,7325,1145,1903,981894,0,128,4,-175.5,80.0,994.7,2596068732,4,16095,816,2501.6,2241.1,424,7.23,1,22,15,7103,4,47,1,0
6579,13.74,88.0,7325,1145,1902,981892,0,128,4,-175.5,80.0,994.7,2596066336,4,16095,816,2501.6,2241.1,424,0.33,1,15,15,5,262,2,1,0
6580,7.45,88.0,7325,1142,1903,981894,0,128,4,-175.5,80.0,994.7,2596066732,4,16095,816,2501.6,2241.1,424,6.84,1,21,14,6745,15,3,2,0
6581,13.77,88.0,7325,1140,1902,981892,0,128,4,-175.5,80.0,994.7,2596069568,4,16095,816,2501.6,2241.1,424,0.34,1,15,15,9,270,2,1,0
6582,7.60,88.0,7325,1142,1907,982230,0,128,4,-175.5,80.0,994.7,2596067340,4,16095,816,2501.6,2241.1,424,7.41,1,16,16,7271,5,51,2,0
6583,13.56,88.0,7325,1155,1920,987514,0,128,4,-175.5,80.0,994.7,2596070176,4,16095,816,2501.6,2241.1,424,0.33,1,32,15,4,248,2,1,0
6584,7.58,88.0,7325,1085,1851,916050,0,128,4,-175.5,80.0,994.7,2596067948,4,16095,816,2501.6,2241.1,424,7.11,1,16,16,7030,5,3,2,0
6585,13.72,88.0,7325,1085,1850,916048,0,128,4,-175.5,80.0,994.7,2596071804,4,16095,816,2501.6,2241.1,424,0.34,1,16,15,4,266,2,2,0
6586,7.28,88.0,7325,1083,1844,901946,0,128,4,-175.5,80.0,994.7,2596069560,4,16095,816,2501.6,2241.1,424,7.10,1,15,15,6974,6,53,2,0
6587,13.45,88.0,7325,1083,1843,901944,0,128,4,-175.5,80.0,994.7,2596073416,4,16095,816,2501.6,2241.1,424,0.33,1,15,16,5,256,3,2,0
6588,6.20,88.0,7325,1088,1849,906726,0,128,4,-175.5,80.0,994.7,2596071172,4,16095,816,2501.6,2241.1,424,7.09,1,16,16,7007,5,3,2,0
6589,14.07,88.0,7325,1174,1933,927079,0,128,4,-175.5,80.0,994.7,2596074040,4,16095,816,2501.6,2241.1,424,0.33,1,20,15,5,259,2,1,0
6590,6.50,88.0,7325,1170,1929,923161,0,128,4,-175.5,80.0,994.7,2596071780,4,16095,816,2501.6,2241.1,424,6.93,1,21,17,6803,5,47,2,0
6591,13.69,88.0,7325,1170,1928,923159,0,128,4,-175.5,80.0,994.7,2596074648,4,16095,816,2501.6,2241.1,424,0.38,1,14,15,7,289,2,3,0
6592,6.16,88.0,7325,1171,1927,921561,0,128,4,-175.5,80.0,994.7,2596072388,4,16095,816,2501.6,2241.1,424,7.38,1,24,15,7300,5,3,3,0
6593,13.63,88.0,7325,1175,1930,921895,0,128,4,-175.5,80.0,994.7,2596075272,4,16095,816,2501.6,2241.1,424,0.34,0,16,18,5,268,2,2,0
6594,6.75,88.0,7325,1178,1935,922329,0,128,4,-175.5,80.0,994.7,2596075668,4,16095,816,2501.6,2241.1,424,7.43,1,14,15,7310,6,51,2,0
6595,14.19,88.0,7325,1178,1934,922327,0,128,4,-175.5,80.0,994.7,2596075864,4,16095,816,2501.6,2241.1,424,0.35,3,15,16,5,254,2,2,0
6596,6.44,88.0,7325,1178,1935,922329,0,128,4,-175.5,80.0,994.7,2596076260,4,16095,816,2501.6,2241.1,424,7.38,1,15,15,7312,4,2,2,0
6597,13.75,88.0,7325,1181,1938,922607,0,128,4,-175.5,80.0,994.7,2596076456,4,16095,816,2501.6,2241.1,424,0.36,1,14,15,5,289,2,2,0
6598,6.32,88.0,7325,1192,1947,924841,0,128,4,-175.5,80.0,994.7,2596074244,4,16095,816,2501.6,2241.1,424,7.04,1,15,14,6921,4,50,2,0
6599,13.78,88.0,7325,1197,1951,925799,0,128,4,-175.5,80.0,994.7,2596077160,4,16095,816,2501.6,2241.1,424,0.35,1,16,16,5,281,2,1,0
6600,8.17,88.0,7325,1207,1962,925991,0,128,4,-175.5,80.0,994.7,2596075212,4,16095,816,2501.6,2241.1,424,7.03,1,16,16,6956,5,2,2,0
6601,14.81,88.0,7325,1226,1976,927969,0,128,4,-175.5,80.0,994.7,2596077784,4,16095,816,2501.6,2241.1,424,0.32,1,15,16,4,253,2,1,0
6602,6.46,88.0,7325,1241,1991,929037,0,128,4,-175.5,80.0,994.7,2596075460,4,16095,816,2501.6,2241.1,424,7.38,0,15,27,7253,4,49,2,0
6603,14.08,88.0,7325,1241,1990,929035,0,128,4,-175.5,80.0,994.7,2596078392,4,16095,816,2501.6,2241.1,424,0.32,1,16,16,5,252,3,1,0
6604,6.32,88.0,7325,1212,1961,928137,0,128,4,-175.5,80.0,994.7,2596076068,4,16095,816,2501.6,2241.1,424,7.85,1,21,26,7738,9,3,3,0
6605,14.85,88.0,7325,1165,1913,896912,0,128,4,-175.5,80.0,994.7,2596080020,4,16095,816,2501.6,2241.1,424,0.33,1,25,16,4,253,2,1,0
6606,7.27,88.0,7325,1090,1832,876823,0,128,4,-175.5,80.0,994.7,2596078684,4,16095,816,2501.6,2241.1,424,7.21,1,16,16,7075,5,48,1,0
6607,14.23,88.0,7325,1090,1831,876821,0,128,4,-175.5,80.0,994.7,2596082636,4,16095,816,2501.6,2241.1,424,0.35,1,26,17,4,263,2,2,0
6608,6.26,88.0,7325,1091,1831,876023,0,128,4,-175.5,80.0,994.7,2596080296,4,16095,816,2501.6,2241.1,424,7.62,1,15,16,7538,5,3,3,0
6609,13.79,88.0,7325,1091,1830,876021,0,128,4,-175.5,80.0,994.7,2596083260,4,16095,816,2501.6,2241.1,424,0.33,1,15,15,5,255,2,2,0
6610,6.32,88.0,7325,1100,1839,879411,0,128,4,-175.5,80.0,994.7,2596080904,4,16095,816,2501.6,2241.1,424,7.24,1,15,16,7109,5,58,2,0
6611,14.01,88.0,7325,1100,1838,879409,0,128,4,-175.5,80.0,994.7,2596083868,4,16095,816,2501.6,2241.1,424,0.33,1,17,16,6,253,3,1,0
6612,6.78,88.0,7325,1100,1839,879411,0,128,4,-175.5,80.0,994.7,2596081512,4,16095,816,2501.6,2241.1,424,7.63,1,23,18,7527,6,3,2,0
6613,14.68,88.0,7325,1100,1838,879409,0,128,4,-175.5,80.0,994.7,2596084492,4,16095,816,2501.6,2241.1,424,0.32,1,16,15,4,247,1,1,0
6614,6.07,88.0,7325,1100,1839,879411,0,128,4,-175.5,80.0,994.7,2596082120,4,16095,816,2501.6,2241.1,424,7.65,1,24,16,7507,5,56,1,0
6615,14.37,88.0,7325,1100,1838,879409,0,128,4,-175.5,80.0,994.7,2596085100,4,16095,816,2501.6,2241.1,424,0.33,1,15,15,4,264,2,2,0
6616,6.24,88.0,7325,1101,1844,884355,0,128,4,-175.5,80.0,994.7,2596082728,4,16095,816,2501.6,2241.1,424,7.64,1,14,15,7564,6,2,2,0
6617,14.05,88.0,7325,1107,1851,891031,0,128,4,-175.5,80.0,994.7,2596085724,4,16095,816,2501.6,2241.1,424,0.33,1,15,15,5,256,2,2,0
6618,6.23,88.0,7325,1132,1877,900933,0,128,4,-175.5,80.0,994.7,2596083336,4,16095,816,2501.6,2241.1,424,7.66,1,14,16,7540,5,51,1,0
6619,13.61,88.0,7325,1129,1873,900857,0,128,4,-175.5,80.0,994.7,2596086332,4,16095,816,2501.6,2241.1,424,0.32,0,15,15,5,252,2,2,0
6620,5.90,88.0,7325,1129,1875,905467,0,128,4,-175.5,80.0,994.7,2596083944,4,16095,816,2501.6,2241.1,424,7.08,1,15,15,7005,5,2,2,0
6621,12.91,88.0,7325,1129,1874,905465,0,128,4,-175.5,80.0,994.7,2596086956,4,16095,816,2501.6,2241.1,424,0.39,1,27,19,5,294,2,1,0
6622,6.18,88.0,7325,1125,1871,905299,0,128,4,-175.5,80.0,994.7,2596087352,4,16095,816,2501.6,2241.1,424,7.41,1,15,15,7295,5,49,2,0
6623,13.97,88.0,7325,1120,1865,899655,0,128,4,-175.5,80.0,994.7,2596084764,4,16095,816,2501.6,2241.1,424,0.32,1,14,15,5,250,2,1,0
6624,6.51,88.0,7325,1114,1861,899237,0,128,4,-175.5,80.0,994.7,2596088996,4,16095,816,2501.6,2241.1,424,7.07,1,15,16,7000,5,3,2,0
6625,12.68,88.0,7325,1109,1855,897255,0,128,4,-175.5,80.0,994.7,2596086376,4,16095,816,2501.6,2241.1,424,0.36,0,14,23,7,281,2,1,0
6626,6.51,88.0,7325,1110,1854,888041,0,128,4,-175.5,80.0,994.7,2596090608,4,16095,816,2501.6,2241.1,424,7.71,0,14,15,7544,8,80,2,0
6627,14.17,88.0,7325,1110,1852,887969,0,128,4,-175.5,80.0,994.7,2596087988,4,16095,816,2501.6,2241.1,424,0.33,1,14,15,4,264,2,1,0
6628,6.60,88.0,7325,1109,1852,887919,0,128,4,-175.5,80.0,994.7,2596091232,4,16095,816,2501.6,2241.1,424,7.64,2,21,16,7552,5,3,2,0
6629,14.00,88.0,7325,1108,1855,898821,0,128,4,-175.5,80.0,994.7,2596088596,4,16095,816,2501.6,2241.1,424,0.35,1,22,15,5,263,4,3,0
6630,7.36,88.0,7325,1108,1856,898823,0,128,4,-175.5,80.0,994.7,2596092200,4,16095,816,2501.6,2241.1,424,7.34,1,17,16,7203,6,55,1,0
6631,14.44,88.0,7325,1108,1855,898821,0,128,4,-175.5,80.0,994.7,2596089204,4,16095,816,2501.6,2241.1,424,0.33,1,20,16,5,259,2,2,0
6632,6.13,88.0,7325,1110,1855,894215,0,128,4,-175.5,80.0,994.7,2596092464,4,16095,816,2501.6,2241.1,424,7.21,1,14,15,7114,5,3,2,0
6633,13.57,88.0,7325,1110,1854,894213,0,128,4,-175.5,80.0,994.7,2596090124,4,16095,816,2501.6,2241.1,424,0.33,1,15,15,5,258,2,2,0
6634,6.05,88.0,7325,1193,1940,914570,0,128,4,-175.5,80.0,994.7,2596093072,4,16095,816,2501.6,2241.1,424,7.51,1,14,16,7385,5,60,2,0
6635,13.84,88.0,7325,1199,1943,914904,0,128,4,-175.5,80.0,994.7,2596090420,4,16095,816,2501.6,2241.1,424,0.35,1,16,18,8,273,2,2,0
6636,6.24,88.0,7325,1199,1944,914906,0,128,4,-175.5,80.0,994.7,2596093696,4,16095,816,2501.6,2241.1,424,7.84,1,15,15,7763,6,3,2,0
6637,14.21,88.0,7325,1199,1943,914904,0,128,4,-175.5,80.0,994.7,2596091028,4,16095,816,2501.6,2241.1,424,0.33,1,15,16,5,255,2,1,0
6638,6.93,88.0,7325,1199,1944,914906,0,128,4,-175.5,80.0,994.7,2596094304,4,16095,816,2501.6,2241.1,424,7.65,1,23,23,7500,5,51,2,0
6639,14.93,88.0,7325,1201,1944,914704,0,128,4,-175.5,80.0,994.7,2596091636,4,16095,816,2501.6,2241.1,424,0.33,1,15,16,5,257,2,2,0
6640,6.53,88.0,7325,1205,1949,915138,0,128,4,-175.5,80.0,994.7,2596094928,4,16095,816,2501.6,2241.1,424,6.84,1,15,15,6762,4,3,2,0
6641,13.40,88.0,7325,1202,1948,915136,0,128,4,-175.5,80.0,994.7,2596092244,4,16095,816,2501.6,2241.1,424,0.35,1,16,15,5,271,1,1,0
6642,6.43,88.0,7325,1203,1951,916568,0,128,4,-175.5,80.0,994.7,2596095536,4,16095,816,2501.6,2241.1,424,6.86,1,15,15,6735,4,46,2,0
6643,13.99,88.0,7325,1202,1955,917526,0,128,4,-175.5,80.0,994.7,2596092852,4,16095,816,2501.6,2241.1,424,0.36,2,25,16,5,270,2,2,0
6644,6.37,88.0,7325,1252,2004,920392,0,128,4,-175.5,80.0,994.7,2596096160,4,16095,816,2501.6,2241.1,424,7.62,2,26,15,7535,6,3,2,0
6645,14.39,88.0,7325,1252,2003,920390,0,128,4,-175.5,80.0,994.7,2596093460,4,16095,816,2501.6,2241.1,424,0.32,1,15,15,5,250,1,1,0
6646,6.85,88.0,7325,1188,1937,831682,0,128,4,-175.5,80.0,994.7,2596096768,4,16095,816,2501.6,2241.1,424,6.86,1,20,17,6722,3,46,1,0
6647,13.48,88.0,7325,1193,1943,831666,0,128,4,-175.5,80.0,994.7,2596095072,4,16095,816,2501.6,2241.1,424,0.34,1,15,21,5,263,6,4,0
6648,6.68,88.0,7325,1192,1943,831560,0,128,4,-175.5,80.0,994.7,2596095468,4,16095,816,2501.6,2241.1,424,7.23,1,16,16,7142,4,3,2,0
6649,14.03,88.0,7325,1229,1978,835436,0,128,4,-175.5,80.0,994.7,2596098592,4,16095,816,2501.6,2241.1,424,0.34,1,16,16,5,267,2,2,0
6650,6.17,88.0,7325,1234,1983,835774,0,128,4,-175.5,80.0,994.7,2596098988,4,16095,816,2501.6,2241.1,424,6.99,0,14,16,6847,5,70,1,0
6651,14.09,88.0,7325,1234,1982,835772,0,128,4,-175.5,80.0,994.7,2596096288,4,16095,816,2501.6,2241.1,424,0.34,0,15,16,4,271,2,2,0
6652,6.18,88.0,7325,1233,1982,831166,0,128,4,-175.5,80.0,994.7,2596096684,4,16095,816,2501.6,2241.1,424,7.14,1,16,15,7059,5,3,2,0
6653,13.62,88.0,7325,1249,2009,834396,0,128,4,-175.5,80.0,994.7,2596099824,4,16095,816,2501.6,2241.1,424,0.36,1,28,16,5,277,3,2,0
6654,6.26,88.0,7325,1238,2000,834104,0,128,4,-175.5,80.0,994.7,2596100220,4,16095,816,2501.6,2241.1,424,7.14,1,15,28,6999,4,56,1,0
6655,13.49,88.0,7325,1238,1999,834102,0,128,4,-175.5,80.0,994.7,2596098508,4,16095,816,2501.6,2241.1,424,0.35,1,15,16,5,281,2,2,0
6656,6.07,88.0,7325,1247,2004,834946,0,128,4,-175.5,80.0,994.7,2596098904,4,16095,816,2501.6,2241.1,424,6.97,1,15,16,6890,4,13,2,0
6657,13.25,88.0,7325,1243,1991,834440,0,128,4,-175.5,80.0,994.7,2596102060,4,16095,816,2501.6,2241.1,424,0.34,1,15,16,4,273,2,2,0
6658,6.40,88.0,7325,1252,2003,839878,0,128,4,-175.5,80.0,994.7,2596103460,4,16095,816,2501.6,2241.1,424,7.46,1,14,14,7338,5,49,1,0
6659,13.48,88.0,7325,1251,2001,839092,0,128,4,-175.5,80.0,994.7,2596100728,4,16095,816,2501.6,2241.1,424,0.35,1,17,22,6,270,2,2,0
6660,8.85,88.0,7325,1266,2018,840258,0,128,4,-175.5,80.0,994.7,2596101484,4,16095,816,2501.6,2241.1,424,7.54,1,23,16,7455,6,3,2,0
6661,14.61,97.0,7325,1270,2021,840592,0,128,4,-175.5,80.0,994.7,2596104296,4,16095,816,2501.6,2241.1,424,0.34,1,15,16,4,261,3,1,0
6662,7.01,97.0,7325,1273,2024,839614,0,128,4,-175.5,80.0,994.7,2596104692,4,16095,816,2501.6,2241.1,424,7.30,1,15,15,7176,7,52,2,0
6663,14.01,97.0,7325,1273,2023,839612,0,128,4,-175.5,80.0,994.7,2596101944,4,16095,816,2501.6,2241.1,424,0.32,1,15,16,5,250,2,1,0
6664,6.78,97.0,7325,1278,2023,839600,0,128,4,-175.5,80.0,994.7,2596102340,4,16095,816,2501.6,2241.1,424,6.83,1,16,16,6755,4,3,2,0
6665,14.19,97.0,7325,1281,2024,839846,0,128,4,-175.5,80.0,994.7,2596105528,4,16095,816,2501.6,2241.1,424,0.33,1,16,16,5,260,2,2,0
6666,6.51,97.0,7325,1286,2031,839425,0,128,4,-175.5,80.0,994.7,2596105924,4,16095,816,2501.6,2241.1,424,7.18,1,16,25,7051,4,50,2,0
6667,14.31,97.0,7325,1283,2024,839225,0,128,4,-175.5,80.0,994.7,2596103160,4,16095,816,2501.6,2241.1,424,0.34,1,15,15,5,265,2,2,0
6668,6.52,97.0,7325,1287,2025,838781,0,128,4,-175.5,80.0,994.7,2596104560,4,16095,816,2501.6,2241.1,424,7.57,0,15,30,7481,6,3,2,0
6669,14.15,97.0,7325,1283,2020,838683,0,128,4,-175.5,80.0,994.7,2596107764,4,16095,816,2501.6,2241.1,424,0.32,1,16,16,5,250,2,1,0
6670,6.23,97.0,7325,1283,2021,838685,0,128,4,-175.5,80.0,994.7,2596105168,4,16095,816,2501.6,2241.1,424,7.49,1,14,15,7376,5,51,2,0
6671,14.02,97.0,7325,1289,2024,840247,0,128,4,-175.5,80.0,994.7,2596108372,4,16095,816,2501.6,2241.1,424,0.33,1,16,16,5,253,2,2,0
6672,7.29,97.0,7325,1330,2070,840825,0,128,4,-175.5,80.0,994.7,2596105776,4,16095,816,2501.6,2241.1,424,6.94,1,15,16,6861,4,3,1,0
6673,13.49,97.0,7325,1329,2066,840586,0,128,4,-175.5,80.0,994.7,2596108996,4,16095,816,2501.6,2241.1,424,0.35,1,16,16,5,276,3,1,0
6674,6.79,97.0,7325,1364,2104,865611,0,128,4,-175.5,80.0,994.7,2596106384,4,16095,816,2501.6,2241.1,424,7.54,3,14,15,7419,5,51,2,0
6675,14.39,97.0,7325,1407,2146,891796,0,128,4,-175.5,80.0,994.7,2596109604,4,16095,816,2501.6,2241.1,424,0.36,1,26,16,5,270,2,1,0
6676,6.70,97.0,7325,1422,2166,892857,0,128,4,-175.5,80.0,994.7,2596106992,4,16095,816,2501.6,2241.1,424,7.47,1,15,15,7397,5,3,2,0
6677,14.21,97.0,7325,1455,2198,895615,0,128,4,-175.5,80.0,994.7,2596110228,4,16095,816,2501.6,2241.1,424,0.34,2,16,16,5,263,2,1,0
6678,6.72,97.0,7325,1455,2199,895617,0,128,4,-175.5,80.0,994.7,2596107600,4,16095,816,2501.6,2241.1,424,6.75,1,15,16,6644,3,44,2,0
6679,13.89,97.0,7325,1456,2199,895685,0,128,4,-175.5,80.0,994.7,2596110836,4,16095,816,2501.6,2241.1,424,0.34,1,16,16,4,259,3,2,0
6680,6.88,97.0,7325,1515,2256,897705,0,128,4,-175.5,80.0,994.7,2596108208,4,16095,816,2501.6,2241.1,424,7.13,1,14,30,7045,4,2,2,0
6681,13.54,97.0,7325,1516,2256,898403,0,128,4,-175.5,80.0,994.7,2596111460,4,16095,816,2501.6,2241.1,424,0.33,1,16,16,5,257,2,2,0
6682,7.24,97.0,7325,1563,2311,901284,0,128,4,-175.5,80.0,994.7,2596108816,4,16095,816,2501.6,2241.1,424,7.36,1,17,16,7237,5,49,3,0
6683,14.19,97.0,7325,1578,2324,902465,0,128,4,-175.5,80.0,994.7,2596112068,4,16095,816,2501.6,2241.1,424,0.39,1,16,17,5,307,8,3,0
6684,7.18,97.0,7325,1632,2388,905346,0,128,4,-175.5,80.0,994.7,2596109424,4,16095,816,2501.6,2241.1,424,7.52,1,16,16,7442,5,3,2,0
6685,14.02,97.0,7325,1616,2370,904942,0,128,4,-175.5,80.0,994.7,2596112692,4,16095,816,2501.6,2241.1,424,0.33,1,16,16,5,258,3,1,0
6686,8.73,97.0,7325,1625,2380,908590,0,128,4,-175.5,80.0,994.7,2596111036,4,16095,816,2501.6,2241.1,424,7.75,1,16,15,7618,6,53,2,0
6687,15.20,97.0,7325,1800,2551,933164,0,128,4,-175.5,80.0,994.7,2596111232,4,16095,816,2501.6,2241.1,424,0.34,2,18,16,5,255,2,1,0
6688,7.99,97.0,7325,1797,2549,932950,0,128,4,-175.5,80.0,994.7,2596114700,4,16095,816,2501.6,2241.1,424,7.38,1,16,33,7281,5,3,3,0
6689,14.67,97.0,7325,1815,2568,933828,0,128,4,-175.5,80.0,994.7,2596111840,4,16095,816,2501.6,2241.1,424,0.33,1,17,15,5,256,2,2,0
6690,8.43,97.0,7325,1829,2585,935134,0,128,4,-175.5,80.0,994.7,2596112668,4,16095,816,2501.6,2241.1,424,7.67,1,16,15,7545,6,56,2,0
6691,15.77,97.0,7325,1827,2579,934112,0,128,4,-175.5,80.0,994.7,2596115520,4,16095,816,2501.6,2241.1,424,0.33,1,16,15,5,251,2,1,0
6692,7.11,97.0,7325,1825,2581,938722,0,128,4,-175.5,80.0,994.7,2596113848,4,16095,816,2501.6,2241.1,424,6.87,2,25,21,6775,3,2,2,0
6693,15.04,97.0,7325,1825,2580,938720,0,128,4,-175.5,80.0,994.7,2596117444,4,16095,816,2501.6,2241.1,424,0.33,1,16,16,4,255,2,1,0
6694,7.22,97.0,7325,1829,2585,939042,0,128,4,-175.5,80.0,994.7,2596114456,4,16095,816,2501.6,2241.1,424,7.25,1,15,15,7120,5,53,2,0
6695,15.01,97.0,7325,1830,2584,939040,0,128,4,-175.5,80.0,994.7,2596117756,4,16095,816,2501.6,2241.1,424,0.32,1,15,16,5,252,2,2,0
6696,7.66,97.0,7325,1847,2619,953074,0,128,4,-175.5,80.0,994.7,2596115064,4,16095,816,2501.6,2241.1,424,7.00,2,21,18,6828,4,2,2,0
6697,14.84,97.0,7325,1863,2643,954868,0,128,4,-175.5,80.0,994.7,2596118364,4,16095,816,2501.6,2241.1,424,0.33,1,16,15,5,249,4,4,0
6698,7.97,97.0,7325,1863,2648,955302,0,128,4,-175.5,80.0,994.7,2596115672,4,16095,816,2501.6,2241.1,424,7.42,1,16,15,7286,5,57,2,0
6699,14.43,97.0,7325,1872,2656,955758,0,128,4,-175.5,80.0,994.7,2596118988,4,16095,816,2501.6,2241.1,424,0.35,1,16,15,5,278,3,1,0
6700,7.34,97.0,7325,1861,2662,960286,0,128,4,-175.5,80.0,994.7,2596116280,4,16095,816,2501.6,2241.1,424,6.96,1,16,15,6888,4,2,2,0
6701,13.58,97.0,7325,1871,2689,963384,0,128,4,-175.5,80.0,994.7,2596116476,4,16095,816,2501.6,2241.1,424,0.35,1,15,16,5,278,2,1,0
6702,7.35,97.0,7325,1871,2737,965368,0,128,4,-175.5,80.0,994.7,2596119992,4,16095,816,2501.6,2241.1,424,6.83,1,16,15,6698,3,56,2,0
6703,14.27,97.0,7325,1870,2781,967656,0,128,4,-175.5,80.0,994.7,2596117084,4,16095,816,2501.6,2241.1,424,0.50,2,27,27,9,375,2,2,0
6704,7.88,97.0,7325,1882,2830,971822,0,128,4,-175.5,80.0,994.7,2596120616,4,16095,816,2501.6,2241.1,424,7.03,1,15,16,6936,5,2,2,0
6705,14.37,97.0,7325,1966,2910,994228,0,128,4,-175.5,80.0,994.7,2596117692,4,16095,816,2501.6,2241.1,424,0.34,1,14,15,5,267,2,1,0
6706,7.88,97.0,7325,1986,2931,999832,0,128,4,-175.5,80.0,994.7,2596121224,4,16095,816,2501.6,2241.1,424,7.40,1,15,16,7278,4,50,1,0
6707,15.29,97.0,7325,1986,2957,1001204,0,128,4,-175.5,80.0,994.7,2596118300,4,16095,816,2501.6,2241.1,424,0.33,1,18,17,4,253,2,2,0
6708,7.17,97.0,7325,1989,2973,1002214,0,128,4,-175.5,80.0,994.7,2596118696,4,16095,816,2501.6,2241.1,424,7.07,1,31,15,6980,5,3,2,0
6709,15.15,97.0,7325,1990,2981,1002670,0,128,4,-175.5,80.0,994.7,2596122044,4,16095,816,2501.6,2241.1,424,0.34,1,16,15,4,274,2,2,0
6710,7.52,97.0,7325,1984,3008,999438,0,128,4,-175.5,80.0,994.7,2596119304,4,16095,816,2501.6,2241.1,424,7.00,1,15,15,6872,4,50,2,0
6711,14.57,97.0,7325,1987,3006,998636,0,128,4,-175.5,80.0,994.7,2596122652,4,16095,816,2501.6,2241.1,424,0.39,1,16,16,4,319,3,2,0
6712,7.67,97.0,7325,1979,3002,998018,0,128,4,-175.5,80.0,994.7,2596119912,4,16095,816,2501.6,2241.1,424,7.80,1,16,16,7723,6,3,2,0
6713,15.86,97.0,7325,1986,3032,999726,0,128,4,-175.5,80.0,994.7,2596123276,4,16095,816,2501.6,2241.1,424,0.33,0,15,16,5,259,2,2,0
6714,7.84,97.0,7325,1999,3057,1001466,0,128,4,-175.5,80.0,994.7,2596120520,4,16095,816,2501.6,2241.1,424,6.90,1,17,15,6783,3,46,2,0
6715,14.55,97.0,7325,2001,3085,1002506,0,128,4,-175.5,80.0,994.7,2596120716,4,16095,816,2501.6,2241.1,424,0.44,2,38,24,7,318,3,1,0
6716,8.42,97.0,7325,1999,3095,1002966,0,128,4,-175.5,80.0,994.7,2596124280,4,16095,816,2501.6,2241.1,424,7.37,1,16,16,7291,5,3,2,0
6717,14.37,97.0,7325,1998,3130,1004796,0,128,4,-175.5,80.0,994.7,2596121324,4,16095,816,2501.6,2241.1,424,0.35,2,16,16,5,274,2,2,0
6718,8.01,97.0,7325,2156,3302,1189088,0,128,4,-175.5,80.0,994.7,2596121720,4,16095,816,2501.6,2241.1,424,7.07,1,21,24,6931,4,48,2,0
6719,14.23,97.0,7325,2158,3301,1189086,0,128,4,-175.5,80.0,994.7,2596125100,4,16095,816,2501.6,2241.1,424,0.33,1,16,15,5,255,2,2,0
6720,9.56,97.0,7325,2163,3336,1193801,0,128,4,-175.5,80.0,994.7,2596122688,4,16095,816,2501.6,2241.1,424,7.51,3,23,16,7409,6,3,2,0
6721,16.12,97.0,7325,2163,3363,1195175,0,128,4,-175.5,80.0,994.7,2596125808,4,16095,816,2501.6,2241.1,424,0.35,1,16,16,10,270,2,2,0
6722,7.62,97.0,7325,2163,3364,1195177,0,128,4,-175.5,80.0,994.7,2596123036,4,16095,816,2501.6,2241.1,424,7.00,1,16,21,6867,5,50,3,0
6723,14.44,97.0,7325,2164,3381,1196091,0,128,4,-175.5,80.0,994.7,2596126432,4,16095,816,2501.6,2241.1,424,0.32,1,16,16,5,251,2,1,0
6724,7.79,97.0,7325,2175,3410,1197989,0,128,4,-175.5,80.0,994.7,2596123644,4,16095,816,2501.6,2241.1,424,7.01,1,19,19,6922,4,2,2,0
6725,14.95,97.0,7325,2175,3409,1197987,0,128,4,-175.5,80.0,994.7,2596127040,4,16095,816,2501.6,2241.1,424,0.34,1,18,19,5,263,2,2,0
6726,8.07,97.0,7325,2167,3439,1198047,0,128,4,-175.5,80.0,994.7,2596124252,4,16095,816,2501.6,2241.1,424,7.54,1,16,16,7412,7,57,2,0
6727,16.05,97.0,7325,2172,3446,1198381,0,128,4,-175.5,80.0,994.7,2596127664,4,16095,816,2501.6,2241.1,424,0.32,1,17,16,5,246,3,1,0
6728,8.08,97.0,7325,2172,3447,1198383,0,128,4,-175.5,80.0,994.7,2596124860,4,16095,816,2501.6,2241.1,424,7.14,1,15,24,7049,5,3,3,0
6729,14.83,97.0,7325,2172,3446,1198381,0,128,4,-175.5,80.0,994.7,2596125056,4,16095,816,2501.6,2241.1,424,0.33,1,20,16,5,252,2,2,0
6730,7.95,97.0,7325,2169,3442,1196403,0,128,4,-175.5,80.0,994.7,2596128668,4,16095,816,2501.6,2241.1,424,7.14,1,15,15,7022,5,49,3,0
6731,15.82,97.0,7325,2171,3461,1197009,0,128,4,-175.5,80.0,994.7,2596125664,4,16095,816,2501.6,2241.1,424,0.36,1,16,15,5,281,1,1,0
6732,8.18,97.0,7325,2171,3462,1197011,0,128,4,-175.5,80.0,994.7,2596126060,4,16095,816,2501.6,2241.1,424,6.90,2,18,15,6810,4,2,2,0
6733,14.88,97.0,7325,2171,3461,1197009,0,128,4,-175.5,80.0,994.7,2596129488,4,16095,816,2501.6,2241.1,424,0.35,1,16,15,5,278,2,1,0
6734,7.49,97.0,7325,2173,3463,1197811,0,128,4,-175.5,80.0,994.7,2596129884,4,16095,816,2501.6,2241.1,424,7.21,1,15,16,7079,6,53,2,0
6735,14.99,97.0,7325,2173,3462,1197809,0,128,4,-175.5,80.0,994.7,2596126880,4,16095,816,2501.6,2241.1,424,0.33,1,15,16,5,258,2,2,0
6736,7.77,97.0,7325,2157,3448,1194421,0,128,4,-175.5,80.0,994.7,2596127276,4,16095,816,2501.6,2241.1,424,7.20,1,15,16,7122,5,3,2,0
6737,15.78,97.0,7325,2156,3467,1195027,0,128,4,-175.5,80.0,994.7,2596131724,4,16095,816,2501.6,2241.1,424,0.34,1,16,15,5,268,2,2,0
6738,7.73,97.0,7325,2156,3468,1195029,0,128,4,-175.5,80.0,994.7,2596128888,4,16095,816,2501.6,2241.1,424,7.62,1,16,15,7494,6,53,1,0
6739,15.46,97.0,7325,2140,3452,1178101,0,128,4,-175.5,80.0,994.7,2596132332,4,16095,816,2501.6,2241.1,424,0.33,1,15,16,4,258,2,2,0
6740,8.45,97.0,7325,2140,3447,1177369,0,128,4,-175.5,80.0,994.7,2596130500,4,16095,816,2501.6,2241.1,424,7.08,1,15,16,7004,4,2,2,0
6741,14.59,97.0,7325,2140,3446,1177367,0,128,4,-175.5,80.0,994.7,2596133960,4,16095,816,2501.6,2241.1,424,0.33,1,16,16,4,258,2,2,0
6742,7.49,97.0,7325,2141,3440,1177817,0,128,4,-175.5,80.0,994.7,2596131108,4,16095,816,2501.6,2241.1,424,7.60,1,15,15,7469,6,55,2,0
6743,15.45,97.0,7325,2139,3419,1176671,0,128,4,-175.5,80.0,994.7,2596132308,4,16095,816,2501.6,2241.1,424,0.38,1,16,16,5,302,3,1,0
6744,8.27,97.0,7325,2137,3417,1176777,0,128,4,-175.5,80.0,994.7,2596136972,4,16095,816,2501.6,2241.1,424,7.22,1,16,15,7146,5,3,1,0
6745,15.53,97.0,7325,2151,3428,1172539,0,128,4,-175.5,80.0,994.7,2596133920,4,16095,816,2501.6,2241.1,424,0.35,1,17,15,5,278,2,2,0
6746,8.14,97.0,7325,2148,3415,1171157,0,128,4,-175.5,80.0,994.7,2596134316,4,16095,816,2501.6,2241.1,424,7.79,1,15,15,7656,5,50,2,0
6747,15.68,97.0,7325,2148,3414,1171155,0,128,4,-175.5,80.0,994.7,2596138796,4,16095,816,2501.6,2241.1,424,0.34,1,29,15,5,253,1,1,0
6748,7.82,97.0,7325,2127,3394,1170701,0,128,4,-175.5,80.0,994.7,2596136240,5,16095,816,2501.6,2241.1,424,6.93,1,16,15,6852,4,3,2,0
6749,21.36,97.0,7325,3457,5626,1358666,0,128,4,-175.5,5.0,994.7,2596166420,5,16095,816,2523.6,2241.1,424,0.36,1,16,15,9,261,3,3,0
6750,22.98,89.0,7325,3597,6066,1376181,0,128,4,-175.5,5.0,995.1,2596181384,5,16095,816,2523.6,2241.1,424,6.83,1,17,17,6702,3,46,2,0
6751,19.06,89.0,7325,3604,6019,1373779,0,128,4,-175.5,5.0,995.4,2596184600,5,16095,816,2523.6,2241.1,424,0.43,2,28,23,7,300,2,2,0
6752,11.27,89.0,7325,3595,5988,1371894,0,128,4,-175.5,5.0,995.7,2596182636,5,16095,816,2523.6,2241.1,424,7.79,1,33,16,7690,5,3,2,0
6753,18.25,89.0,7325,3587,5984,1371752,0,128,4,-175.5,5.0,995.9,2596183936,5,16095,816,2523.6,2241.1,424,0.38,1,20,17,6,287,2,1,0
6754,10.52,89.0,7325,3576,5934,1364682,0,128,4,-175.5,5.0,996.1,2596184232,5,16095,816,2523.6,2241.1,424,6.90,1,18,16,6775,3,46,2,0
6755,17.93,89.0,7325,3580,5934,1364682,0,128,4,-175.5,5.0,996.3,2596202380,5,16095,816,2523.6,2241.1,424,0.41,1,17,16,5,328,2,1,0
6756,11.84,89.0,7325,3562,5889,1363157,0,128,4,-175.5,5.0,996.6,2596199412,5,16095,816,2523.6,2241.1,424,7.44,1,18,19,7354,4,2,2,0
6757,17.98,89.0,7325,3567,5889,1363157,0,128,4,-175.5,5.0,996.7,2596496044,5,16095,816,2523.6,2241.1,424,0.51,2,26,24,8,381,3,3,0
6758,16.16,89.0,7325,3519,5973,1359481,0,128,4,-175.5,5.0,997.0,2596499740,5,16095,816,2523.9,2241.4,424,7.54,1,18,15,7403,6,56,2,0
6759,17.86,89.0,7325,3520,5963,1359021,0,128,4,-175.5,5.0,997.3,2596500036,5,16095,816,2523.9,2241.4,424,0.51,1,29,24,8,389,3,2,0
6760,11.55,89.0,7325,3498,5916,1356328,0,128,4,-175.5,5.0,997.5,2596501336,5,16095,816,2523.9,2241.4,424,6.96,1,17,19,6864,4,3,2,0
6761,18.75,89.0,7325,3500,5900,1355760,0,128,4,-175.5,5.0,997.7,2596502636,5,16095,816,2523.9,2241.4,424,0.42,2,28,28,7,303,2,2,0
6762,11.74,89.0,7325,3500,5887,1355032,0,128,4,-175.5,5.0,998.0,2596503936,5,16095,816,2523.9,2241.4,424,7.70,1,19,17,7564,6,51,2,0
6763,17.76,89.0,7325,3498,5885,1355020,0,128,4,-175.5,5.0,998.2,2596508532,5,16095,816,2523.9,2241.4,424,0.37,1,19,17,6,277,2,2,0
6764,9.88,89.0,7325,3492,5866,1353523,0,128,4,-175.5,5.0,998.4,2596505548,5,16095,816,2523.9,2241.4,424,7.42,1,17,16,7332,7,3,2,0
6765,17.50,89.0,7325,3492,5865,1353521,0,128,4,-175.5,5.0,998.6,2596506748,5,16095,816,2523.9,2241.4,424,0.35,1,18,16,5,270,2,1,0
6766,9.69,89.0,7325,3492,5866,1353523,0,128,4,-175.5,5.0,998.8,2596507144,5,16095,816,2523.9,2241.4,424,7.62,1,22,19,7471,5,51,2,0
6767,18.09,89.0,7325,3487,5859,1353353,0,128,4,-175.5,5.0,999.0,2596507340,5,16095,816,2523.9,2241.4,424,0.37,1,18,17,6,273,3,3,0
6768,11.08,89.0,7325,3484,5838,1351098,0,128,4,-175.5,5.0,999.2,2596512036,5,16095,816,2523.9,2241.4,424,7.10,2,20,17,7009,5,3,2,0
6769,18.40,89.0,7325,3475,5817,1350898,0,128,4,-175.5,5.0,999.4,2596510056,5,16095,816,2523.9,2241.4,424,0.41,2,21,18,6,314,3,2,0
6770,11.80,89.0,7325,3476,5794,1350686,0,128,4,-175.5,5.0,999.7,2596514504,5,16095,816,2523.9,2241.4,424,6.94,1,17,25,6808,4,47,1,0
6771,16.86,89.0,7325,3472,5656,1350410,0,128,4,-175.5,5.0,999.9,2596519116,5,16095,816,2523.9,2241.4,424,0.40,1,20,17,5,309,3,2,0
6772,10.21,89.0,7325,3421,5611,1343754,0,128,4,-175.5,5.0,1000.1,2596517120,5,16095,816,2523.9,2241.4,424,7.40,1,30,17,7301,5,3,2,0
6773,17.15,89.0,7325,3416,5576,1342345,0,128,4,-175.5,5.0,1000.3,2596518420,5,16095,816,2523.9,2241.4,424,0.38,1,19,17,6,288,2,2,0
6774,11.24,89.0,7325,3396,5548,1341172,0,128,4,-175.5,5.0,1000.5,2596519720,5,16095,816,2523.9,2241.4,424,7.09,1,17,15,6952,11,53,2,0
6775,16.62,89.0,7325,3394,5548,1341172,0,128,4,-175.5,5.0,1000.7,2596524332,5,16095,816,2523.9,2241.4,424,0.43,2,26,20,13,319,2,2,0
6776,10.32,89.0,7325,3390,5544,1340628,0,128,4,-175.5,5.0,1000.9,2596521332,5,16095,816,2523.9,2241.4,424,7.62,1,19,17,7516,5,2,2,0
6777,16.99,89.0,7325,3390,5544,1340628,0,128,4,-175.5,5.0,1001.1,2596521628,5,16095,816,2523.9,2241.4,424,0.35,0,23,15,5,267,2,2,0
6778,10.44,89.0,7325,3371,5515,1339560,0,128,4,-175.5,5.0,1001.4,2596521924,5,16095,816,2523.9,2241.4,424,7.25,1,26,19,7104,5,53,2,0
6779,17.81,89.0,7325,3361,5487,1338848,0,128,4,-175.5,5.0,1001.5,2596523224,5,16095,816,2523.9,2241.4,424,0.34,0,21,22,5,254,2,1,0
6780,12.03,89.0,7325,3344,5459,1337816,0,128,4,-175.5,5.0,1001.8,2596524956,5,16095,816,2523.9,2241.4,424,7.31,1,16,16,7229,4,3,2,0
6781,18.89,89.0,7325,3346,5455,1337674,0,128,4,-175.5,5.0,1002.0,2596529152,5,16095,816,2523.9,2241.4,424,0.35,1,16,17,8,271,2,1,0
6782,9.59,89.0,7325,3323,5432,1336886,0,128,4,-175.5,5.0,1002.2,2596526136,5,16095,816,2523.9,2241.4,424,7.11,1,18,16,6976,5,52,2,0
6783,17.28,89.0,7325,3318,5426,1336824,0,128,4,-175.5,5.0,1002.4,2596527336,5,16095,816,2523.9,2241.4,424,0.37,1,17,16,5,282,4,2,0
6784,11.75,89.0,7325,3313,5411,1336258,0,128,4,-175.5,5.0,1002.6,2596528736,5,16095,816,2523.9,2241.4,424,7.58,1,18,16,7493,7,3,2,0
6785,17.83,89.0,7325,3323,5411,1336258,0,128,4,-175.5,5.0,1002.8,2596530036,5,16095,816,2523.9,2241.4,424,0.37,1,20,15,4,289,3,1,0
6786,10.33,89.0,7325,3323,5411,1336258,0,128,4,-175.5,5.0,1003.1,2596533660,5,16095,816,2523.9,2241.4,424,7.33,1,17,16,7201,5,50,2,0
6787,17.18,89.0,7325,3318,5385,1335008,0,128,4,-175.5,5.0,1003.2,2596530644,5,16095,816,2523.9,2241.4,424,0.35,2,17,18,5,268,2,2,0
6788,9.74,89.0,7325,3318,5385,1335008,0,128,4,-175.5,5.0,1003.5,2596531944,5,16095,816,2523.9,2241.4,424,7.55,2,21,20,7445,7,6,4,0
6789,17.02,89.0,7325,3318,5384,1335006,0,128,4,-175.5,5.0,1003.6,2596532140,5,16095,816,2523.9,2241.4,424,0.36,1,19,17,5,274,2,1,0
6790,10.86,89.0,7325,3312,5370,1334658,0,128,4,-175.5,5.0,1003.9,2596532536,5,16095,816,2523.9,2241.4,424,7.27,1,18,16,7135,5,50,2,0
6791,17.70,89.0,7325,3300,5340,1333868,0,128,4,-175.5,5.0,1004.1,2596537180,5,16095,816,2523.9,2241.4,424,0.35,1,19,15,5,264,2,2,0
6792,10.76,89.0,7325,3296,5335,1333808,0,128,4,-175.5,5.0,1004.3,2596535152,5,16095,816,2523.9,2241.4,424,7.27,1,17,16,7175,5,3,2,0
6793,17.85,89.0,7325,3287,5315,1332998,0,128,4,-175.5,5.0,1004.5,2596535448,5,16095,816,2523.9,2241.4,424,0.35,1,17,16,5,268,2,2,0
6794,9.62,89.0,7325,3264,5310,1332758,0,128,4,-175.5,5.0,1004.8,2593952716,5,16095,816,2523.9,2241.4,424,55.14,2,27,23,7180,11,61,1,0
6795,74.75,89.0,7325,3283,5312,1398276,0,128,4,-175.5,5.0,1004.9,2593963592,5,16095,816,2523.9,2241.4,424,0.38,1,17,16,9,290,2,1,0
6796,11.08,89.0,7325,3274,5198,1392053,0,128,4,-175.5,5.0,1006.0,2593963988,5,16095,816,2523.9,2241.4,424,7.43,1,17,15,7337,5,3,2,0
6797,17.79,89.0,7325,3216,5138,1389173,0,128,4,-175.5,5.0,1006.2,2593968616,5,16095,816,2523.9,2241.4,424,0.34,1,17,15,5,261,2,2,0
6798,9.90,89.0,7325,3194,5098,1387118,0,128,4,-175.5,5.0,1006.5,2593966604,5,16095,816,2523.9,2241.4,424,7.37,2,25,30,7201,4,48,2,0
6799,18.62,89.0,7325,3188,5092,1387056,0,128,4,-175.5,5.0,1006.6,2593967804,5,16095,816,2523.9,2241.4,424,0.34,1,17,16,5,255,2,1,0
6800,10.68,89.0,7325,3192,5042,1380943,0,128,4,-175.5,5.0,1006.9,2593969204,5,16095,816,2523.9,2241.4,424,7.70,1,18,18,7607,4,3,2,0
6801,19.51,89.0,7325,3172,4977,1374973,0,128,4,-175.5,5.0,1007.0,2593970504,5,16095,816,2523.9,2241.4,424,0.43,1,25,23,8,313,2,1,0
6802,10.29,89.0,7325,3126,4932,1370183,0,128,4,-175.5,5.0,1007.3,2593971804,5,16095,816,2523.9,2241.4,424,7.30,1,18,17,7165,6,51,1,0
6803,18.04,89.0,7325,3121,4917,1369713,0,128,4,-175.5,5.0,1007.5,2593976432,5,16095,816,2523.9,2241.4,424,0.34,1,17,16,4,254,3,1,0
6804,10.13,89.0,7325,3068,4843,1366511,0,128,4,-175.5,5.0,1007.8,2593974420,5,16095,816,2523.9,2241.4,424,7.53,1,17,45,7406,5,2,1,0
6805,17.16,89.0,7325,3070,4822,1365366,0,128,4,-175.5,5.0,1007.9,2593975720,5,16095,816,2523.9,2241.4,424,0.38,1,18,18,5,285,2,2,0
6806,9.43,89.0,7325,3073,4822,1365366,0,128,4,-175.5,5.0,1008.2,2593977020,5,16095,816,2523.9,2241.4,424,7.03,1,16,15,6876,11,50,1,0
6807,17.05,89.0,7325,3065,4816,1365304,0,128,4,-175.5,5.0,1008.3,2593980560,5,16095,816,2523.9,2241.4,424,0.35,1,17,15,5,266,2,1,0
6808,10.96,89.0,7325,3059,4812,1365246,0,128,4,-175.5,5.0,1008.6,2593978616,5,16095,816,2523.9,2241.4,424,7.28,1,24,17,7179,4,3,2,0
6809,16.56,89.0,7325,3059,4797,1364896,0,128,4,-175.5,5.0,1008.7,2593982256,5,16095,816,2523.9,2241.4,424,0.36,1,16,16,5,266,2,2,0
6810,11.60,89.0,7325,3066,4797,1364896,0,128,4,-175.5,5.0,1009.0,2593980660,5,16095,816,2523.9,2241.4,424,6.90,0,21,16,6765,3,46,2,0
6811,18.40,89.0,7325,3062,4793,1364632,0,128,4,-175.5,5.0,1009.2,2594023676,5,16095,816,2523.9,2241.4,424,0.52,2,27,22,7,392,3,2,0
6812,10.31,89.0,7325,3058,4788,1364472,0,128,4,-175.5,5.0,1009.4,2594023972,5,16095,816,2523.9,2241.4,424,7.32,2,18,17,7222,7,3,2,0
6813,17.67,89.0,7325,3049,4783,1364312,0,128,4,-175.5,5.0,1009.6,2594024268,5,16095,816,2523.9,2241.4,424,0.37,1,19,18,6,283,2,2,0
6814,9.70,89.0,7325,3043,4778,1364252,0,128,4,-175.5,5.0,1009.9,2594024564,5,16095,816,2523.9,2241.4,424,7.18,1,17,16,7042,7,56,2,0
6815,16.68,65.0,7325,3035,4761,1362993,0,128,4,-175.5,5.0,1010.0,2594028104,5,16095,816,2523.9,2241.4,424,0.39,1,17,15,11,304,1,1,0
6816,11.46,65.0,7325,3016,4727,1362055,0,128,4,-175.5,5.0,1010.3,2594026176,5,16095,816,2523.9,2241.4,424,7.07,1,16,16,6986,5,3,2,0
6817,16.72,65.0,7325,3024,4727,1362055,0,128,4,-175.5,5.0,1010.4,2594027476,5,16095,816,2523.9,2241.4,424,0.36,1,18,16,6,274,2,2,0
6818,9.31,65.0,7325,3026,4727,1362055,0,128,4,-175.5,5.0,1010.7,2594027772,5,16095,816,2523.9,2241.4,424,7.16,2,27,23,6997,4,48,2,0
6819,17.87,65.0,7325,3020,4721,1361373,0,128,4,-175.5,5.0,1010.8,2594027968,5,16095,816,2523.9,2241.4,424,0.35,1,16,22,6,260,2,2,0
6820,9.95,65.0,7325,3015,4696,1360530,0,128,4,-175.5,5.0,1011.1,2594029368,5,16095,816,2523.9,2241.4,424,6.88,1,17,16,6791,7,3,2,0
6821,15.93,65.0,7325,3000,4670,1358705,0,128,4,-175.5,5.0,1011.2,2594034028,5,16095,816,2523.9,2241.4,424,0.38,1,16,15,5,263,2,1,0
6822,9.35,65.0,7325,2986,4622,1354235,0,128,4,-175.5,5.0,1011.5,2594031968,5,16095,816,2523.9,2241.4,424,7.38,1,15,18,7232,6,61,2,0
6823,16.99,65.0,7325,2983,4616,1354173,0,128,4,-175.5,5.0,1011.6,2594036528,5,16095,816,2523.9,2241.4,424,0.36,1,16,15,5,273,2,2,0
6824,9.64,65.0,7325,2980,4592,1352145,0,128,4,-175.5,5.0,1011.9,2594034584,5,16095,816,2523.9,2241.4,424,7.40,1,18,23,7299,5,3,2,0
6825,16.88,65.0,7325,2937,4540,1346818,0,128,4,-175.5,5.0,1012.0,2594035784,5,16095,816,2523.9,2241.4,424,0.35,1,16,16,5,269,2,2,0
6826,10.52,65.0,7325,2932,4541,1346820,0,128,4,-175.5,5.0,1012.3,2594037184,5,16095,816,2523.9,2241.4,424,7.54,1,17,15,7400,6,58,2,0
6827,17.02,65.0,7325,2913,4521,1346300,0,128,4,-175.5,5.0,1012.4,2594037480,5,16095,816,2523.9,2241.4,424,0.38,1,16,16,4,298,2,2,0
6828,9.41,65.0,7325,2900,4486,1341865,0,128,4,-175.5,5.0,1012.7,2594038780,5,16095,816,2523.9,2241.4,424,7.44,1,16,15,7358,5,2,3,0
6829,16.90,65.0,7325,2892,4450,1340563,0,128,4,-175.5,5.0,1012.8,2594039980,5,16095,816,2523.9,2241.4,424,0.53,2,25,23,8,406,3,2,0
6830,9.88,65.0,7325,2890,4451,1340565,0,128,4,-175.5,5.0,1013.1,2594041380,5,16095,816,2523.9,2241.4,424,7.28,1,16,17,7140,6,55,2,0
6831,16.24,65.0,7325,2886,4440,1339478,0,128,4,-175.5,5.0,1013.2,2594041576,5,16095,816,2523.9,2241.4,424,0.35,0,17,16,5,266,1,1,0
6832,9.97,65.0,7325,2868,4426,1339200,0,128,4,-175.5,5.0,1013.5,2594046336,5,16095,816,2523.9,2241.4,424,6.76,1,16,15,6681,5,3,2,0
6833,16.26,65.0,7325,2871,4411,1338560,0,128,4,-175.5,5.0,1013.6,2594044292,5,16095,816,2523.9,2241.4,424,0.39,1,18,18,5,303,2,2,0
6834,10.95,65.0,7325,2815,4321,1334860,0,128,4,-175.5,5.0,1013.9,2594045592,5,16095,816,2523.9,2241.4,424,7.11,1,16,15,6956,9,62,2,0
6835,16.84,65.0,7325,2795,4276,1332920,0,128,4,-175.5,5.0,1014.0,2594046876,5,16095,816,2523.9,2241.4,424,0.37,1,22,17,5,278,2,2,0
6836,9.64,65.0,7325,2730,4201,1326545,0,128,4,-175.5,5.0,1014.3,2594048176,5,16095,816,2523.9,2241.4,424,7.49,0,17,16,7403,5,3,2,0
6837,16.97,65.0,7325,2730,4200,1326543,0,128,4,-175.5,5.0,1014.4,2594049376,5,16095,816,2523.9,2241.4,424,0.37,1,27,16,5,267,3,2,0
6838,8.87,65.0,7325,2716,4193,1326213,0,128,4,-175.5,5.0,1014.7,2594049772,5,16095,816,2523.9,2241.4,424,7.44,1,18,17,7260,8,83,3,0
6839,17.07,65.0,7325,2721,4192,1326211,0,128,4,-175.5,5.0,1014.8,2595773564,5,16095,816,2523.9,2241.4,424,48.13,1,17,16,6,293,2,2,0
6840,63.27,65.0,7325,2708,4173,1329933,0,128,4,-175.5,5.0,1015.1,2595774376,5,16095,816,2523.9,2241.4,424,7.87,1,15,15,7792,5,3,2,0
6841,26.45,65.0,7325,2646,4048,1322243,0,128,4,-175.5,5.0,1016.0,2595788812,5,16095,816,2523.9,2241.4,424,0.57,1,25,30,8,431,5,5,0
6842,9.88,65.0,7325,2604,4003,1318248,0,128,4,-175.5,5.0,1016.4,2595790112,5,16095,816,2523.9,2241.4,424,7.13,1,19,18,6973,5,52,2,0
6843,18.20,65.0,7325,2604,4002,1318290,0,128,4,-175.5,5.0,1016.6,2595791312,5,16095,816,2523.9,2241.4,424,0.35,1,16,15,5,272,2,2,0
6844,8.85,65.0,7325,2599,3998,1318272,0,128,4,-175.5,5.0,1016.8,2595791708,5,16095,816,2523.9,2241.4,424,7.27,1,17,16,7163,8,4,2,0
6845,16.55,65.0,7325,2599,3997,1318660,0,128,4,-175.5,5.0,1017.0,2595791904,5,16095,816,2523.9,2241.4,424,0.35,1,17,16,10,263,2,2,0
6846,10.68,65.0,7325,2585,3978,1317857,0,128,4,-175.5,5.0,1017.2,2595792252,5,16095,816,2523.9,2241.4,424,7.84,1,18,16,7693,6,60,2,0
6847,42.90,65.0,7325,2583,3978,1317857,0,128,4,-175.5,5.0,1017.4,2595793552,5,16095,816,2523.9,2241.4,424,0.44,1,16,16,5,350,2,2,0
6848,9.07,65.0,7325,2567,3963,1317102,0,128,4,-175.5,5.0,1018.0,2595793848,5,16095,816,2523.9,2241.4,424,7.58,0,16,16,7489,7,4,3,0
6849,16.62,65.0,7325,2567,3962,1317100,0,128,4,-175.5,5.0,1018.1,2595795048,5,16095,816,2523.9,2241.4,424,0.34,2,16,16,5,261,2,2,0
6850,8.97,65.0,7325,2567,3963,1317102,0,128,4,-175.5,5.0,1018.4,2595795428,5,16095,816,2523.9,2241.4,424,7.00,1,17,16,6862,4,49,2,0
6851,15.39,65.0,7325,2567,3952,1316635,0,128,4,-175.5,5.0,1018.5,2595798920,5,16095,816,2523.9,2241.4,424,0.54,2,26,24,8,415,3,2,0
6852,9.54,65.0,7325,2532,3918,1313377,0,128,4,-175.5,5.0,1018.8,2595797024,5,16095,816,2523.9,2241.4,424,7.51,1,16,16,7408,13,4,3,0
6853,17.49,65.0,7325,2532,3917,1313375,0,128,4,-175.5,5.0,1018.9,2595801520,5,16095,816,2523.9,2241.4,424,0.42,1,19,18,5,314,3,1,0
6854,9.34,65.0,7325,2523,3908,1312967,0,128,4,-175.5,5.0,1019.2,2595798620,5,16095,816,2523.9,2241.4,424,7.21,1,16,16,7074,6,51,2,0
6855,15.86,65.0,7325,2518,3907,1312965,0,128,4,-175.5,5.0,1019.3,2595803116,5,16095,816,2523.9,2241.4,424,0.41,1,25,22,7,290,2,1,0
6856,9.56,65.0,7325,2516,3908,1312967,0,128,4,-175.5,5.0,1019.5,2595800216,5,16095,816,2523.9,2241.4,424,7.64,1,18,17,7540,13,3,2,0
6857,16.67,65.0,7325,2516,3907,1312965,0,128,4,-175.5,5.0,1019.7,2595800412,5,16095,816,2523.9,2241.4,424,0.40,1,18,16,4,306,4,2,0
6858,9.46,65.0,7325,2520,3908,1312967,0,128,4,-175.5,5.0,1019.9,2595800808,5,16095,816,2523.9,2241.4,424,7.64,1,17,15,7420,8,131,5,0
6859,17.49,65.0,7325,2520,3907,1312965,0,128,4,-175.5,5.0,1020.1,2595801004,5,16095,816,2523.9,2241.4,424,0.59,1,22,33,6,458,4,3,0
6860,9.69,65.0,7325,2520,3908,1312967,0,128,4,-175.5,5.0,1020.3,2595801400,5,16095,816,2523.9,2241.4,424,7.66,0,16,15,7573,6,3,2,0
6861,16.62,65.0,7325,2515,3902,1312425,0,128,4,-175.5,5.0,1020.5,2595801596,5,16095,816,2523.9,2241.4,424,0.34,0,16,16,5,256,2,2,0
6862,9.48,65.0,7325,2480,3867,1306782,0,128,4,-175.5,5.0,1020.7,2595802996,5,16095,816,2523.9,2241.4,424,7.01,1,15,17,6882,4,48,2,0
6863,15.71,65.0,7325,2478,3866,1306780,0,128,4,-175.5,5.0,1020.9,2595804196,5,16095,816,2523.9,2241.4,424,0.45,1,23,23,8,341,2,1,0
6864,8.29,65.0,7325,2478,3867,1306782,0,128,4,-175.5,5.0,1021.1,2595804592,5,16095,816,2523.9,2241.4,424,7.70,0,15,16,7612,7,3,2,0
6865,16.07,65.0,7325,2473,3861,1306720,0,128,4,-175.5,5.0,1021.2,2595804788,5,16095,816,2523.9,2241.4,424,0.33,1,15,16,5,252,2,2,0
6866,8.22,65.0,7325,2459,3847,1306372,0,128,4,-175.5,5.0,1021.5,2595806188,5,16095,816,2523.9,2241.4,424,6.86,1,15,16,6732,3,52,1,0
6867,14.95,65.0,7325,2450,3836,1304120,0,128,4,-175.5,5.0,1021.6,2595807388,5,16095,816,2523.9,2241.4,424,0.34,1,15,16,4,262,2,1,0
6868,8.95,65.0,7325,2450,3837,1304122,0,128,4,-175.5,5.0,1021.8,2595808788,5,16095,816,2523.9,2241.4,424,7.29,1,16,22,7202,6,3,2,0
6869,15.23,65.0,7325,2450,3836,1304120,0,128,4,-175.5,5.0,1022.0,2595808984,5,16095,816,2523.9,2241.4,424,0.41,1,15,15,5,308,3,2,0
6870,10.57,65.0,7325,2450,3817,1302457,0,128,4,-175.5,5.0,1022.2,2595809812,5,16095,816,2523.9,2241.4,424,7.75,1,15,16,7611,6,56,2,0
6871,16.82,65.0,7325,2450,3817,1302457,0,128,4,-175.5,5.0,1022.4,2595810680,5,16095,816,2523.9,2241.4,424,0.36,1,15,16,5,277,2,2,0
6872,8.22,65.0,7325,2445,3812,1302397,0,128,4,-175.5,5.0,1022.6,2595810912,5,16095,816,2523.9,2241.4,424,7.22,1,16,23,7134,4,2,1,0
6873,15.73,65.0,7325,2439,3801,1301625,0,128,4,-175.5,5.0,1022.7,2595811108,5,16095,816,2523.9,2241.4,424,0.33,0,16,16,5,255,2,2,0
6874,8.60,65.0,7325,2439,3802,1301627,0,128,4,-175.5,5.0,1023.0,2595812508,5,16095,816,2523.9,2241.4,424,7.66,2,26,23,7478,6,51,3,0
6875,15.07,65.0,7325,2439,3801,1301625,0,128,4,-175.5,5.0,1023.1,2595812704,5,16095,816,2523.9,2241.4,424,0.35,0,17,19,5,265,3,1,0
6876,8.38,65.0,7325,2439,3802,1301627,0,128,4,-175.5,5.0,1023.3,2595813100,5,16095,816,2523.9,2241.4,424,7.23,1,15,17,7143,5,3,2,0
6877,14.65,65.0,7325,2419,3781,1299340,0,128,4,-175.5,5.0,1023.4,2595813296,5,16095,816,2523.9,2241.4,424,0.34,1,15,17,5,258,1,1,0
6878,9.42,65.0,7325,2415,3782,1299342,0,128,4,-175.5,5.0,1023.7,2595814696,5,16095,816,2523.9,2241.4,424,7.48,1,15,17,7347,5,51,1,0
6879,15.81,65.0,7325,2415,3781,1299340,0,128,4,-175.5,5.0,1023.8,2595814876,5,16095,816,2523.9,2241.4,424,0.34,1,15,15,7,261,2,2,0
6880,7.64,65.0,7325,2413,3782,1299342,0,128,4,-175.5,5.0,1024.0,2595818552,5,16095,816,2523.9,2241.4,424,7.42,1,14,31,7328,4,2,2,0
6881,15.40,65.0,7325,2413,3781,1299340,0,128,4,-175.5,5.0,1024.2,2595815484,5,16095,816,2523.9,2241.4,424,0.35,1,15,16,5,268,3,1,0
6882,8.28,65.0,7325,2413,3782,1299342,0,128,4,-175.5,5.0,1024.4,2595815880,5,16095,816,2523.9,2241.4,424,7.13,1,17,17,6996,4,49,2,0
6883,15.39,65.0,7325,2413,3781,1299340,0,128,4,-175.5,5.0,1024.5,2595816076,5,16095,816,2523.9,2241.4,424,0.33,1,16,16,5,254,2,2,0
6884,7.68,65.0,7325,2413,3782,1299342,0,128,4,-175.5,5.0,1024.7,2595816472,5,16095,816,2523.9,2241.4,424,7.58,1,15,15,7495,4,3,2,0
6885,16.07,65.0,7325,2415,3781,1299340,0,128,4,-175.5,5.0,1024.9,2593298860,5,16095,816,2523.9,2241.4,424,48.65,1,22,21,6,324,2,2,0
6886,68.54,71.0,7325,2403,3772,1297532,0,128,4,-175.5,5.0,1025.1,2593316936,5,16095,816,2523.9,2241.4,424,7.70,2,20,15,7562,6,54,2,0
6887,15.97,71.0,7325,2389,3749,1288972,0,128,4,-175.5,5.0,1026.1,2593318236,5,16095,816,2523.9,2241.4,424,0.34,0,15,22,6,258,2,2,0
6888,8.62,71.0,7325,2389,3737,1279001,0,128,4,-175.5,5.0,1026.4,2593319536,5,16095,816,2523.9,2241.4,424,6.74,1,15,17,6643,3,3,2,0
6889,15.16,71.0,7325,2386,3726,1278534,0,128,4,-175.5,5.0,1026.5,2593320736,5,16095,816,2523.9,2241.4,424,0.33,1,14,16,5,253,2,1,0
6890,8.41,71.0,7325,2387,3727,1278536,0,128,4,-175.5,5.0,1026.7,2593322136,5,16095,816,2523.9,2241.4,424,7.78,1,14,16,7651,6,51,2,0
6891,15.81,71.0,7325,2387,3726,1278534,0,128,4,-175.5,5.0,1026.8,2593322332,5,16095,816,2523.9,2241.4,424,0.38,0,15,16,5,296,2,2,0
6892,8.41,71.0,7325,2387,3727,1278536,0,128,4,-175.5,5.0,1027.1,2593322728,5,16095,816,2523.9,2241.4,424,7.63,1,15,16,7545,5,2,2,0
6893,15.56,71.0,7325,2382,3716,1278069,0,128,4,-175.5,5.0,1027.2,2593322924,5,16095,816,2523.9,2241.4,424,0.34,1,15,15,5,258,3,2,0
6894,7.90,71.0,7325,2378,3717,1278071,0,128,4,-175.5,5.0,1027.4,2593324324,5,16095,816,2523.9,2241.4,424,7.61,1,15,16,7461,6,52,2,0
6895,16.26,71.0,7325,2365,3701,1275839,0,128,4,-175.5,5.0,1027.6,2593324520,5,16095,816,2523.9,2241.4,424,0.38,1,14,30,4,287,2,2,0
6896,8.64,71.0,7325,2365,3703,1280449,0,128,4,-175.5,5.0,1027.8,2593325920,5,16095,816,2523.9,2241.4,424,7.04,1,21,16,6950,7,3,2,0
6897,15.72,71.0,7325,2365,3702,1280447,0,128,4,-175.5,5.0,1027.9,2593326116,5,16095,816,2523.9,2241.4,424,0.34,0,15,16,4,255,2,2,0
6898,8.26,71.0,7325,2354,3693,1279984,0,128,4,-175.5,5.0,1028.2,2593326512,5,16095,816,2523.9,2241.4,424,7.50,1,22,16,7342,6,64,2,0
6899,15.20,71.0,7325,2349,3687,1279632,0,128,4,-175.5,5.0,1028.3,2593327712,5,16095,816,2523.9,2241.4,424,0.38,1,15,16,5,282,2,2,0
6900,10.45,71.0,7325,2339,3675,1272839,0,128,4,-175.5,5.0,1028.5,2593329544,5,16095,816,2523.9,2241.4,424,7.53,1,23,16,7426,7,3,3,0
6901,16.36,71.0,7325,2339,3675,1272839,0,128,4,-175.5,5.0,1028.7,2593330412,5,16095,816,2523.9,2241.4,424,0.34,1,15,16,5,258,2,2,0
6902,9.42,71.0,7325,2330,3665,1272084,0,128,4,-175.5,5.0,1028.9,2593330708,5,16095,816,2523.9,2241.4,424,7.27,1,15,19,7134,5,50,2,0
6903,15.57,71.0,7325,2325,3659,1271542,0,128,4,-175.5,5.0,1029.1,2593331908,5,16095,816,2523.9,2241.4,424,0.37,1,20,15,5,285,3,1,0
6904,9.23,71.0,7325,2325,3660,1271544,0,128,4,-175.5,5.0,1029.3,2593333308,5,16095,816,2523.9,2241.4,424,7.14,1,15,16,7055,5,2,2,0
6905,15.95,71.0,7325,2325,3659,1271542,0,128,4,-175.5,5.0,1029.4,2593333504,5,16095,816,2523.9,2241.4,424,0.39,1,15,16,5,253,2,2,0
6906,9.22,71.0,7325,2325,3660,1271544,0,128,4,-175.5,5.0,1029.7,2593333884,5,16095,816,2523.9,2241.4,424,7.45,1,15,16,7325,4,48,1,0
6907,15.94,71.0,7325,2326,3659,1271542,0,128,4,-175.5,5.0,1029.8,2593337328,5,16095,816,2523.9,2241.4,424,0.38,1,16,15,5,290,2,2,0
6908,9.32,71.0,7325,2327,3660,1271544,0,128,4,-175.5,5.0,1030.1,2593334476,5,16095,816,2523.9,2241.4,424,7.80,1,15,16,7716,7,3,2,0
6909,15.69,71.0,7325,2327,3659,1271542,0,128,4,-175.5,5.0,1030.2,2593337920,5,16095,816,2523.9,2241.4,424,0.37,1,19,16,6,276,2,1,0
6910,9.47,71.0,7325,2327,3660,1271544,0,128,4,-175.5,5.0,1030.4,2593335068,5,16095,816,2523.9,2241.4,424,7.50,1,15,16,7335,8,64,2,0
6911,15.91,71.0,7325,2327,3659,1271542,0,128,4,-175.5,5.0,1030.6,2593335264,5,16095,816,2523.9,2241.4,424,0.36,1,16,22,5,264,2,2,0
6912,9.24,71.0,7325,2322,3655,1271194,0,128,4,-175.5,5.0,1030.8,2593335660,5,16095,816,2523.9,2241.4,424,7.56,1,15,23,7463,5,3,2,0
6913,14.95,71.0,7325,2281,3614,1265207,0,128,4,-175.5,5.0,1031.0,2593335856,5,16095,816,2523.9,2241.4,424,0.34,1,16,16,5,261,3,1,0
6914,9.22,71.0,7325,2276,3610,1264859,0,128,4,-175.5,5.0,1031.2,2593337256,5,16095,816,2523.9,2241.4,424,7.36,1,15,16,7213,6,52,1,0
6915,15.37,71.0,7325,2276,3609,1264857,0,128,4,-175.5,5.0,1031.3,2593337452,5,16095,816,2523.9,2241.4,424,0.37,2,15,16,5,293,2,2,0
6916,9.24,71.0,7325,2276,3610,1264859,0,128,4,-175.5,5.0,1031.5,2593337848,5,16095,816,2523.9,2241.4,424,7.21,1,15,16,7122,6,3,2,0
6917,15.85,71.0,7325,2276,3609,1264857,0,128,4,-175.5,5.0,1031.7,2593338028,5,16095,816,2523.9,2241.4,424,0.36,1,17,16,6,260,2,1,0
6918,8.59,71.0,7325,2276,3610,1264859,0,128,4,-175.5,5.0,1031.9,2593338424,5,16095,816,2523.9,2241.4,424,7.44,1,17,17,7300,5,51,2,0
6919,15.76,71.0,7325,2276,3609,1264857,0,128,4,-175.5,5.0,1032.0,2593338620,5,16095,816,2523.9,2241.4,424,0.32,1,15,16,5,246,2,1,0
6920,7.95,71.0,7325,2175,3509,1235319,0,128,4,-175.5,5.0,1032.3,2593339016,5,16095,816,2523.9,2241.4,424,6.89,1,15,16,6810,4,2,1,0
6921,15.42,71.0,7325,2175,3508,1235317,0,128,4,-175.5,5.0,1032.4,2593340216,5,16095,816,2523.9,2241.4,424,0.34,1,15,16,4,260,3,1,0
6922,8.18,71.0,7325,2175,3509,1235319,0,128,4,-175.5,5.0,1032.6,2593340612,5,16095,816,2523.9,2241.4,424,7.56,1,18,15,7425,5,56,2,0
6923,15.01,71.0,7325,2172,3503,1234897,0,128,4,-175.5,5.0,1032.8,2593340808,5,16095,816,2523.9,2241.4,424,0.34,0,15,16,5,263,3,1,0
6924,7.67,71.0,7325,2167,3504,1234899,0,128,4,-175.5,5.0,1033.0,2593342192,5,16095,816,2523.9,2241.4,424,7.40,0,15,16,7296,7,7,4,0
6925,16.15,71.0,7325,2167,3503,1234897,0,128,4,-175.5,5.0,1033.1,2593345620,5,16095,816,2523.9,2241.4,424,0.37,1,16,16,5,289,3,1,0
6926,7.19,71.0,7325,2165,3504,1234899,0,128,4,-175.5,5.0,1033.3,2593342784,5,16095,816,2523.9,2241.4,424,7.26,1,16,16,7132,6,50,2,0
6927,14.84,71.0,7325,2165,3503,1234897,0,128,4,-175.5,5.0,1033.4,2593346212,5,16095,816,2523.9,2241.4,424,0.35,0,19,18,5,264,2,2,0
6928,8.00,71.0,7325,2165,3504,1234899,0,128,4,-175.5,5.0,1033.7,2593343376,5,16095,816,2523.9,2241.4,424,7.06,2,23,23,6948,4,3,2,0
6929,15.74,71.0,7325,2148,3488,1231507,0,128,4,-175.5,5.0,1033.8,2593346804,5,16095,816,2523.9,2241.4,424,0.35,1,16,16,5,267,3,1,0
6930,9.62,71.0,7325,2147,3489,1231509,0,128,4,-175.5,5.0,1034.0,2593345332,5,16095,816,2523.9,2241.4,424,7.48,1,14,16,7352,5,49,1,0
6931,16.88,71.0,7325,2147,3488,1231507,0,128,4,-175.5,5.0,1034.2,2593345168,5,16095,816,2523.9,2241.4,424,0.38,1,15,16,5,285,5,2,0
6932,7.43,71.0,7325,2132,3474,1230169,0,128,4,-175.5,5.0,1034.4,2593345564,5,16095,816,2523.9,2241.4,424,7.40,1,15,21,7311,5,3,2,0
6933,15.98,71.0,7325,2132,3473,1230167,0,128,4,-175.5,5.0,1034.5,2593346764,5,16095,816,2523.9,2241.4,424,0.34,1,15,15,5,258,2,2,0
6934,8.17,71.0,7325,2132,3474,1230169,0,128,4,-175.5,5.0,1034.8,2593347144,5,16095,816,2523.9,2241.4,424,7.35,1,15,16,7212,7,57,2,0
6935,15.57,71.0,7325,2132,3473,1230167,0,128,4,-175.5,5.0,1034.9,2595003676,5,16095,816,2523.9,2241.4,424,48.28,1,15,15,6,277,2,1,0
6936,58.56,71.0,7325,2137,3474,1233159,0,128,4,-175.5,5.0,1035.1,2595019752,5,16095,816,2523.9,2241.4,424,7.13,1,15,15,7042,5,2,2,0
6937,15.99,71.0,7325,2132,3469,1232739,0,128,4,-175.5,5.0,1036.0,2595020048,5,16095,816,2523.9,2241.4,424,0.35,1,16,16,5,268,2,2,0
6938,8.77,71.0,7325,2132,3469,1232739,0,128,4,-175.5,5.0,1036.3,2595020328,5,16095,816,2523.9,2241.4,424,7.09,1,16,17,6961,4,52,1,0
6939,15.22,71.0,7325,2132,3468,1232737,0,128,4,-175.5,5.0,1036.4,2595023708,5,16095,816,2523.9,2241.4,424,0.34,0,15,16,5,259,2,1,0
6940,7.74,71.0,7325,2122,3464,1232319,0,128,4,-175.5,5.0,1036.6,2595020920,5,16095,816,2523.9,2241.4,424,7.18,1,15,15,7092,6,4,3,0
6941,14.43,71.0,7325,2122,3463,1232317,0,128,4,-175.5,5.0,1036.7,2595024300,5,16095,816,2523.9,2241.4,424,0.35,1,14,15,5,271,1,1,0
6942,7.64,71.0,7325,2131,3464,1232319,0,128,4,-175.5,5.0,1036.9,2595021512,5,16095,816,2523.9,2241.4,424,7.69,1,15,15,7561,5,54,2,0
6943,15.20,71.0,7325,2131,3463,1232317,0,128,4,-175.5,5.0,1037.1,2595024892,5,16095,816,2523.9,2241.4,424,0.35,1,16,20,5,264,2,1,0
6944,6.87,71.0,7325,2131,3464,1232319,0,128,4,-175.5,5.0,1037.3,2595022104,5,16095,816,2523.9,2241.4,424,6.98,1,14,15,6902,4,2,2,0
6945,14.46,71.0,7325,2131,3463,1232317,0,128,4,-175.5,5.0,1037.4,2595025484,5,16095,816,2523.9,2241.4,424,0.35,1,16,15,5,270,2,2,0
6946,7.24,71.0,7325,2131,3464,1232319,0,128,4,-175.5,5.0,1037.6,2595022696,5,16095,816,2523.9,2241.4,424,7.27,1,15,20,7135,5,49,2,0
6947,15.18,71.0,7325,2129,3463,1232317,0,128,4,-175.5,5.0,1037.7,2595026076,5,16095,816,2523.9,2241.4,424,0.35,1,15,16,5,269,3,1,0
6948,7.99,71.0,7325,2129,3464,1232319,0,128,4,-175.5,5.0,1037.9,2595023288,5,16095,816,2523.9,2241.4,424,7.50,0,15,16,7412,7,3,2,0
6949,14.75,71.0,7325,2125,3463,1232317,0,128,4,-175.5,5.0,1038.1,2595023484,5,16095,816,2523.9,2241.4,424,0.35,1,14,16,5,272,3,2,0
6950,8.12,71.0,7325,2116,3464,1232319,0,128,4,-175.5,5.0,1038.3,2595023880,5,16095,816,2523.9,2241.4,424,6.93,1,15,15,6802,4,46,2,0
6951,15.50,71.0,7325,2116,3463,1232317,0,128,4,-175.5,5.0,1038.4,2595024076,5,16095,816,2523.9,2241.4,424,0.35,1,15,16,4,265,2,1,0
6952,8.03,71.0,7325,2116,3464,1232319,0,128,4,-175.5,5.0,1038.6,2595024472,5,16095,816,2523.9,2241.4,424,7.39,1,21,23,7295,5,3,2,0
6953,15.09,71.0,7325,2116,3463,1232317,0,128,4,-175.5,5.0,1038.8,2595024668,5,16095,816,2523.9,2241.4,424,0.35,1,15,15,5,267,2,2,0
6954,8.09,71.0,7325,2116,3464,1232319,0,128,4,-175.5,5.0,1039.0,2595025064,5,16095,816,2523.9,2241.4,424,7.36,1,17,17,7221,3,48,2,0
6955,15.64,71.0,7325,2116,3463,1232317,0,128,4,-175.5,5.0,1039.1,2595025244,5,16095,816,2523.9,2241.4,424,0.37,1,31,16,5,272,2,2,0
6956,7.46,71.0,7325,2116,3464,1232319,0,128,4,-175.5,5.0,1039.3,2595025640,5,16095,816,2523.9,2241.4,424,7.74,1,14,16,7657,6,2,2,0
6957,15.47,71.0,7325,2115,3463,1232317,0,128,4,-175.5,5.0,1039.5,2595025836,5,16095,816,2523.9,2241.4,424,0.35,1,15,15,5,267,2,2,0
6958,8.35,71.0,7325,2115,3464,1232319,0,128,4,-175.5,5.0,1039.7,2595026232,5,16095,816,2523.9,2241.4,424,7.38,1,15,15,7241,11,51,4,0
6959,14.73,71.0,7325,2115,3463,1232317,0,128,4,-175.5,5.0,1039.8,2595026428,5,16095,816,2523.9,2241.4,424,0.34,1,15,16,5,250,2,1,0
6960,9.19,74.0,7325,2115,3464,1232319,0,128,4,-175.5,5.0,1040.0,2595027256,5,16095,816,2523.9,2241.4,424,7.13,1,14,15,7046,7,3,2,0
6961,16.09,74.0,7325,2115,3463,1232317,0,128,4,-175.5,5.0,1040.2,2595027020,5,16095,816,2523.9,2241.4,424,0.38,1,14,16,5,295,2,2,0
6962,10.58,74.0,7325,2115,3464,1232319,0,128,4,-175.5,5.0,1040.4,2595027400,5,16095,816,2523.9,2241.4,424,7.50,1,16,16,7364,6,54,2,0
6963,15.65,74.0,7325,2115,3464,1232319,0,128,4,-175.5,5.0,1040.6,2595030864,5,16095,816,2523.9,2241.4,424,0.34,1,15,16,6,256,3,1,0
6964,7.88,74.0,7325,2119,3464,1232319,0,128,4,-175.5,5.0,1040.8,2595027992,5,16095,816,2523.9,2241.4,424,7.36,3,21,16,7246,6,3,3,0
6965,15.42,74.0,7325,2120,3463,1232317,0,128,4,-175.5,5.0,1040.9,2595031356,5,16095,816,2523.9,2241.4,424,0.35,1,15,16,5,269,3,1,0
6966,8.41,74.0,7325,2120,3464,1232319,0,128,4,-175.5,5.0,1041.2,2595028584,5,16095,816,2523.9,2241.4,424,7.31,1,15,16,7144,8,80,3,0
6967,14.68,74.0,7325,2120,3463,1232317,0,128,4,-175.5,5.0,1041.3,2595028780,5,16095,816,2523.9,2241.4,424,0.34,1,15,16,5,254,2,2,0
6968,7.56,74.0,7325,2120,3464,1232319,0,128,4,-175.5,5.0,1041.5,2595029176,5,16095,816,2523.9,2241.4,424,7.22,1,15,16,7125,5,3,2,0
6969,14.60,74.0,7325,2120,3463,1232317,0,128,4,-175.5,5.0,1041.6,2595032540,5,16095,816,2523.9,2241.4,424,0.33,1,15,16,5,253,2,2,0
6970,7.60,74.0,7325,2120,3464,1232319,0,128,4,-175.5,5.0,1041.8,2595029768,5,16095,816,2523.9,2241.4,424,7.08,1,28,16,6937,4,49,2,0
6971,14.84,74.0,7325,2106,3450,1224772,0,128,4,-175.5,5.0,1041.9,2595033132,5,16095,816,2523.9,2241.4,424,0.34,1,15,16,5,267,2,1,0
6972,8.40,74.0,7325,2107,3446,1223904,0,128,4,-175.5,5.0,1042.2,2595031364,5,16095,816,2523.9,2241.4,424,7.67,1,15,16,7589,5,2,2,0
6973,15.71,74.0,7325,2107,3445,1223902,0,128,4,-175.5,5.0,1042.3,2595031560,5,16095,816,2523.9,2241.4,424,0.37,1,15,17,5,287,2,1,0
6974,7.89,74.0,7325,2107,3446,1223904,0,128,4,-175.5,5.0,1042.5,2595031956,5,16095,816,2523.9,2241.4,424,7.38,1,16,16,7244,6,54,2,0
6975,15.13,74.0,7325,2107,3445,1223902,0,128,4,-175.5,5.0,1042.6,2595032152,5,16095,816,2523.9,2241.4,424,0.34,1,15,16,5,260,1,1,0
6976,8.27,74.0,7325,2107,3446,1223904,0,128,4,-175.5,5.0,1042.9,2595032548,5,16095,816,2523.9,2241.4,424,7.54,0,15,16,7452,6,3,2,0
6977,14.45,74.0,7325,2107,3445,1223902,0,128,4,-175.5,5.0,1043.0,2595032744,5,16095,816,2523.9,2241.4,424,0.34,1,17,15,5,254,2,1,0
6978,8.06,74.0,7325,2107,3446,1223904,0,128,4,-175.5,5.0,1043.2,2595033124,5,16095,816,2523.9,2241.4,424,7.40,1,16,16,7264,4,51,2,0
6979,14.73,74.0,7325,2107,3445,1223902,0,128,4,-175.5,5.0,1043.3,2595033320,5,16095,816,2523.9,2241.4,424,0.37,1,15,15,5,292,2,2,0
6980,7.94,74.0,7325,2107,3446,1223904,0,128,4,-175.5,5.0,1043.6,2595033716,5,16095,816,2523.9,2241.4,424,7.15,0,15,16,7049,4,3,2,0
6981,14.60,74.0,7325,2107,3445,1223902,0,128,4,-175.5,5.0,1043.7,2595033912,5,16095,816,2523.9,2241.4,424,0.34,1,15,17,5,260,3,1,0
6982,7.26,74.0,7325,2107,3446,1223904,0,128,4,-175.5,5.0,1043.9,2595034308,5,16095,816,2523.9,2241.4,424,7.16,1,16,16,7022,6,52,2,0
6983,14.95,74.0,7325,2107,3432,1215462,0,128,4,-175.5,5.0,1044.0,2595034504,5,16095,816,2523.9,2241.4,424,0.33,1,15,16,5,257,2,2,0
6984,7.84,74.0,7325,2107,3433,1215464,0,128,4,-175.5,5.0,1044.2,2595035904,5,16095,816,2523.9,2241.4,424,7.87,1,14,15,7794,4,2,2,0
6985,16.61,74.0,7325,2107,3432,1215462,0,128,4,-175.5,5.0,1044.3,2595036100,5,16095,816,2523.9,2241.4,424,0.34,1,16,16,5,258,2,2,0
6986,7.94,74.0,7325,2107,3433,1215464,0,128,4,-175.5,5.0,1044.6,2595036480,5,16095,816,2523.9,2241.4,424,6.96,1,14,16,6842,3,47,2,0
6987,15.04,74.0,7325,2107,3432,1215462,0,128,4,-175.5,5.0,1044.7,2595039828,5,16095,816,2523.9,2241.4,424,0.38,1,16,21,5,289,2,2,0
6988,8.94,74.0,7325,2103,3433,1215464,0,128,4,-175.5,5.0,1044.9,2596693392,5,16095,816,2523.9,2241.4,424,54.66,1,16,30,7368,4,3,2,0
6989,72.12,74.0,7325,2103,3432,1217832,0,128,4,-175.5,5.0,1045.1,2596697508,5,16095,816,2523.9,2241.4,424,0.35,1,17,31,5,254,3,1,0
6990,10.35,74.0,7325,2093,3423,1217214,0,128,4,-175.5,5.0,1046.2,2596698320,5,16095,816,2523.9,2241.4,424,7.41,1,15,17,7271,7,58,2,0
6991,17.39,74.0,7325,2083,3413,1215924,0,128,4,-175.5,5.0,1046.3,2596699188,5,16095,816,2523.9,2241.4,424,0.42,1,16,24,5,333,4,2,0
6992,7.56,74.0,7325,2088,3413,1215924,0,128,4,-175.5,5.0,1046.6,2596700488,5,16095,816,2523.9,2241.4,424,7.29,1,15,15,7195,4,3,2,0
6993,14.79,74.0,7325,2088,3412,1215922,0,128,4,-175.5,5.0,1046.7,2596700684,5,16095,816,2523.9,2241.4,424,0.34,1,15,16,5,261,3,1,0
6994,7.06,74.0,7325,2088,3413,1215924,0,128,4,-175.5,5.0,1046.9,2596701080,5,16095,816,2523.9,2241.4,424,7.53,1,15,16,7386,7,58,2,0
6995,14.78,74.0,7325,2088,3412,1215922,0,128,4,-175.5,5.0,1047.0,2596701276,5,16095,816,2523.9,2241.4,424,0.34,1,14,20,10,259,2,1,0
6996,8.14,74.0,7325,2088,3413,1215924,0,128,4,-175.5,5.0,1047.2,2596701672,5,16095,816,2523.9,2241.4,424,6.89,0,16,16,6814,3,2,2,0
6997,15.21,74.0,7325,2088,3412,1215922,0,128,4,-175.5,5.0,1047.4,2596701852,5,16095,816,2523.9,2241.4,424,0.35,1,15,15,5,262,2,2,0
6998,7.94,74.0,7325,2088,3413,1215924,0,128,4,-175.5,5.0,1047.6,2596702248,5,16095,816,2523.9,2241.4,424,7.50,1,17,16,7344,7,56,2,0
6999,16.15,74.0,7325,2088,3412,1215922,0,128,4,-175.5,5.0,1047.7,2596702444,5,16095,816,2523.9,2241.4,424,0.36,1,15,16,6,277,2,2,0
7000,8.17,74.0,7325,2088,3413,1215924,0,128,4,-175.5,5.0,1047.9,2596702840,5,16095,816,2523.9,2241.4,424,7.59,1,15,16,7500,5,3,2,0
7001,15.33,74.0,7325,2088,3409,1215560,0,128,4,-175.5,5.0,1048.1,2596703036,5,16095,816,2523.9,2241.4,424,0.56,2,120,28,12,354,2,1,0
7002,7.53,74.0,7325,2088,3410,1215562,0,128,4,-175.5,5.0,1048.3,2596703416,5,16095,816,2523.9,2241.4,424,7.65,1,16,17,7508,5,51,2,0
7003,15.15,74.0,7325,1925,3246,1031724,0,128,4,-175.5,5.0,1048.4,2596706700,5,16095,816,2523.9,2241.4,424,0.36,1,18,16,4,272,2,1,0
7004,8.61,74.0,7325,1917,3219,1030604,0,128,4,-175.5,5.0,1048.6,2596705012,5,16095,816,2523.9,2241.4,424,7.19,2,103,41,6974,5,3,2,0
7005,14.91,74.0,7325,1919,3215,1030572,0,128,4,-175.5,5.0,1048.8,2596709300,5,16095,816,2523.9,2241.4,424,0.34,1,16,16,6,257,2,2,0
7006,6.83,74.0,7325,1919,3216,1030574,0,128,4,-175.5,5.0,1049.0,2596706608,5,16095,816,2523.9,2241.4,424,7.37,1,14,14,7237,5,52,2,0
7007,15.56,74.0,7325,1919,3215,1030572,0,128,4,-175.5,5.0,1049.1,2596706804,5,16095,816,2523.9,2241.4,424,0.33,0,15,16,5,255,2,2,0
7008,7.54,74.0,7325,1919,3216,1030574,0,128,4,-175.5,5.0,1049.3,2596707200,5,16095,816,2523.9,2241.4,424,6.78,0,14,15,6692,3,2,2,0
7009,13.43,74.0,7325,1919,3215,1030572,0,128,4,-175.5,5.0,1049.4,2596707396,5,16095,816,2523.9,2241.4,424,0.33,1,14,16,4,253,2,1,0
7010,7.05,74.0,7325,1919,3216,1030574,0,128,4,-175.5,5.0,1049.6,2596707792,5,16095,816,2523.9,2241.4,424,7.74,0,13,13,7628,4,48,1,0
7011,14.04,74.0,7325,1919,3215,1030572,0,128,4,-175.5,5.0,1049.7,2596707988,5,16095,816,2523.9,2241.4,424,0.32,0,14,16,5,248,3,1,0
7012,7.24,74.0,7325,1916,3213,1030061,0,128,4,-175.5,5.0,1050.0,2596708384,5,16095,816,2523.9,2241.4,424,7.13,1,14,15,7056,5,3,2,0
7013,14.77,74.0,7325,1916,3212,1030059,0,128,4,-175.5,5.0,1050.1,2596708580,5,16095,816,2523.9,2241.4,424,0.33,0,14,16,5,252,2,2,0
7014,6.62,74.0,7325,1914,3207,1029696,0,128,4,-175.5,5.0,1050.3,2596708976,5,16095,816,2523.9,2241.4,424,6.88,0,15,16,6760,4,47,2,0
7015,14.67,74.0,7325,1909,3181,1028964,0,128,4,-175.5,5.0,1050.4,2596709172,5,16095,816,2523.9,2241.4,424,0.38,1,14,25,11,284,3,1,0
7016,7.94,74.0,7325,1904,3177,1028616,0,128,4,-175.5,5.0,1050.6,2596710556,5,16095,816,2523.9,2241.4,424,7.65,1,15,16,7541,12,4,3,0
7017,16.00,74.0,7325,1904,3176,1028614,0,128,4,-175.5,5.0,1050.7,2596710752,5,16095,816,2523.9,2241.4,424,0.48,0,15,16,4,393,6,3,0
7018,8.14,74.0,7325,1904,3177,1028616,0,128,4,-175.5,5.0,1051.0,2596711148,5,16095,816,2523.9,2241.4,424,6.95,1,15,16,6808,4,49,2,0
7019,14.57,74.0,7325,1904,3176,1028614,0,128,4,-175.5,5.0,1051.1,2596711344,5,16095,816,2523.9,2241.4,424,0.38,1,17,18,6,282,3,2,0
7020,9.48,74.0,7325,1904,3177,1028616,0,128,4,-175.5,5.0,1051.3,2596712084,5,16095,816,2523.9,2241.4,424,7.60,1,15,17,7509,6,3,3,0
7021,15.52,74.0,7325,1904,3176,1028614,0,128,4,-175.5,5.0,1051.5,2596714992,5,16095,816,2523.9,2241.4,424,0.34,1,16,16,5,256,2,1,0
7022,7.06,74.0,7325,1899,3172,1028376,0,128,4,-175.5,5.0,1051.7,2596712316,5,16095,816,2523.9,2241.4,424,6.95,1,15,16,6827,3,45,2,0
7023,14.32,74.0,7325,1894,3166,1026419,0,128,4,-175.5,5.0,1051.8,2596715584,5,16095,816,2523.9,2241.4,424,0.34,1,15,16,5,262,2,2,0
7024,7.41,74.0,7325,1889,3158,1025839,0,128,4,-175.5,5.0,1052.0,2596713912,5,16095,816,2523.9,2241.4,424,7.28,1,15,16,7186,4,2,2,0
7025,14.58,74.0,7325,1889,3157,1025837,0,128,4,-175.5,5.0,1052.1,2596718184,5,16095,816,2523.9,2241.4,424,0.33,1,15,15,5,255,1,1,0
7026,7.29,74.0,7325,1889,3133,1025079,0,128,4,-175.5,5.0,1052.3,2596715508,5,16095,816,2523.9,2241.4,424,7.13,2,19,15,6995,5,51,2,0
7027,15.29,74.0,7325,1884,3127,1024167,0,128,4,-175.5,5.0,1052.4,2596716708,5,16095,816,2523.9,2241.4,424,0.34,0,16,16,5,254,2,1,0
7028,7.78,74.0,7325,1884,3128,1024169,0,128,4,-175.5,5.0,1052.7,2596718108,5,16095,816,2523.9,2241.4,424,7.63,0,14,16,7538,5,2,2,0
7029,14.83,74.0,7325,1884,3127,1024167,0,128,4,-175.5,5.0,1052.8,2596718304,5,16095,816,2523.9,2241.4,424,0.38,1,15,16,5,303,2,1,0
7030,7.57,74.0,7325,1885,3116,1022721,0,128,4,-175.5,5.0,1053.0,2596718700,5,16095,816,2523.9,2241.4,424,7.56,1,16,18,7415,4,51,2,0
7031,15.61,74.0,7325,1885,3115,1022703,0,128,4,-175.5,5.0,1053.1,2596719900,5,16095,816,2523.9,2241.4,424,0.35,1,15,17,5,269,2,2,0
7032,7.19,74.0,7301,1885,3116,1022705,0,122,4,-175.5,5.0,1053.4,2594161984,5,16095,816,2523.9,2241.4,424,97.40,979,14,20,0,0,0,0,46920
7033,109.28,74.0,7295,2136,3322,1110235,0,122,4,-175.5,5.0,1053.5,2595059124,5,15994,816,2523.9,2241.4,424,56.66,1683,16,19,0,0,0,0,0
7034,67.48,74.0,7295,2133,3299,1108239,0,122,4,-175.5,5.0,1055.1,2596641712,5,15994,816,2523.9,2241.4,424,56.05,805,15,467,7090,0,0,0,0
7035,107.73,74.0,7295,2105,3239,1103677,8,122,4,-175.5,5.0,1056.1,2593104004,5,15709,816,2526.1,2243.5,424,59.84,3361,15,9685,0,0,0,0,0
7036,71.62,74.0,7295,2087,3220,1103829,11,122,4,-175.5,5.0,1057.7,2594239804,5,15709,816,2526.2,2243.7,424,58.27,810,14,10242,0,0,0,0,0
7037,69.61,74.0,7295,2088,3220,1104664,17,122,4,-175.5,5.0,1058.8,2592159120,5,15221,816,2527.2,2244.7,424,54.53,4539,17,5133,0,0,0,0,0
7038,65.92,74.0,7295,2077,3210,1105309,19,122,4,-175.5,5.0,1059.9,2594357256,5,15074,816,2527.3,2244.8,424,57.07,1396,14,11994,0,0,0,0,0
7039,68.22,74.0,7295,2074,3185,1105454,25,122,4,-175.5,5.0,1060.8,2594467680,5,15074,816,2527.7,2245.1,424,12.40,1,15,12345,0,0,0,0,0
7040,22.40,74.0,7295,2074,3185,1105454,28,122,4,-175.5,5.0,1061.9,2594541900,5,15074,816,2528.7,2246.1,424,8.12,1,14,8067,0,0,0,0,0
7041,16.79,74.0,7295,2034,3145,1102424,27,122,4,-175.5,5.0,1062.2,2594890728,5,15074,816,2528.7,2246.2,424,9.89,1,17,9836,0,0,0,0,0
7042,18.35,74.0,7295,2034,3145,1102424,27,122,4,-175.5,5.0,1062.5,2595066156,5,15074,816,2528.8,2246.2,424,10.99,1,14,4409,6520,0,0,0,0
7043,19.07,74.0,7296,2028,3140,1102074,29,122,5,-175.5,5.0,1062.7,2595155164,5,15074,816,2528.8,2246.2,424,4.57,1,14,4140,10,273,2,89,0
7044,12.91,74.0,7296,2024,3135,1099704,24,123,4,-175.5,5.0,1063.0,2595272128,5,15074,816,2529.2,2246.6,424,11.82,1,7392,4386,0,0,0,0,0
7045,21.01,74.0,7297,2024,3137,1099708,16,123,5,-175.5,5.0,1063.2,2595462104,5,15074,816,2529.6,2247.0,424,4.50,1,28,4085,6,260,3,86,0
7046,12.79,74.0,7297,2015,3132,1099288,14,124,4,-175.5,5.0,1063.5,2595507020,5,15074,816,2529.6,2247.0,424,13.27,1,1516,4999,6710,0,0,0,0
7047,21.23,74.0,7298,2005,3131,1098686,46,124,5,-175.5,5.0,1063.7,2595869020,5,15074,816,2529.9,2247.3,424,7.75,1,13,4504,7,283,2,2899,0
7048,15.66,74.0,7308,1962,3055,1094751,8,124,5,-175.5,5.0,1064.0,2594515492,5,15104,816,2530.8,2248.2,424,54.85,2,15,4517,6771,0,0,0,0
7049,64.77,74.0,7308,1956,3049,1099269,36,124,5,-175.5,5.0,1064.3,2595107112,5,15104,816,2531.1,2248.5,424,8.81,1,18,8752,0,0,0,0,0
7050,19.49,74.0,7308,1940,3035,1096356,32,124,5,-175.5,5.0,1065.2,2598485296,5,15151,816,2531.8,2249.2,424,54.13,1,15,4039,6273,0,0,0,0
7051,73.49,74.0,7308,1936,3030,1095896,48,124,5,-175.5,5.0,1065.5,2598806204,5,15151,816,2531.8,2249.2,424,8.86,1,32,8782,0,0,0,0,0
7052,17.04,74.0,7308,1936,3030,1095896,50,124,5,-175.5,5.0,1066.6,2598870204,5,15151,816,2531.9,2249.3,424,10.64,1,19,4321,6242,0,0,0,0
7053,19.55,74.0,7308,1920,3015,1094636,7,124,5,-175.5,5.0,1066.9,2597376692,5,15193,816,2532.1,2249.5,424,54.30,1,15,9899,0,0,0,0,0
7054,64.65,74.0,7308,1915,3009,1093734,0,125,4,-175.5,5.0,1067.2,2597571968,5,15193,816,2532.4,2249.8,424,14.12,1,10200,3877,0,0,0,0,0
7055,23.07,74.0,7571,1852,2953,1076323,201,125,6,-175.5,5.0,1068.2,2597911856,5,15193,816,2533.2,2250.6,424,4.74,1,29,22,7,407,4,4210,0
7056,18.57,74.0,7571,1843,2945,1075957,197,125,6,-175.5,5.0,1068.5,2596379144,5,15197,816,2533.2,2250.6,424,57.31,2,23,5770,7145,0,0,0,0
7057,67.75,74.0,7577,1820,2924,1073707,151,125,6,-175.5,5.0,1068.8,2599203780,5,15244,816,2533.2,2250.7,424,48.85,1,21,3917,6,276,3,5,0
7058,66.70,74.0,7579,1820,2924,1073707,101,125,6,-175.5,5.0,1069.8,2597712004,5,15293,816,2533.3,2250.7,424,52.71,1,34,2100,6688,0,0,0,0
7059,69.38,25.0,7585,1793,2897,1072179,51,125,6,-175.5,5.0,1070.8,2596278840,5,15340,816,2533.3,2250.7,424,47.23,1,23,2691,5,260,2,3,0
7060,64.97,25.0,7589,1779,2881,1069002,1,127,5,-175.5,5.0,1071.8,2599018600,5,15388,816,2533.3,2250.7,424,53.65,1,1571,2190,6283,0,0,0,0
7061,71.53,25.0,7590,1763,2872,1067304,0,127,6,-175.5,5.0,1072.8,2597447016,5,15389,816,2533.3,2250.7,424,44.60,1,25,211,6,279,3,90,0
7062,62.52,25.0,7590,1752,2862,1065389,0,128,5,-175.5,5.0,1073.9,2597447880,5,15389,816,2533.3,2250.7,424,8.41,2,1481,17,6852,0,0,0,0
7063,24.33,25.0,7591,1747,2865,1065025,137,128,5,-175.5,5.0,1074.8,2598253714,5,15389,816,2533.3,2250.7,424,5.01,1,1446,18,5,257,2,3236,0
7064,14.39,25.0,7593,1747,2875,1065045,104,128,5,-175.5,5.0,1075.2,2600655904,5,15421,816,2533.9,2251.4,424,51.85,1,19,8257,0,0,0,0,0
7065,63.26,25.0,7593,1747,2875,1066590,95,128,5,-175.5,5.0,1075.4,2599592128,5,15438,816,2534.0,2251.4,424,49.32,1,23,4322,7,293,2,2,0
7066,66.02,25.0,7595,1742,2869,1066168,80,128,5,-175.5,5.0,1076.4,2598602740,5,15455,816,2534.3,2251.7,424,56.49,2,24,4602,6307,0,0,0,0
7067,74.51,25.0,7597,1738,2864,1066488,48,128,5,-175.5,5.0,1077.3,2601444016,5,15486,816,2534.7,2252.1,424,50.86,1,22,6410,8,349,3,2,0
7068,69.55,25.0,7597,1739,2864,1066488,41,128,5,-175.5,5.0,1078.5,2599959028,5,15493,816,2534.8,2252.1,424,62.73,1,18,18400,0,0,0,0,0
7069,73.37,25.0,7599,1733,2859,1066028,0,128,5,-175.5,5.0,1079.5,2598507664,5,15533,816,2534.8,2252.1,424,47.05,1,17,2017,5,266,2,2,0
7070,56.64,25.0,7599,1734,2858,1066026,0,129,4,-175.5,5.0,1080.6,2598509388,5,15533,816,2534.8,2252.1,424,10.72,2,10649,20,0,0,0,0,0
7071,18.81,25.0,7599,1729,2861,1065622,0,129,4,-175.5,5.0,1081.5,2598519084,5,15533,816,2534.8,2252.1,424,0.34,1,15,16,4,260,2,1,0
7072,16.50,25.0,7599,1725,2856,1064752,0,129,4,-175.5,5.0,1081.7,2598519068,5,15533,816,2534.8,2252.1,424,6.92,1,22,16,6814,5,3,2,0
7073,14.30,25.0,7599,1725,2856,1064752,0,129,4,-175.5,5.0,1082.0,2598519364,5,15533,816,2534.8,2252.1,424,0.35,1,15,15,5,276,2,1,0
7074,6.73,25.0,7604,1725,2856,1064752,0,129,4,-175.5,5.0,1082.2,2601183580,5,15532,816,2534.8,2252.1,424,51.31,1,18,16,6970,5,1050,0,0
7075,60.52,25.0,7604,1734,2863,1064574,0,129,4,-175.5,5.0,1082.3,2601184444,5,15532,816,2534.8,2252.1,424,0.34,1,16,15,5,260,2,2,0
7076,9.37,25.0,7604,1732,2864,1064576,0,129,4,-175.5,5.0,1083.2,2601184840,5,15532,816,2534.8,2252.1,424,6.62,1,16,16,6540,5,2,2,0
7077,14.28,25.0,7604,1732,2863,1064574,0,129,4,-175.5,5.0,1083.3,2601198116,5,15532,816,2534.8,2252.1,424,0.33,1,16,16,5,257,2,2,0
7078,11.21,25.0,7608,1732,2864,1064576,0,129,4,-175.5,5.0,1083.6,2599695620,5,15531,816,2534.8,2252.1,424,51.94,1,16,16,6684,5,1147,2,0
7079,62.36,25.0,7608,1726,2858,1059423,0,129,4,-175.5,5.0,1083.7,2599700848,5,15531,816,2534.8,2252.1,424,0.37,1,18,16,5,268,3,2,0
7080,13.38,25.0,7608,1810,2943,1071753,0,129,4,-175.5,5.0,1084.7,2599700436,5,15531,816,2534.8,2252.1,424,7.22,1,22,15,7128,12,3,2,0
7081,16.63,25.0,7608,1811,2943,1071753,0,129,4,-175.5,5.0,1084.9,2599702444,5,15531,816,2534.8,2252.1,424,0.37,1,16,16,5,290,2,2,0
7082,10.52,23.0,7608,1806,2938,1071333,0,129,4,-175.5,5.0,1085.1,2599700596,5,15531,816,2534.8,2252.1,424,6.57,2,15,16,6466,4,31,1,0
7083,14.01,23.0,7608,1806,2938,1071333,0,129,4,-175.5,5.0,1085.3,2599703036,5,15531,816,2534.8,2252.1,424,0.34,1,16,16,5,259,2,2,0
7084,7.40,23.0,7608,1786,2918,1064483,0,129,4,-175.5,5.0,1085.5,2599701204,5,15531,816,2534.8,2252.1,424,6.64,1,16,16,6564,4,2,3,0
7085,14.42,23.0,7608,1782,2912,1060981,0,129,4,-175.5,5.0,1085.6,2599702404,5,15531,816,2534.8,2252.1,424,0.41,1,15,16,4,330,3,2,0
7086,7.76,23.0,7608,1782,2913,1060983,0,129,4,-175.5,5.0,1085.8,2599703804,5,15531,816,2534.8,2252.1,424,6.89,14,16,15,6764,5,29,2,0
7087,14.19,23.0,7608,1782,2912,1060981,0,129,4,-175.5,5.0,1085.9,2599704000,5,15531,816,2534.8,2252.1,424,0.33,1,16,15,5,254,2,2,0
7088,7.29,23.0,7608,1769,2900,1052543,0,129,4,-175.5,5.0,1086.1,2599706540,5,15531,816,2534.8,2252.1,424,6.96,1,14,16,6882,4,3,1,0
7089,13.84,23.0,7608,1769,2899,1052541,0,129,4,-175.5,5.0,1086.2,2599705612,5,15531,816,2534.8,2252.1,424,0.32,1,15,15,5,251,2,1,0
7090,7.45,23.0,7608,1770,2900,1052543,0,129,4,-175.5,5.0,1086.5,2599706008,5,15531,816,2534.8,2252.1,424,6.86,1,17,16,6743,5,35,1,0
7091,14.63,23.0,7608,1770,2899,1052541,0,129,4,-175.5,5.0,1086.6,2599706204,5,15531,816,2534.8,2252.1,424,0.33,1,15,16,4,254,2,2,0
7092,6.87,23.0,7608,1765,2895,1048728,0,129,4,-175.5,5.0,1086.8,2599706600,5,15531,816,2534.8,2252.1,424,7.00,1,15,15,6917,6,4,3,0
7093,14.58,23.0,7608,1765,2894,1048726,0,129,4,-175.5,5.0,1086.9,2599708956,5,15531,816,2534.8,2252.1,424,0.49,1,25,22,7,378,2,2,0
7094,8.10,23.0,7608,1764,2895,1048728,0,129,4,-175.5,5.0,1087.1,2599707192,5,15531,816,2534.8,2252.1,424,6.41,1,16,15,6306,4,28,2,0
7095,13.83,23.0,7608,1764,2894,1048726,0,129,4,-175.5,5.0,1087.2,2599709548,5,15531,816,2534.8,2252.1,424,0.41,2,24,22,5,297,4,2,0
7096,7.77,23.0,7608,1764,2895,1048728,0,129,4,-175.5,5.0,1087.4,2599707800,5,15531,816,2534.8,2252.1,424,6.79,1,16,16,6704,6,4,3,0
7097,14.68,23.0,7608,1764,2894,1048726,0,129,4,-175.5,5.0,1087.6,2599707996,5,15531,816,2534.8,2252.1,424,0.35,1,16,16,5,275,3,1,0
7098,8.07,23.0,7608,1765,2895,1048728,0,129,4,-175.5,5.0,1087.8,2599708392,5,15531,816,2534.8,2252.1,424,7.33,0,15,15,7221,5,33,2,0
7099,14.96,23.0,7608,1765,2894,1048726,0,129,4,-175.5,5.0,1087.9,2599708588,5,15531,816,2534.8,2252.1,424,0.35,1,15,15,5,272,2,2,0
7100,6.99,23.0,7608,1766,2895,1048728,0,129,4,-175.5,5.0,1088.1,2599711144,5,15531,816,2534.8,2252.1,424,6.56,1,16,16,6479,5,3,2,0
7101,13.50,23.0,7608,1766,2894,1048726,0,129,4,-175.5,5.0,1088.2,2599709196,5,15531,816,2534.8,2252.1,424,0.39,1,27,17,5,281,2,2,0
7102,6.80,23.0,7608,1765,2895,1048728,0,129,4,-175.5,5.0,1088.4,2599709592,5,15531,816,2534.8,2252.1,424,7.23,1,14,16,7113,6,31,2,0
7103,13.99,23.0,7608,1765,2894,1048726,0,129,4,-175.5,5.0,1088.5,2599709788,5,15531,816,2534.8,2252.1,424,0.33,1,17,15,4,255,2,1,0
7104,6.68,23.0,7608,1766,2895,1048728,0,129,4,-175.5,5.0,1088.7,2599710184,5,15531,816,2534.8,2252.1,424,6.57,1,14,15,6490,5,2,1,0
7105,14.26,23.0,7608,1766,2894,1048726,0,129,4,-175.5,5.0,1088.8,2599712556,5,15531,816,2534.8,2252.1,424,0.33,2,16,15,5,253,2,2,0
7106,7.53,23.0,7608,1766,2895,1048728,0,129,4,-175.5,5.0,1089.1,2599710792,5,15531,816,2534.8,2252.1,424,6.75,1,16,24,6639,5,28,2,0
7107,13.90,23.0,7608,1767,2894,1048726,0,129,4,-175.5,5.0,1089.2,2599710988,5,15531,816,2534.8,2252.1,424,0.33,1,16,16,5,255,2,2,0
7108,7.69,23.0,7608,1767,2895,1048728,0,129,4,-175.5,5.0,1089.4,2599711384,5,15531,816,2534.8,2252.1,424,6.73,1,15,15,6651,5,2,2,0
7109,13.71,23.0,7608,1767,2894,1048726,0,129,4,-175.5,5.0,1089.5,2599711580,5,15531,816,2534.8,2252.1,424,0.36,1,16,16,5,265,3,1,0
7110,8.91,23.0,7608,1767,2895,1048728,0,129,4,-175.5,5.0,1089.7,2599712336,5,15531,816,2534.8,2252.1,424,7.55,1,15,16,7443,5,30,2,0
7111,15.85,23.0,7608,1768,2894,1048726,0,129,4,-175.5,5.0,1089.8,2599714348,5,15531,816,2534.8,2252.1,424,0.35,1,16,16,5,271,3,1,0
7112,7.38,23.0,7608,1768,2895,1048728,0,129,4,-175.5,5.0,1090.1,2599714744,5,15531,816,2534.8,2252.1,424,7.17,1,15,14,7096,5,3,2,0
7113,14.61,23.0,7608,1768,2894,1048726,0,129,4,-175.5,5.0,1090.2,2599714940,5,15531,816,2534.8,2252.1,424,0.34,1,16,16,5,264,2,1,0
7114,7.31,23.0,7608,1768,2895,1048728,0,129,4,-175.5,5.0,1090.4,2599715336,5,15531,816,2534.8,2252.1,424,6.87,1,30,16,6743,5,30,2,0
7115,14.17,23.0,7608,1768,2894,1048726,0,129,4,-175.5,5.0,1090.5,2599715532,5,15531,816,2534.8,2252.1,424,0.35,1,16,16,5,273,2,1,0
7116,7.77,23.0,7608,1767,2895,1048728,0,129,4,-175.5,5.0,1090.7,2599713832,5,15531,816,2534.8,2252.1,424,6.84,1,15,16,6758,4,3,2,0
7117,14.60,23.0,7608,1766,2894,1048726,0,129,4,-175.5,5.0,1090.8,2599716252,5,15531,816,2534.8,2252.1,424,0.37,0,16,16,5,296,2,2,0
7118,7.77,23.0,7608,1766,2895,1048728,0,129,4,-175.5,5.0,1091.1,2599714440,5,15531,816,2534.8,2252.1,424,6.68,1,15,16,6570,4,30,2,0
7119,13.10,23.0,7608,1767,2894,1048726,0,129,4,-175.5,5.0,1091.2,2599716860,5,15531,816,2534.8,2252.1,424,0.34,1,16,15,5,264,2,1,0
7120,7.33,23.0,7608,1767,2895,1048728,0,129,4,-175.5,5.0,1091.4,2599715048,5,15531,816,2534.8,2252.1,424,6.73,1,16,16,6635,7,4,3,0
7121,13.75,23.0,7608,1492,2620,965875,0,129,4,-175.5,5.0,1091.5,2599715244,5,15531,816,2534.8,2252.1,424,0.35,2,26,16,5,258,2,2,0
7122,7.29,23.0,7608,1474,2603,959182,0,129,4,-175.5,5.0,1091.7,2599716644,5,15531,816,2534.8,2252.1,424,6.38,0,21,16,6271,4,29,2,0
7123,13.33,23.0,7608,1474,2602,959180,0,129,4,-175.5,5.0,1091.8,2599720084,5,15531,816,2534.8,2252.1,424,0.33,1,16,16,6,255,2,2,0
7124,7.11,23.0,7608,1473,2603,959182,0,129,4,-175.5,5.0,1092.0,2599718256,5,15531,816,2534.8,2252.1,424,6.58,1,16,28,6485,5,2,2,0
7125,13.88,23.0,7608,1468,2597,958760,0,129,4,-175.5,5.0,1092.1,2599718452,5,15531,816,2534.8,2252.1,424,0.34,1,16,15,5,265,1,1,0
7126,7.40,23.0,7608,1468,2598,958762,0,129,4,-175.5,5.0,1092.3,2599722092,5,15531,816,2534.8,2252.1,424,6.95,1,24,23,6816,4,27,2,0
7127,14.92,23.0,7608,1468,2597,958760,0,129,4,-175.5,5.0,1092.4,2599722288,5,15531,816,2534.8,2252.1,424,0.34,2,16,17,4,259,2,2,0
7128,7.03,23.0,7608,1468,2598,958762,0,129,4,-175.5,5.0,1092.6,2599722684,5,15531,816,2534.8,2252.1,424,6.70,1,14,16,6618,5,2,2,0
7129,13.55,23.0,7608,1469,2597,958760,0,129,4,-175.5,5.0,1092.7,2599720688,5,15531,816,2534.8,2252.1,424,0.35,1,15,16,6,271,3,2,0
7130,6.91,23.0,7608,1469,2598,958762,0,129,4,-175.5,5.0,1093.0,2599721084,5,15531,816,2534.8,2252.1,424,7.03,3,16,15,6909,4,28,2,0
7131,14.36,23.0,7608,1469,2597,958760,0,129,4,-175.5,5.0,1093.1,2599723552,5,15531,816,2534.8,2252.1,424,0.34,1,15,15,5,264,2,2,0
7132,6.95,23.0,7608,1470,2598,958762,0,129,4,-175.5,5.0,1093.3,2599721676,5,15531,816,2534.8,2252.1,424,6.87,1,16,16,6793,5,3,1,0
7133,13.82,23.0,7608,1468,2597,958760,0,129,4,-175.5,5.0,1093.4,2599724144,5,15531,816,2534.8,2252.1,424,0.33,1,16,16,5,256,2,1,0
7134,7.45,23.0,7608,1468,2598,958762,0,129,4,-175.5,5.0,1093.6,2598198332,5,15531,816,2534.8,2252.1,424,50.34,1,16,15,6541,5,29,1,0
7135,62.93,23.0,7608,1468,2597,963675,0,129,4,-175.5,5.0,1093.7,2598198528,5,15531,816,2534.8,2252.1,424,0.37,1,17,16,4,286,2,2,0
7136,6.82,23.0,7608,1468,2598,963677,0,129,4,-175.5,5.0,1094.6,2598198924,5,15531,816,2534.8,2252.1,424,6.74,1,15,16,6665,4,3,2,0
7137,13.27,23.0,7608,1462,2592,963325,0,129,4,-175.5,5.0,1094.7,2598201360,5,15531,816,2534.8,2252.1,424,0.35,1,28,20,5,260,2,2,0
7138,6.23,23.0,7608,1462,2593,963327,0,129,4,-175.5,5.0,1094.9,2598200536,5,15531,816,2534.8,2252.1,424,6.56,1,16,15,6455,4,27,2,0
7139,13.71,23.0,7608,1463,2592,963325,0,129,4,-175.5,5.0,1095.0,2598200732,5,15531,816,2534.8,2252.1,424,0.37,1,16,19,12,281,2,1,0
7140,8.91,23.0,7608,1463,2593,963327,0,129,4,-175.5,5.0,1095.2,2598201560,5,15531,816,2534.8,2252.1,424,7.09,1,38,17,6973,6,3,3,0
7141,15.00,23.0,7608,1463,2591,963323,0,129,4,-175.5,5.0,1095.4,2598203480,5,15531,816,2534.8,2252.1,424,0.34,1,16,15,4,269,1,1,0
7142,7.19,23.0,7608,1463,2592,963325,0,129,4,-175.5,5.0,1095.6,2598201620,5,15531,816,2534.8,2252.1,424,6.64,1,16,16,6538,5,29,2,0
7143,13.83,23.0,7608,1463,2591,963323,0,129,4,-175.5,5.0,1095.7,2598204072,5,15531,816,2534.8,2252.1,424,0.46,1,25,24,8,352,2,2,0
7144,6.81,23.0,7608,1463,2592,963325,0,129,4,-175.5,5.0,1095.9,2598202228,5,15531,816,2534.8,2252.1,424,7.38,1,15,15,7306,4,2,2,0
7145,14.45,23.0,7608,1463,2591,963323,0,129,4,-175.5,5.0,1096.0,2598202424,5,15531,816,2534.8,2252.1,424,0.34,1,15,15,5,266,2,1,0
7146,7.04,23.0,7608,1463,2592,963325,0,129,4,-175.5,5.0,1096.2,2598202820,5,15531,816,2534.8,2252.1,424,7.16,1,16,32,7037,5,30,1,0
7147,14.16,23.0,7608,1463,2591,963323,0,129,4,-175.5,5.0,1096.3,2598203016,5,15531,816,2534.8,2252.1,424,0.38,1,15,16,5,299,4,2,0
7148,6.88,23.0,7608,1463,2592,963325,0,129,4,-175.5,5.0,1096.5,2598203412,5,15531,816,2534.8,2252.1,424,6.49,1,14,15,6420,4,2,2,0
7149,13.68,23.0,7608,1462,2591,963323,0,129,4,-175.5,5.0,1096.7,2598203608,5,15531,816,2534.8,2252.1,424,0.36,1,15,19,13,270,2,1,0
7150,7.20,23.0,7612,1462,2592,963325,0,129,4,-175.5,5.0,1096.9,2601002024,5,15530,816,2534.8,2252.1,424,50.64,2,27,16,6577,5,534,2,0
7151,59.34,23.0,7612,1466,2595,963115,0,129,4,-175.5,5.0,1097.0,2601005468,5,15530,816,2534.8,2252.1,424,0.33,1,15,15,5,249,2,2,0
7152,7.10,23.0,7612,1466,2596,963117,0,129,4,-175.5,5.0,1097.9,2601005864,5,15530,816,2534.8,2252.1,424,6.51,0,28,22,6415,4,3,1,0
7153,13.74,23.0,7612,1467,2595,963115,0,129,4,-175.5,5.0,1098.0,2601008300,5,15530,816,2534.8,2252.1,424,0.35,0,16,17,5,268,2,2,0
7154,6.43,23.0,7612,1466,2596,963117,0,129,4,-175.5,5.0,1098.2,2601006456,5,15530,816,2534.8,2252.1,424,6.95,1,16,15,6851,4,27,2,0
7155,13.47,23.0,7612,1466,2595,963115,0,129,4,-175.5,5.0,1098.3,2601008892,5,15530,816,2534.8,2252.1,424,0.36,1,24,32,5,255,1,2,0
7156,7.16,23.0,7612,1467,2596,963117,0,129,4,-175.5,5.0,1098.5,2601007048,5,15530,816,2534.8,2252.1,424,7.14,1,16,16,7065,6,2,2,0
7157,14.02,23.0,7612,1467,2595,963115,0,129,4,-175.5,5.0,1098.6,2601009484,5,15530,816,2534.8,2252.1,424,0.35,1,16,16,11,265,2,1,0
7158,7.42,23.0,7612,1467,2596,963117,0,129,4,-175.5,5.0,1098.8,2601007656,5,15530,816,2534.8,2252.1,424,6.84,1,20,23,6720,4,28,2,0
7159,13.44,23.0,7612,1467,2595,963115,0,129,4,-175.5,5.0,1098.9,2601007852,5,15530,816,2534.8,2252.1,424,0.47,2,24,23,7,365,2,1,0
7160,6.68,23.0,7612,1467,2596,963117,0,129,4,-175.5,5.0,1099.1,2601008248,5,15530,816,2534.8,2252.1,424,6.82,1,15,15,6743,4,3,2,0
7161,13.33,23.0,7612,1467,2595,963115,0,129,4,-175.5,5.0,1099.2,2601010684,5,15530,816,2534.8,2252.1,424,0.35,1,16,16,4,272,3,1,0
7162,6.02,23.0,7612,1466,2596,963117,0,129,4,-175.5,5.0,1099.4,2601008856,5,15530,816,2534.8,2252.1,424,7.10,1,18,16,6981,6,36,2,0
7163,14.09,23.0,7612,1465,2595,963115,0,129,4,-175.5,5.0,1099.5,2601009052,5,15530,816,2534.8,2252.1,424,0.33,1,15,16,5,258,2,1,0
7164,6.82,23.0,7612,1465,2596,963117,0,129,4,-175.5,5.0,1099.7,2601009448,5,15530,816,2534.8,2252.1,424,7.35,1,15,16,7265,5,2,2,0
7165,13.67,23.0,7612,1465,2595,963115,0,129,4,-175.5,5.0,1099.8,2601009644,5,15530,816,2534.8,2252.1,424,0.53,1,31,25,9,385,4,2,0
7166,13.34,84.0,7612,1464,2596,963117,0,129,4,-175.5,5.0,1100.0,2601012296,5,15530,816,2534.8,2252.1,424,6.90,2,15,16,6796,5,32,2,0
7167,13.97,84.0,7612,1464,2596,963117,0,129,4,-175.5,5.0,1100.2,2601012592,5,15530,816,2534.8,2252.1,424,0.36,1,23,18,6,266,2,2,0
7168,7.46,84.0,7612,1463,2596,963117,0,129,4,-175.5,5.0,1100.4,2601012888,5,15530,816,2534.8,2252.1,424,7.14,1,18,18,7045,7,4,3,0
7169,13.40,84.0,7612,1463,2595,963115,0,129,4,-175.5,5.0,1100.5,2601013084,5,15530,816,2534.8,2252.1,424,0.39,1,16,15,5,309,4,2,0
7170,7.57,84.0,7612,1463,2596,963117,0,129,4,-175.5,5.0,1100.7,2601013912,5,15530,816,2534.8,2252.1,424,6.39,2,14,17,6291,3,26,2,0
7171,13.97,84.0,7612,1463,2595,963115,0,129,4,-175.5,5.0,1100.8,2601011500,5,15530,816,2534.8,2252.1,424,0.36,1,21,15,5,286,2,2,0
7172,6.83,84.0,7612,1463,2596,963117,0,129,4,-175.5,5.0,1101.1,2601014184,5,15530,816,2534.8,2252.1,424,6.42,0,15,15,6328,7,5,4,0
7173,12.37,84.0,7612,1463,2595,963115,0,129,4,-175.5,5.0,1101.2,2601012108,5,15530,816,2534.8,2252.1,424,0.36,1,21,34,5,256,1,1,0
7174,7.16,84.0,7612,1463,2596,963117,0,129,4,-175.5,5.0,1101.3,2601012504,5,15530,816,2534.8,2252.1,424,7.02,1,15,15,6888,8,52,3,0
7175,13.99,84.0,7612,1464,2595,963115,0,129,4,-175.5,5.0,1101.4,2601012700,5,15530,816,2534.8,2252.1,424,0.35,1,18,18,6,260,2,2,0
7176,6.71,84.0,7612,1465,2596,963117,0,129,4,-175.5,5.0,1101.7,2601013096,5,15530,816,2534.8,2252.1,424,6.91,1,15,23,6809,4,2,2,0
7177,14.47,84.0,7612,1465,2595,963115,0,129,4,-175.5,5.0,1101.8,2601013292,5,15530,816,2534.8,2252.1,424,0.33,1,17,15,5,251,2,1,0
7178,6.92,84.0,7612,1467,2596,963117,0,129,4,-175.5,5.0,1102.0,2601013688,5,15530,816,2534.8,2252.1,424,6.49,1,16,16,6385,4,29,2,0
7179,13.26,84.0,7612,1467,2595,963115,0,129,4,-175.5,5.0,1102.1,2601016188,5,15530,816,2534.8,2252.1,424,0.36,2,16,15,5,272,3,3,0
7180,6.01,84.0,7612,1467,2596,963117,0,129,4,-175.5,5.0,1102.3,2601014280,5,15530,816,2534.8,2252.1,424,7.06,2,15,15,6962,7,4,2,0
7181,13.87,84.0,7612,1467,2595,963115,0,129,4,-175.5,5.0,1102.4,2601016780,5,15530,816,2534.8,2252.1,424,0.36,1,16,16,4,283,2,2,0
7182,7.03,84.0,7612,1467,2596,963117,0,129,4,-175.5,5.0,1102.6,2601014888,5,15530,816,2534.8,2252.1,424,6.37,1,26,17,6227,7,48,3,0
7183,13.26,84.0,7612,1468,2595,963115,0,129,4,-175.5,5.0,1102.7,2601015084,5,15530,816,2534.8,2252.1,424,0.67,1,15,16,6,577,7,2,0
7184,8.02,84.0,7612,1467,2596,963117,0,129,4,-175.5,5.0,1102.9,2601015480,5,15530,816,2534.8,2252.1,424,6.70,1,16,16,6614,4,2,2,0
7185,13.62,84.0,7612,1466,2595,963115,0,129,4,-175.5,5.0,1103.0,2601015676,5,15530,816,2534.8,2252.1,424,0.34,2,17,15,5,260,2,1,0
7186,6.19,84.0,7612,1466,2596,963117,0,129,4,-175.5,5.0,1103.2,2601018376,5,15530,816,2534.8,2252.1,424,6.56,1,15,15,6444,5,27,2,0
7187,12.87,84.0,7612,1466,2595,963115,0,129,4,-175.5,5.0,1103.3,2601016284,5,15530,816,2534.8,2252.1,424,0.35,3,20,16,4,262,2,2,0
7188,6.91,84.0,7612,1466,2596,963117,0,129,4,-175.5,5.0,1103.5,2601016680,5,15530,816,2534.8,2252.1,424,6.75,1,16,21,6657,7,4,3,0
7189,13.62,84.0,7612,1466,2595,963115,0,129,4,-175.5,5.0,1103.6,2601019196,5,15530,816,2534.8,2252.1,424,0.32,1,16,15,5,251,2,2,0
7190,6.64,84.0,7612,1455,2586,962527,0,129,4,-175.5,5.0,1103.8,2601017272,5,15530,816,2534.8,2252.1,424,6.56,1,16,16,6425,10,47,3,0
7191,13.29,84.0,7612,1455,2585,962525,0,129,4,-175.5,5.0,1103.9,2601020792,5,15530,816,2534.8,2252.1,424,0.33,1,15,16,5,258,1,1,0
7192,6.81,84.0,7612,1457,2586,962527,0,129,4,-175.5,5.0,1104.1,2601018884,5,15530,816,2534.8,2252.1,424,6.54,0,15,15,6460,5,3,2,0
7193,12.65,84.0,7612,1457,2585,962525,0,129,4,-175.5,5.0,1104.2,2601019080,5,15530,816,2534.8,2252.1,424,0.34,0,16,16,4,259,2,2,0
7194,5.97,84.0,7612,1457,2586,962527,0,129,4,-175.5,5.0,1104.4,2601019476,5,15530,816,2534.8,2252.1,424,6.92,1,16,25,6789,4,29,2,0
7195,13.79,84.0,7612,1457,2585,962525,0,129,4,-175.5,5.0,1104.5,2601021992,5,15530,816,2534.8,2252.1,424,0.39,2,21,16,5,304,2,2,0
7196,7.59,84.0,7612,1455,2586,962527,0,129,4,-175.5,5.0,1104.7,2601020084,5,15530,816,2534.8,2252.1,424,6.42,1,16,16,6335,4,3,1,0
7197,13.03,84.0,7612,1455,2585,962525,0,129,4,-175.5,5.0,1104.8,2601020280,5,15530,816,2534.8,2252.1,424,0.36,1,15,15,5,287,2,2,0
7198,7.62,84.0,7612,1451,2581,962187,0,129,4,-175.5,5.0,1105.0,2601020676,5,15530,816,2534.8,2252.1,424,6.60,2,16,23,6480,5,33,5,0
7199,14.16,84.0,7612,1451,2580,962185,0,129,4,-175.5,5.0,1105.1,2601020872,5,15530,816,2534.8,2252.1,424,0.34,1,17,17,6,259,3,1,0
7200,8.74,84.0,7612,1441,2571,961437,0,129,4,-175.5,5.0,1105.3,2601021628,5,15530,816,2534.8,2252.1,424,6.30,1,15,15,6219,4,3,2,0
7201,14.49,84.0,7612,1441,2570,961435,0,129,4,-175.5,5.0,1105.5,2601024804,5,15530,816,2534.8,2252.1,424,0.38,1,17,32,5,269,2,2,0
7202,6.41,84.0,7612,1441,2571,961437,0,129,4,-175.5,5.0,1105.7,2601022864,5,15530,816,2534.8,2252.1,424,6.31,1,24,17,6205,3,24,2,0
7203,12.91,84.0,7612,1441,2570,961435,0,129,4,-175.5,5.0,1105.8,2601025396,5,15530,816,2534.8,2252.1,424,0.34,1,15,16,5,270,3,2,0
7204,6.15,84.0,7612,1442,2571,961437,0,129,4,-175.5,5.0,1106.0,2601023472,5,15530,816,2534.8,2252.1,424,6.75,1,14,16,6671,4,2,2,0
7205,12.91,84.0,7612,1442,2570,961435,0,129,4,-175.5,5.0,1106.1,2601023668,5,15530,816,2534.8,2252.1,424,0.52,1,24,23,7,399,4,4,0
7206,7.15,84.0,7612,1441,2571,961437,0,129,4,-175.5,5.0,1106.2,2601024064,5,15530,816,2534.8,2252.1,424,7.08,1,16,16,6976,4,27,2,0
7207,13.95,84.0,7612,1441,2570,961435,0,129,4,-175.5,5.0,1106.4,2601024260,5,15530,816,2534.8,2252.1,424,0.37,1,16,16,4,295,2,2,0
7208,6.58,84.0,7612,1441,2571,961437,0,129,4,-175.5,5.0,1106.6,2601026992,5,15530,816,2534.8,2252.1,424,6.65,1,15,15,6572,7,3,2,0
7209,13.42,84.0,7612,1441,2570,961435,0,129,4,-175.5,5.0,1106.7,2601024868,5,15530,816,2534.8,2252.1,424,0.35,1,17,17,6,265,2,2,0
7210,8.98,84.0,7612,1442,2571,961437,0,129,4,-175.5,5.0,1106.9,2599501280,5,15530,816,2534.8,2252.1,424,50.19,1,16,16,6406,4,27,2,0
7211,90.18,84.0,7612,1441,2570,960445,0,129,4,-175.5,5.0,1107.0,2599501476,5,15530,816,2534.8,2252.1,424,0.34,1,23,22,5,250,2,1,0
7212,7.32,84.0,7612,1441,2571,960447,0,129,4,-175.5,5.0,1108.3,2599501872,5,15530,816,2534.8,2252.1,424,6.93,3,25,20,6819,5,3,2,0
7213,13.07,84.0,7612,1439,2570,960445,0,129,4,-175.5,5.0,1108.5,2599502068,5,15530,816,2534.8,2252.1,424,0.33,1,16,16,4,254,2,1,0
7214,6.82,84.0,7612,1423,2556,959027,0,129,4,-175.5,5.0,1108.7,2599502464,5,15530,816,2534.8,2252.1,424,7.19,1,16,16,7082,5,26,1,0
7215,13.18,84.0,7612,1423,2555,959025,0,129,4,-175.5,5.0,1108.8,2599503664,5,15530,816,2534.8,2252.1,424,0.35,1,16,16,6,267,2,1,0
7216,7.49,84.0,7612,1423,2556,959027,0,129,4,-175.5,5.0,1109.0,2599504060,5,15530,816,2534.8,2252.1,424,6.67,1,18,23,6579,4,3,2,0
7217,12.71,84.0,7612,1423,2555,959025,0,129,4,-175.5,5.0,1109.1,2599506560,5,15530,816,2534.8,2252.1,424,0.36,1,14,15,5,260,4,3,0
7218,6.54,84.0,7612,1423,2556,959027,0,129,4,-175.5,5.0,1109.3,2599504652,5,15530,816,2534.8,2252.1,424,6.77,1,15,15,6671,5,29,2,0
7219,13.09,84.0,7612,1423,2555,959025,0,129,4,-175.5,5.0,1109.4,2599507152,5,15530,816,2534.8,2252.1,424,0.32,1,15,16,4,250,2,1,0
7220,6.46,84.0,7612,1423,2556,959027,0,129,4,-175.5,5.0,1109.6,2599505260,5,15530,816,2534.8,2252.1,424,6.42,1,15,15,6346,5,3,2,0
7221,12.53,84.0,7612,1423,2546,958567,0,129,4,-175.5,5.0,1109.7,2599505456,5,15530,816,2534.8,2252.1,424,0.32,1,15,15,5,252,2,2,0
7222,6.31,84.0,7612,1414,2537,958439,0,129,4,-175.5,5.0,1109.8,2599506856,5,15530,816,2534.8,2252.1,424,6.60,1,15,16,6491,5,29,2,0
7223,14.71,84.0,7612,1414,2536,958437,0,129,4,-175.5,5.0,1109.9,2599510360,5,15530,816,2534.8,2252.1,424,0.34,1,16,16,5,268,2,2,0
7224,6.26,84.0,7612,1414,2537,958439,0,129,4,-175.5,5.0,1110.2,2599510756,5,15530,816,2534.8,2252.1,424,6.32,1,14,14,6241,4,2,2,0
7225,12.40,84.0,7612,1414,2536,958437,0,129,4,-175.5,5.0,1110.2,2599510952,5,15530,816,2534.8,2252.1,424,0.40,1,16,21,5,274,2,2,0
7226,6.96,84.0,7612,1414,2537,958439,0,129,4,-175.5,5.0,1110.4,2599511348,5,15530,816,2534.8,2252.1,424,6.49,1,15,14,6385,4,33,2,0
7227,13.20,84.0,7612,1414,2536,958437,0,129,4,-175.5,5.0,1110.5,2599511544,5,15530,816,2534.8,2252.1,424,0.33,1,15,16,5,253,2,1,0
7228,7.23,84.0,7612,1379,2502,956299,0,129,4,-175.5,5.0,1110.7,2599509716,5,15530,816,2534.8,2252.1,424,6.92,1,16,15,6839,4,3,2,0
7229,13.48,84.0,7612,1379,2501,956297,0,129,4,-175.5,5.0,1110.8,2599513268,5,15530,816,2534.8,2252.1,424,0.40,1,17,16,6,313,6,5,0
7230,7.83,84.0,7612,1379,2502,956299,0,129,4,-175.5,5.0,1111.0,2599511744,5,15530,816,2534.8,2252.1,424,7.04,0,15,16,6937,5,30,2,0
7231,14.54,84.0,7612,1380,2501,956297,0,129,4,-175.5,5.0,1111.2,2599513860,5,15530,816,2534.8,2252.1,424,0.33,1,15,16,4,252,3,1,0
7232,7.29,84.0,7612,1376,2498,956107,0,129,4,-175.5,5.0,1111.4,2599511920,5,15530,816,2534.8,2252.1,424,6.75,1,15,16,6667,5,3,2,0
7233,13.40,84.0,7612,1376,2488,955647,0,129,4,-175.5,5.0,1111.5,2599512116,5,15530,816,2534.8,2252.1,424,0.38,2,16,16,5,287,2,1,0
7234,6.71,84.0,7612,1376,2489,955649,0,129,4,-175.5,5.0,1111.7,2599513516,5,15530,816,2534.8,2252.1,424,6.34,1,15,15,6232,5,32,2,0
7235,13.15,84.0,7612,1376,2488,955647,0,129,4,-175.5,5.0,1111.8,2599513712,5,15530,816,2534.8,2252.1,424,0.34,1,16,15,5,263,3,1,0
7236,6.72,84.0,7612,1352,2464,949869,0,129,4,-175.5,5.0,1112.0,2599514108,5,15530,816,2534.8,2252.1,424,6.98,1,16,32,6883,6,3,1,0
7237,13.85,84.0,7612,1352,2463,949867,0,129,4,-175.5,5.0,1112.1,2599515308,5,15530,816,2534.8,2252.1,424,0.35,1,15,18,8,270,2,1,0
7238,6.39,84.0,7612,1352,2464,949869,0,129,4,-175.5,5.0,1112.3,2599518056,5,15530,816,2534.8,2252.1,424,6.80,1,15,16,6680,6,39,2,0
7239,13.23,84.0,7612,1352,2463,949867,0,129,4,-175.5,5.0,1112.4,2599515916,5,15530,816,2534.8,2252.1,424,0.34,1,16,16,5,265,2,2,0
7240,7.14,84.0,7612,1352,2464,949869,0,129,4,-175.5,5.0,1112.6,2599516312,5,15530,816,2534.8,2252.1,424,6.89,1,16,16,6801,5,3,2,0
7241,13.13,84.0,7612,1351,2454,949409,0,129,4,-175.5,5.0,1112.7,2599516508,5,15530,816,2534.8,2252.1,424,0.35,1,22,15,6,267,3,1,0
7242,6.86,84.0,7612,1351,2455,949411,0,129,4,-175.5,5.0,1112.9,2599517908,5,15530,816,2534.8,2252.1,424,6.98,1,15,15,6867,6,32,2,0
7243,13.30,84.0,7612,1351,2454,949409,0,129,4,-175.5,5.0,1113.0,2599518104,5,15530,816,2534.8,2252.1,424,0.34,1,17,16,5,257,2,1,0
7244,6.75,84.0,7612,1351,2455,949411,0,129,4,-175.5,5.0,1113.2,2599518500,5,15530,816,2534.8,2252.1,424,6.98,1,16,16,6895,5,2,2,0
7245,13.70,84.0,7612,1353,2454,949409,0,129,4,-175.5,5.0,1113.3,2599521064,5,15530,816,2534.8,2252.1,424,0.33,1,16,16,5,252,2,1,0
7246,6.58,84.0,7612,1353,2455,949411,0,129,4,-175.5,5.0,1113.5,2599519092,5,15530,816,2534.8,2252.1,424,6.45,3,28,15,6305,7,36,5,0
7247,12.65,84.0,7612,1353,2454,949409,0,129,4,-175.5,5.0,1113.6,2599521656,5,15530,816,2534.8,2252.1,424,0.33,1,15,16,5,255,2,2,0
7248,6.82,84.0,7612,1353,2455,949411,0,129,4,-175.5,5.0,1113.8,2599519700,5,15530,816,2534.8,2252.1,424,6.62,1,15,17,6538,6,3,2,0
7249,13.42,84.0,7612,1353,2454,949409,0,129,4,-175.5,5.0,1113.9,2599519896,5,15530,816,2534.8,2252.1,424,0.34,1,16,15,5,261,2,1,0
7250,6.67,84.0,7612,1352,2455,949411,0,129,4,-175.5,5.0,1114.1,2599520292,5,15530,816,2534.8,2252.1,424,6.88,1,14,15,6737,7,57,2,0
7251,13.45,84.0,7612,1352,2455,954017,0,129,4,-175.5,5.0,1114.2,2599520488,5,15530,816,2534.8,2252.1,424,0.34,1,16,20,11,255,2,2,0
7252,5.83,84.0,7612,1352,2456,954019,0,129,4,-175.5,5.0,1114.4,2599520884,5,15530,816,2534.8,2252.1,424,6.69,1,15,16,6614,5,2,2,0
7253,12.66,84.0,7612,1352,2455,954017,0,129,4,-175.5,5.0,1114.5,2599523448,5,15530,816,2534.8,2252.1,424,0.35,1,16,23,5,261,2,1,0
7254,7.89,84.0,7612,1353,2447,953561,0,129,4,-175.5,5.0,1114.7,2599521492,5,15530,816,2534.8,2252.1,424,6.95,1,16,16,6841,5,28,1,0
7255,14.69,84.0,7612,1353,2446,953559,0,129,4,-175.5,5.0,1114.8,2599522692,5,15530,816,2534.8,2252.1,424,0.36,1,16,16,5,264,2,1,0
7256,5.81,90.0,7612,1317,2412,952481,0,129,4,-175.5,5.0,1115.0,2599523088,5,15530,816,2534.8,2252.1,424,6.96,1,14,15,6885,4,2,2,0
7257,13.94,90.0,7612,1317,2411,952479,0,129,4,-175.5,5.0,1115.1,2599524288,5,15530,816,2534.8,2252.1,424,0.34,1,17,16,6,262,3,1,0
7258,5.93,90.0,7612,1317,2412,952481,0,129,4,-175.5,5.0,1115.3,2599524684,5,15530,816,2534.8,2252.1,424,6.65,0,14,15,6550,5,30,2,0
7259,13.12,90.0,7612,1318,2411,952479,0,129,4,-175.5,5.0,1115.4,2599527264,5,15530,816,2534.8,2252.1,424,0.34,1,16,16,5,269,2,2,0
7260,8.14,90.0,7612,1318,2412,952481,0,129,4,-175.5,5.0,1115.6,2599525636,5,15530,816,2534.8,2252.1,424,6.97,1,15,21,6887,6,3,2,0
7261,15.24,90.0,7612,1319,2411,952479,0,129,4,-175.5,5.0,1115.7,2599527856,5,15530,816,2534.8,2252.1,424,0.35,1,16,16,5,269,2,1,0
7262,6.95,90.0,7612,1312,2406,952090,0,129,4,-175.5,5.0,1115.9,2599525884,5,15530,816,2534.8,2252.1,424,6.92,1,16,15,6768,4,50,3,0
7263,14.07,90.0,7612,1312,2405,952088,0,129,4,-175.5,5.0,1116.1,2599526080,5,15530,816,2534.8,2252.1,424,0.38,1,36,16,5,278,2,2,0
7264,6.57,90.0,7612,1312,2406,952090,0,129,4,-175.5,5.0,1116.3,2599526476,5,15530,816,2534.8,2252.1,424,7.17,1,23,17,7078,4,3,2,0
7265,13.38,90.0,7612,1312,2405,952088,0,129,4,-175.5,5.0,1116.4,2599526672,5,15530,816,2534.8,2252.1,424,0.33,1,16,15,4,257,1,1,0
7266,6.05,90.0,7612,1312,2406,952090,0,129,4,-175.5,5.0,1116.6,2599527068,5,15530,816,2534.8,2252.1,424,6.80,1,16,16,6704,4,27,2,0
7267,12.61,90.0,7612,1313,2405,952088,0,129,4,-175.5,5.0,1116.7,2599529648,5,15530,816,2534.8,2252.1,424,0.39,2,25,16,4,274,1,1,0
7268,6.69,90.0,7612,1311,2406,952090,0,129,4,-175.5,5.0,1116.8,2599527676,5,15530,816,2534.8,2252.1,424,7.02,1,16,17,6936,4,2,1,0
7269,13.87,90.0,7612,1311,2405,952088,0,129,4,-175.5,5.0,1116.9,2602178048,5,15530,816,2534.8,2252.1,424,45.22,1,16,16,4,258,2,2,0
7270,54.31,90.0,7612,1311,2406,944845,0,129,4,-175.5,5.0,1117.2,2602178444,5,15530,816,2534.8,2252.1,424,6.28,1,15,16,6175,5,26,2,0
7271,13.93,90.0,7612,1310,2406,944845,0,129,4,-175.5,5.0,1118.0,2602178740,5,15530,816,2534.8,2252.1,424,0.35,3,23,17,5,265,2,2,0
7272,7.09,90.0,7612,1053,2149,907855,0,129,4,-175.5,5.0,1118.2,2602179036,5,15530,816,2534.8,2252.1,424,6.27,1,14,15,6198,4,3,2,0
7273,12.47,90.0,7612,1053,2148,907853,0,129,4,-175.5,5.0,1118.3,2602180236,5,15530,816,2534.8,2252.1,424,0.36,1,15,16,10,285,2,2,0
7274,5.95,90.0,7612,1055,2153,908084,0,129,4,-175.5,5.0,1118.5,2602180632,5,15530,816,2534.8,2252.1,424,6.37,1,15,23,6264,4,26,1,0
7275,12.84,90.0,7612,1056,2152,908082,0,129,4,-175.5,5.0,1118.6,2602183196,5,15530,816,2534.8,2252.1,424,0.36,0,16,16,5,288,2,2,0
7276,6.15,90.0,7612,1056,2153,908084,0,129,4,-175.5,5.0,1118.8,2602181224,5,15530,816,2534.8,2252.1,424,6.91,1,13,20,6807,4,2,1,0
7277,13.01,90.0,7612,1055,2152,908082,0,129,4,-175.5,5.0,1118.8,2602183788,5,15530,816,2534.8,2252.1,424,0.33,1,15,15,5,254,2,1,0
7278,6.76,90.0,7612,1056,2153,908084,0,129,4,-175.5,5.0,1119.0,2602181832,5,15530,816,2534.8,2252.1,424,6.91,1,15,17,6808,5,31,2,0
7279,12.94,90.0,7612,1056,2152,908082,0,129,4,-175.5,5.0,1119.1,2602182028,5,15530,816,2534.8,2252.1,424,0.33,1,15,15,5,254,1,1,0
7280,6.13,90.0,7612,1056,2153,908084,0,129,4,-175.5,5.0,1119.3,2602182424,5,15530,816,2534.8,2252.1,424,6.75,1,14,16,6661,13,3,1,0
7281,12.22,90.0,7612,1056,2152,908082,0,129,4,-175.5,5.0,1119.4,2602182620,5,15530,816,2534.8,2252.1,424,0.35,1,15,16,4,272,3,1,0
7282,7.54,90.0,7616,1056,2145,907748,0,129,4,-175.5,5.0,1119.6,2600674428,5,15529,816,2534.8,2252.1,424,50.56,1,24,22,6711,4,490,2,0
7283,66.59,90.0,7616,1050,2139,903581,0,129,4,-175.5,5.0,1119.7,2600680784,5,15529,816,2534.8,2252.1,424,0.36,2,32,15,5,263,2,2,0
7284,6.42,90.0,7616,1050,2148,904041,0,129,4,-175.5,5.0,1120.7,2600682184,5,15529,816,2534.8,2252.1,424,6.94,1,21,17,6840,7,3,2,0
7285,12.68,90.0,7616,1050,2147,904039,0,129,4,-175.5,5.0,1120.8,2600682380,5,15529,816,2534.8,2252.1,424,0.42,1,18,18,6,329,2,1,0
7286,5.74,90.0,7616,1020,2118,901241,0,129,4,-175.5,5.0,1121.0,2600680440,5,15529,816,2534.8,2252.1,424,7.18,1,15,15,7083,5,28,2,0
7287,14.00,90.0,7616,1020,2117,901239,0,129,4,-175.5,5.0,1121.1,2600684024,5,15529,816,2534.8,2252.1,424,0.35,1,18,21,5,262,3,2,0
7288,6.03,90.0,7616,1020,2118,901241,0,129,4,-175.5,5.0,1121.3,2600682052,5,15529,816,2534.8,2252.1,424,7.43,1,15,15,7354,4,3,2,0
7289,13.18,90.0,7616,1020,2117,901239,0,129,4,-175.5,5.0,1121.4,2600682248,5,15529,816,2534.8,2252.1,424,0.34,3,25,17,5,248,2,2,0
7290,7.26,90.0,7616,1019,2118,901241,0,129,4,-175.5,5.0,1121.6,2600683076,5,15529,816,2534.8,2252.1,424,7.09,2,21,17,6976,6,33,2,0
7291,13.89,90.0,7616,1019,2117,901239,0,129,4,-175.5,5.0,1121.7,2600685224,5,15529,816,2534.8,2252.1,424,0.33,1,17,16,5,258,2,1,0
7292,5.64,90.0,7616,1010,2110,900905,0,129,4,-175.5,5.0,1121.9,2600683252,5,15529,816,2534.8,2252.1,424,7.07,1,15,15,6982,5,2,2,0
7293,13.43,90.0,7616,1009,2109,900903,0,129,4,-175.5,5.0,1122.0,2600684452,5,15529,816,2534.8,2252.1,424,0.36,1,15,17,5,281,2,2,0
7294,6.45,90.0,7616,1010,2110,900905,0,129,4,-175.5,5.0,1122.2,2600684848,5,15529,816,2534.8,2252.1,424,6.83,1,16,15,6715,7,32,2,0
7295,12.98,90.0,7616,1011,2109,900903,0,129,4,-175.5,5.0,1122.3,2600685044,5,15529,816,2534.8,2252.1,424,0.37,1,17,17,5,281,3,1,0
7296,6.69,90.0,7616,981,2080,899905,0,129,4,-175.5,5.0,1122.5,2600685440,5,15529,816,2534.8,2252.1,424,6.95,1,17,21,6860,7,3,3,0
7297,13.99,90.0,7616,981,2078,899901,0,129,4,-175.5,5.0,1122.6,2600688940,5,15529,816,2534.8,2252.1,424,0.35,1,16,16,5,272,2,2,0
7298,6.21,90.0,7616,981,2079,899903,0,129,4,-175.5,5.0,1122.8,2600686936,5,15529,816,2534.8,2252.1,424,7.17,1,15,16,7060,5,29,1,0
7299,20.20,90.0,7616,981,2078,899901,0,129,4,-175.5,5.0,1122.9,2600687132,5,15529,816,2534.8,2252.1,424,0.33,2,17,16,6,255,2,2,0
7300,6.41,90.0,7616,980,2079,899903,0,129,4,-175.5,5.0,1123.2,2600687528,5,15529,816,2534.8,2252.1,424,6.67,1,15,16,6567,23,3,3,0
7301,12.63,90.0,7616,980,2078,899901,0,129,4,-175.5,5.0,1123.3,2600690124,5,15529,816,2534.8,2252.1,424,0.35,1,16,15,5,253,5,4,0
7302,6.66,90.0,7616,980,2079,899903,0,129,4,-175.5,5.0,1123.5,2600688120,5,15529,816,2534.8,2252.1,424,6.99,0,14,23,6882,6,29,2,0
7303,12.33,90.0,7616,980,2078,899901,0,129,4,-175.5,5.0,1123.6,2600690716,5,15529,816,2534.8,2252.1,424,0.34,1,15,16,5,262,2,1,0
7304,5.45,90.0,7616,979,2079,899903,0,129,4,-175.5,5.0,1123.8,2600688728,5,15529,816,2534.8,2252.1,424,6.28,1,20,20,6189,4,3,2,0
7305,12.38,90.0,7616,979,2078,899901,0,129,4,-175.5,5.0,1123.8,2600688924,5,15529,816,2534.8,2252.1,424,0.34,1,14,15,5,263,2,2,0
7306,6.64,90.0,7616,979,2079,899903,0,129,4,-175.5,5.0,1124.0,2600689320,5,15529,816,2534.8,2252.1,424,6.73,1,13,14,6611,4,26,2,0
7307,12.46,90.0,7616,979,2078,899901,0,129,4,-175.5,5.0,1124.1,2600691916,5,15529,816,2534.8,2252.1,424,0.39,1,21,20,9,289,2,1,0
7308,5.59,90.0,7616,980,2079,899903,0,129,4,-175.5,5.0,1124.3,2600689928,5,15529,816,2534.8,2252.1,424,6.36,0,15,15,6279,4,2,2,0
7309,12.85,90.0,7616,980,2078,899901,0,129,4,-175.5,5.0,1124.4,2600690124,5,15529,816,2534.8,2252.1,424,0.36,2,16,17,5,275,2,1,0
7310,6.76,90.0,7616,980,2079,899903,0,129,4,-175.5,5.0,1124.6,2600690520,5,15529,816,2534.8,2252.1,424,6.93,1,14,16,6773,5,79,2,0
7311,12.65,90.0,7616,980,2078,899901,0,129,4,-175.5,5.0,1124.7,2600690716,5,15529,816,2534.8,2252.1,424,0.35,2,15,15,5,261,2,1,0
7312,5.44,90.0,7616,980,2079,899903,0,129,4,-175.5,5.0,1124.9,2600691112,5,15529,816,2534.8,2252.1,424,6.77,0,14,14,6696,8,3,2,0
7313,12.48,90.0,7616,980,2078,899901,0,129,4,-175.5,5.0,1125.0,2600693724,5,15529,816,2534.8,2252.1,424,0.34,1,14,15,5,250,2,2,0
7314,5.96,90.0,7616,980,2079,899903,0,129,4,-175.5,5.0,1125.2,2600691704,5,15529,816,2534.8,2252.1,424,6.81,1,15,16,6697,6,32,2,0
7315,12.10,90.0,7616,980,2078,899901,0,129,4,-175.5,5.0,1125.2,2600694316,5,15529,816,2534.8,2252.1,424,0.36,1,20,15,5,279,2,1,0
7316,7.19,90.0,7616,981,2079,899903,0,129,4,-175.5,5.0,1125.4,2600692296,5,15529,816,2534.8,2252.1,424,6.94,1,15,16,6856,5,3,2,0
7317,12.30,90.0,7616,981,2078,899901,0,129,4,-175.5,5.0,1125.5,2600694908,5,15529,816,2534.8,2252.1,424,0.39,1,20,36,7,284,2,1,0
7318,6.30,90.0,7616,981,2079,899903,0,129,4,-175.5,5.0,1125.7,2600692904,5,15529,816,2534.8,2252.1,424,7.12,1,14,17,7001,4,27,6,0
7319,12.53,90.0,7616,981,2078,899901,0,129,4,-175.5,5.0,1125.8,2600693100,5,15529,816,2534.8,2252.1,424,0.34,1,15,18,8,256,2,2,0
7320,8.06,90.0,7616,980,2079,899903,0,129,4,-175.5,5.0,1126.0,2600693772,5,15529,816,2534.8,2252.1,424,6.78,1,20,17,6688,6,3,2,0
7321,14.48,90.0,7616,980,2077,899899,0,129,4,-175.5,5.0,1126.1,2600694988,5,15529,816,2534.8,2252.1,424,0.34,1,15,16,4,264,2,2,0
7322,5.58,90.0,7616,981,2078,899901,0,129,4,-175.5,5.0,1126.3,2600692984,5,15529,816,2534.8,2252.1,424,6.83,0,14,14,6730,5,27,1,0
7323,12.20,90.0,7616,981,2077,899899,0,129,4,-175.5,5.0,1126.4,2600693180,5,15529,816,2534.8,2252.1,424,0.33,1,15,15,4,246,2,1,0
7324,5.27,90.0,7616,981,2078,899901,0,129,4,-175.5,5.0,1126.6,2600693576,5,15529,816,2534.8,2252.1,424,6.98,1,14,14,6885,4,2,2,0
7325,12.73,90.0,7616,982,2077,899899,0,129,4,-175.5,5.0,1126.7,2600696204,5,15529,816,2534.8,2252.1,424,0.34,0,14,16,4,254,2,1,0
7326,5.69,90.0,7616,982,2078,899901,0,129,4,-175.5,5.0,1126.9,2600694168,5,15529,816,2534.8,2252.1,424,7.01,1,18,19,6875,7,33,2,0
7327,12.49,90.0,7616,982,2077,899899,0,129,4,-175.5,5.0,1127.0,2600696796,5,15529,816,2534.8,2252.1,424,0.36,0,21,25,5,265,2,2,0
7328,6.01,90.0,7616,982,2078,899901,0,129,4,-175.5,5.0,1127.1,2600694776,5,15529,816,2534.8,2252.1,424,6.48,1,16,15,6391,5,3,2,0
7329,12.37,90.0,7616,982,2077,899899,0,129,4,-175.5,5.0,1127.2,2600694972,5,15529,816,2534.8,2252.1,424,0.34,1,14,20,6,261,2,2,0
7330,7.04,90.0,7616,982,2078,899901,0,129,4,-175.5,5.0,1127.4,2600695368,5,15529,816,2534.8,2252.1,424,6.63,0,17,16,6515,5,27,2,0
7331,12.82,90.0,7616,981,2077,899899,0,129,4,-175.5,5.0,1127.5,2600695564,5,15529,816,2534.8,2252.1,424,0.33,1,15,15,5,256,2,1,0
7332,6.38,90.0,7616,981,2078,899901,0,129,4,-175.5,5.0,1127.7,2600695960,5,15529,816,2534.8,2252.1,424,7.41,1,18,20,7320,5,3,2,0
7333,12.78,90.0,7616,981,2077,899899,0,129,4,-175.5,5.0,1127.8,2600698588,5,15529,816,2534.8,2252.1,424,0.41,2,19,41,8,270,2,1,0
7334,5.87,90.0,7616,975,2073,899781,0,129,4,-175.5,5.0,1128.0,2600696568,5,15529,816,2534.8,2252.1,424,6.24,0,15,16,6130,4,27,2,0
7335,12.02,90.0,7616,975,2072,899779,0,129,4,-175.5,5.0,1128.1,2600696764,5,15529,816,2534.8,2252.1,424,0.32,1,14,15,4,244,2,2,0
7336,5.84,90.0,7616,975,2073,899781,0,129,4,-175.5,5.0,1128.3,2600697160,5,15529,816,2534.8,2252.1,424,6.26,1,14,16,6154,5,3,2,0
7337,12.34,90.0,7616,976,2072,899779,0,129,4,-175.5,5.0,1128.4,2600699804,5,15529,816,2534.8,2252.1,424,0.35,1,15,17,5,263,2,2,0
7338,6.16,90.0,7616,976,2073,899781,0,129,4,-175.5,5.0,1128.5,2600700200,5,15529,816,2534.8,2252.1,424,6.40,1,15,15,6300,4,26,2,0
7339,13.20,90.0,7616,976,2072,899779,0,129,4,-175.5,5.0,1128.6,2600700396,5,15529,816,2534.8,2252.1,424,0.36,1,15,16,5,278,4,2,0
7340,6.01,90.0,7616,975,2064,899323,0,129,4,-175.5,5.0,1128.8,2600700792,5,15529,816,2534.8,2252.1,424,6.51,1,14,14,6440,5,3,2,0
7341,12.90,90.0,7616,975,2063,899321,0,129,4,-175.5,5.0,1128.9,2600701992,5,15529,816,2534.8,2252.1,424,0.33,0,14,16,5,256,2,2,0
7342,5.28,90.0,7616,975,2059,899094,0,129,4,-175.5,5.0,1129.1,2600702388,5,15529,816,2534.8,2252.1,424,6.81,0,13,14,6676,6,50,4,0
7343,13.06,90.0,7616,975,2058,899092,0,129,4,-175.5,5.0,1129.2,2600702584,5,15529,816,2534.8,2252.1,424,0.33,1,16,15,5,256,2,1,0
7344,6.21,90.0,7616,976,2060,899142,0,129,4,-175.5,5.0,1129.4,2600702980,5,15529,816,2534.8,2252.1,424,7.03,0,15,15,6950,5,3,2,0
7345,12.39,90.0,7616,976,2059,899140,0,129,4,-175.5,5.0,1129.5,2600703176,5,15529,816,2534.8,2252.1,424,0.41,1,15,15,5,312,5,4,0
7346,6.58,90.0,7616,976,2060,899142,0,129,4,-175.5,5.0,1129.7,2599243636,5,15529,816,2534.8,2252.1,424,50.61,1,15,15,6491,4,25,2,0
7347,65.77,90.0,7616,978,2059,899520,0,129,4,-175.5,5.0,1129.8,2599248264,5,15529,816,2534.8,2252.1,424,0.34,1,15,16,5,256,2,2,0
7348,6.70,92.0,7616,977,2042,898606,0,129,4,-175.5,5.0,1130.8,2599248660,5,15529,816,2534.8,2252.1,424,6.45,0,14,24,6356,5,2,2,0
7349,12.71,92.0,7616,976,2041,898604,0,129,4,-175.5,5.0,1130.9,2599247380,5,15529,816,2534.8,2252.1,424,0.36,2,25,16,5,266,2,1,0
7350,7.10,92.0,7616,977,2042,898606,0,129,4,-175.5,5.0,1131.1,2599250736,5,15529,816,2534.8,2252.1,424,6.42,1,15,16,6311,5,29,2,0
7351,13.37,92.0,7616,976,2041,898604,0,129,4,-175.5,5.0,1131.2,2599250500,5,15529,816,2534.8,2252.1,424,0.34,1,15,16,5,259,2,1,0
7352,5.75,92.0,7616,961,2027,897856,0,129,4,-175.5,5.0,1131.4,2599250896,5,15529,816,2534.8,2252.1,424,6.80,1,13,16,6727,5,3,2,0
7353,13.87,92.0,7616,961,2026,897854,0,129,4,-175.5,5.0,1131.4,2599252096,5,15529,816,2534.8,2252.1,424,0.34,1,15,16,5,265,2,1,0
7354,5.77,92.0,7616,972,2043,906865,0,129,4,-175.5,5.0,1131.7,2599252492,5,15529,816,2534.8,2252.1,424,6.57,2,21,17,6439,5,28,2,0
7355,13.18,92.0,7616,973,2042,906863,0,129,4,-175.5,5.0,1131.7,2599252688,5,15529,816,2534.8,2252.1,424,0.34,1,16,16,5,267,2,2,0
7356,5.92,92.0,7616,973,2047,907094,0,129,4,-175.5,5.0,1131.9,2599253084,5,15529,816,2534.8,2252.1,424,7.06,1,16,16,6919,59,3,2,0
7357,13.12,92.0,7616,973,2046,907092,0,129,4,-175.5,5.0,1132.0,2599253280,5,15529,816,2534.8,2252.1,424,0.36,2,22,16,5,260,2,2,0
7358,5.82,92.0,7616,973,2047,907094,0,129,4,-175.5,5.0,1132.2,2599253676,5,15529,816,2534.8,2252.1,424,6.61,1,14,14,6499,7,28,2,0
7359,13.11,92.0,7616,973,2046,907092,0,129,4,-175.5,5.0,1132.3,2599253872,5,15529,816,2534.8,2252.1,424,0.35,1,16,25,4,260,2,2,0
7360,6.93,92.0,7616,973,2047,907094,0,129,4,-175.5,5.0,1132.5,2599251900,5,15529,816,2534.8,2252.1,424,6.95,1,14,15,6868,5,3,2,0
7361,12.87,92.0,7616,972,2046,907092,0,129,4,-175.5,5.0,1132.6,2599254704,5,15529,816,2534.8,2252.1,424,0.34,1,15,15,4,257,2,2,0
7362,5.92,92.0,7616,967,2042,907014,0,129,4,-175.5,5.0,1132.8,2599255100,5,15529,816,2534.8,2252.1,424,6.98,0,14,16,6869,6,37,1,0
7363,12.75,92.0,7616,966,2041,907012,0,129,4,-175.5,5.0,1132.9,2599255296,5,15529,816,2534.8,2252.1,424,0.33,0,15,15,5,247,2,2,0
7364,6.09,92.0,7616,966,2042,907014,0,129,4,-175.5,5.0,1133.1,2599255692,5,15529,816,2534.8,2252.1,424,7.30,1,15,17,7217,5,2,2,0
7365,12.68,92.0,7616,966,2041,907012,0,129,4,-175.5,5.0,1133.2,2599255888,5,15529,816,2534.8,2252.1,424,0.32,1,14,15,5,248,1,1,0
7366,6.19,92.0,7616,931,2007,904134,0,129,4,-175.5,5.0,1133.4,2599256284,5,15529,816,2534.8,2252.1,424,6.20,1,15,16,6104,3,22,2,0
7367,11.80,92.0,7616,931,2006,904132,0,129,4,-175.5,5.0,1133.5,2599263172,5,15529,816,2534.8,2252.1,424,0.34,1,18,20,5,261,1,1,0
7368,5.36,92.0,7616,931,2007,904134,0,129,4,-175.5,5.0,1133.6,2599261072,5,15529,816,2534.8,2252.1,424,6.29,1,14,15,6222,3,2,2,0
7369,12.06,92.0,7616,931,2006,904132,0,129,4,-175.5,5.0,1133.7,2599263940,5,15529,816,2534.8,2252.1,424,0.34,1,15,15,5,264,2,2,0
7370,5.46,92.0,7616,916,1992,902544,0,129,4,-175.5,5.0,1133.9,2599264336,5,15529,816,2534.8,2252.1,424,6.77,1,15,17,6663,3,26,2,0
7371,12.98,92.0,7616,916,1991,902542,0,129,4,-175.5,5.0,1134.0,2599265536,5,15529,816,2534.8,2252.1,424,0.37,0,14,17,6,278,2,1,0
7372,6.36,92.0,7616,916,1992,902544,0,129,4,-175.5,5.0,1134.2,2599265932,5,15529,816,2534.8,2252.1,424,6.86,1,13,15,6785,4,2,1,0
7373,12.88,92.0,7616,916,1991,902542,0,129,4,-175.5,5.0,1134.3,2599266128,5,15529,816,2534.8,2252.1,424,0.36,1,14,15,5,276,2,1,0
7374,6.50,92.0,7616,916,1992,902544,0,129,4,-175.5,5.0,1134.5,2599266524,5,15529,816,2534.8,2252.1,424,6.40,1,13,14,6300,4,25,2,0
7375,12.24,92.0,7616,916,1991,902542,0,129,4,-175.5,5.0,1134.6,2599264144,5,15529,816,2534.8,2252.1,424,0.40,2,23,24,7,291,2,1,0
7376,5.73,92.0,7616,915,1992,902544,0,129,4,-175.5,5.0,1134.7,2599267260,5,15529,816,2534.8,2252.1,424,6.71,2,21,22,6602,4,2,2,0
7377,13.01,92.0,7616,916,1991,902542,0,129,4,-175.5,5.0,1134.8,2599267456,5,15529,816,2534.8,2252.1,424,0.33,1,15,15,5,254,2,1,0
7378,6.38,92.0,7616,916,1992,902544,0,129,4,-175.5,5.0,1135.0,2599267852,5,15529,816,2534.8,2252.1,424,6.14,1,15,16,6039,3,31,2,0
7379,12.25,92.0,7616,906,1981,901552,0,129,4,-175.5,5.0,1135.1,2599268048,5,15529,816,2534.8,2252.1,424,0.35,1,15,16,5,272,2,1,0
7380,8.13,92.0,7616,906,1986,901783,0,129,4,-175.5,5.0,1135.3,2599269880,5,15529,816,2534.8,2252.1,424,7.03,1,13,15,6947,5,2,2,0
7381,14.40,92.0,7616,906,1985,901781,0,129,4,-175.5,5.0,1135.4,2599269644,5,15529,816,2534.8,2252.1,424,0.36,1,15,16,4,271,3,1,0
7382,6.30,92.0,7616,906,1986,901783,0,129,4,-175.5,5.0,1135.6,2599267416,5,15529,816,2534.8,2252.1,424,6.52,1,15,24,6415,4,24,2,0
7383,12.53,92.0,7616,906,1985,901781,0,129,4,-175.5,5.0,1135.7,2599270380,5,15529,816,2534.8,2252.1,424,0.34,0,14,16,4,267,1,1,0
7384,6.15,92.0,7616,906,1986,901783,0,129,4,-175.5,5.0,1135.9,2599270776,5,15529,816,2534.8,2252.1,424,6.86,1,14,15,6776,5,3,2,0
7385,12.53,92.0,7616,906,1985,901781,0,129,4,-175.5,5.0,1136.0,2599270972,5,15529,816,2534.8,2252.1,424,0.35,1,25,15,5,263,4,2,0
7386,5.58,92.0,7616,906,1990,902012,0,129,4,-175.5,5.0,1136.2,2599271368,5,15529,816,2534.8,2252.1,424,6.35,1,15,16,6249,4,27,2,0
7387,12.14,92.0,7616,906,1989,902010,0,129,4,-175.5,5.0,1136.3,2599271564,5,15529,816,2534.8,2252.1,424,0.38,1,17,17,5,295,3,1,0
7388,5.87,92.0,7616,906,1990,902012,0,129,4,-175.5,5.0,1136.5,2599271960,5,15529,816,2534.8,2252.1,424,7.08,1,15,16,7002,3,2,2,0
7389,13.36,92.0,7616,906,1989,902010,0,129,4,-175.5,5.0,1136.6,2599269484,5,15529,816,2534.8,2252.1,424,0.37,1,15,16,4,278,2,2,0
7390,6.52,92.0,7616,906,1990,902012,0,129,4,-175.5,5.0,1136.8,2599272696,5,15529,816,2534.8,2252.1,424,7.31,1,18,16,7207,4,27,2,0
7391,13.61,92.0,7616,906,1989,902010,0,129,4,-175.5,5.0,1136.9,2599272892,5,15529,816,2534.8,2252.1,424,0.35,1,15,16,4,269,2,2,0
7392,6.26,92.0,7616,906,1990,902012,0,129,4,-175.5,5.0,1137.1,2599270504,5,15529,816,2534.8,2252.1,424,7.04,1,14,34,6933,5,3,2,0
7393,12.39,92.0,7616,906,1989,902010,0,129,4,-175.5,5.0,1137.2,2599270700,5,15529,816,2534.8,2252.1,424,0.34,1,14,15,4,265,2,2,0
7394,6.16,92.0,7616,900,1988,900691,0,129,4,-175.5,5.0,1137.3,2599273928,5,15529,816,2534.8,2252.1,424,6.38,1,14,16,6268,4,28,2,0
7395,12.05,92.0,7616,894,1982,899769,0,129,4,-175.5,5.0,1137.4,2599271308,5,15529,816,2534.8,2252.1,424,0.36,1,14,15,13,283,2,2,0
7396,6.10,92.0,7616,894,1983,899771,0,129,4,-175.5,5.0,1137.6,2599275540,5,15529,816,2534.8,2252.1,424,6.99,1,15,17,6904,6,2,2,0
7397,13.15,92.0,7616,894,1982,899769,0,129,4,-175.5,5.0,1137.7,2599272920,5,15529,816,2534.8,2252.1,424,0.36,1,19,17,5,260,2,1,0
7398,6.27,92.0,7616,894,1983,899771,0,129,4,-175.5,5.0,1137.9,2599273316,5,15529,816,2534.8,2252.1,424,6.39,1,14,14,6293,4,26,2,0
7399,12.43,92.0,7616,893,1982,899769,0,129,4,-175.5,5.0,1138.0,2599276360,5,15529,816,2534.8,2252.1,424,0.35,1,15,16,5,259,4,4,0
7400,6.13,92.0,7616,858,1948,897551,0,129,4,-175.5,5.0,1138.2,2599276756,5,15529,816,2534.8,2252.1,424,6.55,1,15,16,6468,5,3,2,0
7401,12.79,92.0,7616,858,1947,897549,0,129,4,-175.5,5.0,1138.3,2599275140,5,15529,816,2534.8,2252.1,424,0.34,1,15,16,5,265,2,2,0
7402,5.89,92.0,7616,858,1948,897551,0,129,4,-175.5,5.0,1138.5,2599275536,5,15529,816,2534.8,2252.1,424,7.00,0,15,16,6903,4,25,2,0
7403,12.69,92.0,7616,859,1947,897549,0,129,4,-175.5,5.0,1138.6,2599278596,5,15529,816,2534.8,2252.1,424,0.33,1,13,15,5,247,12,1,0
7404,6.50,92.0,7616,859,1948,897551,0,129,4,-175.5,5.0,1138.7,2599276144,5,15529,816,2534.8,2252.1,424,6.28,0,15,15,6194,4,2,2,0
7405,12.02,92.0,7616,859,1947,897549,0,129,4,-175.5,5.0,1138.8,2599279204,5,15529,816,2534.8,2252.1,424,0.36,1,14,34,9,260,2,2,0
7406,6.02,92.0,7616,859,1948,897551,0,129,4,-175.5,5.0,1139.0,2599276752,5,15529,816,2534.8,2252.1,424,6.89,1,14,15,6788,4,26,2,0
7407,12.60,92.0,7616,859,1947,897549,0,129,4,-175.5,5.0,1139.1,2599279828,5,15529,816,2534.8,2252.1,424,0.35,1,16,16,5,269,2,1,0
7408,5.92,92.0,7616,858,1948,897551,0,129,4,-175.5,5.0,1139.3,2599280224,5,15529,816,2534.8,2252.1,424,7.18,0,13,15,7105,5,3,2,0
7409,12.68,92.0,7616,858,1947,897549,0,129,4,-175.5,5.0,1139.4,2599280420,5,15529,816,2534.8,2252.1,424,0.34,1,16,32,5,250,2,2,0
7410,6.98,92.0,7616,847,1937,878411,0,129,4,-175.5,5.0,1139.6,2599281176,5,15529,816,2534.8,2252.1,424,6.46,1,21,21,6342,4,24,1,0
7411,13.56,92.0,7616,847,1940,878638,0,129,4,-175.5,5.0,1139.7,2602062008,5,15529,816,2534.8,2252.1,424,44.17,1,14,16,5,255,3,1,0
7412,59.63,92.0,7616,847,1941,872200,0,129,4,-175.5,5.0,1139.9,2602065780,5,15529,816,2534.8,2252.1,424,6.90,1,16,16,6807,6,3,2,0
7413,13.18,92.0,7616,813,1910,867569,0,129,4,-175.5,5.0,1140.8,2602066012,5,15529,816,2534.8,2252.1,424,0.35,1,15,16,9,264,2,1,0
7414,5.85,92.0,7616,813,1910,867569,0,129,4,-175.5,5.0,1141.0,2602067312,5,15529,816,2534.8,2252.1,424,6.66,0,14,16,6521,5,37,2,0
7415,12.60,92.0,7616,812,1909,867567,0,129,4,-175.5,5.0,1141.1,2602067508,5,15529,816,2534.8,2252.1,424,0.38,1,26,20,4,276,5,2,0
7416,5.49,92.0,7616,812,1910,867569,0,129,4,-175.5,5.0,1141.3,2602067904,5,15529,816,2534.8,2252.1,424,6.67,0,13,14,6591,7,3,3,0
7417,12.57,92.0,7616,812,1909,867567,0,129,4,-175.5,5.0,1141.3,2602065284,5,15529,816,2534.8,2252.1,424,0.35,1,15,16,5,274,2,2,0
7418,5.78,92.0,7616,812,1910,867569,0,129,4,-175.5,5.0,1141.5,2602068624,5,15529,816,2534.8,2252.1,424,6.45,1,15,16,6313,7,44,2,0
7419,11.95,92.0,7616,812,1909,867567,0,129,4,-175.5,5.0,1141.6,2602065892,5,15529,816,2534.8,2252.1,424,0.35,0,31,16,5,255,2,1,0
7420,5.68,92.0,7616,812,1910,867569,0,129,4,-175.5,5.0,1141.8,2602069232,5,15529,816,2534.8,2252.1,424,6.58,1,16,17,6478,6,3,2,0
7421,11.93,92.0,7616,812,1909,867567,0,129,4,-175.5,5.0,1141.9,2602066500,5,15529,816,2534.8,2252.1,424,0.38,1,28,16,4,285,2,1,0
7422,6.40,92.0,7616,812,1910,867569,0,129,4,-175.5,5.0,1142.1,2602069856,5,15529,816,2534.8,2252.1,424,6.75,1,30,16,6625,6,36,2,0
7423,13.26,92.0,7616,812,1909,867567,0,129,4,-175.5,5.0,1142.2,2602070052,5,15529,816,2534.8,2252.1,424,0.35,1,15,16,4,273,2,2,0
7424,5.87,92.0,7616,812,1910,867569,0,129,4,-175.5,5.0,1142.4,2602070448,5,15529,816,2534.8,2252.1,424,6.37,1,14,15,6297,4,3,1,0
7425,11.58,92.0,7616,812,1909,867567,0,129,4,-175.5,5.0,1142.4,2602070644,5,15529,816,2534.8,2252.1,424,0.36,0,15,16,5,281,2,1,0
7426,5.35,92.0,7616,812,1910,867569,0,129,4,-175.5,5.0,1142.6,2602071040,5,15529,816,2534.8,2252.1,424,7.06,1,13,14,6947,5,43,2,0
7427,13.33,92.0,7616,812,1909,867567,0,129,4,-175.5,5.0,1142.7,2602071236,5,15529,816,2534.8,2252.1,424,0.33,1,15,20,5,254,2,2,0
7428,5.71,92.0,7616,812,1910,867569,0,129,4,-175.5,5.0,1142.9,2602068768,5,15529,816,2534.8,2252.1,424,6.53,1,14,15,6446,6,3,3,0
7429,12.71,92.0,7616,812,1909,867567,0,129,4,-175.5,5.0,1143.0,2602071972,5,15529,816,2534.8,2252.1,424,0.33,0,14,16,4,249,2,1,0
7430,5.73,92.0,7616,812,1910,867569,0,129,4,-175.5,5.0,1143.2,2602072368,5,15529,816,2534.8,2252.1,424,6.45,1,16,41,6304,4,26,1,0
7431,13.06,92.0,7616,811,1909,867567,0,129,4,-175.5,5.0,1143.3,2602069588,5,15529,816,2534.8,2252.1,424,0.33,1,16,17,5,254,2,1,0
7432,5.74,92.0,7616,811,1910,867569,0,129,4,-175.5,5.0,1143.5,2602069984,5,15529,816,2534.8,2252.1,424,6.96,1,15,15,6883,4,2,2,0
7433,13.48,92.0,7616,811,1909,867567,0,129,4,-175.5,5.0,1143.5,2602073204,5,15529,816,2534.8,2252.1,424,0.33,0,15,16,5,250,2,2,0
7434,5.74,92.0,7616,811,1910,867569,0,129,4,-175.5,5.0,1143.7,2602073600,5,15529,816,2534.8,2252.1,424,6.58,1,15,14,6486,4,27,2,0
7435,11.88,92.0,7616,812,1909,867567,0,129,4,-175.5,5.0,1143.8,2602073796,5,15529,816,2534.8,2252.1,424,0.34,1,25,16,4,254,3,2,0
7436,4.97,92.0,7616,812,1910,867569,0,129,4,-175.5,5.0,1144.0,2602074192,5,15529,816,2534.8,2252.1,424,6.84,1,14,15,6762,5,3,1,0
7437,13.08,92.0,7616,812,1909,867567,0,129,4,-175.5,5.0,1144.1,2602074388,5,15529,816,2534.8,2252.1,424,0.33,0,14,16,6,254,2,1,0
7438,5.08,92.0,7616,812,1910,867569,0,129,4,-175.5,5.0,1144.3,2602074784,5,15529,816,2534.8,2252.1,424,7.12,1,13,13,7023,5,29,1,0
7439,12.85,92.0,7616,812,1909,867567,0,129,4,-175.5,5.0,1144.4,2602074980,5,15529,816,2534.8,2252.1,424,0.36,1,15,15,5,257,2,2,0
7440,7.60,92.0,7616,812,1910,867569,0,129,4,-175.5,5.0,1144.5,2602072896,5,15529,816,2534.8,2252.1,424,6.80,1,15,16,6695,6,2,1,0
7441,14.13,92.0,7616,812,1909,867567,0,129,4,-175.5,5.0,1144.7,2602075732,5,15529,816,2534.8,2252.1,424,0.34,1,15,14,5,260,2,1,0
7442,5.75,92.0,7616,812,1910,867569,0,129,4,-175.5,5.0,1144.9,2602076128,5,15529,816,2534.8,2252.1,424,6.50,1,13,14,6380,7,46,2,0
7443,12.37,95.0,7616,812,1909,867567,0,129,4,-175.5,5.0,1145.0,2602076324,5,15529,816,2534.8,2252.1,424,0.34,1,15,15,5,258,2,1,0
7444,6.32,95.0,7616,812,1910,867569,0,129,4,-175.5,5.0,1145.1,2602076720,5,15529,816,2534.8,2252.1,424,6.79,1,29,15,6687,7,3,2,0
7445,12.50,95.0,7616,812,1909,867567,0,129,4,-175.5,5.0,1145.2,2602076916,5,15529,816,2534.8,2252.1,424,0.35,1,16,16,4,266,2,2,0
7446,6.20,95.0,7616,812,1910,867569,0,129,4,-175.5,5.0,1145.4,2602077312,5,15529,816,2534.8,2252.1,424,6.91,0,16,17,6784,6,31,2,0
7447,12.66,95.0,7616,812,1909,867567,0,129,4,-175.5,5.0,1145.5,2602074532,5,15529,816,2534.8,2252.1,424,0.35,1,15,15,5,267,4,3,0
7448,6.24,95.0,7616,812,1910,867569,0,129,4,-175.5,5.0,1145.7,2602078048,5,15529,816,2534.8,2252.1,424,6.84,0,16,15,6718,6,4,3,0
7449,12.83,95.0,7616,812,1909,867567,0,129,4,-175.5,5.0,1145.8,2602078244,5,15529,816,2534.8,2252.1,424,0.38,1,15,16,5,299,3,1,0
7450,5.87,95.0,7616,812,1910,867569,0,129,4,-175.5,5.0,1146.0,2602078640,5,15529,816,2534.8,2252.1,424,6.76,1,23,18,6617,5,42,2,0
7451,12.90,95.0,7616,812,1909,867567,0,129,4,-175.5,5.0,1146.1,2602078836,5,15529,816,2534.8,2252.1,424,0.36,1,14,15,5,288,2,2,0
7452,5.47,95.0,7616,812,1910,867569,0,129,4,-175.5,5.0,1146.3,2602079232,5,15529,816,2534.8,2252.1,424,6.91,1,16,15,6808,15,4,6,0
7453,12.43,95.0,7616,812,1909,867567,0,129,4,-175.5,5.0,1146.4,2602079428,5,15529,816,2534.8,2252.1,424,0.39,1,16,16,5,309,2,2,0
7454,5.57,95.0,7616,811,1910,867569,0,129,4,-175.5,5.0,1146.5,2602076800,5,15529,816,2534.8,2252.1,424,7.14,0,14,16,7038,4,26,2,0
7455,12.32,95.0,7616,811,1909,867567,0,129,4,-175.5,5.0,1146.6,2602080164,5,15529,816,2534.8,2252.1,424,0.34,1,14,15,5,268,2,2,0
7456,5.71,95.0,7616,811,1910,867569,0,129,4,-175.5,5.0,1146.8,2602080560,5,15529,816,2534.8,2252.1,424,6.44,0,14,14,6365,5,2,2,0
7457,11.59,95.0,7616,811,1909,867567,0,129,4,-175.5,5.0,1146.9,2602080756,5,15529,816,2534.8,2252.1,424,0.32,0,14,15,5,247,2,1,0
7458,5.73,95.0,7616,811,1910,867569,0,129,4,-175.5,5.0,1147.1,2602081152,5,15529,816,2534.8,2252.1,424,7.11,1,16,16,6990,4,25,2,0
7459,12.68,95.0,7616,811,1909,867567,0,129,4,-175.5,5.0,1147.2,2602081348,5,15529,816,2534.8,2252.1,424,0.34,1,14,15,4,257,2,1,0
7460,6.07,95.0,7616,811,1901,867111,0,129,4,-175.5,5.0,1147.4,2602081744,5,15529,816,2534.8,2252.1,424,6.86,0,14,15,6785,5,3,2,0
7461,14.00,95.0,7616,811,1900,867109,0,129,4,-175.5,5.0,1147.4,2602079872,5,15529,816,2534.8,2252.1,424,0.36,2,22,16,4,263,2,1,0
7462,5.66,95.0,7616,811,1901,867111,0,129,4,-175.5,5.0,1147.7,2602083484,5,15529,816,2534.8,2252.1,424,6.41,1,31,15,6288,4,26,2,0
7463,12.57,95.0,7616,811,1900,867109,0,129,4,-175.5,5.0,1147.7,2602083680,5,15529,816,2534.8,2252.1,424,0.36,1,16,17,5,274,3,2,0
7464,5.65,95.0,7616,811,1892,866653,0,129,4,-175.5,5.0,1147.9,2602084076,5,15529,816,2534.8,2252.1,424,6.73,1,14,14,6654,4,3,2,0
7465,12.66,95.0,7616,811,1891,866651,0,129,4,-175.5,5.0,1148.0,2602085276,5,15529,816,2534.8,2252.1,424,0.35,1,15,15,5,276,2,1,0
7466,5.64,95.0,7616,811,1892,866653,0,129,4,-175.5,5.0,1148.2,2602085672,5,15529,816,2534.8,2252.1,424,6.87,0,14,15,6744,7,44,3,0
7467,13.43,95.0,7616,811,1891,866651,0,129,4,-175.5,5.0,1148.3,2602085868,5,15529,816,2534.8,2252.1,424,0.33,1,15,15,5,255,2,1,0
7468,5.67,95.0,7616,811,1892,866653,0,129,4,-175.5,5.0,1148.5,2602086264,5,15529,816,2534.8,2252.1,424,6.88,0,16,16,6805,4,3,2,0
7469,12.56,95.0,7616,811,1891,866651,0,129,4,-175.5,5.0,1148.6,2602083356,5,15529,816,2534.8,2252.1,424,0.36,1,24,16,4,260,2,1,0
7470,7.06,95.0,7616,811,1892,866653,0,129,4,-175.5,5.0,1148.8,2602087392,5,15529,816,2534.8,2252.1,424,7.09,0,16,16,6983,6,29,2,0
7471,13.86,95.0,7616,811,1891,866651,0,129,4,-175.5,5.0,1148.9,2602087228,5,15529,816,2534.8,2252.1,424,0.46,1,26,24,6,338,2,2,0
7472,5.99,95.0,7616,811,1892,866653,0,129,4,-175.5,5.0,1149.1,2602087624,5,15529,816,2534.8,2252.1,424,6.19,2,23,23,6080,3,2,2,0
7473,11.97,95.0,7616,811,1891,866651,0,129,4,-175.5,5.0,1149.2,2602087820,5,15529,816,2534.8,2252.1,424,0.39,2,18,18,6,296,5,2,0
7474,5.47,95.0,7616,810,1874,865737,0,129,4,-175.5,5.0,1149.3,2602088216,5,15529,816,2534.8,2252.1,424,6.71,1,14,14,6619,4,27,2,0
7475,12.16,95.0,7616,810,1873,865735,0,129,4,-175.5,5.0,1149.4,2602089416,5,15529,816,2534.8,2252.1,424,0.36,1,15,27,9,262,2,1,0
7476,5.77,95.0,7616,810,1874,865737,0,129,4,-175.5,5.0,1149.6,2602086628,5,15529,816,2534.8,2252.1,424,6.82,1,15,14,6742,5,3,2,0
7477,12.13,95.0,7616,810,1873,865735,0,129,4,-175.5,5.0,1149.7,2600562920,5,15529,816,2534.8,2252.1,424,43.57,1,14,15,5,264,2,2,0
7478,60.30,95.0,7616,817,1881,849527,0,129,4,-175.5,5.0,1149.9,2600569588,5,15529,816,2534.8,2252.1,424,7.13,1,16,15,7001,6,44,3,0
7479,14.13,95.0,7616,811,1866,841464,0,129,4,-175.5,5.0,1150.8,2600569884,5,15529,816,2534.8,2252.1,424,0.34,0,15,16,5,256,2,2,0
7480,5.73,95.0,7616,811,1866,841464,0,129,4,-175.5,5.0,1151.0,2600571184,5,15529,816,2534.8,2252.1,424,6.33,1,15,15,6255,3,2,1,0
7481,11.97,95.0,7616,811,1865,841462,0,129,4,-175.5,5.0,1151.1,2600568116,5,15529,816,2534.8,2252.1,424,0.33,1,15,16,5,254,2,1,0
7482,5.85,95.0,7616,811,1866,841464,0,129,4,-175.5,5.0,1151.3,2600571856,5,15529,816,2534.8,2252.1,424,6.58,0,14,15,6474,5,28,2,0
7483,12.77,95.0,7616,811,1865,841462,0,129,4,-175.5,5.0,1151.3,2600572052,5,15529,816,2534.8,2252.1,424,0.35,1,14,16,5,264,2,1,0
7484,6.35,95.0,7616,805,1860,829244,0,129,4,-175.5,5.0,1151.5,2600572448,5,15529,816,2534.8,2252.1,424,7.09,1,15,15,7013,5,3,3,0
7485,13.35,95.0,7616,805,1859,829242,0,129,4,-175.5,5.0,1151.6,2600572644,5,15529,816,2534.8,2252.1,424,0.32,0,15,16,5,249,2,1,0
7486,5.53,95.0,7616,809,1864,829473,0,129,4,-175.5,5.0,1151.8,2600573040,5,15529,816,2534.8,2252.1,424,6.42,1,15,17,6304,5,27,4,0
7487,12.46,95.0,7616,809,1863,829471,0,129,4,-175.5,5.0,1151.9,2600573236,5,15529,816,2534.8,2252.1,424,0.33,1,14,15,5,254,2,2,0
7488,5.45,95.0,7616,809,1864,829473,0,129,4,-175.5,5.0,1152.1,2600570384,5,15529,816,2534.8,2252.1,424,6.24,1,21,21,6138,6,3,2,0
7489,13.49,95.0,7616,809,1863,829471,0,129,4,-175.5,5.0,1152.2,2600573972,5,15529,816,2534.8,2252.1,424,0.34,1,15,15,5,255,2,1,0
7490,7.02,95.0,7616,808,1855,829015,0,129,4,-175.5,5.0,1152.4,2600574368,5,15529,816,2534.8,2252.1,424,6.45,1,13,14,6351,5,27,2,0
7491,12.18,95.0,7616,808,1854,829013,0,129,4,-175.5,5.0,1152.5,2600575568,5,15529,816,2534.8,2252.1,424,0.32,1,16,15,5,248,2,1,0
7492,5.77,95.0,7616,808,1855,829015,0,129,4,-175.5,5.0,1152.7,2600575964,5,15529,816,2534.8,2252.1,424,6.93,2,23,23,6806,7,2,2,0
7493,13.07,95.0,7616,808,1854,829013,0,129,4,-175.5,5.0,1152.8,2600576160,5,15529,816,2534.8,2252.1,424,0.35,1,19,18,5,274,2,1,0
7494,5.69,95.0,7616,808,1855,829015,0,129,4,-175.5,5.0,1153.0,2600576556,5,15529,816,2534.8,2252.1,424,6.99,1,15,14,6880,5,29,1,0
7495,13.25,95.0,7616,808,1854,829013,0,129,4,-175.5,5.0,1153.0,2600576752,5,15529,816,2534.8,2252.1,424,0.33,1,14,16,5,253,3,1,0
7496,5.77,95.0,7616,808,1855,829015,0,129,4,-175.5,5.0,1153.2,2600573868,5,15529,816,2534.8,2252.1,424,7.06,1,15,17,6973,4,3,2,0
7497,12.47,95.0,7616,808,1854,829013,0,129,4,-175.5,5.0,1153.3,2600577504,5,15529,816,2534.8,2252.1,424,0.40,1,20,18,5,294,2,2,0
7498,5.59,95.0,7616,808,1855,829015,0,129,4,-175.5,5.0,1153.5,2600577900,5,15529,816,2534.8,2252.1,424,6.83,1,15,16,6721,5,30,2,0
7499,12.73,95.0,7616,808,1854,829013,0,129,4,-175.5,5.0,1153.6,2600578096,5,15529,816,2534.8,2252.1,424,0.38,1,16,16,5,270,2,2,0
7500,7.27,95.0,7616,808,1855,829015,0,129,4,-175.5,5.0,1153.8,2600578924,5,15529,816,2534.8,2252.1,424,6.62,1,15,16,6527,6,4,2,0
7501,13.90,95.0,7616,808,1854,829013,0,129,4,-175.5,5.0,1153.9,2600578688,5,15529,816,2534.8,2252.1,424,0.35,0,14,17,9,265,2,1,0
7502,5.45,95.0,7616,808,1855,829015,0,129,4,-175.5,5.0,1154.1,2600579084,5,15529,816,2534.8,2252.1,424,6.64,1,13,15,6529,6,32,2,0
7503,13.13,95.0,7616,808,1854,829013,0,129,4,-175.5,5.0,1154.2,2600575936,5,15529,816,2534.8,2252.1,424,0.34,1,14,14,5,259,2,2,0
7504,5.41,95.0,7616,803,1854,829004,0,129,4,-175.5,5.0,1154.4,2600579820,5,15529,816,2534.8,2252.1,424,6.41,1,15,16,6334,4,3,2,0
7505,11.73,95.0,7616,803,1853,829002,0,129,4,-175.5,5.0,1154.5,2600580016,5,15529,816,2534.8,2252.1,424,0.33,1,14,16,5,249,2,2,0
7506,5.12,95.0,7616,803,1854,829004,0,129,4,-175.5,5.0,1154.6,2600580412,5,15529,816,2534.8,2252.1,424,6.66,1,17,14,6550,5,26,2,0
7507,12.24,95.0,7616,803,1853,829002,0,129,4,-175.5,5.0,1154.7,2600580608,5,15529,816,2534.8,2252.1,424,0.34,1,14,16,4,253,3,1,0
7508,5.59,95.0,7616,803,1854,829004,0,129,4,-175.5,5.0,1154.9,2600581004,5,15529,816,2534.8,2252.1,424,6.86,1,14,15,6782,4,3,2,0
7509,12.95,95.0,7616,803,1853,829002,0,129,4,-175.5,5.0,1155.0,2600581200,5,15529,816,2534.8,2252.1,424,0.34,1,15,15,5,261,2,1,0
7510,5.79,95.0,7616,803,1854,829004,0,129,4,-175.5,5.0,1155.2,2600581596,5,15529,816,2534.8,2252.1,424,6.61,2,23,20,6485,4,27,2,0
7511,11.92,95.0,7616,803,1853,829002,0,129,4,-175.5,5.0,1155.3,2600581792,5,15529,816,2534.8,2252.1,424,0.35,1,13,14,5,278,2,2,0
7512,5.57,95.0,7616,803,1854,829004,0,129,4,-175.5,5.0,1155.4,2600578828,5,15529,816,2534.8,2252.1,424,7.00,1,14,14,6920,4,3,2,0
7513,11.89,95.0,7616,803,1853,829002,0,129,4,-175.5,5.0,1155.5,2600582576,5,15529,816,2534.8,2252.1,424,0.36,0,14,14,4,286,3,1,0
7514,5.27,95.0,7616,803,1854,829004,0,129,4,-175.5,5.0,1155.7,2600582972,5,15529,816,2534.8,2252.1,424,6.47,1,14,14,6364,4,33,1,0
7515,11.67,95.0,7616,803,1853,829002,0,129,4,-175.5,5.0,1155.8,2600583168,5,15529,816,2534.8,2252.1,424,0.34,1,15,18,7,258,2,2,0
7516,5.08,95.0,7616,803,1854,829004,0,129,4,-175.5,5.0,1156.0,2600583564,5,15529,816,2534.8,2252.1,424,7.01,1,13,13,6936,5,3,3,0
7517,12.69,95.0,7616,803,1853,829002,0,129,4,-175.5,5.0,1156.0,2600583760,5,15529,816,2534.8,2252.1,424,0.34,0,14,16,5,259,1,1,0
7518,6.28,95.0,7616,793,1844,828654,0,129,4,-175.5,5.0,1156.2,2600580684,5,15529,816,2534.8,2252.1,424,6.75,0,14,15,6646,5,27,2,0
7519,12.30,95.0,7616,793,1843,828652,0,129,4,-175.5,5.0,1156.3,2600585484,5,15529,816,2534.8,2252.1,424,0.36,0,15,15,4,286,4,2,0
7520,5.79,95.0,7616,793,1844,828654,0,129,4,-175.5,5.0,1156.5,2600582296,5,15529,816,2534.8,2252.1,424,6.71,1,13,32,6619,4,2,2,0
7521,12.07,95.0,7616,793,1843,828652,0,129,4,-175.5,5.0,1156.6,2600582492,5,15529,816,2534.8,2252.1,424,0.33,1,15,16,9,238,2,1,0
7522,5.53,95.0,7616,792,1844,828654,0,129,4,-175.5,5.0,1156.8,2600586488,5,15529,816,2534.8,2252.1,424,6.88,1,15,15,6759,6,43,3,0
7523,12.03,95.0,7616,792,1843,828652,0,129,4,-175.5,5.0,1156.9,2600586684,5,15529,816,2534.8,2252.1,424,0.34,1,15,16,5,256,2,2,0
7524,4.99,95.0,7616,792,1844,828654,0,129,4,-175.5,5.0,1157.0,2600583496,5,15529,816,2534.8,2252.1,424,6.95,1,21,14,6864,4,3,2,0
7525,12.92,95.0,7616,792,1843,828652,0,129,4,-175.5,5.0,1157.1,2600587308,5,15529,816,2534.8,2252.1,424,0.36,1,20,16,5,274,2,2,0
7526,5.58,95.0,7620,792,1844,828654,0,129,4,-175.5,5.0,1157.3,2599075252,5,15528,816,2534.8,2252.1,424,50.21,1,14,14,6314,4,543,3,0
7527,58.40,95.0,7620,787,1838,828007,0,129,4,-175.5,5.0,1157.4,2599078716,5,15528,816,2534.8,2252.1,424,0.38,1,15,16,4,291,3,1,0
7528,8.64,95.0,7620,787,1839,828009,0,129,4,-175.5,5.0,1158.3,2599080116,5,15528,816,2534.8,2252.1,424,6.98,1,32,18,6881,5,3,2,0
7529,12.81,95.0,7620,787,1838,828007,0,129,4,-175.5,5.0,1158.4,2599080312,5,15528,816,2534.8,2252.1,424,0.34,0,15,15,4,251,2,1,0
7530,6.34,95.0,7620,787,1839,828009,0,129,4,-175.5,5.0,1158.6,2599084756,5,15528,816,2534.8,2252.1,424,6.47,0,15,15,6377,5,21,1,0
7531,12.49,95.0,7620,787,1838,828007,0,129,4,-175.5,5.0,1158.7,2599084520,5,15528,816,2534.8,2252.1,424,0.34,1,15,15,5,266,2,2,0
7532,5.90,95.0,7620,787,1843,828238,0,129,4,-175.5,5.0,1158.9,2599084916,5,15528,816,2534.8,2252.1,424,6.80,0,15,26,6714,5,3,2,0
7533,12.13,95.0,7620,787,1842,828236,0,129,4,-175.5,5.0,1159.0,2599085112,5,15528,816,2534.8,2252.1,424,0.36,1,15,16,5,286,2,2,0
7534,5.27,95.0,7620,787,1843,828238,0,129,4,-175.5,5.0,1159.1,2599085508,5,15528,816,2534.8,2252.1,424,6.28,1,15,15,6171,4,22,5,0
7535,11.76,95.0,7620,787,1842,828236,0,129,4,-175.5,5.0,1159.2,2599085704,5,15528,816,2534.8,2252.1,424,0.36,1,15,32,5,264,2,2,0
7536,5.80,95.0,7620,787,1843,828238,0,129,4,-175.5,5.0,1159.4,2599082580,5,15528,816,2534.8,2252.1,424,7.04,1,15,15,6960,6,3,2,0
7537,13.03,95.0,7620,787,1842,828236,0,129,4,-175.5,5.0,1159.5,2599086440,5,15528,816,2534.8,2252.1,424,0.33,1,15,16,5,249,2,2,0
7538,6.02,95.0,7620,787,1843,828238,0,129,4,-175.5,5.0,1159.7,2599083188,5,15528,816,2534.8,2252.1,424,7.07,1,13,14,6961,6,31,3,0
7539,12.62,95.0,7620,787,1842,828236,0,129,4,-175.5,5.0,1159.8,2599087064,5,15528,816,2534.8,2252.1,424,0.33,0,13,15,4,260,2,1,0
7540,5.56,97.0,7620,787,1843,828238,0,129,4,-175.5,5.0,1160.0,2599083780,5,15528,816,2534.8,2252.1,424,6.35,1,14,16,6259,7,4,3,0
7541,12.03,97.0,7620,787,1842,828236,0,129,4,-175.5,5.0,1160.0,2599087656,5,15528,816,2534.8,2252.1,424,0.32,1,15,15,4,246,2,1,0
7542,5.67,97.0,7620,787,1834,827780,0,129,4,-175.5,5.0,1160.2,2599084388,5,15528,816,2534.8,2252.1,424,6.41,1,15,15,6319,4,18,1,0
7543,12.05,97.0,7620,787,1833,827778,0,129,4,-175.5,5.0,1160.3,2599089268,5,15528,816,2534.8,2252.1,424,0.33,1,21,15,4,255,2,1,0
7544,5.54,97.0,7620,787,1834,827780,0,129,4,-175.5,5.0,1160.5,2599086000,5,15528,816,2534.8,2252.1,424,6.44,1,14,16,6364,4,3,2,0
7545,11.84,97.0,7620,787,1833,827778,0,129,4,-175.5,5.0,1160.6,2599086196,5,15528,816,2534.8,2252.1,424,0.36,3,16,16,5,270,2,2,0
7546,5.55,97.0,7620,787,1834,827780,0,129,4,-175.5,5.0,1160.7,2599086592,5,15528,816,2534.8,2252.1,424,7.25,1,15,15,7156,4,18,1,0
7547,12.78,97.0,7620,787,1833,827778,0,129,4,-175.5,5.0,1160.8,2599090484,5,15528,816,2534.8,2252.1,424,0.43,1,22,22,7,322,3,1,0
7548,6.03,97.0,7620,787,1834,827780,0,129,4,-175.5,5.0,1161.0,2599087184,5,15528,816,2534.8,2252.1,424,7.04,2,23,18,6939,5,3,2,0
7549,12.69,97.0,7620,787,1833,827778,0,129,4,-175.5,5.0,1161.1,2599091076,5,15528,816,2534.8,2252.1,424,0.34,1,20,15,5,261,2,2,0
7550,5.41,97.0,7620,787,1834,827780,0,129,4,-175.5,5.0,1161.3,2599087776,5,15528,816,2534.8,2252.1,424,6.51,2,22,21,6390,3,17,2,0
7551,11.61,97.0,7620,789,1835,827954,0,129,4,-175.5,5.0,1161.4,2599091668,5,15528,816,2534.8,2252.1,424,0.34,3,15,16,5,259,2,1,0
7552,5.61,97.0,7620,789,1836,827956,0,129,4,-175.5,5.0,1161.6,2599088384,5,15528,816,2534.8,2252.1,424,6.77,1,13,16,6691,7,4,3,0
7553,12.88,97.0,7620,789,1835,827954,0,129,4,-175.5,5.0,1161.6,2599088580,5,15528,816,2534.8,2252.1,424,0.32,1,14,15,4,246,2,1,0
7554,5.51,97.0,7620,789,1827,827498,0,129,4,-175.5,5.0,1161.8,2599088976,5,15528,816,2534.8,2252.1,424,6.72,2,23,15,6609,5,20,2,0
7555,12.65,97.0,7620,789,1826,827496,0,129,4,-175.5,5.0,1161.9,2599093872,5,15528,816,2534.8,2252.1,424,0.41,1,14,16,4,314,7,5,0
7556,5.98,97.0,7620,789,1827,827498,0,129,4,-175.5,5.0,1162.1,2599090588,5,15528,816,2534.8,2252.1,424,6.87,0,14,14,6796,4,2,2,0
7557,12.00,97.0,7620,789,1830,827725,0,129,4,-175.5,5.0,1162.2,2599090784,5,15528,816,2534.8,2252.1,424,0.32,1,14,15,5,245,2,1,0
7558,5.61,97.0,7620,789,1831,827727,0,129,4,-175.5,5.0,1162.4,2599091180,5,15528,816,2534.8,2252.1,424,6.55,0,13,14,6467,4,19,2,0
7559,12.14,97.0,7620,789,1821,827267,0,129,4,-175.5,5.0,1162.5,2599091376,5,15528,816,2534.8,2252.1,424,0.33,1,16,16,5,253,2,1,0
7560,8.62,97.0,7620,789,1822,827269,0,129,4,-175.5,5.0,1162.6,2599093136,5,15528,816,2534.8,2252.1,424,7.98,1,14,16,7896,6,2,1,0
7561,15.73,97.0,7620,789,1812,826809,0,129,4,-175.5,5.0,1162.8,2599092972,5,15528,816,2534.8,2252.1,424,0.32,1,14,15,5,250,2,2,0
7562,5.81,97.0,7620,789,1813,826811,0,129,4,-175.5,5.0,1163.0,2599094372,5,15528,816,2534.8,2252.1,424,6.77,1,14,15,6667,5,21,2,0
7563,12.11,97.0,7620,789,1812,826809,0,129,4,-175.5,5.0,1163.1,2599098280,5,15528,816,2534.8,2252.1,424,0.35,1,26,16,5,258,3,1,0
7564,6.04,97.0,7620,789,1813,826811,0,129,4,-175.5,5.0,1163.3,2599094964,5,15528,816,2534.8,2252.1,424,6.50,1,14,15,6419,6,4,3,0
7565,12.21,97.0,7620,789,1812,826809,0,129,4,-175.5,5.0,1163.4,2599098872,5,15528,816,2534.8,2252.1,424,0.35,1,17,17,5,257,2,2,0
7566,5.52,97.0,7620,789,1813,826811,0,129,4,-175.5,5.0,1163.6,2599095572,5,15528,816,2534.8,2252.1,424,7.37,1,22,22,7223,7,37,2,0
7567,13.81,97.0,7620,785,1803,826351,0,129,4,-175.5,5.0,1163.6,2599095768,5,15528,816,2534.8,2252.1,424,0.35,1,18,23,4,261,2,2,0
7568,6.27,97.0,7620,785,1804,826353,0,129,4,-175.5,5.0,1163.8,2599097168,5,15528,816,2534.8,2252.1,424,6.78,1,15,15,6698,5,3,2,0
7569,12.51,97.0,7620,780,1798,826051,0,129,4,-175.5,5.0,1163.9,2599097364,5,15528,816,2534.8,2252.1,424,0.33,1,14,15,4,262,2,2,0
7570,6.01,97.0,7620,780,1799,826053,0,129,4,-175.5,5.0,1164.1,2599098764,5,15528,816,2534.8,2252.1,424,6.96,1,13,15,6872,6,20,2,0
7571,12.52,97.0,7620,781,1790,825977,0,129,4,-175.5,5.0,1164.2,2599098960,5,15528,816,2534.8,2252.1,424,0.32,1,14,15,4,246,2,1,0
7572,6.12,97.0,7620,781,1791,825979,0,129,4,-175.5,5.0,1164.4,2599100360,5,15528,816,2534.8,2252.1,424,6.82,1,14,15,6735,4,3,2,0
7573,13.26,97.0,7620,781,1790,825977,0,129,4,-175.5,5.0,1164.5,2599104268,5,15528,816,2534.8,2252.1,424,0.31,1,13,15,5,242,2,2,0
7574,6.34,97.0,7620,781,1791,825979,0,129,4,-175.5,5.0,1164.7,2599100968,5,15528,816,2534.8,2252.1,424,6.86,1,14,15,6761,4,20,2,0
7575,12.47,97.0,7620,781,1790,825977,0,129,4,-175.5,5.0,1164.8,2599101164,5,15528,816,2534.8,2252.1,424,0.34,1,13,15,4,271,2,1,0
7576,4.98,97.0,7620,781,1782,825521,0,129,4,-175.5,5.0,1165.0,2599101560,5,15528,816,2534.8,2252.1,424,6.93,0,13,15,6858,4,2,1,0
7577,12.63,97.0,7620,781,1781,825519,0,129,4,-175.5,5.0,1165.1,2599106488,5,15528,816,2534.8,2252.1,424,0.34,1,15,16,7,263,2,2,0
7578,5.36,97.0,7620,781,1782,825521,0,129,4,-175.5,5.0,1165.2,2599103156,5,15528,816,2534.8,2252.1,424,6.92,1,13,14,6837,4,20,2,0
7579,12.29,97.0,7620,781,1781,825519,0,129,4,-175.5,5.0,1165.3,2599107080,5,15528,816,2534.8,2252.1,424,0.53,1,36,22,7,396,5,2,0
7580,5.61,97.0,7620,781,1782,825521,0,129,4,-175.5,5.0,1165.5,2599103764,5,15528,816,2534.8,2252.1,424,6.76,1,14,15,6681,5,3,2,0
7581,12.86,97.0,7620,781,1781,825519,0,129,4,-175.5,5.0,1165.6,2599103960,5,15528,816,2534.8,2252.1,424,0.34,1,15,15,5,250,2,2,0
7582,5.92,97.0,7620,781,1782,825521,0,129,4,-175.5,5.0,1165.8,2599104356,5,15528,816,2534.8,2252.1,424,6.64,1,13,15,6526,5,21,2,0
7583,12.65,97.0,7620,781,1781,825519,0,129,4,-175.5,5.0,1165.9,2599104552,5,15528,816,2534.8,2252.1,424,0.32,1,15,15,4,251,2,1,0
7584,5.52,97.0,7620,781,1782,825521,0,129,4,-175.5,5.0,1166.1,2599108676,5,15528,816,2534.8,2252.1,424,6.80,1,15,15,6716,7,4,3,0
7585,12.82,97.0,7620,781,1781,825519,0,129,4,-175.5,5.0,1166.1,2599105160,5,15528,816,2534.8,2252.1,424,0.32,1,15,16,4,245,2,1,0
7586,5.31,97.0,7620,781,1782,825521,0,129,4,-175.5,5.0,1166.3,2599105556,5,15528,816,2534.8,2252.1,424,7.00,1,14,15,6911,4,19,2,0
7587,12.08,97.0,7620,781,1781,825519,0,129,4,-175.5,5.0,1166.4,2599105752,5,15528,816,2534.8,2252.1,424,0.34,0,15,15,4,248,2,1,0
7588,5.13,97.0,7620,781,1782,825521,0,129,4,-175.5,5.0,1166.6,2599106148,5,15528,816,2534.8,2252.1,424,6.61,1,14,23,6523,4,3,2,0
7589,12.05,97.0,7620,781,1781,825519,0,129,4,-175.5,5.0,1166.7,2599110088,5,15528,816,2534.8,2252.1,424,0.36,3,25,19,8,251,2,2,0
7590,6.75,97.0,7620,761,1762,824641,0,129,4,-175.5,5.0,1166.9,2599107100,5,15528,816,2534.8,2252.1,424,6.70,1,15,16,6599,6,22,2,0
7591,13.71,97.0,7620,761,1761,824639,0,129,4,-175.5,5.0,1167.0,2599111684,5,15528,816,2534.8,2252.1,424,0.38,2,19,16,5,290,2,2,0
7592,5.53,97.0,7620,761,1762,824641,0,129,4,-175.5,5.0,1167.2,2599108336,5,15528,816,2534.8,2252.1,424,6.47,0,13,14,6394,5,3,2,0
7593,12.02,97.0,7620,751,1751,824579,0,129,4,-175.5,5.0,1167.2,2599112276,5,15528,816,2534.8,2252.1,424,0.36,3,17,16,4,265,2,1,0
7594,6.53,97.0,7620,746,1747,824481,0,129,4,-175.5,5.0,1167.4,2601760108,5,15528,816,2534.8,2252.1,424,49.63,1,18,23,6139,3,16,1,0
7595,69.37,97.0,7620,746,1746,825829,0,129,4,-175.5,5.0,1167.5,2601760784,5,15528,816,2534.8,2252.1,424,0.36,1,21,16,4,278,3,1,0
7596,8.71,97.0,7620,736,1737,825461,0,129,4,-175.5,5.0,1168.6,2601761180,5,15528,816,2534.8,2252.1,424,6.95,0,14,15,6864,7,4,3,0
7597,12.98,97.0,7620,731,1731,823819,0,129,4,-175.5,5.0,1168.7,2601766092,5,15528,816,2534.8,2252.1,424,0.42,1,22,23,7,309,3,1,0
7598,6.04,97.0,7620,731,1732,823821,0,129,4,-175.5,5.0,1168.9,2601767492,5,15528,816,2534.8,2252.1,424,6.54,0,16,16,6427,4,20,2,0
7599,12.96,97.0,7620,731,1731,823819,0,129,4,-175.5,5.0,1169.0,2601767688,5,15528,816,2534.8,2252.1,424,0.60,1,23,22,7,468,3,2,0
7600,7.49,97.0,7620,731,1732,823821,0,129,4,-175.5,5.0,1169.2,2601768084,5,15528,816,2534.8,2252.1,424,6.12,1,15,15,6049,3,3,3,0
7601,11.40,97.0,7620,731,1731,823819,0,129,4,-175.5,5.0,1169.3,2601768280,5,15528,816,2534.8,2252.1,424,0.33,1,14,16,5,255,3,1,0
7602,5.55,97.0,7620,731,1732,823821,0,129,4,-175.5,5.0,1169.5,2601765044,5,15528,816,2534.8,2252.1,424,7.19,1,14,14,7097,5,22,1,0
7603,13.10,97.0,7620,731,1731,823819,0,129,4,-175.5,5.0,1169.5,2601765240,5,15528,816,2534.8,2252.1,424,0.38,2,22,23,8,266,2,2,0
7604,5.23,97.0,7620,731,1732,823821,0,129,4,-175.5,5.0,1169.7,2601765636,5,15528,816,2534.8,2252.1,424,6.51,1,14,15,6430,5,3,2,0
7605,12.38,97.0,7620,731,1731,823819,0,129,4,-175.5,5.0,1169.8,2601765832,5,15528,816,2534.8,2252.1,424,0.33,1,14,16,5,252,3,1,0
7606,6.11,97.0,7620,731,1723,823363,0,129,4,-175.5,5.0,1170.0,2601766228,5,15528,816,2534.8,2252.1,424,6.54,1,14,15,6439,5,21,2,0
7607,12.25,97.0,7620,731,1722,823361,0,129,4,-175.5,5.0,1170.1,2601767428,5,15528,816,2534.8,2252.1,424,0.34,1,14,16,5,268,1,1,0
7608,6.03,97.0,7620,731,1723,823363,0,129,4,-175.5,5.0,1170.3,2601771568,5,15528,816,2534.8,2252.1,424,6.70,1,14,15,6624,4,2,2,0
7609,11.81,97.0,7489,731,1722,823361,0,118,4,-175.5,5.0,1170.4,2600162064,5,15528,816,2534.8,2252.1,424,82.33,1136,15,19,0,0,0,0,35179
7610,91.81,97.0,7478,713,1651,815985,0,118,4,-175.5,5.0,1170.5,2598294700,5,15385,816,2534.8,2252.1,424,60.49,2039,15,19,0,0,0,0,0
7611,74.39,97.0,7478,713,1651,816025,0,118,4,-175.5,5.0,1171.9,2605635764,5,15282,816,2534.8,2252.1,424,300.73,2104,17,21,0,0,0,0,0
7612,122.18,97.0,7478,703,1623,813669,0,118,4,-175.5,5.0,1173.0,2599887596,5,15115,816,2534.8,2252.1,424,304.19,2267,47,24,0,0,0,0,0
7613,129.25,73.0,7478,703,1624,812716,0,118,4,-175.5,5.0,1174.9,2600375156,5,15115,816,2537.0,2252.1,424,87.79,827,14,21,0,0,0,0,0
7614,96.92,73.0,7478,693,1605,812653,0,118,4,-175.5,5.0,1176.8,2602521356,5,15115,830,2537.8,2252.1,424,132.28,887,15,21,0,0,0,0,0
7615,133.01,73.0,7480,693,1604,816721,0,118,6,-175.5,5.0,1178.3,2603098436,5,15115,830,2556.1,2270.3,424,99.52,854,14,17,6,265,2,173,0
7616,128.55,73.0,7480,608,1520,797973,0,120,5,-175.5,5.0,1180.3,2603445880,5,15115,830,2556.1,2270.3,424,69.09,772,8351,21,0,0,0,0,0
7617,78.12,73.0,7480,633,1555,798501,0,120,4,-175.5,5.0,1182.2,2598730912,5,14634,830,2556.2,2270.3,424,53.42,5153,8916,20,0,0,0,0,0
7618,62.91,5.0,7480,633,1561,796113,0,120,4,-175.5,5.0,1183.4,2597922264,5,14097,830,2556.1,2270.3,424,47.78,4941,17,19,5458,0,0,0,0
7619,55.98,5.0,7474,633,1560,796111,0,120,6,-175.5,5.0,1184.3,2597537000,5,13716,830,2556.1,2270.3,424,42.32,3591,18,19,6,256,2,165,0
7620,52.38,5.0,7474,633,1560,795001,0,122,5,-175.5,5.0,1185.1,2597534876,5,13716,830,2555.8,2269.9,424,8.26,2,8198,21,0,0,0,0,0
7621,14.54,5.0,7475,633,1567,795015,113,122,5,-175.5,5.0,1185.9,2597700680,5,13716,830,2555.8,2269.9,424,3.66,1,1405,17,6,255,2,1943,0
7622,9.59,5.0,7479,613,1556,794223,63,122,5,-175.5,5.0,1186.1,2598596284,5,13764,830,2555.8,2269.9,424,46.97,1,16,2619,5914,0,0,0,0
7623,55.35,5.0,7483,613,1554,788344,13,122,5,-175.5,5.0,1186.3,2599481216,5,13812,830,2555.8,2269.9,424,40.21,1,17,2151,5,282,2,4,0
7624,47.41,5.0,7485,613,1555,788346,0,122,5,-175.5,5.0,1187.1,2596063032,5,13824,830,2555.8,2269.9,424,44.54,1,17,762,5823,4,3,2,0
7625,52.86,5.0,7485,613,1554,788304,0,123,4,-175.5,5.0,1187.8,2596061304,5,13824,830,2555.8,2269.9,424,8.47,1,8411,19,0,0,0,0,0
7626,14.42,5.0,7485,613,1561,788318,0,123,4,-175.5,5.0,1188.6,2596073736,5,13824,830,2555.8,2269.9,424,5.87,1,16,16,5775,4,18,2,0
7627,12.54,5.0,7485,613,1561,788318,0,123,4,-175.5,5.0,1188.8,2596070984,5,13824,830,2555.8,2269.9,424,0.36,0,15,16,4,286,2,2,0
7628,8.99,5.0,7485,613,1561,788318,0,123,4,-175.5,5.0,1189.0,2596071280,5,13824,830,2555.8,2269.9,424,5.76,1,15,16,5672,7,4,2,0
7629,11.51,5.0,7485,613,1560,788316,0,123,4,-175.5,5.0,1189.2,2596071476,5,13824,830,2555.8,2269.9,424,0.33,1,14,16,4,258,3,1,0
7630,5.76,5.0,7485,613,1561,788318,0,123,4,-175.5,5.0,1189.3,2596866888,5,13824,830,2555.8,2269.9,424,43.37,3,29,13,5630,3,16,2,0
7631,51.16,5.0,7479,613,1560,785171,0,123,4,-175.5,5.0,1189.4,2596848208,5,13824,830,2555.8,2269.9,424,0.34,1,20,16,5,259,2,2,0
7632,11.57,5.0,7479,613,1561,785173,0,123,4,-175.5,5.0,1190.2,2597643556,5,13824,830,2555.8,2269.9,424,45.75,1,16,19,5698,6,3,2,0
7633,52.79,5.0,7464,613,1561,783568,0,123,4,-175.5,5.0,1190.4,2597590080,5,13824,830,2555.8,2269.9,424,0.32,1,16,14,5,245,3,1,0
7634,7.77,5.0,7464,613,1561,783568,0,123,4,-175.5,5.0,1191.2,2597586532,5,13824,830,2555.8,2269.9,424,5.58,1,15,16,5480,4,18,3,0
7635,12.43,5.0,7464,613,1560,783566,0,123,4,-175.5,5.0,1191.3,2597586728,5,13824,830,2555.8,2269.9,424,0.32,1,15,16,5,241,2,1,0
7636,6.31,5.0,7464,613,1561,783568,0,123,4,-175.5,5.0,1191.5,2598381476,5,13824,830,2555.8,2269.9,424,44.05,1,16,15,5819,3,3,2,0
7637,52.86,5.0,7458,613,1560,786006,0,123,4,-175.5,5.0,1191.6,2598362780,5,13824,830,2555.8,2269.9,424,0.34,1,17,16,5,255,2,2,0
7638,11.33,5.0,7458,613,1561,786008,0,123,4,-175.5,5.0,1192.3,2599158160,5,13824,830,2555.8,2269.9,424,46.16,2,24,16,5906,5,22,2,0
7639,53.64,5.0,7452,613,1552,783945,0,123,4,-175.5,5.0,1192.5,2599142668,5,13824,830,2555.8,2269.9,424,0.33,1,16,17,6,245,3,1,0
7640,11.50,5.0,7452,613,1552,783945,0,123,4,-175.5,5.0,1193.3,2595762232,5,13824,830,2555.8,2269.9,424,44.06,1,19,28,5885,5,2,2,0
7641,51.62,5.0,7433,613,1552,783905,0,123,4,-175.5,5.0,1193.5,2595707244,5,13824,830,2555.8,2269.9,424,0.32,1,16,16,5,246,2,2,0
7642,11.81,5.0,7433,613,1543,783447,0,123,4,-175.5,5.0,1194.3,2595707524,5,13824,830,2555.8,2269.9,424,6.02,1,15,16,5900,8,34,3,0
7643,12.47,5.0,7433,613,1543,783447,0,123,4,-175.5,5.0,1194.4,2595708824,5,13824,830,2555.8,2269.9,424,0.32,2,15,15,5,246,2,2,0
7644,5.97,5.0,7433,613,1543,783447,0,123,4,-175.5,5.0,1194.6,2595709120,5,13824,830,2555.8,2269.9,424,5.76,1,15,15,5688,4,2,2,0
7645,11.23,5.0,7433,613,1542,783445,0,123,4,-175.5,5.0,1194.7,2595709316,5,13824,830,2555.8,2269.9,424,0.32,1,16,16,4,251,2,1,0
7646,8.87,5.0,7433,613,1543,783447,0,123,4,-175.5,5.0,1194.9,2595709712,5,13824,830,2555.8,2269.9,424,5.59,1,14,15,5503,3,15,2,0
7647,11.14,5.0,7433,613,1542,783445,0,123,4,-175.5,5.0,1195.0,2595709908,5,13824,830,2555.8,2269.9,424,0.34,1,15,15,5,248,6,3,0
7648,5.41,5.0,7433,613,1543,783447,0,123,4,-175.5,5.0,1195.2,2595710304,5,13824,830,2555.8,2269.9,424,5.52,1,14,14,5434,3,2,1,0
7649,11.38,5.0,7433,613,1533,782987,0,123,4,-175.5,5.0,1195.3,2595710500,5,13824,830,2555.8,2269.9,424,0.31,1,16,19,8,232,2,2,0
7650,7.26,5.0,7433,613,1534,782989,0,123,4,-175.5,5.0,1195.4,2595712332,5,13824,830,2555.8,2269.9,424,6.00,1,17,15,5879,9,34,2,0
7651,12.47,5.0,7433,613,1533,782987,0,123,4,-175.5,5.0,1195.5,2595712096,5,13824,830,2555.8,2269.9,424,0.33,1,15,15,5,256,3,1,0
7652,5.85,5.0,7433,613,1534,782989,0,123,4,-175.5,5.0,1195.7,2595715052,5,13824,830,2555.8,2269.9,424,5.72,1,14,15,5647,5,2,2,0
7653,10.81,5.0,7433,613,1533,782987,0,123,4,-175.5,5.0,1195.8,2595712704,5,13824,830,2555.8,2269.9,424,0.39,2,23,23,7,281,1,1,0
7654,6.09,5.0,7433,613,1534,782989,0,123,4,-175.5,5.0,1196.0,2595713100,5,13824,830,2555.8,2269.9,424,6.11,1,15,15,6013,6,20,2,0
7655,11.37,5.0,7433,613,1533,782987,0,123,4,-175.5,5.0,1196.1,2595713296,5,13824,830,2555.8,2269.9,424,0.32,1,15,16,4,245,1,1,0
7656,5.92,5.0,7433,613,1534,782989,0,123,4,-175.5,5.0,1196.2,2595713692,5,13824,830,2555.8,2269.9,424,5.51,1,18,17,5433,2,2,2,0
7657,11.14,5.0,7433,613,1533,782987,0,123,4,-175.5,5.0,1196.3,2595713888,5,13824,830,2555.8,2269.9,424,0.32,1,15,16,4,242,2,1,0
7658,5.09,5.0,7433,608,1529,781589,0,123,4,-175.5,5.0,1196.5,2595714284,5,13824,830,2555.8,2269.9,424,6.03,1,14,15,5912,7,41,5,0
7659,11.43,5.0,7433,608,1528,781587,0,123,4,-175.5,5.0,1196.6,2595714480,5,13824,830,2555.8,2269.9,424,0.31,1,20,15,4,233,2,1,0
7660,6.05,5.0,7433,608,1529,781589,0,123,4,-175.5,5.0,1196.8,2595714876,5,13824,830,2555.8,2269.9,424,5.52,0,15,16,5446,3,2,2,0
7661,10.71,5.0,7433,608,1528,781587,0,123,4,-175.5,5.0,1196.8,2595717648,5,13824,830,2555.8,2269.9,424,0.32,1,14,16,5,249,2,1,0
7662,5.18,5.0,7433,608,1529,781589,0,123,4,-175.5,5.0,1197.0,2595715468,5,13824,830,2555.8,2269.9,424,5.90,1,16,17,5804,4,19,2,0
7663,11.77,5.0,7433,608,1528,781587,0,123,4,-175.5,5.0,1197.1,2595718240,5,13824,830,2555.8,2269.9,424,0.34,1,15,24,5,264,2,2,0
7664,5.77,5.0,7433,608,1520,781131,0,123,4,-175.5,5.0,1197.3,2595716060,5,13824,830,2555.8,2269.9,424,6.18,1,14,16,6107,4,2,1,0
7665,12.14,5.0,7433,608,1519,781129,0,123,4,-175.5,5.0,1197.3,2595719836,5,13824,830,2555.8,2269.9,424,0.34,2,20,16,5,249,2,2,0
7666,5.31,5.0,7433,608,1520,781131,0,123,4,-175.5,5.0,1197.5,2595717656,5,13824,830,2555.8,2269.9,424,6.06,1,13,15,5969,4,19,2,0
7667,11.65,5.0,7433,608,1519,781129,0,123,4,-175.5,5.0,1197.6,2595720428,5,13824,830,2555.8,2269.9,424,0.31,1,14,14,4,242,2,1,0
7668,5.02,5.0,7433,608,1520,781131,0,123,4,-175.5,5.0,1197.8,2595720824,5,13824,830,2555.8,2269.9,424,5.48,1,14,15,5407,5,3,2,0
7669,11.02,5.0,7433,608,1519,781129,0,123,4,-175.5,5.0,1197.9,2595721020,5,13824,830,2555.8,2269.9,424,0.33,1,15,16,5,246,1,1,0
7670,5.51,52.0,7433,608,1520,781131,0,123,4,-175.5,5.0,1198.0,2595721416,5,13824,830,2555.8,2269.9,424,5.76,1,14,14,5654,5,20,2,0
7671,11.10,52.0,7433,608,1520,781131,0,123,4,-175.5,5.0,1198.1,2595721728,5,13824,830,2555.8,2269.9,424,0.32,1,15,16,5,249,2,1,0
7672,4.48,52.0,7433,608,1521,781133,0,123,4,-175.5,5.0,1198.3,2595722124,5,13824,830,2555.8,2269.9,424,6.17,1,14,14,6099,4,3,2,0
7673,11.06,52.0,7433,608,1520,781131,0,123,4,-175.5,5.0,1198.3,2595722320,5,13824,830,2555.8,2269.9,424,0.32,1,15,15,5,251,2,1,0
7674,5.01,52.0,7433,608,1521,781133,0,123,4,-175.5,5.0,1198.5,2595720252,5,13824,830,2555.8,2269.9,424,6.17,2,28,32,6022,9,24,2,0
7675,11.47,52.0,7433,608,1520,781131,0,123,4,-175.5,5.0,1198.6,2595723072,5,13824,830,2555.8,2269.9,424,0.32,1,15,16,5,241,2,1,0
7676,5.57,52.0,7433,608,1521,781133,0,123,4,-175.5,5.0,1198.8,2595720860,5,13824,830,2555.8,2269.9,424,6.01,1,14,15,5937,5,2,1,0
7677,11.42,52.0,7433,608,1520,781131,0,123,4,-175.5,5.0,1198.8,2595721056,5,13824,830,2555.8,2269.9,424,0.36,1,16,18,5,279,3,2,0
7678,5.90,52.0,7433,608,1521,781133,0,123,4,-175.5,5.0,1199.0,2595721452,5,13824,830,2555.8,2269.9,424,5.94,1,15,15,5844,5,20,2,0
7679,11.33,52.0,7433,608,1520,781131,0,123,4,-175.5,5.0,1199.1,2595721648,5,13824,830,2555.8,2269.9,424,0.33,1,29,19,6,240,2,1,0
7680,7.46,52.0,7433,608,1521,781133,0,123,4,-175.5,5.0,1199.3,2595722320,5,13824,830,2555.8,2269.9,424,5.75,1,15,17,5663,7,3,2,0
7681,13.32,52.0,7433,608,1519,781129,0,123,4,-175.5,5.0,1199.4,2595721048,5,13824,830,2555.8,2269.9,424,0.33,1,15,16,5,256,2,2,0
7682,6.36,52.0,7433,608,1520,781131,0,123,4,-175.5,5.0,1199.6,2595721444,5,13824,830,2555.8,2269.9,424,5.52,1,18,16,5426,3,16,1,0
7683,11.03,52.0,7433,608,1519,781129,0,123,4,-175.5,5.0,1199.7,2595724280,5,13824,830,2555.8,2269.9,424,0.31,1,15,14,5,239,2,1,0
7684,4.92,52.0,7433,608,1520,781131,0,123,4,-175.5,5.0,1199.8,2595722036,5,13824,830,2555.8,2269.9,424,5.67,1,13,14,5594,6,3,2,0
7685,10.74,52.0,7433,608,1519,781129,0,123,4,-175.5,5.0,1199.9,2595724872,5,13824,830,2555.8,2269.9,424,0.36,1,15,19,5,283,2,2,0
7686,5.32,52.0,7433,608,1520,781131,0,123,4,-175.5,5.0,1200.1,2595722644,5,13824,830,2555.8,2269.9,424,5.67,1,13,14,5563,7,32,2,0
7687,10.83,52.0,7433,608,1519,781129,0,123,4,-175.5,5.0,1200.2,2595722840,5,13824,830,2555.8,2269.9,424,0.32,1,15,15,4,243,2,2,0
7688,4.99,52.0,7433,608,1520,781131,0,123,4,-175.5,5.0,1200.3,2595723236,5,13824,830,2555.8,2269.9,424,5.89,1,15,16,5816,4,2,2,0
7689,10.76,52.0,7433,608,1519,781129,0,123,4,-175.5,5.0,1200.4,2595723432,5,13824,830,2555.8,2269.9,424,0.32,0,15,16,4,239,5,3,0
7690,6.28,52.0,7433,608,1520,781131,0,123,4,-175.5,5.0,1200.5,2595723828,5,13824,830,2555.8,2269.9,424,5.68,1,14,15,5594,3,17,2,0
7691,10.70,52.0,7433,608,1519,781129,0,123,4,-175.5,5.0,1200.6,2595726664,5,13824,830,2555.8,2269.9,424,0.32,1,14,15,5,253,2,1,0
7692,5.26,52.0,7433,608,1520,781131,0,123,4,-175.5,5.0,1200.8,2595724436,5,13824,830,2555.8,2269.9,424,6.01,1,24,22,5897,7,4,2,0
7693,11.43,52.0,7433,608,1519,781129,0,123,4,-175.5,5.0,1200.9,2595724632,5,13824,830,2555.8,2269.9,424,0.32,1,16,15,4,243,2,2,0
7694,5.83,52.0,7433,608,1520,781131,0,123,4,-175.5,5.0,1201.1,2595725028,5,13824,830,2555.8,2269.9,424,6.22,1,15,15,6115,5,28,6,0
7695,11.46,52.0,7433,608,1519,781129,0,123,4,-175.5,5.0,1201.1,2595725224,5,13824,830,2555.8,2269.9,424,0.32,1,15,15,5,246,2,2,0
7696,5.73,52.0,7433,608,1520,781131,0,123,4,-175.5,5.0,1201.3,2595725620,5,13824,830,2555.8,2269.9,424,6.32,1,14,15,6239,5,3,2,0
7697,11.72,52.0,7433,608,1506,780442,0,123,4,-175.5,5.0,1201.4,2595725816,5,13824,830,2555.8,2269.9,424,0.32,1,16,17,5,249,2,1,0
7698,5.52,52.0,7433,608,1507,780444,0,123,4,-175.5,5.0,1201.6,2595727216,5,13824,830,2555.8,2269.9,424,5.59,1,20,27,5481,3,16,2,0
7699,11.40,52.0,7433,608,1506,780442,0,123,4,-175.5,5.0,1201.7,2595727412,5,13824,830,2555.8,2269.9,424,0.31,1,15,15,4,235,3,1,0
7700,5.85,52.0,7433,608,1507,780444,0,123,4,-175.5,5.0,1201.8,2595727808,5,13824,830,2555.8,2269.9,424,5.82,1,14,16,5732,6,4,4,0
7701,10.92,52.0,7433,608,1506,780442,0,123,4,-175.5,5.0,1201.9,2595728004,5,13824,830,2555.8,2269.9,424,0.33,0,15,16,4,250,2,1,0
7702,5.44,52.0,7433,608,1507,780444,0,123,4,-175.5,5.0,1202.1,2595728400,5,13824,830,2555.8,2269.9,424,5.96,1,14,14,5877,4,18,2,0
7703,11.72,52.0,7433,608,1506,780442,0,123,4,-175.5,5.0,1202.2,2595731252,5,13824,830,2555.8,2269.9,424,0.31,1,15,15,5,241,2,1,0
7704,5.32,52.0,7433,608,1507,780444,0,123,4,-175.5,5.0,1202.3,2595728992,5,13824,830,2555.8,2269.9,424,5.84,1,14,15,5757,7,4,3,0
7705,10.82,52.0,7433,604,1506,780442,0,123,4,-175.5,5.0,1202.4,2595731844,5,13824,830,2555.8,2269.9,424,0.37,2,19,18,6,292,3,1,0
7706,5.82,52.0,7433,604,1507,780444,0,123,4,-175.5,5.0,1202.6,2595729584,5,13824,830,2555.8,2269.9,424,5.90,0,13,14,5774,6,33,4,0
7707,12.15,52.0,7433,604,1506,780442,0,123,4,-175.5,5.0,1202.7,2595732436,5,13824,830,2555.8,2269.9,424,0.33,1,15,16,4,249,2,1,0
7708,6.06,52.0,7433,604,1507,780444,0,123,4,-175.5,5.0,1202.9,2595730192,5,13824,830,2555.8,2269.9,424,5.74,1,15,15,5661,4,3,2,0
7709,10.87,52.0,7433,604,1506,780442,0,123,4,-175.5,5.0,1202.9,2595730388,5,13824,830,2555.8,2269.9,424,0.34,3,17,16,5,245,2,2,0
7710,7.14,52.0,7433,604,1507,780444,0,123,4,-175.5,5.0,1203.1,2595731144,5,13824,830,2555.8,2269.9,424,5.78,1,15,16,5684,5,21,2,0
7711,12.11,52.0,7433,603,1506,780442,0,123,4,-175.5,5.0,1203.2,2595730980,5,13824,830,2555.8,2269.9,424,0.32,1,14,16,4,244,2,2,0
7712,5.93,52.0,7433,603,1507,780444,0,123,4,-175.5,5.0,1203.4,2596526368,5,13824,830,2555.8,2269.9,424,44.18,1,14,15,6345,7,3,2,0
7713,59.18,52.0,7433,603,1506,793762,0,123,4,-175.5,5.0,1203.5,2596529668,5,13824,830,2555.8,2269.9,424,0.39,1,17,16,4,308,3,2,0
7714,5.87,52.0,7433,603,1494,793077,0,123,4,-175.5,5.0,1204.4,2596527440,5,13824,830,2555.8,2269.9,424,5.55,1,17,20,5460,3,17,2,0
7715,11.64,52.0,7433,603,1493,793075,0,123,4,-175.5,5.0,1204.5,2596531264,5,13824,830,2555.8,2269.9,424,0.31,1,15,16,5,242,2,1,0
7716,5.44,52.0,7433,603,1481,792390,0,123,4,-175.5,5.0,1204.6,2596529036,5,13824,830,2555.8,2269.9,424,5.87,1,16,16,5788,5,3,2,0
7717,11.39,52.0,7433,603,1480,792388,0,123,4,-175.5,5.0,1204.7,2596532860,5,13824,830,2555.8,2269.9,424,0.31,1,15,16,4,239,2,1,0
7718,5.28,52.0,7433,603,1481,792390,0,123,4,-175.5,5.0,1204.9,2596530648,5,13824,830,2555.8,2269.9,424,5.95,1,21,15,5846,5,24,2,0
7719,11.34,52.0,7433,603,1480,792388,0,123,4,-175.5,5.0,1205.0,2596530844,5,13824,830,2555.8,2269.9,424,0.44,0,16,33,5,327,3,1,0
7720,5.53,52.0,7433,603,1481,792390,0,123,4,-175.5,5.0,1205.1,2596531240,5,13824,830,2555.8,2269.9,424,5.37,1,16,15,5291,3,2,2,0
7721,11.07,52.0,7433,603,1480,792388,0,123,4,-175.5,5.0,1205.2,2596531436,5,13824,830,2555.8,2269.9,424,0.34,2,15,16,5,256,2,1,0
7722,5.95,52.0,7433,603,1468,791703,0,123,4,-175.5,5.0,1205.4,2596531832,5,13824,830,2555.8,2269.9,424,6.29,1,23,24,6165,4,18,2,0
7723,12.56,52.0,7433,603,1467,791701,0,123,4,-175.5,5.0,1205.5,2596533032,5,13824,830,2555.8,2269.9,424,0.33,1,15,16,5,248,3,1,0
7724,5.92,52.0,7433,603,1468,791703,0,123,4,-175.5,5.0,1205.7,2596533428,5,13824,830,2555.8,2269.9,424,5.64,1,13,20,5557,3,3,2,0
7725,10.99,52.0,7433,603,1467,791701,0,123,4,-175.5,5.0,1205.7,2596536248,5,13824,830,2555.8,2269.9,424,0.39,3,19,22,5,260,2,1,0
7726,5.53,52.0,7433,603,1468,791703,0,123,4,-175.5,5.0,1205.9,2596534036,5,13824,830,2555.8,2269.9,424,5.78,0,14,14,5693,5,19,2,0
7727,11.25,52.0,7433,603,1467,791701,0,123,4,-175.5,5.0,1206.0,2596534232,5,13824,830,2555.8,2269.9,424,0.32,1,15,16,5,241,2,1,0
7728,4.97,52.0,7433,603,1468,791703,0,123,4,-175.5,5.0,1206.2,2596534628,5,13824,830,2555.8,2269.9,424,5.67,1,13,14,5596,3,2,2,0
7729,10.76,52.0,7433,603,1467,791701,0,123,4,-175.5,5.0,1206.2,2596534824,5,13824,830,2555.8,2269.9,424,0.33,1,14,15,4,250,5,4,0
7730,5.05,52.0,7433,603,1468,791703,0,123,4,-175.5,5.0,1206.4,2596535220,5,13824,830,2555.8,2269.9,424,6.41,1,25,21,6262,6,21,2,0
7731,11.90,52.0,7433,603,1454,791014,0,123,4,-175.5,5.0,1206.5,2596538056,5,13824,830,2555.8,2269.9,424,0.32,1,15,22,5,241,3,1,0
7732,5.59,52.0,7433,603,1455,791016,0,123,4,-175.5,5.0,1206.7,2597331816,5,13824,830,2555.8,2269.9,424,43.35,1,14,14,5769,4,3,2,0
7733,50.71,52.0,7429,603,1441,792717,0,123,4,-175.5,5.0,1206.7,2597308920,5,13824,830,2555.8,2269.9,424,0.34,2,16,17,5,267,3,1,0
7734,5.70,52.0,7429,603,1442,792719,0,123,4,-175.5,5.0,1207.5,2597309132,5,13824,830,2555.4,2269.6,424,5.43,1,15,14,5343,3,15,2,0
7735,10.95,52.0,7429,603,1441,792717,0,123,4,-175.5,5.0,1207.6,2597311936,5,13824,830,2555.4,2269.6,424,0.33,1,16,15,5,257,2,2,0
7736,5.16,52.0,7429,603,1442,792719,0,123,4,-175.5,5.0,1207.8,2597309740,5,13824,830,2555.4,2269.6,424,5.89,0,14,14,5818,4,2,2,0
7737,11.79,52.0,7429,603,1441,792717,0,123,4,-175.5,5.0,1207.8,2597312544,5,13824,830,2555.4,2269.6,424,0.34,1,18,16,5,243,2,2,0
7738,5.77,52.0,7429,603,1442,792719,0,123,4,-175.5,5.0,1208.0,2597312940,5,13824,830,2555.4,2269.6,424,6.18,1,16,16,6081,5,20,2,0
7739,11.30,52.0,7429,603,1441,792717,0,123,4,-175.5,5.0,1208.1,2597313136,5,13824,830,2555.4,2269.6,424,0.33,3,26,15,5,241,2,2,0
7740,6.99,52.0,7429,603,1433,792261,0,123,4,-175.5,5.0,1208.3,2597313964,5,13824,830,2555.4,2269.6,424,6.10,1,15,15,6005,8,3,3,0
7741,12.91,52.0,7429,603,1432,792259,0,123,4,-175.5,5.0,1208.4,2597314732,5,13824,830,2555.4,2269.6,424,0.31,1,16,15,4,241,2,2,0
7742,5.07,52.0,7429,603,1433,792261,0,123,4,-175.5,5.0,1208.6,2597312600,5,13824,830,2555.4,2269.6,424,5.62,1,16,15,5523,6,20,1,0
7743,11.10,52.0,7429,603,1432,792259,0,123,4,-175.5,5.0,1208.6,2597315452,5,13824,830,2555.4,2269.6,424,0.38,1,23,23,6,278,2,1,0
7744,5.37,52.0,7429,603,1433,792261,0,123,4,-175.5,5.0,1208.8,2597313208,5,13824,830,2555.4,2269.6,424,5.72,1,14,29,5629,5,2,1,0
7745,11.87,52.0,7429,603,1432,792259,0,123,4,-175.5,5.0,1208.9,2597313404,5,13824,830,2555.4,2269.6,424,0.32,1,16,16,5,249,3,1,0
7746,4.96,52.0,7429,603,1433,792261,0,123,4,-175.5,5.0,1209.1,2597313800,5,13824,830,2555.4,2269.6,424,5.58,2,26,16,5395,3,17,1,0
7747,11.15,52.0,7429,603,1432,792259,0,123,4,-175.5,5.0,1209.1,2597313996,5,13824,830,2555.4,2269.6,424,0.32,1,14,15,4,236,2,2,0
7748,5.22,52.0,7429,603,1424,791803,0,123,4,-175.5,5.0,1209.3,2597314392,5,13824,830,2555.4,2269.6,424,6.13,2,16,16,6053,4,2,2,0
7749,11.41,52.0,7429,603,1423,791801,0,123,4,-175.5,5.0,1209.4,2597315592,5,13824,830,2555.4,2269.6,424,0.34,1,16,15,7,271,2,1,0
7750,5.46,52.0,7429,603,1424,791803,0,123,4,-175.5,5.0,1209.6,2597315988,5,13824,830,2555.4,2269.6,424,6.29,1,16,15,6189,4,29,1,0
7751,11.44,52.0,7429,603,1423,791801,0,123,4,-175.5,5.0,1209.6,2597316184,5,13824,830,2555.4,2269.6,424,0.30,1,14,14,4,233,2,1,0
7752,5.25,52.0,7429,603,1424,791803,0,123,4,-175.5,5.0,1209.8,2597319236,5,13824,830,2555.4,2269.6,424,5.48,1,16,15,5406,3,2,1,0
7753,10.32,52.0,7429,603,1423,791801,0,123,4,-175.5,5.0,1209.9,2597316792,5,13824,830,2555.4,2269.6,424,0.34,1,14,30,4,254,1,2,0
7754,4.79,52.0,7429,603,1411,791116,0,123,4,-175.5,5.0,1210.0,2597317188,5,13824,830,2555.4,2269.6,424,6.22,1,29,22,6115,3,18,1,0
7755,11.82,52.0,7429,603,1410,791114,0,123,4,-175.5,5.0,1210.1,2597318388,5,13824,830,2555.4,2269.6,424,0.30,1,14,16,5,233,1,2,0
7756,5.70,52.0,7429,603,1411,791116,0,123,4,-175.5,5.0,1210.3,2597318784,5,13824,830,2555.4,2269.6,424,5.57,1,16,17,5489,4,2,2,0
7757,11.61,52.0,7429,603,1410,791114,0,123,4,-175.5,5.0,1210.4,2597318980,5,13824,830,2555.4,2269.6,424,0.32,1,15,16,5,250,2,2,0
7758,4.94,52.0,7429,603,1411,791116,0,123,4,-175.5,5.0,1210.5,2597319376,5,13824,830,2555.4,2269.6,424,6.12,1,13,15,6027,4,18,2,0
7759,10.97,52.0,7429,603,1401,790656,0,123,4,-175.5,5.0,1210.6,2597322244,5,13824,830,2555.4,2269.6,424,0.33,0,15,15,4,259,3,1,0
7760,6.05,52.0,7429,603,1376,789284,0,123,4,-175.5,5.0,1210.8,2597320972,5,13824,830,2555.4,2269.6,424,5.54,0,14,15,5466,2,2,1,0
7761,11.01,52.0,7429,603,1375,789282,0,123,4,-175.5,5.0,1210.9,2597324844,5,13824,830,2555.4,2269.6,424,0.32,1,15,16,5,249,2,2,0
7762,5.81,52.0,7429,603,1367,788826,0,123,4,-175.5,5.0,1211.0,2597322568,5,13824,830,2555.4,2269.6,424,5.56,2,19,15,5465,3,16,1,0
7763,13.04,52.0,7429,603,1366,788824,0,123,4,-175.5,5.0,1211.1,2597326440,5,13824,830,2555.4,2269.6,424,0.36,1,18,17,6,256,6,5,0
7764,5.39,52.0,7429,603,1367,788826,0,123,4,-175.5,5.0,1211.3,2597324164,5,13824,830,2555.4,2269.6,424,6.33,1,14,15,6262,5,2,2,0
7765,12.05,52.0,7429,603,1353,788137,0,123,4,-175.5,5.0,1211.4,2597327032,5,13824,830,2555.4,2269.6,424,0.32,1,15,15,4,249,2,1,0
7766,5.15,52.0,7429,603,1354,788139,0,123,4,-175.5,5.0,1211.6,2597325776,5,13824,830,2555.4,2269.6,424,6.14,0,14,18,6045,4,18,2,0
7767,11.42,52.0,7429,603,1353,788137,0,123,4,-175.5,5.0,1211.7,2597325972,5,13824,830,2555.4,2269.6,424,0.33,0,26,16,5,246,2,2,0
7768,5.64,52.0,7429,603,1354,788139,0,123,4,-175.5,5.0,1211.8,2597326368,5,13824,830,2555.4,2269.6,424,5.68,2,22,22,5573,3,3,2,0
7769,11.26,52.0,7429,603,1353,788137,0,123,4,-175.5,5.0,1211.9,2597326564,5,13824,830,2555.4,2269.6,424,0.36,3,30,15,5,263,2,1,0
7770,6.22,52.0,7429,603,1354,788139,0,123,4,-175.5,5.0,1212.1,2597327320,5,13824,830,2555.4,2269.6,424,5.68,1,15,16,5577,5,31,2,0
7771,12.61,52.0,7429,603,1353,788137,0,123,4,-175.5,5.0,1212.2,2597327156,5,13824,830,2555.4,2269.6,424,0.31,1,16,16,5,239,2,1,0
7772,5.82,52.0,7429,603,1341,787452,0,123,4,-175.5,5.0,1212.4,2597327552,5,13824,830,2555.4,2269.6,424,5.82,1,18,19,5730,5,2,2,0
7773,10.86,52.0,7429,603,1340,787450,0,123,4,-175.5,5.0,1212.5,2597328752,5,13824,830,2555.4,2269.6,424,0.33,1,15,16,5,258,2,1,0
7774,5.40,52.0,7429,603,1341,787452,0,123,4,-175.5,5.0,1212.6,2597329148,5,13824,830,2555.4,2269.6,424,5.58,1,15,16,5479,9,18,1,0
7775,10.29,52.0,7429,603,1340,787450,0,123,4,-175.5,5.0,1212.7,2597332016,5,13824,830,2555.4,2269.6,424,0.32,1,15,15,4,251,2,1,0
7776,5.08,52.0,7429,603,1341,787452,0,123,4,-175.5,5.0,1212.9,2597329756,5,13824,830,2555.4,2269.6,424,5.60,0,15,15,5533,3,2,2,0
7777,11.23,107.0,7429,603,1340,787450,0,123,4,-175.5,5.0,1212.9,2597329952,5,13824,830,2555.4,2269.6,424,0.41,1,14,19,11,322,3,2,0
7778,5.19,107.0,7429,603,1329,786767,0,123,4,-175.5,5.0,1213.1,2597330656,5,13824,830,2555.4,2269.6,424,5.82,2,30,16,5705,3,17,2,0
7779,12.78,107.0,7429,603,1328,786765,0,123,4,-175.5,5.0,1213.2,2597331856,5,13824,830,2555.4,2269.6,424,0.32,0,15,15,5,250,2,2,0
7780,5.20,107.0,7429,603,1329,786767,0,123,4,-175.5,5.0,1213.4,2597332252,5,13824,830,2555.4,2269.6,424,5.72,1,14,14,5648,4,3,2,0
7781,11.20,107.0,7429,603,1328,786765,0,123,4,-175.5,5.0,1213.4,2597335136,5,13824,830,2555.4,2269.6,424,0.33,1,15,16,5,255,2,2,0
7782,5.86,107.0,7429,603,1329,786767,0,123,4,-175.5,5.0,1213.6,2597332844,5,13824,830,2555.4,2269.6,424,5.52,1,14,14,5442,3,17,2,0
7783,12.36,107.0,7429,603,1328,786765,0,123,4,-175.5,5.0,1213.7,2597335728,5,13824,830,2555.4,2269.6,424,0.32,1,15,14,5,248,2,1,0
7784,5.36,107.0,7429,603,1329,786767,0,123,4,-175.5,5.0,1213.9,2597333436,5,13824,830,2555.4,2269.6,424,5.96,2,16,17,5884,5,3,2,0
7785,11.68,107.0,7429,603,1328,786765,0,123,4,-175.5,5.0,1214.0,2597336320,5,13824,830,2555.4,2269.6,424,0.36,1,18,17,5,281,2,2,0
7786,6.20,107.0,7429,603,1329,786767,0,123,4,-175.5,5.0,1214.1,2597334028,5,13824,830,2555.4,2269.6,424,6.13,0,14,15,6010,7,38,3,0
7787,11.22,107.0,7429,603,1328,786765,0,123,4,-175.5,5.0,1214.2,2597336912,5,13824,830,2555.4,2269.6,424,0.32,1,15,16,5,246,2,1,0
7788,6.23,107.0,7429,603,1329,786767,0,123,4,-175.5,5.0,1214.4,2597334620,5,13824,830,2555.4,2269.6,424,5.70,1,30,22,5591,5,3,2,0
7789,10.98,107.0,7429,603,1328,786765,0,123,4,-175.5,5.0,1214.5,2597337504,5,13824,830,2555.4,2269.6,424,0.33,2,23,15,5,238,2,1,0
7790,6.26,107.0,7429,603,1329,786767,0,123,4,-175.5,5.0,1214.7,2597335212,5,13824,830,2555.4,2269.6,424,5.91,1,16,16,5820,4,18,2,0
7791,11.38,107.0,7429,603,1328,786765,0,123,4,-175.5,5.0,1214.8,2597338096,5,13824,830,2555.4,2269.6,424,0.32,2,22,15,5,239,2,1,0
7792,6.40,107.0,7429,603,1329,786767,0,123,4,-175.5,5.0,1214.9,2597335804,5,13824,830,2555.4,2269.6,424,5.68,1,21,16,5594,5,3,2,0
7793,10.78,107.0,7429,603,1328,786765,0,123,4,-175.5,5.0,1215.0,2597338688,5,13824,830,2555.4,2269.6,424,0.33,2,24,22,4,232,2,2,0
7794,6.41,107.0,7429,603,1329,786767,0,123,4,-175.5,5.0,1215.2,2597336396,5,13824,830,2555.4,2269.6,424,6.02,1,14,15,5935,4,17,2,0
7795,10.85,107.0,7429,603,1328,786765,0,123,4,-175.5,5.0,1215.3,2597339280,5,13824,830,2555.4,2269.6,424,0.35,1,15,15,5,280,2,2,0
7796,6.33,107.0,7429,603,1329,786767,0,123,4,-175.5,5.0,1215.4,2597337004,5,13824,830,2555.4,2269.6,424,6.32,1,15,15,6244,4,2,2,0
7797,12.12,107.0,7429,603,1328,786765,0,123,4,-175.5,5.0,1215.5,2597337200,5,13824,830,2555.4,2269.6,424,0.32,1,16,16,5,244,2,2,0
7798,6.15,107.0,7429,603,1329,786767,0,123,4,-175.5,5.0,1215.7,2597337596,5,13824,830,2555.4,2269.6,424,5.49,1,16,15,5400,3,15,2,0
7799,11.62,107.0,7429,603,1328,786765,0,123,4,-175.5,5.0,1215.8,2597337792,5,13824,830,2555.4,2269.6,424,0.39,3,26,17,5,288,2,2,0
7800,7.44,107.0,7429,603,1329,786767,0,123,4,-175.5,5.0,1216.0,2597338548,5,13824,830,2555.4,2269.6,424,6.52,1,15,16,6442,7,2,3,0
7801,13.27,107.0,7429,603,1328,786765,0,123,4,-175.5,5.0,1216.1,2597338384,5,13824,830,2555.4,2269.6,424,0.33,1,15,17,5,252,2,2,0
7802,6.41,107.0,7429,603,1329,786767,0,123,4,-175.5,5.0,1216.3,2597338780,5,13824,830,2555.4,2269.6,424,5.59,1,16,15,5497,7,22,1,0
7803,10.88,107.0,7429,603,1328,786765,0,123,4,-175.5,5.0,1216.4,2597338976,5,13824,830,2555.4,2269.6,424,0.32,0,15,15,4,246,2,1,0
7804,6.25,107.0,7429,603,1329,786767,0,123,4,-175.5,5.0,1216.6,2597339372,5,13824,830,2555.4,2269.6,424,5.67,1,15,16,5593,3,2,2,0
7805,11.38,107.0,7429,603,1328,786765,0,123,4,-175.5,5.0,1216.7,2597339568,5,13824,830,2555.4,2269.6,424,0.31,1,15,15,5,238,2,1,0
7806,6.22,107.0,7429,603,1329,786767,0,123,4,-175.5,5.0,1216.8,2598134956,5,13824,830,2555.4,2269.6,424,43.38,1,16,16,5680,4,19,2,0
7807,59.62,107.0,7429,575,1300,775925,0,123,4,-175.5,5.0,1216.9,2598135632,5,13824,830,2555.4,2269.6,424,0.34,1,16,31,5,247,2,2,0
7808,5.79,107.0,7429,575,1301,775927,0,123,4,-175.5,5.0,1217.8,2598934752,5,13824,830,2555.4,2269.6,424,43.33,1,14,14,5566,3,2,1,0
7809,50.63,107.0,7425,570,1295,771995,0,123,4,-175.5,5.0,1217.9,2598909136,5,13824,830,2555.4,2269.6,424,0.32,1,16,15,5,250,3,1,0
7810,7.69,107.0,7425,565,1291,771417,0,123,4,-175.5,5.0,1218.7,2595463980,5,13824,830,2555.1,2269.2,424,44.09,1,18,18,5577,2,16,2,0
7811,51.29,107.0,7411,565,1290,771415,0,123,4,-175.5,5.0,1218.8,2595422956,5,13824,830,2555.1,2269.2,424,0.32,1,16,16,5,238,2,2,0
7812,7.55,107.0,7411,565,1278,770730,0,123,4,-175.5,5.0,1219.5,2596218352,5,13824,830,2555.1,2269.2,424,43.33,1,18,15,5985,3,3,2,0
7813,50.67,107.0,7407,565,1277,770728,0,123,4,-175.5,5.0,1219.7,2596196380,5,13824,830,2555.1,2269.2,424,0.32,1,15,16,5,237,2,2,0
